{"type":"FeatureCollection","features":[{"type":"Feature","properties":{"id":689,"n":"Alps conifer and mixed forests","b":5},"geometry":{"type":"Polygon","coordinates":[[[12.977,46.403],[12.863,46.393],[12.835,46.355],[12.939,46.28],[12.835,46.204],[12.722,46.204],[12.504,46.147],[12.457,46.024],[12.401,45.934],[12.341,45.922],[12.216,45.836],[12.361,45.774],[12.327,45.756],[12.191,45.812],[12.042,45.769],[11.915,45.781],[11.726,45.762],[11.699,45.833],[11.664,45.836],[11.665,45.742],[11.576,45.71],[11.428,45.73],[11.372,45.693],[11.455,45.607],[11.466,45.564],[11.363,45.512],[11.317,45.455],[11.219,45.415],[11.022,45.456],[10.836,45.466],[10.843,45.44],[10.79,45.382],[10.626,45.36],[10.493,45.418],[10.421,45.523],[10.382,45.533],[10.292,45.51],[10.24,45.518],[10.14,45.581],[9.979,45.583],[9.88,45.616],[9.751,45.623],[9.715,45.67],[9.696,45.632],[9.584,45.605],[9.536,45.613],[9.473,45.689],[9.446,45.684],[9.477,45.616],[9.366,45.617],[9.277,45.642],[9.211,45.616],[9.104,45.618],[9.016,45.59],[8.878,45.614],[8.841,45.569],[8.74,45.571],[8.659,45.722],[8.612,45.727],[8.569,45.781],[8.631,45.823],[8.605,45.889],[8.738,45.991],[8.736,46.095],[8.842,46.14],[8.836,46.174],[8.751,46.151],[8.71,46.094],[8.721,46.044],[8.644,45.957],[8.569,45.908],[8.513,45.93],[8.521,45.885],[8.567,45.864],[8.54,45.788],[8.609,45.717],[8.67,45.585],[8.587,45.586],[8.419,45.563],[8.391,45.602],[8.352,45.591],[8.359,45.545],[8.31,45.517],[8.235,45.525],[8.153,45.508],[8.07,45.523],[8.028,45.473],[8.073,45.42],[8.0,45.419],[8.0,45.381],[7.843,45.402],[7.78,45.391],[7.706,45.339],[7.675,45.196],[7.565,45.098],[7.559,45.043],[7.5,44.998],[7.443,44.998],[7.401,44.963],[7.391,44.89],[7.326,44.767],[7.338,44.732],[7.454,44.637],[7.47,44.522],[7.441,44.475],[7.458,44.403],[7.442,44.332],[7.464,44.308],[7.62,44.308],[7.829,44.421],[7.971,44.417],[8.186,44.452],[8.253,44.429],[8.275,44.373],[8.222,44.284],[8.116,44.254],[8.113,44.304],[8.062,44.29],[8.045,44.233],[7.952,44.153],[7.859,44.166],[7.747,44.148],[7.725,44.105],[7.802,44.05],[7.649,44.046],[7.675,44.086],[7.631,44.152],[7.578,44.149],[7.5,44.108],[7.5,44.046],[7.446,44.038],[7.295,44.055],[7.267,44.118],[7.173,44.114],[7.135,44.182],[7.063,44.175],[6.929,44.273],[6.883,44.268],[6.93,44.212],[7.05,44.118],[7.077,44.078],[7.026,44.066],[6.992,44.093],[6.928,44.054],[6.928,44.121],[6.881,44.149],[6.8,44.153],[6.771,44.2],[6.734,44.169],[6.777,44.072],[6.678,44.047],[6.631,44.108],[6.688,44.185],[6.695,44.239],[6.618,44.248],[6.632,44.198],[6.582,44.133],[6.429,44.123],[6.507,44.178],[6.52,44.234],[6.439,44.315],[6.404,44.411],[6.432,44.429],[6.38,44.48],[6.461,44.467],[6.5,44.498],[6.576,44.635],[6.63,44.67],[6.607,44.693],[6.492,44.597],[6.363,44.558],[6.134,44.61],[6.0,44.594],[6.0,44.64],[5.951,44.603],[5.889,44.63],[5.898,44.671],[5.97,44.68],[5.925,44.754],[5.858,44.756],[5.836,44.652],[5.87,44.588],[5.805,44.554],[5.717,44.626],[5.579,44.609],[5.478,44.631],[5.517,44.687],[5.418,44.756],[5.412,44.821],[5.339,44.81],[5.301,44.866],[5.26,44.866],[5.21,44.81],[5.118,44.773],[5.045,44.78],[5.077,44.887],[5.155,44.921],[5.202,44.998],[5.343,45.0],[5.405,45.053],[5.379,45.134],[5.496,45.201],[5.558,45.282],[5.611,45.281],[5.661,45.245],[5.684,45.188],[5.696,45.074],[5.72,45.064],[5.754,45.149],[5.874,45.209],[5.971,45.306],[6.078,45.473],[6.183,45.535],[6.26,45.541],[6.292,45.507],[6.271,45.442],[6.311,45.448],[6.33,45.497],[6.311,45.591],[6.362,45.638],[6.41,45.633],[6.431,45.546],[6.472,45.498],[6.423,45.682],[6.354,45.673],[6.241,45.599],[6.147,45.576],[6.064,45.523],[6.024,45.586],[5.973,45.609],[5.95,45.669],[6.022,45.731],[6.091,45.717],[6.153,45.666],[6.137,45.722],[6.08,45.777],[6.084,45.851],[6.128,45.878],[6.236,45.784],[6.37,45.756],[6.389,45.774],[6.292,45.786],[6.245,45.813],[6.236,45.883],[6.2,45.961],[6.25,46.032],[6.19,46.025],[6.026,46.065],[6.117,46.093],[6.222,46.153],[6.246,46.083],[6.377,46.04],[6.532,46.04],[6.598,46.055],[6.449,46.152],[6.321,46.176],[6.305,46.221],[6.598,46.383],[6.746,46.401],[6.838,46.388],[6.925,46.268],[6.965,46.289],[6.856,46.471],[6.925,46.56],[7.01,46.632],[7.096,46.661],[7.177,46.663],[7.226,46.703],[7.309,46.688],[7.367,46.705],[7.384,46.751],[7.457,46.763],[7.513,46.726],[7.59,46.712],[7.706,46.726],[7.736,46.778],[7.886,46.803],[7.977,46.903],[8.028,46.879],[8.071,46.944],[8.166,46.994],[8.313,46.997],[8.338,47.029],[8.435,47.07],[8.409,47.037],[8.464,47.035],[8.538,47.078],[8.812,47.151],[9.014,47.123],[9.065,47.146],[9.068,47.232],[9.247,47.173],[9.368,47.167],[9.362,47.198],[9.282,47.183],[9.232,47.217],[9.279,47.275],[9.409,47.309],[9.424,47.329],[9.538,47.356],[9.565,47.412],[9.618,47.394],[9.496,47.258],[9.476,47.211],[9.486,47.109],[9.469,47.025],[9.524,47.045],[9.537,47.227],[9.62,47.219],[9.628,47.276],[9.718,47.393],[9.763,47.427],[9.836,47.435],[9.896,47.366],[9.967,47.41],[9.973,47.498],[10.209,47.498],[10.269,47.533],[10.413,47.524],[10.498,47.543],[10.534,47.574],[10.638,47.542],[10.685,47.498],[10.736,47.498],[10.706,47.538],[10.766,47.575],[10.852,47.565],[10.997,47.577],[11.124,47.559],[11.406,47.657],[11.431,47.703],[11.5,47.707],[11.5,47.803],[11.42,47.901],[11.426,47.952],[11.473,47.939],[11.461,47.904],[11.534,47.839],[11.569,47.711],[11.691,47.742],[11.81,47.753],[12.001,47.749],[12.083,47.706],[12.14,47.713],[12.18,47.78],[12.337,47.776],[12.443,47.736],[12.53,47.8],[12.712,47.761],[12.798,47.756],[12.931,47.793],[13.009,47.719],[13.085,47.734],[13.099,47.808],[13.165,47.804],[13.311,47.826],[13.379,47.789],[13.533,47.802],[13.54,47.834],[13.625,47.851],[13.757,47.842],[13.865,47.886],[14.007,47.885],[14.086,47.857],[14.134,47.795],[14.239,47.892],[14.36,47.913],[14.481,47.833],[14.559,47.831],[14.621,47.799],[14.754,47.831],[14.829,47.88],[14.847,47.922],[14.818,47.96],[15.123,47.998],[15.121,47.948],[15.16,47.956],[15.23,48.057],[15.404,48.05],[15.317,47.998],[15.413,47.998],[15.503,48.071],[15.546,48.033],[15.493,47.977],[15.537,47.959],[15.609,48.006],[15.788,48.007],[15.863,48.097],[15.919,48.105],[16.027,48.158],[16.107,48.091],[16.19,48.08],[16.193,47.984],[16.136,47.88],[16.134,47.843],[16.0,47.817],[16.0,47.72],[15.85,47.69],[15.903,47.655],[15.825,47.631],[15.93,47.546],[16.075,47.519],[16.087,47.491],[16.242,47.462],[16.263,47.417],[16.204,47.386],[16.067,47.423],[16.048,47.376],[15.977,47.397],[15.918,47.264],[15.875,47.286],[15.86,47.243],[15.78,47.192],[15.756,47.246],[15.706,47.274],[15.566,47.257],[15.5,47.23],[15.5,47.131],[15.469,47.113],[15.345,47.151],[15.111,47.077],[15.141,47.024],[15.227,46.967],[15.229,46.882],[15.183,46.815],[15.188,46.72],[15.297,46.646],[15.428,46.652],[15.506,46.619],[15.461,46.593],[15.588,46.469],[15.474,46.365],[15.408,46.242],[15.304,46.213],[15.2,46.213],[15.086,46.232],[14.982,46.232],[14.888,46.204],[14.765,46.204],[14.273,46.308],[14.104,46.374],[13.904,46.422],[13.686,46.45],[13.507,46.431],[13.24,46.368],[12.977,46.403]]]}},{"type":"Feature","properties":{"id":664,"n":"European Atlantic mixed forests","b":4},"geometry":{"type":"MultiPolygon","coordinates":[[[[-2.387,46.724],[-2.295,46.688],[-2.398,46.695],[-2.387,46.724]]],[[[-2.302,47.022],[-2.228,47.001],[-2.248,46.978],[-2.168,46.94],[-2.265,46.95],[-2.302,47.022]]],[[[-3.177,47.33],[-3.077,47.306],[-3.099,47.275],[-3.243,47.286],[-3.27,47.371],[-3.188,47.355],[-3.177,47.33]]],[[[-3.527,47.638],[-3.435,47.629],[-3.473,47.612],[-3.527,47.638]]],[[[-5.065,48.485],[-5.04,48.457],[-5.131,48.466],[-5.065,48.485]]],[[[-2.006,49.219],[-2.029,49.155],[-2.144,49.18],[-2.166,49.153],[-2.225,49.171],[-2.209,49.249],[-2.087,49.244],[-2.006,49.219]]],[[[-2.669,49.41],[-2.646,49.445],[-2.537,49.498],[-2.517,49.397],[-2.669,49.41]]],[[[-2.221,49.702],[-2.141,49.719],[-2.201,49.693],[-2.221,49.702]]],[[[5.917,53.472],[5.793,53.442],[5.647,53.429],[5.663,53.48],[5.713,53.467],[5.917,53.472]]],[[[6.154,53.467],[6.131,53.471],[6.131,53.493],[6.154,53.467]]],[[[6.155,53.484],[6.165,53.476],[6.131,53.493],[6.155,53.484]]],[[[6.156,53.51],[6.248,53.509],[6.138,53.498],[6.156,53.51]]],[[[6.262,53.51],[6.304,53.514],[6.329,53.509],[6.262,53.51]]],[[[6.355,53.535],[6.418,53.52],[6.375,53.506],[6.355,53.535]]],[[[6.549,53.557],[6.608,53.551],[6.537,53.529],[6.549,53.557]]],[[[6.649,53.602],[6.709,53.625],[6.786,53.611],[6.679,53.568],[6.649,53.602]]],[[[6.855,53.658],[6.902,53.641],[6.852,53.625],[6.855,53.658]]],[[[6.865,53.681],[7.033,53.693],[7.099,53.683],[6.948,53.669],[6.865,53.681]]],[[[8.132,53.728],[8.196,53.717],[8.1,53.708],[8.132,53.728]]],[[[7.177,53.73],[7.323,53.725],[7.192,53.698],[7.177,53.73]]],[[[7.344,53.729],[7.398,53.734],[7.405,53.723],[7.344,53.729]]],[[[7.501,53.741],[7.439,53.72],[7.465,53.758],[7.589,53.756],[7.611,53.739],[7.501,53.741]]],[[[7.679,53.787],[7.782,53.78],[7.664,53.759],[7.679,53.787]]],[[[7.825,53.784],[7.93,53.799],[7.976,53.781],[7.825,53.784]]],[[[8.771,54.512],[8.909,54.521],[8.87,54.47],[8.771,54.47],[8.771,54.512]]],[[[8.589,54.487],[8.556,54.54],[8.658,54.564],[8.643,54.495],[8.589,54.487]]],[[[8.622,54.654],[8.523,54.622],[8.518,54.644],[8.622,54.654]]],[[[8.261,54.677],[8.322,54.706],[8.365,54.634],[8.308,54.616],[8.261,54.677]]],[[[8.562,54.724],[8.536,54.692],[8.45,54.682],[8.367,54.726],[8.421,54.753],[8.5,54.721],[8.562,54.724]]],[[[8.373,54.846],[8.331,54.866],[8.283,54.843],[8.261,54.743],[8.243,54.77],[8.259,54.917],[8.343,55.039],[8.389,55.054],[8.402,55.012],[8.326,54.972],[8.342,54.895],[8.445,54.862],[8.373,54.846]]],[[[8.429,55.127],[8.478,55.209],[8.552,55.201],[8.518,55.152],[8.516,55.08],[8.445,55.069],[8.429,55.127]]],[[[8.407,55.386],[8.44,55.329],[8.404,55.334],[8.311,55.451],[8.349,55.466],[8.427,55.411],[8.407,55.386]]],[[[8.633,56.442],[8.752,56.453],[8.769,56.488],[8.89,56.493],[9.219,56.471],[9.312,56.456],[9.349,56.425],[9.463,56.166],[9.426,56.088],[9.253,55.954],[9.188,55.842],[9.282,55.737],[9.248,55.724],[9.073,55.736],[8.989,55.712],[8.974,55.666],[9.067,55.623],[9.043,55.591],[9.086,55.566],[9.094,55.507],[9.169,55.315],[9.318,55.101],[9.29,55.029],[9.331,55.009],[9.352,54.944],[9.335,54.818],[9.359,54.769],[9.426,54.723],[9.517,54.608],[9.498,54.514],[9.534,54.476],[9.63,54.452],[9.692,54.404],[9.731,54.341],[9.823,54.28],[9.878,54.212],[10.1,54.089],[10.218,54.059],[10.352,54.125],[10.427,54.095],[10.342,53.996],[10.333,53.886],[10.361,53.718],[10.453,53.677],[10.495,53.64],[10.468,53.562],[10.527,53.539],[10.649,53.588],[10.653,53.64],[10.7,53.664],[10.787,53.665],[10.821,53.596],[11.02,53.584],[11.088,53.617],[11.169,53.58],[11.234,53.631],[11.222,53.675],[11.165,53.715],[11.239,53.74],[11.285,53.696],[11.401,53.645],[11.393,53.61],[11.443,53.6],[11.49,53.647],[11.599,53.684],[11.716,53.697],[11.849,53.628],[11.796,53.536],[11.813,53.488],[11.929,53.445],[12.027,53.448],[12.127,53.485],[12.243,53.46],[12.24,53.498],[12.312,53.498],[12.324,53.463],[12.388,53.451],[12.323,53.416],[12.336,53.352],[12.45,53.228],[12.541,53.157],[12.56,53.098],[12.5,53.015],[12.5,52.933],[12.439,52.89],[12.401,52.83],[12.553,52.832],[12.293,52.779],[12.107,52.61],[11.946,52.504],[11.768,52.407],[11.46,52.318],[11.404,52.294],[11.274,52.326],[11.224,52.307],[11.075,52.345],[10.996,52.345],[10.912,52.376],[10.735,52.356],[10.603,52.375],[10.465,52.301],[10.314,52.313],[10.239,52.336],[10.093,52.328],[9.87,52.286],[9.834,52.263],[9.774,52.138],[9.788,52.064],[9.918,51.921],[9.959,51.845],[9.945,51.794],[9.969,51.664],[9.932,51.584],[9.954,51.478],[9.903,51.489],[9.885,51.569],[9.916,51.684],[9.879,51.776],[9.889,51.884],[9.746,52.03],[9.718,52.132],[9.775,52.251],[9.711,52.353],[9.646,52.385],[9.491,52.416],[9.242,52.404],[8.953,52.348],[8.921,52.265],[8.878,52.221],[9.184,52.197],[9.363,52.12],[9.448,52.015],[9.38,52.0],[9.256,52.126],[9.184,52.155],[9.077,52.172],[8.894,52.161],[8.806,52.185],[8.828,52.276],[8.624,52.322],[8.323,52.334],[8.055,52.397],[7.949,52.409],[7.94,52.355],[7.894,52.322],[7.751,52.346],[7.696,52.322],[7.752,52.276],[7.703,52.24],[8.003,52.137],[8.161,52.124],[8.552,51.975],[8.764,51.89],[8.804,51.836],[8.802,51.771],[8.696,51.7],[8.421,51.621],[8.261,51.586],[8.071,51.562],[7.757,51.532],[7.633,51.487],[7.422,51.44],[7.264,51.448],[7.071,51.432],[7.006,51.411],[6.827,51.392],[6.818,51.335],[6.881,51.201],[6.943,51.114],[7.06,51.003],[7.15,50.852],[7.255,50.774],[7.161,50.752],[7.085,50.699],[7.018,50.716],[6.944,50.763],[6.826,50.812],[6.758,50.779],[6.849,50.722],[6.962,50.7],[6.869,50.631],[6.799,50.64],[6.633,50.711],[6.504,50.788],[6.405,50.812],[6.221,50.783],[5.994,50.798],[5.943,50.782],[5.966,50.73],[6.012,50.724],[6.14,50.744],[6.164,50.73],[6.065,50.649],[5.87,50.564],[5.74,50.439],[5.685,50.41],[5.592,50.692],[5.518,50.989],[5.451,51.423],[5.424,51.738],[5.425,52.186],[5.447,52.502],[5.495,52.815],[5.589,53.247],[5.616,53.332],[5.802,53.364],[6.035,53.423],[6.237,53.39],[6.353,53.422],[6.426,53.421],[6.616,53.448],[6.686,53.471],[6.838,53.442],[6.897,53.361],[6.971,53.323],[7.082,53.313],[7.095,53.264],[7.157,53.248],[7.221,53.31],[7.326,53.325],[7.042,53.345],[7.005,53.373],[6.998,53.449],[7.071,53.583],[7.206,53.666],[7.441,53.694],[7.553,53.676],[7.649,53.699],[7.93,53.725],[7.987,53.715],[8.032,53.642],[8.128,53.582],[8.141,53.521],[8.065,53.508],[8.065,53.463],[8.223,53.416],[8.3,53.465],[8.298,53.51],[8.209,53.518],[8.246,53.608],[8.315,53.614],[8.387,53.574],[8.506,53.554],[8.468,53.493],[8.44,53.398],[8.465,53.36],[8.451,53.246],[8.505,53.326],[8.482,53.4],[8.496,53.482],[8.551,53.552],[8.465,53.623],[8.448,53.71],[8.551,53.859],[8.64,53.895],[8.773,53.852],[8.903,53.84],[9.112,53.87],[9.23,53.854],[9.462,53.674],[9.513,53.607],[9.646,53.551],[9.794,53.548],[9.62,53.583],[9.529,53.617],[9.489,53.707],[9.414,53.741],[9.36,53.822],[9.292,53.861],[9.192,53.885],[9.091,53.881],[8.949,53.903],[8.889,53.927],[8.789,54.04],[8.813,54.054],[8.938,54.03],[8.968,54.082],[8.92,54.142],[8.851,54.12],[8.761,54.174],[8.789,54.244],[8.868,54.287],[8.578,54.304],[8.622,54.355],[8.578,54.383],[8.618,54.4],[8.809,54.41],[8.974,54.456],[8.95,54.523],[8.766,54.609],[8.785,54.631],[8.756,54.694],[8.628,54.735],[8.617,54.786],[8.564,54.837],[8.574,54.893],[8.622,54.9],[8.627,54.981],[8.59,55.026],[8.648,55.135],[8.617,55.234],[8.629,55.317],[8.59,55.403],[8.556,55.429],[8.388,55.472],[8.267,55.553],[8.282,55.581],[8.193,55.568],[8.278,55.464],[8.152,55.518],[8.04,55.55],[8.088,55.633],[8.138,55.767],[8.09,55.908],[8.078,55.98],[8.135,55.952],[8.119,55.92],[8.148,55.817],[8.284,55.856],[8.337,55.896],[8.327,55.952],[8.28,56.0],[8.264,56.063],[8.16,56.107],[8.099,56.092],[8.089,56.007],[8.058,56.062],[8.103,56.236],[8.074,56.334],[8.201,56.321],[8.2,56.292],[8.272,56.326],[8.162,56.381],[8.151,56.429],[8.417,56.569],[8.472,56.55],[8.534,56.574],[8.579,56.529],[8.5,56.482],[8.633,56.442]]],[[[0.372,43.403],[0.31,43.372],[0.259,43.469],[0.224,43.469],[0.245,43.375],[0.236,43.269],[0.179,43.34],[0.145,43.324],[0.122,43.138],[0.003,43.154],[-0.017,43.193],[-0.139,43.206],[-0.247,43.264],[-0.264,43.246],[-0.348,43.347],[-0.398,43.484],[-0.453,43.702],[-0.511,44.267],[-0.534,44.406],[-0.496,44.777],[-0.492,44.921],[-0.503,45.069],[-0.601,45.33],[-0.729,45.58],[-0.838,45.728],[-0.901,45.884],[-1.064,46.164],[-1.131,46.247],[-1.144,46.298],[-1.207,46.307],[-1.246,46.267],[-1.308,46.321],[-1.488,46.336],[-1.547,46.392],[-1.663,46.405],[-1.835,46.49],[-1.883,46.591],[-2.007,46.715],[-2.153,46.818],[-2.159,46.879],[-2.046,46.951],[-2.003,47.023],[-2.058,47.076],[-2.115,47.098],[-2.253,47.114],[-2.172,47.161],[-2.174,47.257],[-2.051,47.277],[-1.924,47.266],[-1.815,47.211],[-1.871,47.263],[-2.042,47.304],[-2.191,47.284],[-2.251,47.229],[-2.294,47.223],[-2.371,47.263],[-2.497,47.254],[-2.513,47.332],[-2.568,47.37],[-2.463,47.399],[-2.503,47.481],[-2.392,47.481],[-2.316,47.5],[-2.294,47.539],[-2.19,47.571],[-2.225,47.579],[-2.317,47.544],[-2.321,47.511],[-2.389,47.492],[-2.673,47.5],[-2.817,47.475],[-2.929,47.533],[-2.762,47.534],[-2.739,47.585],[-2.768,47.631],[-2.947,47.57],[-3.004,47.64],[-2.995,47.552],[-3.045,47.616],[-3.027,47.556],[-3.134,47.577],[-3.133,47.505],[-3.168,47.51],[-3.159,47.579],[-3.35,47.707],[-3.469,47.683],[-3.508,47.742],[-3.682,47.767],[-3.742,47.793],[-3.853,47.782],[-3.96,47.89],[-4.0,47.849],[-4.079,47.855],[-4.169,47.836],[-4.195,47.782],[-4.362,47.779],[-4.349,47.819],[-4.397,47.913],[-4.5,47.972],[-4.5,47.998],[-4.745,48.03],[-4.729,48.061],[-4.434,48.096],[-4.311,48.087],[-4.286,48.129],[-4.338,48.202],[-4.485,48.234],[-4.547,48.164],[-4.576,48.164],[-4.57,48.252],[-4.588,48.325],[-4.538,48.277],[-4.438,48.281],[-4.384,48.263],[-4.298,48.293],[-4.215,48.293],[-4.39,48.338],[-4.454,48.332],[-4.456,48.39],[-4.568,48.364],[-4.62,48.335],[-4.708,48.351],[-4.786,48.327],[-4.811,48.405],[-4.761,48.546],[-4.702,48.571],[-4.621,48.572],[-4.606,48.601],[-4.414,48.547],[-4.575,48.615],[-4.433,48.638],[-4.377,48.68],[-4.317,48.636],[-4.215,48.653],[-4.213,48.682],[-4.121,48.689],[-4.068,48.659],[-4.067,48.694],[-4.003,48.721],[-3.991,48.68],[-3.941,48.668],[-3.864,48.609],[-3.884,48.665],[-3.829,48.712],[-3.664,48.675],[-3.591,48.671],[-3.602,48.703],[-3.553,48.727],[-3.595,48.753],[-3.544,48.808],[-3.481,48.831],[-3.411,48.793],[-3.392,48.819],[-3.298,48.83],[-3.235,48.858],[-3.222,48.831],[-3.097,48.862],[-3.061,48.812],[-2.998,48.791],[-3.014,48.762],[-2.936,48.748],[-2.939,48.71],[-2.83,48.644],[-2.827,48.587],[-2.717,48.546],[-2.677,48.513],[-2.581,48.584],[-2.464,48.645],[-2.407,48.639],[-2.322,48.674],[-2.22,48.583],[-2.183,48.575],[-2.142,48.628],[-2.041,48.615],[-1.991,48.542],[-2.021,48.464],[-1.949,48.518],[-2.028,48.635],[-1.943,48.694],[-1.846,48.702],[-1.858,48.636],[-1.824,48.605],[-1.72,48.591],[-1.47,48.628],[-1.432,48.651],[-1.513,48.682],[-1.567,48.737],[-1.586,48.828],[-1.571,48.91],[-1.531,48.871],[-1.555,48.99],[-1.592,49.028],[-1.599,49.094],[-1.56,49.117],[-1.596,49.192],[-1.714,49.32],[-1.815,49.365],[-1.846,49.495],[-1.876,49.509],[-1.838,49.588],[-1.911,49.657],[-1.937,49.714],[-1.804,49.677],[-1.702,49.666],[-1.6,49.635],[-1.522,49.653],[-1.485,49.692],[-1.387,49.705],[-1.271,49.695],[-1.21,49.608],[-1.295,49.567],[-1.274,49.505],[-1.166,49.413],[-1.169,49.373],[-1.108,49.356],[-1.094,49.383],[-0.938,49.39],[-0.764,49.351],[-0.54,49.35],[-0.2,49.282],[-0.063,49.306],[0.048,49.347],[0.132,49.402],[0.372,49.44],[0.23,49.451],[0.198,49.48],[0.116,49.463],[0.048,49.521],[0.146,49.655],[0.153,49.696],[0.343,49.765],[0.563,49.859],[0.753,49.866],[0.941,49.921],[1.026,49.916],[1.135,49.951],[1.432,50.111],[1.447,50.173],[1.535,50.225],[1.656,50.174],[1.592,50.255],[1.529,50.27],[1.52,50.349],[1.619,50.368],[1.543,50.399],[1.559,50.532],[1.618,50.53],[1.558,50.563],[1.535,50.701],[1.579,50.766],[1.554,50.865],[1.609,50.878],[1.774,50.957],[2.065,50.997],[2.331,50.99],[2.607,50.971],[2.799,50.951],[3.078,50.912],[3.265,50.879],[3.548,50.819],[3.729,50.773],[4.018,50.689],[4.192,50.631],[4.487,50.52],[4.651,50.45],[5.064,50.249],[4.95,50.241],[4.66,50.178],[4.531,50.168],[4.181,50.1],[4.04,50.061],[4.058,50.018],[4.147,49.958],[4.105,49.876],[4.188,49.837],[4.28,49.822],[4.273,49.73],[4.196,49.698],[4.333,49.673],[4.432,49.611],[4.482,49.538],[4.374,49.519],[4.407,49.482],[4.58,49.466],[4.668,49.433],[4.819,49.179],[4.852,49.072],[4.912,48.979],[4.818,48.838],[4.705,48.766],[4.867,48.809],[5.0,48.88],[5.0,48.807],[5.101,48.798],[5.014,48.749],[4.914,48.766],[4.723,48.749],[4.639,48.726],[4.62,48.693],[4.679,48.648],[4.827,48.642],[4.826,48.613],[4.899,48.567],[4.915,48.526],[4.852,48.559],[4.798,48.523],[4.71,48.567],[4.701,48.616],[4.618,48.65],[4.54,48.579],[4.537,48.498],[4.72,48.498],[4.702,48.455],[4.561,48.447],[4.472,48.418],[4.518,48.371],[4.484,48.351],[4.374,48.411],[4.198,48.285],[4.233,48.261],[4.155,48.263],[4.15,48.238],[4.35,48.142],[4.339,48.115],[4.269,48.14],[4.09,48.172],[4.054,48.234],[4.014,48.137],[3.834,48.075],[3.779,48.008],[3.836,48.009],[3.86,47.972],[3.961,47.934],[3.981,47.899],[4.103,47.847],[4.233,47.746],[4.332,47.633],[4.396,47.582],[4.318,47.605],[4.276,47.585],[4.199,47.722],[4.095,47.764],[4.039,47.842],[3.979,47.864],[3.911,47.924],[3.816,47.963],[3.726,47.968],[3.583,47.946],[3.605,47.926],[3.748,47.912],[3.797,47.855],[3.773,47.842],[3.704,47.891],[3.596,47.904],[3.636,47.749],[3.747,47.666],[3.688,47.646],[3.571,47.758],[3.551,47.839],[3.475,47.941],[3.245,47.977],[3.272,48.024],[3.256,48.118],[3.199,48.261],[3.153,48.308],[3.001,48.343],[2.974,48.308],[3.024,48.248],[2.949,48.267],[2.908,48.246],[3.008,48.211],[3.0,48.188],[2.886,48.222],[2.85,48.183],[2.929,48.155],[2.927,48.128],[2.826,48.138],[2.808,48.109],[2.893,48.072],[3.061,48.065],[2.999,48.03],[2.832,48.047],[2.816,47.968],[2.866,47.941],[2.848,47.84],[2.9,47.72],[2.959,47.644],[2.914,47.569],[2.871,47.542],[2.866,47.487],[2.893,47.421],[2.853,47.353],[2.757,47.396],[2.696,47.354],[2.63,47.36],[2.487,47.344],[2.421,47.317],[2.337,47.225],[2.221,47.194],[2.079,47.198],[2.024,47.156],[1.91,47.131],[1.838,47.086],[1.718,46.971],[1.551,46.915],[1.436,46.847],[1.409,46.807],[1.458,46.743],[1.567,46.724],[1.526,46.689],[1.606,46.635],[1.503,46.61],[1.543,46.572],[1.451,46.515],[1.305,46.486],[1.086,46.406],[1.078,46.363],[1.02,46.35],[0.878,46.363],[0.857,46.327],[0.913,46.292],[0.893,46.262],[0.731,46.273],[0.573,46.252],[0.496,46.185],[0.426,46.22],[0.323,46.122],[0.304,46.026],[0.452,46.002],[0.461,45.977],[0.302,45.965],[0.294,45.874],[0.43,45.851],[0.432,45.887],[0.357,45.889],[0.361,45.924],[0.436,45.934],[0.5,45.914],[0.5,45.808],[0.453,45.79],[0.5,45.731],[0.5,45.633],[0.662,45.544],[0.47,45.534],[0.42,45.589],[0.32,45.632],[0.253,45.586],[0.256,45.537],[0.331,45.509],[0.534,45.498],[0.505,45.451],[0.603,45.405],[0.654,45.412],[0.717,45.487],[0.751,45.491],[0.771,45.43],[0.871,45.429],[0.749,45.344],[0.723,45.243],[0.781,45.242],[0.871,45.374],[0.934,45.399],[1.045,45.371],[1.119,45.299],[1.103,45.227],[1.14,45.175],[1.282,45.149],[1.355,45.16],[1.454,45.117],[1.654,45.05],[1.708,44.995],[1.871,44.941],[1.889,44.873],[1.819,44.858],[1.716,44.874],[1.714,44.818],[1.841,44.729],[1.928,44.723],[2.065,44.633],[2.129,44.621],[2.122,44.535],[2.142,44.47],[2.121,44.4],[2.035,44.317],[1.978,44.215],[1.844,44.084],[1.744,44.055],[1.777,44.018],[1.855,44.022],[1.989,44.079],[2.042,44.083],[2.151,44.044],[2.164,43.987],[2.096,43.934],[2.208,43.953],[2.213,43.928],[2.123,43.903],[2.176,43.869],[2.148,43.748],[2.233,43.707],[2.258,43.636],[2.335,43.577],[2.369,43.526],[2.306,43.503],[2.037,43.63],[1.861,43.674],[1.732,43.748],[1.623,43.773],[1.453,43.876],[1.368,43.939],[1.349,43.989],[1.233,44.093],[1.122,44.08],[1.135,44.036],[1.034,44.017],[0.998,44.046],[0.768,44.119],[0.71,44.11],[0.606,44.168],[0.503,44.204],[0.389,44.22],[0.357,44.172],[0.422,44.112],[0.433,44.033],[0.395,43.942],[0.443,43.544],[0.413,43.392],[0.372,43.403]]],[[[8.086,56.392],[8.107,56.404],[8.102,56.388],[8.086,56.392]]],[[[8.48,56.602],[8.566,56.643],[8.529,56.59],[8.48,56.602]]]]}},{"type":"Feature","properties":{"id":646,"n":"Balkan mixed forests","b":4},"geometry":{"type":"Polygon","coordinates":[[[24.345,45.162],[24.371,45.106],[24.289,45.001],[24.326,44.939],[24.4,44.948],[24.551,44.998],[24.584,44.928],[24.567,44.802],[24.588,44.73],[24.654,44.693],[24.768,44.718],[24.879,44.853],[24.967,44.805],[25.321,44.67],[25.438,44.611],[25.586,44.513],[26.055,44.256],[26.236,44.175],[26.309,44.172],[26.507,44.219],[26.581,44.174],[26.811,44.174],[26.923,44.218],[26.839,44.306],[26.909,44.285],[26.941,44.224],[27.171,44.254],[27.251,44.2],[27.43,44.152],[27.487,44.117],[27.648,44.124],[27.71,44.038],[27.73,43.935],[27.809,43.79],[27.836,43.68],[27.788,43.616],[27.68,43.669],[27.617,43.642],[27.7,43.548],[27.77,43.515],[27.826,43.461],[27.883,43.444],[28.041,43.449],[28.063,43.418],[28.228,43.464],[28.33,43.447],[28.351,43.424],[28.215,43.403],[28.171,43.415],[28.096,43.371],[28.047,43.257],[28.017,43.231],[27.928,43.213],[27.968,43.172],[27.893,43.032],[27.901,42.879],[27.877,42.846],[27.891,42.718],[27.847,42.703],[27.717,42.711],[27.72,42.668],[27.63,42.648],[27.62,42.531],[27.515,42.56],[27.46,42.467],[27.37,42.445],[27.387,42.423],[27.486,42.468],[27.635,42.46],[27.672,42.423],[27.702,42.442],[27.732,42.35],[27.809,42.313],[27.773,42.281],[27.794,42.228],[28.023,42.043],[28.03,42.019],[27.88,42.063],[27.798,42.069],[27.723,41.996],[27.772,41.896],[27.742,41.858],[27.611,41.839],[27.603,41.778],[27.667,41.712],[27.809,41.656],[28.014,41.466],[28.037,41.395],[27.877,41.312],[27.587,41.178],[27.426,41.111],[27.141,41.006],[26.972,40.95],[26.69,40.869],[26.478,40.822],[26.392,40.868],[26.32,40.941],[26.109,41.007],[25.925,40.994],[25.767,41.158],[25.645,41.226],[25.945,41.243],[26.125,41.298],[26.142,41.323],[26.066,41.484],[25.857,41.637],[25.189,41.846],[25.141,41.846],[24.937,41.908],[24.832,41.995],[24.707,42.073],[24.632,42.094],[24.467,42.092],[24.229,42.053],[24.094,42.122],[23.913,42.431],[24.01,42.548],[24.127,42.58],[24.209,42.583],[24.37,42.552],[24.453,42.552],[24.713,42.643],[25.085,42.676],[25.376,42.665],[25.5,42.668],[25.785,42.712],[26.073,42.742],[26.222,42.748],[26.302,42.734],[26.371,42.769],[26.365,42.828],[26.412,42.874],[26.572,42.907],[26.865,42.913],[27.017,42.957],[27.042,43.014],[26.987,43.06],[26.774,43.128],[26.724,43.029],[26.651,42.999],[26.404,42.977],[26.286,43.009],[26.164,43.017],[26.035,42.903],[25.87,42.885],[25.582,42.894],[25.461,42.925],[25.384,42.927],[25.236,42.865],[25.009,42.886],[24.939,42.953],[24.855,42.951],[24.692,42.923],[24.609,42.921],[24.339,43.002],[24.256,43.001],[24.058,42.952],[23.935,42.944],[23.785,42.996],[23.662,43.079],[23.606,43.162],[23.545,43.203],[23.433,43.237],[23.306,43.223],[23.199,43.271],[22.939,43.465],[22.756,43.54],[22.602,43.634],[22.557,43.726],[22.49,43.763],[22.412,43.748],[22.402,43.717],[22.444,43.603],[22.434,43.513],[22.487,43.401],[22.695,43.255],[22.986,43.084],[23.125,43.018],[23.354,42.945],[23.491,42.876],[23.688,42.828],[23.762,42.801],[23.773,42.659],[23.755,42.634],[23.648,42.588],[23.565,42.596],[23.318,42.705],[23.144,42.774],[23.03,42.737],[23.004,42.651],[23.082,42.591],[23.205,42.441],[23.211,42.386],[23.046,42.291],[23.042,42.265],[23.128,42.126],[23.171,42.006],[23.174,41.917],[23.227,41.787],[23.278,41.696],[23.361,41.631],[23.402,41.557],[23.519,41.534],[23.62,41.484],[23.697,41.502],[23.713,41.561],[23.66,41.639],[23.577,41.718],[23.576,41.778],[23.516,41.854],[23.413,41.888],[23.41,41.946],[23.55,42.079],[23.735,42.104],[23.753,42.063],[23.689,41.953],[23.676,41.895],[23.718,41.811],[23.861,41.665],[24.029,41.538],[24.158,41.465],[24.373,41.381],[24.642,41.316],[24.754,41.314],[25.044,41.259],[25.336,41.223],[25.493,41.219],[25.438,41.198],[25.326,41.191],[25.135,41.204],[24.819,41.185],[24.687,41.231],[24.641,41.217],[24.634,41.106],[24.582,41.086],[24.377,41.086],[24.14,41.185],[24.009,41.185],[23.923,41.145],[23.844,41.073],[23.653,41.106],[23.535,41.185],[23.192,41.356],[23.054,41.435],[23.137,41.519],[23.038,41.647],[23.093,41.788],[23.068,41.846],[22.936,41.915],[22.928,42.003],[22.826,42.044],[22.742,41.982],[22.748,41.922],[22.856,41.794],[22.84,41.739],[22.728,41.757],[22.642,41.821],[22.537,41.876],[22.393,41.863],[22.289,41.817],[22.27,41.731],[22.264,41.553],[22.323,41.408],[22.467,41.155],[22.123,41.312],[21.972,41.389],[21.679,41.555],[21.539,41.642],[21.245,41.845],[21.117,41.941],[20.823,42.185],[20.709,42.29],[20.422,42.581],[20.262,42.769],[20.334,42.82],[20.478,42.836],[20.518,42.874],[20.598,42.851],[20.598,42.884],[20.466,42.928],[20.337,42.902],[20.281,42.966],[20.166,42.992],[20.102,43.105],[20.098,43.157],[20.028,43.23],[19.936,43.283],[19.894,43.389],[19.811,43.447],[19.798,43.493],[19.737,43.52],[19.649,43.677],[19.558,43.873],[19.573,43.915],[19.52,43.953],[19.5,43.996],[19.5,44.043],[19.465,44.071],[19.387,44.259],[19.307,44.511],[19.368,44.486],[19.512,44.387],[19.603,44.4],[19.504,44.511],[19.38,44.574],[19.371,44.619],[19.617,44.688],[19.739,44.656],[19.884,44.669],[19.928,44.626],[20.0,44.626],[20.0,44.578],[20.123,44.611],[20.158,44.558],[20.121,44.505],[20.063,44.487],[19.861,44.481],[19.89,44.459],[20.0,44.456],[20.0,44.379],[20.121,44.414],[20.115,44.373],[19.936,44.28],[19.929,44.234],[19.998,44.257],[20.072,44.256],[20.124,44.3],[20.232,44.263],[20.211,44.191],[20.247,44.19],[20.315,44.255],[20.246,44.333],[20.28,44.374],[20.333,44.379],[20.317,44.434],[20.369,44.48],[20.297,44.507],[20.259,44.583],[20.273,44.643],[20.316,44.671],[20.348,44.735],[20.43,44.78],[20.574,44.811],[20.6,44.797],[20.666,44.84],[20.719,44.732],[20.811,44.697],[20.917,44.708],[21.084,44.776],[21.212,44.815],[21.237,44.924],[21.301,44.991],[21.365,45.019],[21.39,45.0],[21.29,44.933],[21.32,44.874],[21.533,44.92],[21.525,44.883],[21.442,44.878],[21.354,44.835],[21.32,44.767],[21.436,44.736],[21.556,44.723],[21.591,44.653],[21.965,44.615],[22.075,44.45],[22.185,44.464],[22.243,44.496],[22.363,44.656],[22.865,44.873],[23.037,44.918],[23.115,44.971],[23.128,45.011],[23.292,45.083],[23.339,45.123],[23.378,45.202],[23.5,45.176],[23.671,45.186],[23.796,45.134],[24.0,45.142],[24.177,45.136],[24.29,45.183],[24.345,45.162]]]}},{"type":"Feature","properties":{"id":647,"n":"Baltic mixed forests","b":4},"geometry":{"type":"MultiPolygon","coordinates":[[[[14.305,53.862],[14.358,53.873],[14.337,53.835],[14.305,53.862]]],[[[14.708,53.964],[14.737,53.974],[14.713,53.953],[14.708,53.964]]],[[[11.331,53.983],[11.361,54.011],[11.452,54.024],[11.418,53.968],[11.331,53.983]]],[[[14.336,53.887],[14.287,53.924],[14.421,53.934],[14.519,53.984],[14.774,54.024],[14.679,53.982],[14.683,53.956],[14.596,53.853],[14.336,53.887]]],[[[14.247,53.917],[14.314,53.821],[14.17,53.875],[14.035,53.877],[13.889,53.846],[13.832,53.867],[13.931,53.915],[13.89,53.96],[13.946,53.989],[13.954,53.94],[14.029,53.948],[14.03,54.01],[13.982,54.016],[13.955,54.058],[13.851,54.012],[13.885,54.048],[13.781,54.028],[13.795,54.095],[13.744,54.143],[13.78,54.165],[13.89,54.09],[13.994,54.053],[14.247,53.917]]],[[[13.146,54.48],[13.207,54.468],[13.108,54.448],[13.146,54.48]]],[[[11.072,54.414],[11.047,54.441],[10.949,54.443],[10.949,54.473],[11.02,54.541],[11.125,54.528],[11.198,54.501],[11.286,54.401],[11.072,54.414]]],[[[13.109,54.563],[13.061,54.489],[13.047,54.49],[13.109,54.563]]],[[[13.436,54.565],[13.594,54.582],[13.666,54.562],[13.665,54.519],[13.555,54.473],[13.573,54.426],[13.759,54.345],[13.709,54.272],[13.637,54.302],[13.678,54.326],[13.629,54.362],[13.468,54.343],[13.394,54.286],[13.384,54.231],[13.257,54.261],[13.105,54.337],[13.129,54.374],[13.2,54.371],[13.255,54.404],[13.135,54.43],[13.247,54.482],[13.169,54.505],[13.146,54.541],[13.219,54.544],[13.283,54.518],[13.28,54.548],[13.342,54.562],[13.39,54.498],[13.46,54.475],[13.525,54.419],[13.483,54.485],[13.494,54.55],[13.374,54.567],[13.344,54.592],[13.251,54.559],[13.258,54.623],[13.203,54.574],[13.209,54.637],[13.288,54.665],[13.426,54.672],[13.374,54.615],[13.436,54.565]]],[[[14.535,53.698],[14.55,53.74],[14.61,53.776],[14.637,53.885],[14.706,53.938],[14.75,53.943],[14.803,54.047],[14.965,54.07],[15.102,54.111],[15.297,54.152],[15.742,54.207],[15.868,54.238],[15.985,54.242],[16.089,54.265],[16.238,54.326],[16.436,54.478],[16.567,54.549],[16.633,54.57],[16.869,54.588],[16.983,54.628],[17.169,54.329],[17.236,54.203],[17.472,53.67],[17.611,53.247],[17.628,53.172],[17.423,53.13],[16.866,53.085],[16.783,53.108],[16.666,53.094],[16.591,53.112],[16.532,53.088],[16.542,53.049],[16.5,52.966],[16.404,52.937],[16.1,52.909],[16.043,52.96],[16.004,52.939],[15.984,52.873],[15.834,52.869],[15.863,52.949],[15.958,52.991],[16.047,52.984],[16.078,53.015],[16.041,53.093],[16.107,53.125],[16.088,53.242],[16.171,53.277],[16.246,53.25],[16.322,53.321],[16.26,53.409],[16.121,53.357],[16.09,53.374],[16.131,53.43],[16.045,53.439],[15.978,53.374],[15.983,53.234],[15.86,53.087],[15.789,53.124],[15.839,53.212],[15.818,53.269],[15.701,53.347],[15.664,53.498],[15.775,53.498],[15.797,53.457],[15.906,53.465],[15.955,53.491],[15.896,53.523],[15.845,53.52],[15.787,53.569],[15.821,53.603],[15.957,53.552],[16.079,53.525],[16.202,53.555],[16.054,53.58],[15.967,53.658],[15.566,53.661],[15.622,53.571],[15.541,53.494],[15.579,53.379],[15.548,53.342],[15.451,53.328],[15.429,53.282],[15.463,53.253],[15.554,53.303],[15.576,53.271],[15.572,53.178],[15.589,53.134],[15.682,53.037],[15.621,52.988],[15.663,52.961],[15.605,52.947],[15.401,52.967],[15.428,52.913],[15.517,52.87],[15.528,52.83],[15.428,52.745],[15.196,52.721],[15.098,52.69],[15.038,52.72],[14.902,52.737],[14.876,52.679],[15.0,52.655],[14.783,52.653],[14.671,52.584],[14.625,52.582],[14.53,52.626],[14.456,52.691],[14.325,52.765],[14.243,52.795],[14.196,52.835],[14.249,52.862],[14.185,52.88],[14.189,52.924],[14.133,52.95],[14.221,52.998],[14.313,53.01],[14.377,53.15],[14.442,53.179],[14.595,53.364],[14.754,53.451],[14.771,53.507],[14.738,53.512],[14.737,53.594],[14.611,53.644],[14.535,53.698]]],[[[10.576,54.917],[10.595,54.902],[10.573,54.89],[10.576,54.917]]],[[[11.974,54.94],[12.033,54.906],[11.956,54.92],[11.974,54.94]]],[[[11.433,54.844],[11.537,54.828],[11.529,54.849],[11.607,54.87],[11.613,54.905],[11.806,54.771],[11.767,54.71],[11.783,54.654],[11.551,54.664],[11.423,54.613],[11.312,54.652],[11.193,54.715],[10.982,54.754],[10.933,54.797],[10.958,54.827],[11.027,54.806],[11.049,54.836],[10.967,54.894],[11.089,54.955],[11.183,54.964],[11.265,54.94],[11.433,54.844]]],[[[11.928,54.941],[11.951,54.91],[12.05,54.888],[12.109,54.848],[11.991,54.736],[11.926,54.698],[11.908,54.571],[11.811,54.652],[11.857,54.71],[11.831,54.77],[11.711,54.866],[11.694,54.961],[11.783,54.967],[11.849,54.928],[11.928,54.941]]],[[[11.358,54.922],[11.318,54.945],[11.377,54.971],[11.425,54.951],[11.358,54.922]]],[[[10.455,54.88],[10.484,54.85],[10.363,54.821],[10.233,54.888],[10.167,54.969],[10.329,54.89],[10.455,54.88]]],[[[11.458,54.983],[11.523,54.967],[11.501,54.943],[11.458,54.983]]],[[[10.638,54.996],[10.516,54.942],[10.468,54.998],[10.573,55.047],[10.583,55.004],[10.638,54.996]]],[[[12.48,55.014],[12.515,54.985],[12.486,54.939],[12.306,54.959],[12.161,54.888],[12.074,54.904],[12.085,54.958],[12.138,54.981],[12.184,54.967],[12.229,54.994],[12.221,55.053],[12.293,55.022],[12.48,55.014]]],[[[10.103,55.063],[10.123,55.047],[10.096,55.035],[10.103,55.063]]],[[[9.943,54.999],[10.008,54.948],[10.037,54.886],[9.923,54.85],[9.848,54.869],[9.898,54.903],[9.794,54.893],[9.733,54.943],[9.782,54.937],[9.832,54.974],[9.753,55.004],[9.634,55.02],[9.608,55.055],[9.711,55.087],[9.844,55.024],[9.943,54.999]]],[[[10.691,54.745],[10.623,54.729],[10.609,54.8],[10.549,54.831],[10.601,54.836],[10.62,54.873],[10.674,54.884],[10.647,54.933],[10.768,54.999],[10.839,55.119],[10.892,55.17],[10.903,55.143],[10.852,54.997],[10.808,54.968],[10.725,54.829],[10.691,54.745]]],[[[11.121,55.207],[11.159,55.214],[11.155,55.192],[11.121,55.207]]],[[[15.155,55.133],[15.109,55.02],[15.05,54.985],[14.959,54.998],[14.91,55.029],[14.757,55.058],[14.668,55.099],[14.671,55.209],[14.747,55.295],[14.873,55.227],[14.957,55.214],[15.155,55.133]]],[[[10.483,55.545],[10.413,55.527],[10.442,55.489],[10.399,55.44],[10.569,55.494],[10.544,55.611],[10.576,55.611],[10.686,55.483],[10.497,55.44],[10.616,55.447],[10.709,55.388],[10.794,55.307],[10.688,55.298],[10.762,55.229],[10.726,55.095],[10.683,55.064],[10.56,55.057],[10.462,55.03],[10.302,55.053],[10.204,55.1],[10.153,55.066],[10.046,55.081],[10.044,55.115],[10.125,55.128],[10.065,55.186],[9.952,55.179],[9.839,55.262],[9.819,55.354],[9.737,55.364],[9.784,55.39],[9.698,55.462],[9.762,55.448],[9.65,55.502],[9.785,55.553],[9.825,55.513],[9.927,55.52],[10.057,55.578],[10.286,55.616],[10.416,55.558],[10.483,55.545]]],[[[12.682,55.653],[12.763,55.669],[12.76,55.612],[12.682,55.653]]],[[[12.502,55.578],[12.488,55.605],[12.556,55.635],[12.608,55.689],[12.652,55.588],[12.598,55.561],[12.502,55.578]]],[[[10.278,55.777],[10.286,55.742],[10.188,55.747],[10.278,55.777]]],[[[11.77,55.752],[11.73,55.78],[11.794,55.783],[11.77,55.752]]],[[[11.052,55.905],[11.133,55.886],[11.112,55.867],[11.052,55.905]]],[[[12.672,55.925],[12.72,55.91],[12.709,55.889],[12.672,55.925]]],[[[10.493,55.765],[10.466,55.816],[10.546,55.907],[10.478,55.936],[10.507,55.993],[10.529,55.949],[10.601,55.912],[10.624,55.853],[10.578,55.762],[10.493,55.765]]],[[[12.558,55.847],[12.587,55.705],[12.522,55.646],[12.433,55.611],[12.375,55.615],[12.204,55.538],[12.168,55.447],[12.263,55.411],[12.331,55.404],[12.408,55.366],[12.429,55.3],[12.291,55.247],[12.2,55.247],[12.113,55.218],[12.075,55.145],[12.031,55.174],[11.998,55.122],[12.1,55.118],[12.071,55.087],[12.128,54.996],[11.945,54.973],[11.889,55.0],[11.613,55.081],[11.775,55.052],[11.673,55.104],[11.682,55.128],[11.765,55.138],[11.671,55.167],[11.677,55.207],[11.59,55.181],[11.438,55.2],[11.392,55.219],[11.328,55.185],[11.217,55.206],[11.26,55.275],[11.203,55.252],[11.183,55.287],[11.06,55.345],[11.168,55.386],[11.127,55.495],[11.054,55.534],[11.107,55.543],[11.067,55.619],[10.925,55.668],[11.04,55.676],[10.954,55.718],[10.84,55.736],[10.916,55.744],[11.027,55.73],[11.122,55.75],[11.23,55.725],[11.332,55.774],[11.326,55.832],[11.457,55.845],[11.48,55.91],[11.426,55.938],[11.337,55.941],[11.28,55.981],[11.607,55.936],[11.752,55.963],[11.707,55.895],[11.669,55.925],[11.626,55.898],[11.679,55.838],[11.621,55.814],[11.595,55.77],[11.693,55.781],[11.704,55.723],[11.796,55.697],[11.796,55.753],[11.829,55.799],[11.894,55.822],[11.847,55.915],[11.997,55.904],[11.995,55.828],[12.029,55.762],[11.994,55.727],[11.912,55.712],[12.053,55.665],[12.09,55.734],[12.017,55.837],[12.014,55.933],[11.937,55.965],[11.848,55.94],[11.805,55.965],[12.002,56.045],[12.15,56.117],[12.288,56.13],[12.368,56.099],[12.474,56.08],[12.551,56.026],[12.5,55.931],[12.558,55.847]]],[[[12.535,56.464],[12.577,56.441],[12.557,56.43],[12.535,56.464]]],[[[14.715,56.078],[14.76,56.055],[14.704,56.006],[14.593,56.006],[14.536,56.06],[14.468,56.041],[14.398,55.977],[14.339,55.966],[14.333,55.925],[14.253,55.876],[14.209,55.796],[14.213,55.711],[14.304,55.677],[14.318,55.616],[14.381,55.569],[14.366,55.514],[14.17,55.377],[14.032,55.395],[13.973,55.431],[13.727,55.427],[13.563,55.381],[13.522,55.385],[13.393,55.339],[13.326,55.337],[13.224,55.362],[13.042,55.367],[12.967,55.382],[12.83,55.378],[12.834,55.436],[12.919,55.4],[12.961,55.448],[12.932,55.496],[12.878,55.514],[12.912,55.591],[13.035,55.621],[13.05,55.669],[12.998,55.723],[12.907,55.743],[12.897,55.843],[12.816,55.847],[12.755,55.971],[12.671,56.046],[12.664,56.077],[12.551,56.146],[12.524,56.245],[12.444,56.277],[12.505,56.288],[12.628,56.261],[12.695,56.223],[12.778,56.227],[12.832,56.258],[12.745,56.312],[12.736,56.361],[12.626,56.392],[12.609,56.417],[12.685,56.467],[12.832,56.438],[12.876,56.444],[12.922,56.507],[12.925,56.413],[13.123,56.281],[13.26,56.233],[13.461,56.197],[13.494,56.176],[13.749,56.14],[13.89,56.027],[13.939,56.0],[14.003,56.011],[14.178,56.102],[14.307,56.121],[14.516,56.201],[14.673,56.166],[14.715,56.078]]],[[[11.475,56.721],[11.671,56.744],[11.549,56.697],[11.475,56.721]]],[[[9.047,56.845],[9.057,56.83],[9.002,56.826],[9.047,56.845]]],[[[8.735,56.699],[8.662,56.688],[8.737,56.715],[8.735,56.699]]],[[[14.588,53.473],[14.466,53.332],[14.317,53.176],[14.329,53.118],[14.273,53.107],[14.107,53.165],[14.086,53.142],[14.249,53.078],[14.239,53.028],[14.125,52.998],[14.08,52.958],[14.106,52.887],[13.932,52.862],[13.976,52.823],[14.111,52.771],[14.13,52.715],[13.674,52.686],[13.494,52.636],[13.387,52.563],[13.338,52.56],[13.249,52.607],[13.131,52.577],[13.073,52.642],[13.163,52.668],[13.174,52.715],[13.066,52.746],[13.093,52.768],[13.164,52.758],[13.228,52.711],[13.242,52.811],[13.357,52.863],[13.48,52.98],[13.426,53.019],[13.31,53.013],[13.29,52.91],[13.225,52.859],[13.072,52.818],[13.013,52.832],[12.964,52.884],[12.909,52.891],[12.872,52.854],[12.733,52.838],[12.553,52.832],[12.401,52.83],[12.439,52.89],[12.5,52.933],[12.5,53.015],[12.56,53.098],[12.541,53.157],[12.45,53.228],[12.336,53.352],[12.323,53.416],[12.388,53.451],[12.324,53.463],[12.312,53.498],[12.24,53.498],[12.243,53.46],[12.127,53.485],[12.027,53.448],[11.929,53.445],[11.813,53.488],[11.796,53.536],[11.849,53.628],[11.716,53.697],[11.599,53.684],[11.49,53.647],[11.443,53.6],[11.393,53.61],[11.401,53.645],[11.285,53.696],[11.239,53.74],[11.165,53.715],[11.222,53.675],[11.234,53.631],[11.169,53.58],[11.088,53.617],[11.02,53.584],[10.821,53.596],[10.787,53.665],[10.7,53.664],[10.653,53.64],[10.649,53.588],[10.527,53.539],[10.468,53.562],[10.495,53.64],[10.453,53.677],[10.361,53.718],[10.333,53.886],[10.342,53.996],[10.427,54.095],[10.352,54.125],[10.218,54.059],[10.1,54.089],[9.878,54.212],[9.823,54.28],[9.731,54.341],[9.692,54.404],[9.63,54.452],[9.534,54.476],[9.498,54.514],[9.517,54.608],[9.426,54.723],[9.359,54.769],[9.335,54.818],[9.352,54.944],[9.331,55.009],[9.29,55.029],[9.318,55.101],[9.169,55.315],[9.094,55.507],[9.086,55.566],[9.043,55.591],[9.067,55.623],[8.974,55.666],[8.989,55.712],[9.073,55.736],[9.248,55.724],[9.282,55.737],[9.188,55.842],[9.253,55.954],[9.426,56.088],[9.463,56.166],[9.349,56.425],[9.312,56.456],[9.219,56.471],[8.89,56.493],[8.769,56.488],[8.752,56.453],[8.633,56.442],[8.5,56.482],[8.547,56.494],[8.664,56.476],[8.715,56.507],[8.725,56.565],[8.645,56.623],[8.709,56.636],[8.825,56.756],[8.938,56.803],[9.07,56.789],[9.143,56.711],[9.105,56.697],[9.014,56.614],[9.041,56.569],[9.087,56.628],[9.19,56.637],[9.252,56.61],[9.207,56.587],[9.278,56.52],[9.32,56.566],[9.266,56.565],[9.278,56.697],[9.146,56.673],[9.191,56.728],[9.126,56.816],[9.167,56.841],[9.145,56.882],[9.519,57.002],[9.51,56.951],[9.543,56.931],[9.659,57.039],[9.751,57.053],[9.89,57.052],[9.983,57.079],[10.17,56.991],[10.272,56.987],[10.22,56.873],[10.244,56.779],[10.3,56.735],[10.273,56.713],[10.086,56.724],[9.889,56.665],[9.915,56.649],[10.088,56.711],[10.182,56.692],[10.27,56.702],[10.316,56.673],[10.317,56.632],[10.26,56.622],[10.177,56.569],[10.175,56.473],[10.198,56.545],[10.264,56.602],[10.389,56.531],[10.555,56.525],[10.763,56.544],[10.937,56.446],[10.904,56.431],[10.885,56.357],[10.758,56.241],[10.697,56.216],[10.695,56.149],[10.602,56.177],[10.655,56.199],[10.575,56.215],[10.493,56.16],[10.519,56.122],[10.471,56.113],[10.458,56.173],[10.379,56.162],[10.309,56.188],[10.416,56.232],[10.468,56.282],[10.365,56.296],[10.307,56.242],[10.165,56.155],[10.227,56.066],[10.223,55.926],[10.152,55.885],[10.154,55.833],[10.098,55.874],[9.938,55.877],[9.837,55.852],[9.973,55.83],[10.021,55.801],[9.98,55.764],[10.034,55.734],[9.955,55.723],[9.98,55.69],[9.851,55.69],[9.805,55.664],[9.64,55.702],[9.557,55.703],[9.693,55.656],[9.76,55.602],[9.695,55.535],[9.466,55.484],[9.614,55.479],[9.627,55.437],[9.56,55.424],[9.564,55.359],[9.615,55.295],[9.524,55.262],[9.399,55.241],[9.513,55.244],[9.578,55.279],[9.669,55.258],[9.641,55.196],[9.577,55.171],[9.546,55.19],[9.464,55.166],[9.458,55.117],[9.496,55.058],[9.399,55.052],[9.429,55.017],[9.536,55.043],[9.688,54.984],[9.72,54.912],[9.67,54.903],[9.713,54.859],[9.691,54.838],[9.614,54.856],[9.576,54.935],[9.539,54.894],[9.389,54.837],[9.43,54.83],[9.587,54.882],[9.579,54.838],[9.751,54.806],[9.78,54.772],[9.873,54.766],[9.875,54.802],[9.928,54.783],[9.986,54.707],[9.888,54.679],[9.875,54.643],[9.66,54.529],[9.573,54.533],[9.518,54.508],[9.667,54.499],[9.807,54.591],[9.881,54.622],[9.91,54.672],[9.96,54.672],[10.003,54.636],[9.967,54.591],[9.982,54.555],[9.916,54.507],[9.82,54.481],[10.1,54.489],[10.156,54.459],[10.112,54.334],[10.193,54.412],[10.267,54.436],[10.328,54.431],[10.414,54.392],[10.523,54.383],[10.603,54.356],[10.631,54.311],[10.734,54.31],[10.881,54.385],[11.025,54.374],[11.06,54.237],[11.055,54.198],[10.918,54.147],[10.81,54.09],[10.769,54.102],[10.72,54.062],[10.753,54.006],[10.835,53.979],[10.787,53.908],[10.899,53.911],[10.847,53.953],[11.029,54.021],[11.147,54.01],[11.241,53.935],[11.3,53.957],[11.406,53.886],[11.427,53.891],[11.452,53.997],[11.571,54.082],[11.503,54.057],[11.47,54.072],[11.57,54.112],[11.632,54.167],[11.817,54.151],[11.904,54.174],[12.04,54.183],[12.052,54.118],[12.107,54.16],[12.084,54.176],[12.142,54.221],[12.252,54.262],[12.425,54.408],[12.47,54.47],[12.544,54.447],[12.831,54.44],[12.9,54.425],[12.732,54.409],[12.606,54.426],[12.57,54.4],[12.78,54.354],[12.859,54.37],[12.908,54.412],[12.987,54.433],[13.012,54.387],[13.073,54.363],[13.052,54.323],[13.102,54.279],[13.207,54.242],[13.281,54.236],[13.319,54.178],[13.374,54.166],[13.452,54.084],[13.479,54.123],[13.574,54.13],[13.682,54.164],[13.772,54.085],[13.743,54.028],[13.899,53.917],[13.821,53.88],[13.806,53.845],[13.888,53.806],[14.057,53.75],[14.177,53.736],[14.233,53.757],[14.226,53.702],[14.304,53.7],[14.301,53.739],[14.396,53.689],[14.54,53.642],[14.615,53.536],[14.588,53.473]]],[[[10.948,57.22],[10.842,57.259],[11.059,57.277],[11.034,57.231],[10.948,57.22]]],[[[10.207,57.001],[10.121,57.026],[10.011,57.093],[9.972,57.099],[9.894,57.064],[9.836,57.087],[10.081,57.143],[10.509,57.218],[10.387,57.151],[10.317,56.999],[10.207,57.001]]]]}},{"type":"Feature","properties":{"id":691,"n":"Caledon conifer forests","b":5},"geometry":{"type":"Polygon","coordinates":[[[-4.136,57.545],[-4.232,57.459],[-4.215,57.391],[-4.048,57.396],[-3.849,57.451],[-3.627,57.475],[-3.514,57.471],[-3.236,57.44],[-3.124,57.439],[-2.955,57.452],[-2.842,57.447],[-2.744,57.419],[-2.558,57.306],[-2.383,57.232],[-2.33,57.18],[-2.399,57.101],[-2.515,56.997],[-2.699,56.887],[-2.882,56.818],[-3.275,56.705],[-3.798,56.537],[-4.349,56.395],[-4.651,56.348],[-4.76,56.346],[-4.864,56.367],[-4.984,56.427],[-5.23,56.427],[-5.152,56.444],[-5.079,56.517],[-5.182,56.454],[-5.391,56.455],[-5.419,56.508],[-5.305,56.514],[-5.247,56.54],[-5.367,56.522],[-5.396,56.54],[-5.288,56.627],[-5.301,56.642],[-5.202,56.674],[-5.117,56.67],[-5.21,56.697],[-5.074,56.825],[-5.155,56.846],[-5.114,56.804],[-5.21,56.753],[-5.238,56.709],[-5.411,56.626],[-5.446,56.749],[-5.446,56.807],[-5.382,56.856],[-5.166,57.084],[-5.221,57.095],[-5.28,57.145],[-5.266,57.2],[-5.197,57.25],[-5.252,57.26],[-5.309,57.31],[-5.328,57.429],[-5.42,57.467],[-5.575,57.412],[-5.597,57.468],[-5.572,57.517],[-5.548,57.545],[-5.398,57.748],[-5.301,57.775],[-5.132,57.791],[-5.026,57.812],[-4.924,57.882],[-4.924,57.912],[-5.053,57.971],[-5.114,58.022],[-5.11,58.051],[-4.972,58.223],[-4.935,58.212],[-4.75,58.196],[-4.77,58.147],[-4.701,58.031],[-4.569,58.004],[-4.42,57.935],[-4.34,57.935],[-4.244,57.99],[-4.073,57.997],[-4.004,58.021],[-3.939,58.103],[-3.819,58.126],[-3.794,58.168],[-3.638,58.232],[-3.525,58.234],[-3.461,58.216],[-3.5,58.161],[-3.713,58.066],[-3.778,58.061],[-3.835,58.002],[-3.915,57.973],[-3.981,57.926],[-4.032,57.83],[-3.959,57.836],[-3.934,57.807],[-3.856,57.815],[-3.767,57.852],[-3.936,57.7],[-4.0,57.686],[-4.0,57.652],[-4.1,57.563],[-4.136,57.545]]]}},{"type":"Feature","properties":{"id":648,"n":"Cantabrian mixed forests","b":4},"geometry":{"type":"MultiPolygon","coordinates":[[[[-8.893,42.228],[-8.901,42.209],[-8.915,42.246],[-8.893,42.228]]],[[[-8.925,42.393],[-8.935,42.357],[-8.95,42.378],[-8.925,42.393]]],[[[-8.879,42.571],[-8.848,42.556],[-8.865,42.517],[-8.879,42.571]]],[[[-1.235,45.905],[-1.203,45.885],[-1.235,45.809],[-1.294,45.888],[-1.384,45.931],[-1.428,46.026],[-1.237,45.974],[-1.235,45.905]]],[[[-0.203,43.165],[-0.141,43.127],[-0.009,43.112],[-0.028,43.069],[-0.206,43.091],[-0.255,43.061],[-0.305,43.081],[-0.409,43.075],[-0.449,43.046],[-0.528,43.112],[-0.648,43.099],[-0.694,43.173],[-0.772,43.083],[-0.919,43.041],[-0.961,43.128],[-1.042,43.173],[-1.103,43.173],[-1.161,43.109],[-1.258,43.115],[-1.33,43.027],[-1.307,42.947],[-1.336,42.894],[-1.401,42.778],[-1.462,42.772],[-1.373,42.638],[-1.401,42.601],[-1.452,42.601],[-1.553,42.665],[-1.72,42.64],[-1.802,42.643],[-1.926,42.688],[-1.992,42.674],[-2.032,42.703],[-2.106,42.662],[-2.039,42.644],[-2.036,42.614],[-2.131,42.636],[-2.234,42.638],[-2.324,42.619],[-2.404,42.577],[-2.683,42.563],[-2.878,42.612],[-3.097,42.598],[-3.215,42.647],[-3.335,42.674],[-3.613,42.804],[-3.727,42.771],[-3.843,42.789],[-3.956,42.752],[-4.121,42.766],[-4.313,42.878],[-4.395,42.864],[-4.538,42.804],[-4.744,42.828],[-4.951,42.809],[-5.033,42.811],[-5.238,42.843],[-5.319,42.834],[-5.519,42.789],[-5.727,42.791],[-5.888,42.823],[-5.965,42.81],[-6.094,42.736],[-6.301,42.712],[-6.38,42.725],[-6.518,42.794],[-6.643,42.792],[-6.787,42.733],[-6.91,42.615],[-6.999,42.48],[-7.117,42.474],[-7.186,42.503],[-7.235,42.552],[-7.28,42.636],[-7.384,42.682],[-7.465,42.671],[-7.628,42.536],[-7.785,42.448],[-7.656,42.335],[-7.528,42.329],[-7.409,42.36],[-7.331,42.353],[-7.243,42.292],[-7.313,42.213],[-7.259,42.1],[-7.275,42.043],[-7.348,42.018],[-7.585,42.067],[-7.748,42.079],[-7.894,42.025],[-7.943,41.977],[-7.907,41.894],[-7.793,41.893],[-7.631,41.874],[-7.579,41.829],[-7.568,41.772],[-7.512,41.728],[-7.521,41.668],[-7.666,41.528],[-7.638,41.45],[-7.66,41.396],[-7.76,41.301],[-7.723,41.198],[-8.035,41.135],[-8.238,41.13],[-8.316,41.115],[-8.364,41.067],[-8.294,41.002],[-8.213,40.994],[-7.859,41.057],[-7.697,41.053],[-7.635,41.036],[-7.66,40.979],[-7.619,40.895],[-7.53,40.796],[-7.517,40.737],[-7.55,40.62],[-7.598,40.575],[-7.732,40.508],[-7.888,40.415],[-8.158,40.364],[-8.255,40.317],[-8.353,40.241],[-8.369,40.328],[-8.412,40.411],[-8.454,40.438],[-8.442,40.585],[-8.473,40.641],[-8.591,40.718],[-8.653,40.718],[-8.63,40.802],[-8.665,40.813],[-8.688,40.747],[-8.677,40.694],[-8.735,40.638],[-8.635,40.996],[-8.642,41.093],[-8.689,41.167],[-8.703,41.24],[-8.777,41.404],[-8.763,41.515],[-8.816,41.66],[-8.863,41.735],[-8.857,41.871],[-8.89,41.891],[-8.901,42.109],[-8.825,42.118],[-8.811,42.181],[-8.689,42.263],[-8.594,42.309],[-8.598,42.34],[-8.677,42.28],[-8.773,42.246],[-8.861,42.245],[-8.829,42.328],[-8.758,42.342],[-8.661,42.415],[-8.692,42.426],[-8.756,42.383],[-8.82,42.381],[-8.878,42.443],[-8.935,42.451],[-8.876,42.497],[-8.82,42.452],[-8.822,42.569],[-8.752,42.637],[-8.81,42.637],[-9.021,42.551],[-9.094,42.576],[-9.028,42.643],[-9.019,42.697],[-8.877,42.815],[-8.961,42.773],[-9.014,42.794],[-9.07,42.731],[-9.146,42.795],[-9.104,42.826],[-9.142,42.88],[-9.114,42.908],[-9.206,42.913],[-9.248,42.877],[-9.29,42.916],[-9.252,42.969],[-9.265,43.035],[-9.232,43.098],[-9.178,43.095],[-9.22,43.138],[-9.175,43.18],[-9.043,43.184],[-9.012,43.228],[-8.933,43.227],[-8.997,43.283],[-8.904,43.295],[-8.843,43.342],[-8.707,43.291],[-8.502,43.325],[-8.397,43.382],[-8.355,43.338],[-8.314,43.392],[-8.222,43.339],[-8.188,43.415],[-8.312,43.444],[-8.214,43.466],[-8.186,43.498],[-8.34,43.448],[-8.316,43.574],[-8.229,43.578],[-8.162,43.607],[-8.046,43.704],[-7.966,43.721],[-7.871,43.765],[-7.854,43.701],[-7.741,43.742],[-7.699,43.781],[-7.696,43.739],[-7.647,43.749],[-7.612,43.693],[-7.559,43.729],[-7.372,43.669],[-7.251,43.566],[-7.025,43.556],[-6.949,43.579],[-6.736,43.557],[-6.628,43.576],[-6.575,43.555],[-6.467,43.567],[-6.34,43.547],[-6.233,43.584],[-6.182,43.559],[-6.084,43.556],[-5.954,43.586],[-5.858,43.653],[-5.792,43.637],[-5.694,43.55],[-5.424,43.557],[-5.309,43.533],[-5.205,43.473],[-4.961,43.459],[-4.596,43.393],[-4.487,43.381],[-4.347,43.401],[-4.285,43.384],[-4.072,43.418],[-3.935,43.468],[-3.838,43.488],[-3.789,43.459],[-3.837,43.442],[-3.833,43.399],[-3.718,43.471],[-3.556,43.498],[-3.445,43.462],[-3.493,43.423],[-3.465,43.389],[-3.346,43.415],[-3.244,43.395],[-3.158,43.349],[-3.107,43.357],[-3.015,43.33],[-3.023,43.365],[-2.959,43.422],[-2.811,43.429],[-2.752,43.447],[-2.689,43.399],[-2.574,43.385],[-2.467,43.333],[-2.344,43.292],[-2.232,43.304],[-2.138,43.287],[-2.02,43.321],[-1.925,43.33],[-1.815,43.388],[-1.801,43.355],[-1.624,43.432],[-1.478,43.599],[-1.43,43.768],[-1.319,44.115],[-1.269,44.38],[-1.258,44.547],[-1.221,44.644],[-1.166,44.659],[-1.119,44.632],[-1.03,44.658],[-1.151,44.759],[-1.186,44.751],[-1.263,44.656],[-1.249,44.833],[-1.186,45.141],[-1.165,45.289],[-1.178,45.41],[-1.153,45.504],[-1.077,45.577],[-1.062,45.507],[-0.936,45.434],[-0.811,45.335],[-0.759,45.25],[-0.745,45.173],[-0.651,45.037],[-0.564,44.985],[-0.648,45.092],[-0.761,45.422],[-0.88,45.523],[-0.959,45.544],[-1.002,45.593],[-1.269,45.69],[-1.231,45.789],[-1.166,45.79],[-1.13,45.762],[-1.173,45.849],[-1.096,45.883],[-1.073,45.947],[-1.131,45.996],[-1.064,45.994],[-1.076,46.039],[-1.191,46.145],[-1.242,46.15],[-1.231,46.188],[-1.131,46.247],[-1.064,46.164],[-0.901,45.884],[-0.838,45.728],[-0.729,45.58],[-0.601,45.33],[-0.503,45.069],[-0.492,44.921],[-0.496,44.777],[-0.534,44.406],[-0.511,44.267],[-0.453,43.702],[-0.398,43.484],[-0.348,43.347],[-0.264,43.246],[-0.203,43.165]]],[[[-1.265,46.153],[-1.326,46.136],[-1.483,46.191],[-1.553,46.189],[-1.586,46.23],[-1.519,46.248],[-1.309,46.182],[-1.265,46.153]]]]}},{"type":"Feature","properties":{"id":692,"n":"Carpathian montane forests","b":5},"geometry":{"type":"MultiPolygon","coordinates":[[[[22.971,47.046],[22.952,46.97],[22.98,46.868],[23.059,46.797],[23.308,46.734],[23.376,46.676],[23.466,46.493],[23.573,46.363],[23.571,46.299],[23.48,46.181],[23.459,46.095],[23.339,46.108],[22.901,46.234],[22.824,46.264],[22.79,46.311],[22.673,46.342],[22.63,46.449],[22.647,46.499],[22.642,46.599],[22.583,46.666],[22.563,46.776],[22.5,46.855],[22.5,46.91],[22.541,46.918],[22.6,46.884],[22.69,46.906],[22.744,46.985],[22.719,47.014],[22.622,47.034],[22.626,47.079],[22.858,47.024],[22.971,47.046]]],[[[26.537,45.442],[26.508,45.396],[26.464,45.375],[26.457,45.331],[26.378,45.322],[26.378,45.373],[26.323,45.385],[26.151,45.338],[26.009,45.34],[25.955,45.286],[25.914,45.196],[25.818,45.193],[25.739,45.222],[25.659,45.153],[25.578,45.133],[25.388,45.12],[25.26,45.13],[25.207,45.168],[25.13,45.143],[25.102,45.16],[25.066,45.26],[24.971,45.258],[24.772,45.22],[24.632,45.223],[24.559,45.238],[24.503,45.195],[24.463,45.198],[24.452,45.272],[24.386,45.263],[24.332,45.285],[24.33,45.352],[24.287,45.401],[24.246,45.382],[24.249,45.261],[24.298,45.214],[24.29,45.183],[24.177,45.136],[24.0,45.142],[23.796,45.134],[23.671,45.186],[23.5,45.176],[23.378,45.202],[23.297,45.186],[23.185,45.142],[23.113,45.157],[22.982,45.144],[22.903,45.151],[22.813,45.214],[22.618,45.152],[22.51,45.148],[22.413,45.191],[22.476,45.247],[22.433,45.336],[22.429,45.388],[22.49,45.467],[22.537,45.484],[22.48,45.529],[22.553,45.6],[22.406,45.607],[22.37,45.559],[22.3,45.58],[22.307,45.642],[22.386,45.718],[22.367,45.753],[22.447,45.79],[22.524,45.791],[22.6,45.764],[22.662,45.791],[22.673,45.836],[22.747,45.87],[22.796,45.849],[22.851,45.73],[22.817,45.684],[22.731,45.641],[22.855,45.617],[22.797,45.564],[22.828,45.517],[22.889,45.504],[23.149,45.511],[23.163,45.555],[23.094,45.606],[23.267,45.72],[23.52,45.862],[23.658,45.873],[23.815,45.84],[24.05,45.759],[24.242,45.77],[24.373,45.85],[24.443,45.925],[24.452,45.97],[24.608,46.04],[24.821,46.088],[24.986,46.079],[25.162,46.036],[25.228,46.039],[25.272,46.078],[25.29,46.179],[25.371,46.217],[25.417,46.263],[25.469,46.223],[25.309,46.046],[25.292,45.943],[25.15,45.852],[25.067,45.832],[24.741,45.8],[24.5,45.762],[24.5,45.736],[24.428,45.742],[24.391,45.715],[24.449,45.696],[24.619,45.723],[24.739,45.731],[24.91,45.759],[25.019,45.765],[25.133,45.738],[25.159,45.674],[25.365,45.537],[25.45,45.567],[25.579,45.652],[25.687,45.643],[25.758,45.62],[25.81,45.631],[25.923,45.711],[25.996,45.728],[26.122,45.709],[26.192,45.728],[26.289,45.907],[26.337,45.957],[26.366,46.029],[26.289,46.062],[26.19,46.023],[26.192,46.088],[26.15,46.099],[26.119,45.967],[26.08,45.914],[26.0,45.866],[25.847,45.833],[25.913,45.953],[25.892,45.998],[25.848,45.998],[25.791,45.855],[25.749,45.865],[25.817,45.998],[25.768,45.998],[25.716,45.932],[25.672,45.936],[25.698,46.031],[25.73,46.068],[25.668,46.14],[25.575,46.144],[25.518,46.188],[25.53,46.26],[25.478,46.293],[25.414,46.418],[25.371,46.435],[25.265,46.295],[25.213,46.345],[25.29,46.394],[25.186,46.422],[25.163,46.463],[25.056,46.498],[25.036,46.555],[24.959,46.608],[24.988,46.698],[24.976,46.77],[24.912,46.84],[24.927,46.911],[24.891,46.985],[24.785,47.01],[24.73,47.072],[24.741,47.115],[24.859,47.205],[24.84,47.251],[24.785,47.244],[24.748,47.282],[24.828,47.334],[24.826,47.363],[24.746,47.412],[24.667,47.374],[24.604,47.295],[24.484,47.283],[24.346,47.308],[24.29,47.275],[24.162,47.294],[24.075,47.258],[23.973,47.266],[23.87,47.344],[23.741,47.393],[23.834,47.421],[23.855,47.446],[23.762,47.48],[23.622,47.458],[23.591,47.482],[23.754,47.512],[23.793,47.536],[23.793,47.639],[23.735,47.648],[23.721,47.691],[23.651,47.724],[23.482,47.725],[23.434,47.774],[23.438,47.808],[23.5,47.815],[23.5,47.952],[23.436,47.975],[23.268,48.002],[23.233,48.032],[23.246,48.076],[23.305,48.09],[23.423,48.035],[23.476,48.035],[23.607,48.102],[23.606,48.167],[23.561,48.246],[23.432,48.283],[23.397,48.338],[23.293,48.361],[23.25,48.414],[23.173,48.458],[23.025,48.501],[22.963,48.573],[22.831,48.633],[22.592,48.668],[22.46,48.758],[22.306,48.745],[22.266,48.808],[22.307,48.861],[22.464,48.945],[22.405,48.991],[22.272,49.003],[22.135,48.984],[22.064,49.011],[21.977,48.977],[21.976,49.077],[21.917,49.181],[21.911,49.226],[21.845,49.257],[21.794,49.227],[21.724,49.058],[21.677,49.074],[21.663,49.176],[21.614,49.304],[21.517,49.298],[21.594,49.229],[21.561,49.168],[21.497,49.192],[21.468,49.286],[21.362,49.325],[21.332,49.29],[21.392,49.201],[21.35,49.155],[21.319,49.175],[21.275,49.275],[21.225,49.245],[21.216,49.121],[21.12,49.103],[21.042,49.176],[20.914,49.213],[20.829,49.194],[20.873,49.143],[20.941,49.137],[20.956,49.066],[20.876,49.036],[20.869,48.978],[20.819,48.963],[20.816,48.924],[21.002,48.892],[20.969,48.855],[21.006,48.821],[21.136,48.876],[21.157,48.839],[21.059,48.747],[20.969,48.712],[20.845,48.694],[20.862,48.654],[20.825,48.607],[20.732,48.607],[20.599,48.653],[20.461,48.731],[20.319,48.699],[20.293,48.714],[20.092,48.622],[19.998,48.592],[19.791,48.595],[19.914,48.795],[20.194,49.177],[20.289,49.292],[20.589,49.616],[20.701,49.723],[20.989,49.974],[21.222,49.921],[21.353,49.967],[21.492,50.089],[21.552,50.195],[21.728,50.143],[21.778,50.11],[22.025,50.099],[21.889,49.954],[21.818,49.951],[21.76,49.898],[21.623,49.853],[21.618,49.803],[21.663,49.742],[21.722,49.707],[21.742,49.743],[21.66,49.815],[21.681,49.833],[21.827,49.863],[21.943,49.935],[22.058,50.038],[22.213,50.068],[22.247,50.035],[22.495,49.981],[22.628,49.896],[22.686,49.815],[22.567,49.811],[22.307,49.828],[22.21,49.807],[22.181,49.767],[22.192,49.697],[22.226,49.65],[22.16,49.594],[22.235,49.502],[22.334,49.439],[22.385,49.456],[22.36,49.508],[22.281,49.541],[22.273,49.577],[22.317,49.636],[22.273,49.688],[22.278,49.757],[22.313,49.778],[22.391,49.761],[22.592,49.746],[22.861,49.776],[22.944,49.805],[23.018,49.887],[23.098,49.874],[23.173,49.817],[23.419,49.743],[23.52,49.765],[23.51,49.844],[23.61,49.858],[23.701,49.738],[23.692,49.643],[23.839,49.61],[23.83,49.559],[23.926,49.514],[24.068,49.477],[24.064,49.441],[24.279,49.324],[24.445,49.207],[24.61,49.129],[24.774,49.073],[24.858,49.033],[24.903,48.977],[24.962,48.979],[25.044,48.942],[25.022,48.89],[25.061,48.862],[25.132,48.921],[25.128,48.861],[25.188,48.874],[25.23,48.852],[25.181,48.829],[25.186,48.792],[25.346,48.863],[25.545,48.746],[25.561,48.66],[25.667,48.623],[25.722,48.524],[25.78,48.475],[25.985,48.368],[26.255,48.237],[26.339,48.217],[26.17,48.113],[25.997,48.038],[25.862,48.027],[25.806,47.982],[25.791,47.931],[25.82,47.891],[25.931,47.827],[26.0,47.764],[26.0,47.555],[25.911,47.572],[25.907,47.531],[26.118,47.444],[26.281,47.301],[26.288,47.213],[26.352,47.102],[26.327,47.008],[26.255,46.95],[26.264,46.918],[26.386,46.867],[26.5,46.719],[26.5,46.628],[26.542,46.573],[26.535,46.521],[26.487,46.481],[26.379,46.469],[26.347,46.432],[26.39,46.389],[26.399,46.339],[26.455,46.341],[26.507,46.294],[26.599,46.253],[26.618,46.19],[26.674,46.111],[26.758,46.057],[26.744,45.993],[26.692,45.954],[26.617,45.943],[26.599,45.992],[26.543,46.015],[26.5,45.996],[26.5,45.953],[26.56,45.909],[26.575,45.856],[26.639,45.85],[26.62,45.808],[26.705,45.806],[26.829,45.854],[26.87,45.844],[26.858,45.802],[26.778,45.752],[26.824,45.685],[26.806,45.634],[26.753,45.588],[26.605,45.506],[26.593,45.457],[26.537,45.442]]]]}},{"type":"Feature","properties":{"id":651,"n":"Celtic broadleaf forests","b":4},"geometry":{"type":"MultiPolygon","coordinates":[[[[-2.348,49.439],[-2.338,49.416],[-2.367,49.402],[-2.348,49.439]]],[[[-3.059,51.156],[-2.962,51.133],[-2.882,51.052],[-2.791,51.06],[-2.802,51.017],[-2.646,50.97],[-2.614,50.929],[-2.596,50.832],[-2.553,50.799],[-2.652,50.667],[-2.704,50.696],[-2.924,50.722],[-2.991,50.696],[-3.257,50.661],[-3.369,50.601],[-3.434,50.605],[-3.501,50.538],[-3.571,50.398],[-3.497,50.396],[-3.558,50.332],[-3.58,50.373],[-3.66,50.397],[-3.584,50.32],[-3.659,50.28],[-3.661,50.211],[-3.735,50.195],[-3.773,50.266],[-3.821,50.201],[-3.875,50.247],[-4.02,50.293],[-4.182,50.314],[-4.241,50.304],[-4.262,50.333],[-4.447,50.345],[-4.486,50.321],[-4.689,50.306],[-4.711,50.334],[-4.791,50.281],[-4.767,50.249],[-4.821,50.213],[-4.878,50.234],[-4.956,50.201],[-4.98,50.146],[-5.072,50.138],[-5.071,50.046],[-5.124,49.995],[-5.166,49.999],[-5.215,49.958],[-5.265,49.977],[-5.319,50.069],[-5.511,50.126],[-5.562,50.101],[-5.584,50.049],[-5.682,50.033],[-5.715,50.066],[-5.695,50.157],[-5.508,50.212],[-5.438,50.192],[-5.401,50.232],[-5.328,50.245],[-5.252,50.287],[-5.258,50.325],[-5.213,50.337],[-5.18,50.4],[-5.081,50.425],[-5.057,50.551],[-4.977,50.57],[-4.943,50.527],[-4.916,50.589],[-4.815,50.609],[-4.69,50.715],[-4.665,50.754],[-4.603,50.772],[-4.566,50.855],[-4.592,50.894],[-4.555,51.011],[-4.525,51.024],[-4.379,50.992],[-4.315,51.01],[-4.222,51.074],[-4.286,51.152],[-4.255,51.19],[-4.184,51.214],[-3.987,51.215],[-3.84,51.236],[-3.541,51.223],[-3.449,51.189],[-3.317,51.183],[-3.108,51.212],[-3.059,51.156]]],[[[-9.492,51.448],[-9.496,51.434],[-9.534,51.429],[-9.492,51.448]]],[[[-9.443,51.457],[-9.42,51.484],[-9.421,51.463],[-9.443,51.457]]],[[[-9.902,51.643],[-9.812,51.646],[-9.897,51.617],[-9.902,51.643]]],[[[-10.296,51.918],[-10.417,51.888],[-10.412,51.909],[-10.291,51.941],[-10.296,51.918]]],[[[-10.539,52.099],[-10.529,52.088],[-10.593,52.077],[-10.539,52.099]]],[[[-9.551,53.061],[-9.51,53.054],[-9.541,53.042],[-9.551,53.061]]],[[[-9.634,53.078],[-9.586,53.095],[-9.607,53.061],[-9.634,53.078]]],[[[-9.666,53.086],[-9.826,53.133],[-9.782,53.151],[-9.666,53.127],[-9.666,53.086]]],[[[-9.719,53.265],[-9.657,53.259],[-9.679,53.227],[-9.719,53.265]]],[[[-9.709,53.308],[-9.652,53.296],[-9.691,53.286],[-9.709,53.308]]],[[[-4.284,53.386],[-4.221,53.292],[-4.122,53.316],[-4.069,53.298],[-4.106,53.259],[-4.205,53.226],[-4.242,53.184],[-4.351,53.131],[-4.405,53.135],[-4.518,53.187],[-4.566,53.252],[-4.615,53.238],[-4.693,53.308],[-4.573,53.301],[-4.585,53.391],[-4.441,53.418],[-4.341,53.41],[-4.284,53.386]]],[[[-10.257,53.626],[-10.186,53.629],[-10.193,53.611],[-10.257,53.626]]],[[[-10.133,53.709],[-10.091,53.711],[-10.133,53.691],[-10.133,53.709]]],[[[-9.981,53.832],[-9.947,53.807],[-10.054,53.795],[-9.981,53.832]]],[[[-4.731,54.077],[-4.808,54.051],[-4.762,54.11],[-4.721,54.213],[-4.624,54.262],[-4.558,54.361],[-4.405,54.406],[-4.366,54.403],[-4.395,54.327],[-4.338,54.298],[-4.413,54.209],[-4.402,54.186],[-4.475,54.133],[-4.685,54.055],[-4.731,54.077]]],[[[-10.238,52.217],[-10.196,52.184],[-10.153,52.232],[-10.067,52.243],[-9.948,52.222],[-9.828,52.223],[-9.732,52.252],[-9.651,52.224],[-9.672,52.186],[-9.771,52.153],[-9.799,52.118],[-9.488,52.073],[-9.266,52.053],[-9.184,52.06],[-9.022,52.128],[-8.901,52.166],[-8.763,52.132],[-8.771,52.176],[-8.823,52.196],[-8.745,52.22],[-8.744,52.26],[-8.803,52.286],[-8.831,52.334],[-8.77,52.354],[-8.671,52.343],[-8.618,52.392],[-8.657,52.438],[-8.877,52.415],[-8.93,52.45],[-9.079,52.474],[-9.096,52.609],[-8.999,52.625],[-8.993,52.646],[-8.86,52.674],[-8.684,52.664],[-8.741,52.687],[-8.953,52.715],[-8.987,52.78],[-9.048,52.747],[-9.075,52.683],[-9.17,52.626],[-9.238,52.627],[-9.322,52.595],[-9.285,52.636],[-9.415,52.61],[-9.489,52.62],[-9.55,52.656],[-9.618,52.622],[-9.714,52.614],[-9.724,52.585],[-9.797,52.57],[-9.929,52.568],[-9.877,52.604],[-9.668,52.686],[-9.616,52.748],[-9.515,52.754],[-9.508,52.805],[-9.448,52.884],[-9.384,52.899],[-9.379,52.943],[-9.476,52.931],[-9.419,53.026],[-9.26,53.15],[-9.186,53.121],[-9.104,53.128],[-9.108,53.157],[-8.953,53.199],[-9.004,53.265],[-9.391,53.233],[-9.545,53.228],[-9.591,53.265],[-9.621,53.233],[-9.621,53.322],[-9.569,53.337],[-9.648,53.385],[-9.753,53.305],[-9.912,53.327],[-9.897,53.369],[-9.795,53.39],[-9.826,53.418],[-9.886,53.396],[-9.922,53.421],[-9.968,53.377],[-10.077,53.416],[-10.186,53.418],[-10.153,53.452],[-10.064,53.462],[-10.131,53.52],[-10.052,53.516],[-10.21,53.548],[-10.121,53.58],[-9.988,53.557],[-10.04,53.614],[-9.943,53.604],[-9.855,53.615],[-9.793,53.596],[-9.709,53.599],[-9.613,53.635],[-9.057,53.783],[-8.934,53.788],[-8.857,53.759],[-8.708,53.789],[-8.622,53.758],[-8.589,53.674],[-8.647,53.624],[-8.73,53.587],[-8.88,53.569],[-8.897,53.518],[-8.668,53.447],[-8.644,53.421],[-8.645,53.336],[-8.598,53.342],[-8.519,53.424],[-8.433,53.441],[-8.34,53.414],[-8.218,53.359],[-8.17,53.41],[-8.183,53.467],[-8.363,53.65],[-8.382,53.707],[-8.292,53.861],[-8.355,53.888],[-8.461,53.904],[-8.475,53.99],[-8.561,54.017],[-8.649,54.022],[-8.596,54.107],[-8.492,54.178],[-8.341,54.239],[-8.209,54.23],[-8.111,54.183],[-7.922,54.055],[-7.771,54.065],[-7.72,54.107],[-7.724,54.197],[-7.762,54.338],[-7.677,54.451],[-7.489,54.564],[-7.362,54.574],[-7.233,54.615],[-7.173,54.664],[-6.995,54.728],[-6.859,54.813],[-6.807,54.928],[-6.825,55.016],[-6.923,55.17],[-6.882,55.158],[-6.736,55.166],[-6.671,55.208],[-6.567,55.214],[-6.532,55.239],[-6.37,55.236],[-6.251,55.211],[-6.165,55.224],[-6.083,55.196],[-6.031,55.15],[-6.068,55.072],[-5.977,55.034],[-5.989,54.982],[-5.886,54.903],[-5.755,54.843],[-5.689,54.774],[-5.724,54.733],[-5.846,54.706],[-5.905,54.671],[-5.922,54.614],[-5.809,54.658],[-5.61,54.674],[-5.558,54.647],[-5.444,54.474],[-5.481,54.433],[-5.466,54.388],[-5.517,54.339],[-5.589,54.409],[-5.549,54.431],[-5.544,54.491],[-5.618,54.557],[-5.686,54.573],[-5.71,54.534],[-5.637,54.452],[-5.647,54.4],[-5.715,54.354],[-5.586,54.383],[-5.545,54.315],[-5.651,54.233],[-5.837,54.258],[-5.887,54.226],[-5.904,54.105],[-6.02,54.04],[-6.265,54.097],[-6.109,54.005],[-6.149,53.978],[-6.265,53.988],[-6.308,54.013],[-6.393,53.945],[-6.381,53.897],[-6.258,53.867],[-6.269,53.805],[-6.216,53.792],[-6.259,53.741],[-6.221,53.639],[-6.081,53.565],[-6.103,53.518],[-6.16,53.511],[-6.109,53.403],[-6.202,53.363],[-6.198,53.315],[-6.098,53.283],[-6.111,53.208],[-6.075,53.189],[-6.039,53.097],[-6.061,53.01],[-6.022,52.97],[-6.086,52.866],[-6.177,52.806],[-6.16,52.737],[-6.213,52.711],[-6.254,52.65],[-6.21,52.57],[-6.366,52.426],[-6.384,52.354],[-6.5,52.355],[-6.399,52.277],[-6.339,52.259],[-6.367,52.189],[-6.494,52.196],[-6.607,52.177],[-6.718,52.224],[-6.79,52.212],[-6.766,52.262],[-6.848,52.218],[-6.846,52.179],[-6.931,52.129],[-6.923,52.211],[-6.979,52.238],[-6.978,52.182],[-7.045,52.136],[-7.117,52.135],[-7.122,52.172],[-7.186,52.138],[-7.449,52.13],[-7.637,52.078],[-7.558,52.058],[-7.614,51.983],[-7.721,51.969],[-7.826,51.937],[-7.84,51.96],[-7.894,51.914],[-7.9,51.875],[-8.014,51.867],[-8.014,51.827],[-8.242,51.793],[-8.274,51.822],[-8.207,51.847],[-8.19,51.894],[-8.261,51.9],[-8.232,51.861],[-8.31,51.855],[-8.329,51.897],[-8.348,51.841],[-8.283,51.796],[-8.309,51.739],[-8.425,51.7],[-8.469,51.708],[-8.552,51.651],[-8.539,51.612],[-8.606,51.648],[-8.692,51.635],[-8.729,51.571],[-8.844,51.594],[-8.857,51.619],[-8.9,51.551],[-8.961,51.542],[-9.02,51.571],[-9.116,51.561],[-9.119,51.537],[-9.378,51.474],[-9.336,51.532],[-9.415,51.502],[-9.42,51.539],[-9.597,51.499],[-9.668,51.515],[-9.771,51.453],[-9.831,51.497],[-9.769,51.528],[-9.676,51.541],[-9.553,51.616],[-9.647,51.602],[-9.669,51.579],[-9.834,51.551],[-9.788,51.585],[-9.597,51.653],[-9.479,51.677],[-9.461,51.718],[-9.552,51.75],[-9.556,51.717],[-9.663,51.672],[-9.726,51.69],[-9.793,51.662],[-9.908,51.656],[-9.93,51.62],[-10.051,51.591],[-10.148,51.593],[-10.162,51.614],[-10.067,51.625],[-10.087,51.678],[-10.013,51.673],[-10.002,51.717],[-9.852,51.769],[-9.73,51.839],[-9.669,51.841],[-9.591,51.881],[-9.759,51.852],[-10.136,51.743],[-10.214,51.781],[-10.169,51.818],[-10.187,51.853],[-10.269,51.831],[-10.281,51.803],[-10.352,51.798],[-10.384,51.876],[-10.258,51.901],[-10.269,51.942],[-10.189,51.961],[-10.313,51.958],[-10.208,52.012],[-10.048,52.035],[-9.892,52.109],[-9.81,52.131],[-9.806,52.158],[-9.973,52.146],[-9.966,52.111],[-10.041,52.135],[-10.214,52.103],[-10.45,52.094],[-10.494,52.143],[-10.436,52.196],[-10.398,52.167],[-10.373,52.233],[-10.197,52.291],[-10.188,52.232],[-10.238,52.217]]],[[[-6.203,55.253],[-6.218,55.282],[-6.186,55.292],[-6.203,55.253]]],[[[-5.236,55.417],[-5.334,55.462],[-5.37,55.496],[-5.354,55.544],[-5.396,55.598],[-5.39,55.637],[-5.325,55.688],[-5.264,55.703],[-5.169,55.664],[-5.165,55.574],[-5.109,55.536],[-5.119,55.426],[-5.236,55.417]]],[[[-5.102,55.762],[-5.12,55.821],[-5.19,55.881],[-5.157,55.892],[-5.015,55.817],[-4.986,55.754],[-5.043,55.712],[-5.102,55.762]]],[[[-6.067,55.75],[-6.043,55.666],[-6.105,55.631],[-6.226,55.616],[-6.292,55.569],[-6.348,55.607],[-6.323,55.649],[-6.268,55.666],[-6.35,55.723],[-6.279,55.776],[-6.362,55.764],[-6.422,55.697],[-6.5,55.66],[-6.5,55.728],[-6.443,55.849],[-6.359,55.873],[-6.344,55.802],[-6.324,55.858],[-6.227,55.908],[-6.149,55.916],[-6.129,55.816],[-6.067,55.75]]],[[[-5.97,55.772],[-6.064,55.792],[-6.106,55.841],[-6.066,55.923],[-6.0,55.929],[-5.976,56.017],[-5.737,56.13],[-5.7,56.103],[-5.769,56.016],[-5.852,55.95],[-5.891,55.863],[-5.943,55.846],[-5.97,55.772]]],[[[1.117,52.383],[1.056,52.358],[0.876,52.244],[0.831,52.159],[0.884,52.063],[0.84,51.95],[0.794,51.939],[0.622,51.971],[0.539,51.926],[0.383,51.881],[0.298,51.818],[0.146,51.777],[0.067,51.798],[-0.0,51.767],[-0.0,51.992],[0.124,52.068],[0.281,52.128],[0.347,52.182],[0.376,52.245],[0.358,52.287],[0.263,52.306],[0.261,52.365],[0.296,52.421],[0.278,52.445],[0.204,52.419],[0.129,52.418],[0.035,52.47],[0.079,52.516],[0.032,52.529],[-0.049,52.482],[-0.182,52.466],[-0.233,52.487],[-0.301,52.468],[-0.417,52.4],[-0.478,52.335],[-0.491,52.284],[-0.599,52.288],[-0.689,52.237],[-0.76,52.222],[-0.937,52.139],[-1.0,52.123],[-1.0,52.31],[-1.132,52.191],[-1.314,52.162],[-1.501,52.153],[-1.877,52.154],[-1.964,52.162],[-2.197,52.155],[-2.197,52.179],[-2.296,52.351],[-2.402,52.368],[-2.443,52.329],[-2.337,52.306],[-2.262,52.189],[-2.266,52.149],[-2.458,52.119],[-2.668,52.052],[-2.954,51.935],[-3.006,51.832],[-3.003,51.649],[-3.014,51.555],[-3.022,51.523],[-3.133,51.491],[-3.194,51.396],[-3.245,51.402],[-3.353,51.376],[-3.559,51.394],[-3.675,51.47],[-3.775,51.497],[-3.818,51.575],[-3.884,51.615],[-3.959,51.62],[-4.03,51.553],[-4.173,51.562],[-4.255,51.537],[-4.324,51.567],[-4.313,51.615],[-4.091,51.65],[-4.289,51.68],[-4.315,51.666],[-4.395,51.702],[-4.374,51.793],[-4.458,51.747],[-4.708,51.719],[-4.745,51.65],[-4.903,51.637],[-4.96,51.601],[-5.096,51.631],[-5.088,51.661],[-5.208,51.69],[-5.263,51.741],[-5.126,51.798],[-5.156,51.856],[-5.256,51.877],[-5.322,51.863],[-5.323,51.912],[-5.224,51.953],[-5.1,51.979],[-5.059,52.043],[-4.992,52.039],[-4.957,52.007],[-4.921,52.041],[-4.846,52.041],[-4.836,52.072],[-4.736,52.126],[-4.669,52.103],[-4.684,52.138],[-4.524,52.146],[-4.387,52.217],[-4.347,52.22],[-4.214,52.279],[-4.13,52.355],[-4.065,52.495],[-3.959,52.556],[-4.08,52.553],[-4.132,52.614],[-4.115,52.661],[-3.99,52.737],[-4.079,52.719],[-4.16,52.807],[-4.135,52.82],[-4.138,52.891],[-4.309,52.904],[-4.478,52.857],[-4.498,52.785],[-4.615,52.82],[-4.643,52.801],[-4.771,52.795],[-4.668,52.897],[-4.589,52.939],[-4.529,52.939],[-4.459,52.993],[-4.391,53.014],[-4.366,53.095],[-4.214,53.179],[-4.182,53.216],[-4.08,53.219],[-4.014,53.255],[-3.86,53.29],[-3.866,53.336],[-3.737,53.288],[-3.606,53.283],[-3.313,53.357],[-3.111,53.251],[-3.078,53.287],[-3.195,53.355],[-3.19,53.394],[-3.064,53.437],[-3.024,53.432],[-2.957,53.327],[-2.84,53.29],[-2.764,53.328],[-2.86,53.324],[-2.957,53.374],[-3.102,53.561],[-3.021,53.648],[-2.821,53.741],[-2.975,53.726],[-3.039,53.743],[-3.055,53.83],[-3.04,53.916],[-2.971,53.849],[-2.995,53.919],[-2.886,53.965],[-2.901,54.009],[-2.782,54.115],[-2.857,54.152],[-2.968,54.113],[-3.026,54.141],[-3.146,54.052],[-3.215,54.087],[-3.245,54.158],[-3.194,54.18],[-3.207,54.244],[-3.241,54.181],[-3.3,54.173],[-3.409,54.295],[-3.399,54.338],[-3.452,54.351],[-3.479,54.396],[-3.609,54.489],[-3.565,54.555],[-3.557,54.632],[-3.443,54.727],[-3.394,54.84],[-3.338,54.888],[-3.183,54.941],[-3.097,54.922],[-3.032,54.932],[-3.105,54.95],[-3.465,54.944],[-3.548,54.958],[-3.599,54.861],[-3.702,54.868],[-3.779,54.842],[-3.803,54.864],[-3.852,54.832],[-3.828,54.811],[-3.966,54.757],[-4.072,54.8],[-4.083,54.751],[-4.183,54.779],[-4.223,54.815],[-4.291,54.822],[-4.362,54.855],[-4.385,54.838],[-4.323,54.8],[-4.351,54.758],[-4.341,54.69],[-4.381,54.667],[-4.587,54.735],[-4.617,54.78],[-4.784,54.824],[-4.855,54.858],[-4.962,54.808],[-4.878,54.624],[-4.98,54.661],[-4.976,54.718],[-5.077,54.811],[-5.124,54.825],[-5.193,54.924],[-5.179,54.979],[-5.122,55.007],[-5.061,54.961],[-5.067,54.921],[-5.003,54.91],[-5.069,55.027],[-5.043,55.092],[-4.98,55.154],[-4.91,55.194],[-4.821,55.273],[-4.812,55.31],[-4.702,55.421],[-4.619,55.441],[-4.607,55.481],[-4.66,55.526],[-4.666,55.594],[-4.803,55.615],[-4.805,55.643],[-4.898,55.687],[-4.843,55.755],[-4.876,55.795],[-4.887,55.877],[-4.857,55.931],[-4.787,55.958],[-4.556,55.909],[-4.505,55.909],[-4.677,55.958],[-4.812,56.041],[-4.766,55.968],[-4.819,55.965],[-4.859,56.037],[-4.743,56.167],[-4.847,56.095],[-4.88,56.144],[-4.872,55.995],[-4.968,55.849],[-5.018,55.855],[-5.044,55.922],[-5.075,55.88],[-5.173,55.934],[-5.215,55.881],[-5.19,55.842],[-5.228,55.812],[-5.319,55.839],[-5.366,55.887],[-5.364,55.969],[-5.292,55.998],[-5.259,56.048],[-5.172,56.12],[-5.064,56.154],[-5.0,56.213],[-5.048,56.223],[-5.096,56.163],[-5.222,56.119],[-5.3,56.048],[-5.332,56.076],[-5.348,56.027],[-5.442,56.019],[-5.452,55.944],[-5.415,55.847],[-5.342,55.8],[-5.343,55.754],[-5.462,55.691],[-5.496,55.611],[-5.51,55.498],[-5.595,55.396],[-5.534,55.347],[-5.605,55.291],[-5.682,55.295],[-5.786,55.277],[-5.797,55.374],[-5.712,55.445],[-5.733,55.553],[-5.701,55.569],[-5.683,55.659],[-5.61,55.715],[-5.608,55.759],[-5.672,55.782],[-5.676,55.829],[-5.605,55.899],[-5.685,55.871],[-5.674,55.927],[-5.595,56.006],[-5.61,56.029],[-5.71,55.916],[-5.735,55.933],[-5.697,55.99],[-5.612,56.067],[-5.531,56.079],[-5.575,56.102],[-5.52,56.183],[-5.614,56.125],[-5.612,56.155],[-5.51,56.256],[-5.613,56.249],[-5.586,56.333],[-5.461,56.347],[-5.504,56.38],[-5.44,56.446],[-5.25,56.438],[-5.23,56.427],[-4.984,56.427],[-4.864,56.367],[-4.76,56.346],[-4.651,56.348],[-4.349,56.395],[-3.798,56.537],[-3.275,56.705],[-2.882,56.818],[-2.699,56.887],[-2.515,56.997],[-2.399,57.101],[-2.33,57.18],[-2.383,57.232],[-2.558,57.306],[-2.744,57.419],[-2.842,57.447],[-2.955,57.452],[-3.124,57.439],[-3.236,57.44],[-3.514,57.471],[-3.627,57.475],[-3.849,57.451],[-4.048,57.396],[-4.215,57.391],[-4.232,57.459],[-4.136,57.545],[-4.1,57.563],[-4.099,57.529],[-4.046,57.581],[-3.88,57.577],[-3.805,57.591],[-3.669,57.647],[-3.572,57.625],[-3.592,57.653],[-3.514,57.653],[-3.487,57.694],[-3.343,57.719],[-3.132,57.679],[-3.088,57.659],[-2.979,57.661],[-2.866,57.699],[-2.59,57.666],[-2.529,57.646],[-2.495,57.665],[-2.344,57.66],[-2.299,57.679],[-2.165,57.661],[-2.129,57.685],[-1.998,57.686],[-1.922,57.664],[-1.803,57.605],[-1.797,57.509],[-1.768,57.453],[-1.814,57.407],[-1.986,57.296],[-2.084,57.129],[-2.031,57.128],[-2.179,56.95],[-2.177,56.891],[-2.304,56.78],[-2.424,56.732],[-2.43,56.683],[-2.493,56.638],[-2.469,56.614],[-2.521,56.558],[-2.601,56.539],[-2.698,56.486],[-2.722,56.454],[-2.792,56.463],[-2.982,56.441],[-3.044,56.448],[-3.167,56.381],[-3.306,56.345],[-3.221,56.342],[-3.079,56.389],[-2.863,56.441],[-2.792,56.426],[-2.798,56.378],[-2.758,56.325],[-2.659,56.312],[-2.565,56.264],[-2.811,56.177],[-2.925,56.201],[-3.14,56.097],[-3.154,56.053],[-3.195,56.057],[-3.369,56.014],[-3.379,55.997],[-3.541,56.04],[-3.668,56.043],[-3.766,56.091],[-3.694,56.02],[-3.552,56.005],[-3.492,55.981],[-3.342,55.984],[-3.236,55.965],[-3.149,55.979],[-3.071,55.938],[-2.925,55.961],[-2.803,56.05],[-2.66,56.049],[-2.559,56.013],[-2.592,55.985],[-2.477,55.996],[-2.452,55.971],[-2.312,55.912],[-2.11,55.897],[-2.037,55.804],[-1.98,55.769],[-1.992,55.742],[-1.862,55.689],[-1.845,55.642],[-1.77,55.628],[-1.743,55.59],[-1.661,55.583],[-1.563,55.469],[-1.551,55.406],[-1.596,55.37],[-1.531,55.307],[-1.551,55.268],[-1.502,55.189],[-1.464,55.086],[-1.332,54.955],[-1.326,54.859],[-1.29,54.776],[-1.23,54.72],[-1.149,54.692],[-1.134,54.632],[-1.178,54.612],[-1.182,54.569],[-1.061,54.605],[-0.768,54.545],[-0.702,54.516],[-0.56,54.482],[-0.438,54.386],[-0.309,54.222],[-0.223,54.213],[-0.238,54.183],[-0.193,54.156],[-0.054,54.126],[-0.117,54.095],[-0.17,54.029],[-0.149,53.908],[-0.076,53.835],[0.006,53.782],[0.163,53.654],[0.139,53.632],[0.083,53.656],[0.004,53.653],[-0.03,53.626],[-0.118,53.641],[-0.219,53.718],[-0.279,53.728],[-0.519,53.703],[-0.624,53.722],[-0.706,53.69],[-0.606,53.703],[-0.525,53.666],[-0.278,53.696],[-0.207,53.644],[-0.057,53.564],[-0.002,53.554],[0.122,53.492],[0.176,53.491],[0.271,53.393],[0.353,53.257],[0.388,53.163],[0.36,53.089],[0.171,52.983],[0.093,52.907],[0.198,52.881],[0.297,52.825],[0.43,52.833],[0.481,52.933],[0.539,52.966],[0.648,52.978],[0.67,52.962],[0.788,52.984],[1.005,52.968],[1.008,52.986],[1.15,52.957],[1.201,52.714],[1.248,52.393],[1.117,52.383]]]]}},{"type":"Feature","properties":{"id":654,"n":"Central European mixed forests","b":4},"geometry":{"type":"MultiPolygon","coordinates":[[[[26.572,45.336],[26.492,45.316],[26.427,45.277],[26.437,45.245],[26.554,45.287],[26.618,45.287],[26.691,45.234],[26.641,45.163],[26.488,45.082],[26.384,45.056],[26.334,44.968],[26.433,44.872],[26.469,44.793],[26.407,44.744],[26.272,44.734],[26.262,44.58],[26.286,44.531],[26.365,44.471],[26.538,44.382],[26.721,44.257],[26.811,44.174],[26.581,44.174],[26.507,44.219],[26.309,44.172],[26.236,44.175],[26.055,44.256],[25.586,44.513],[25.438,44.611],[25.321,44.67],[24.967,44.805],[24.879,44.853],[24.768,44.718],[24.654,44.693],[24.588,44.73],[24.567,44.802],[24.584,44.928],[24.551,44.998],[24.4,44.948],[24.326,44.939],[24.289,45.001],[24.371,45.106],[24.345,45.162],[24.29,45.183],[24.298,45.214],[24.249,45.261],[24.246,45.382],[24.287,45.401],[24.33,45.352],[24.332,45.285],[24.386,45.263],[24.452,45.272],[24.463,45.198],[24.503,45.195],[24.559,45.238],[24.632,45.223],[24.772,45.22],[24.971,45.258],[25.066,45.26],[25.102,45.16],[25.13,45.143],[25.207,45.168],[25.26,45.13],[25.388,45.12],[25.578,45.133],[25.659,45.153],[25.739,45.222],[25.818,45.193],[25.914,45.196],[25.955,45.286],[26.009,45.34],[26.151,45.338],[26.323,45.385],[26.378,45.373],[26.378,45.322],[26.457,45.331],[26.464,45.375],[26.508,45.396],[26.572,45.336]]],[[[17.008,49.943],[16.921,49.925],[16.868,49.937],[16.898,49.789],[17.031,49.704],[17.176,49.635],[17.063,49.423],[16.996,49.316],[16.896,49.274],[16.759,49.33],[16.796,49.371],[16.914,49.391],[16.936,49.436],[16.887,49.504],[16.834,49.505],[16.822,49.471],[16.75,49.448],[16.646,49.475],[16.683,49.368],[16.656,49.306],[16.679,49.264],[16.655,49.188],[16.56,49.159],[16.576,49.113],[16.461,49.046],[16.487,49.002],[16.38,48.998],[16.319,48.918],[16.253,48.951],[16.141,48.937],[16.111,48.87],[16.0,48.807],[16.0,48.687],[15.858,48.703],[15.817,48.679],[15.806,48.62],[15.834,48.501],[15.803,48.429],[15.68,48.43],[15.5,48.397],[15.604,48.362],[15.563,48.277],[15.433,48.235],[15.364,48.257],[15.331,48.227],[15.066,48.185],[15.173,48.281],[15.187,48.361],[15.227,48.413],[15.334,48.416],[15.445,48.454],[15.382,48.49],[15.504,48.544],[15.515,48.6],[15.402,48.689],[15.409,48.718],[15.542,48.737],[15.593,48.772],[15.558,48.8],[15.422,48.815],[15.369,48.874],[15.434,48.904],[15.459,48.944],[15.524,48.91],[15.557,48.932],[15.534,48.989],[15.564,48.997],[15.641,48.938],[15.685,48.94],[15.684,48.982],[15.783,49.022],[15.818,49.108],[15.938,49.144],[15.947,49.167],[15.811,49.185],[15.818,49.24],[15.871,49.212],[15.987,49.2],[16.048,49.178],[16.098,49.207],[16.249,49.225],[16.31,49.174],[16.436,49.213],[16.422,49.318],[16.351,49.38],[16.322,49.47],[16.365,49.482],[16.393,49.394],[16.508,49.422],[16.52,49.484],[16.561,49.511],[16.513,49.613],[16.565,49.619],[16.638,49.532],[16.671,49.602],[16.733,49.654],[16.723,49.712],[16.675,49.725],[16.642,49.691],[16.562,49.88],[16.648,49.914],[16.71,49.858],[16.831,49.866],[16.871,49.996],[16.97,50.001],[17.065,50.023],[17.046,49.932],[16.985,49.912],[17.008,49.943]]],[[[13.862,50.528],[13.859,50.491],[13.928,50.5],[14.049,50.595],[14.15,50.564],[14.232,50.57],[14.309,50.536],[14.448,50.541],[14.591,50.574],[14.647,50.56],[14.789,50.469],[14.852,50.457],[14.918,50.486],[14.986,50.58],[15.103,50.619],[15.144,50.575],[15.044,50.528],[15.044,50.497],[15.148,50.476],[15.164,50.44],[15.109,50.385],[15.274,50.406],[15.322,50.466],[15.265,50.519],[15.383,50.489],[15.465,50.44],[15.615,50.432],[15.745,50.376],[16.034,50.436],[16.171,50.402],[16.162,50.335],[16.264,50.266],[16.343,50.19],[16.406,50.154],[16.309,50.154],[16.331,50.089],[16.295,50.073],[16.111,50.113],[16.007,50.156],[15.913,50.14],[15.82,50.145],[15.831,50.06],[15.93,50.031],[15.949,50.001],[15.795,50.024],[15.724,50.012],[15.554,50.027],[15.381,50.016],[15.431,49.966],[15.577,49.931],[15.576,49.86],[15.658,49.803],[15.782,49.754],[15.791,49.716],[15.468,49.792],[15.312,49.814],[15.159,49.909],[15.106,49.923],[14.937,49.904],[14.872,49.869],[14.738,49.857],[14.697,49.8],[14.718,49.755],[14.628,49.757],[14.546,49.737],[14.521,49.809],[14.491,49.822],[14.38,49.811],[14.349,49.898],[14.284,49.904],[14.161,49.857],[14.083,49.811],[13.886,49.801],[13.832,49.765],[13.813,49.817],[13.879,49.89],[13.958,49.914],[13.981,49.965],[13.92,49.994],[13.806,49.984],[13.727,49.91],[13.644,49.921],[13.596,49.853],[13.561,49.845],[13.527,49.913],[13.615,49.959],[13.726,49.972],[13.841,50.031],[13.909,50.048],[14.04,50.039],[14.114,50.078],[14.109,50.108],[13.971,50.144],[13.929,50.12],[13.836,50.154],[13.764,50.152],[13.701,50.202],[13.592,50.218],[13.603,50.183],[13.548,50.172],[13.483,50.198],[13.448,50.16],[13.405,50.165],[13.424,50.213],[13.315,50.176],[13.304,50.132],[13.254,50.101],[13.161,50.131],[13.253,50.168],[13.251,50.256],[13.159,50.266],[13.212,50.301],[13.335,50.293],[13.335,50.333],[13.212,50.354],[13.083,50.332],[12.99,50.236],[12.931,50.252],[12.882,50.3],[12.981,50.313],[13.042,50.348],[13.285,50.421],[13.599,50.584],[13.657,50.591],[13.75,50.654],[13.904,50.677],[13.958,50.706],[14.008,50.69],[13.996,50.616],[13.862,50.528]]],[[[27.359,53.585],[27.129,53.522],[26.685,53.42],[26.24,53.343],[25.794,53.29],[25.346,53.261],[24.897,53.255],[24.654,53.261],[24.206,53.29],[23.76,53.343],[23.315,53.42],[22.871,53.522],[22.429,53.651],[21.986,53.811],[21.731,53.919],[21.544,54.005],[21.272,54.144],[21.101,54.239],[20.812,54.418],[20.658,54.522],[20.351,54.752],[20.127,54.946],[20.22,54.964],[20.372,54.933],[20.512,54.968],[20.655,55.047],[20.816,55.177],[20.973,55.333],[21.023,55.419],[21.072,55.55],[21.067,55.703],[21.111,55.642],[21.108,55.541],[21.085,55.422],[21.029,55.322],[20.987,55.303],[20.846,55.154],[20.654,55.02],[20.544,54.955],[20.559,54.938],[20.687,54.932],[20.788,54.942],[20.904,54.905],[21.095,54.899],[21.192,54.927],[21.239,54.96],[21.224,55.046],[21.162,55.2],[21.265,55.211],[21.272,55.307],[21.226,55.359],[21.192,55.348],[21.229,55.442],[21.213,55.5],[21.108,55.694],[21.025,55.776],[21.0,55.882],[21.012,55.924],[21.066,55.92],[21.174,56.002],[21.218,56.005],[21.223,55.932],[21.291,55.935],[21.232,55.835],[21.215,55.776],[21.249,55.71],[21.385,55.661],[21.574,55.651],[21.589,55.628],[21.527,55.551],[21.524,55.509],[21.568,55.448],[21.712,55.369],[21.858,55.327],[22.063,55.303],[22.244,55.325],[22.466,55.373],[22.551,55.411],[22.705,55.42],[22.975,55.374],[23.194,55.324],[23.394,55.268],[23.554,55.263],[23.855,55.172],[23.997,55.155],[24.079,55.13],[24.218,55.055],[24.251,55.013],[24.334,55.031],[24.39,55.15],[24.472,55.138],[24.479,55.023],[24.438,54.993],[24.642,54.901],[24.69,54.897],[24.797,54.814],[24.835,54.802],[24.837,54.889],[24.925,54.885],[24.941,54.816],[25.022,54.76],[24.998,54.728],[24.833,54.736],[24.843,54.677],[24.946,54.611],[24.958,54.554],[25.06,54.54],[25.203,54.46],[25.26,54.45],[25.342,54.494],[25.437,54.454],[25.572,54.43],[25.632,54.393],[25.636,54.357],[25.712,54.379],[25.737,54.351],[25.904,54.382],[26.014,54.38],[26.051,54.348],[26.131,54.342],[26.171,54.288],[26.191,54.179],[26.149,54.074],[26.204,54.034],[26.228,53.873],[26.292,53.893],[26.336,53.99],[26.447,54.028],[26.598,54.016],[26.656,53.984],[26.743,53.976],[26.747,53.929],[26.691,53.873],[26.757,53.863],[26.745,53.829],[26.834,53.733],[26.962,53.669],[27.21,53.602],[27.276,53.602],[27.391,53.681],[27.526,53.719],[27.556,53.796],[27.48,53.86],[27.301,53.932],[27.248,53.977],[27.369,54.019],[27.514,53.981],[27.596,53.922],[27.679,53.808],[27.629,53.757],[27.696,53.694],[27.359,53.585]]],[[[30.086,48.795],[30.203,48.606],[30.183,48.545],[30.131,48.518],[30.1,48.539],[30.086,48.62],[29.994,48.608],[29.974,48.559],[29.989,48.486],[29.942,48.432],[29.852,48.435],[29.703,48.528],[29.647,48.533],[29.568,48.502],[29.563,48.459],[29.699,48.44],[29.721,48.384],[29.64,48.343],[29.702,48.301],[29.692,48.266],[29.781,48.252],[29.788,48.222],[29.612,48.211],[29.602,48.149],[29.66,48.126],[30.0,48.112],[29.997,48.045],[29.875,47.886],[29.763,47.853],[29.814,47.826],[29.945,47.853],[30.03,47.839],[29.997,47.791],[29.918,47.793],[29.885,47.765],[29.923,47.739],[29.834,47.676],[29.694,47.648],[29.655,47.662],[29.679,47.719],[29.656,47.773],[29.528,47.749],[29.421,47.772],[29.443,47.842],[29.545,47.889],[29.489,47.925],[29.352,47.916],[29.31,47.928],[29.191,48.014],[29.047,48.086],[28.964,48.054],[28.932,48.095],[28.858,48.103],[28.777,48.137],[28.802,48.159],[28.866,48.145],[28.884,48.17],[28.779,48.267],[28.78,48.298],[28.708,48.311],[28.687,48.374],[28.505,48.375],[28.393,48.324],[28.348,48.383],[28.223,48.375],[28.081,48.395],[28.015,48.347],[28.036,48.329],[28.179,48.326],[28.182,48.267],[28.219,48.221],[28.215,48.148],[28.291,48.074],[28.425,48.055],[28.465,48.031],[28.628,48.047],[28.776,48.038],[28.877,48.004],[28.942,47.943],[29.015,47.922],[29.036,47.875],[28.98,47.84],[28.996,47.793],[28.973,47.695],[29.032,47.526],[29.117,47.467],[29.075,47.421],[29.161,47.36],[29.071,47.337],[29.19,47.209],[29.106,47.183],[29.02,47.198],[28.942,47.177],[28.912,47.06],[28.926,47.033],[28.902,46.857],[28.779,46.772],[28.644,46.765],[28.468,46.787],[28.389,46.758],[28.322,46.617],[28.215,46.567],[28.162,46.613],[28.103,46.817],[28.001,46.917],[27.935,46.955],[27.802,46.972],[27.647,46.909],[27.56,46.903],[27.52,46.852],[27.541,46.678],[27.692,46.564],[27.686,46.508],[27.482,46.35],[27.434,46.301],[27.313,46.046],[27.324,45.894],[27.427,45.763],[27.548,45.677],[27.625,45.649],[27.716,45.584],[27.901,45.506],[27.985,45.514],[28.041,45.595],[28.038,45.714],[28.065,45.891],[28.119,45.934],[28.2,45.906],[28.223,45.728],[28.272,45.614],[28.394,45.693],[28.29,45.577],[28.164,45.56],[28.007,45.396],[27.988,45.353],[27.944,45.39],[27.851,45.41],[27.745,45.4],[27.498,45.288],[27.376,45.167],[27.306,45.132],[27.098,45.091],[26.917,45.111],[26.837,45.141],[26.874,45.152],[26.996,45.132],[26.809,45.206],[26.754,45.244],[26.799,45.275],[26.814,45.353],[26.615,45.423],[26.593,45.457],[26.605,45.506],[26.753,45.588],[26.806,45.634],[26.824,45.685],[26.778,45.752],[26.858,45.802],[26.87,45.844],[26.829,45.854],[26.705,45.806],[26.62,45.808],[26.639,45.85],[26.575,45.856],[26.56,45.909],[26.5,45.953],[26.5,45.996],[26.543,46.015],[26.599,45.992],[26.617,45.943],[26.692,45.954],[26.744,45.993],[26.758,46.057],[26.674,46.111],[26.618,46.19],[26.599,46.253],[26.507,46.294],[26.455,46.341],[26.399,46.339],[26.39,46.389],[26.347,46.432],[26.379,46.469],[26.487,46.481],[26.535,46.521],[26.542,46.573],[26.5,46.628],[26.5,46.719],[26.386,46.867],[26.264,46.918],[26.255,46.95],[26.327,47.008],[26.352,47.102],[26.288,47.213],[26.281,47.301],[26.118,47.444],[25.907,47.531],[25.911,47.572],[26.0,47.555],[26.0,47.764],[25.931,47.827],[25.82,47.891],[25.791,47.931],[25.806,47.982],[25.862,48.027],[25.997,48.038],[26.17,48.113],[26.339,48.217],[26.255,48.237],[25.985,48.368],[25.78,48.475],[25.722,48.524],[25.667,48.623],[25.561,48.66],[25.545,48.746],[25.346,48.863],[25.186,48.792],[25.181,48.829],[25.23,48.852],[25.188,48.874],[25.128,48.861],[25.132,48.921],[25.061,48.862],[25.022,48.89],[25.044,48.942],[24.962,48.979],[24.903,48.977],[24.858,49.033],[24.774,49.073],[24.61,49.129],[24.445,49.207],[24.279,49.324],[24.064,49.441],[24.068,49.477],[23.926,49.514],[23.83,49.559],[23.839,49.61],[23.692,49.643],[23.701,49.738],[23.61,49.858],[23.51,49.844],[23.52,49.765],[23.419,49.743],[23.173,49.817],[23.098,49.874],[23.018,49.887],[22.944,49.805],[22.861,49.776],[22.592,49.746],[22.391,49.761],[22.313,49.778],[22.278,49.757],[22.273,49.688],[22.317,49.636],[22.273,49.577],[22.281,49.541],[22.36,49.508],[22.385,49.456],[22.334,49.439],[22.235,49.502],[22.16,49.594],[22.226,49.65],[22.192,49.697],[22.181,49.767],[22.21,49.807],[22.307,49.828],[22.567,49.811],[22.686,49.815],[22.628,49.896],[22.495,49.981],[22.247,50.035],[22.213,50.068],[22.058,50.038],[21.943,49.935],[21.827,49.863],[21.681,49.833],[21.66,49.815],[21.742,49.743],[21.722,49.707],[21.663,49.742],[21.618,49.803],[21.623,49.853],[21.76,49.898],[21.818,49.951],[21.889,49.954],[22.025,50.099],[21.778,50.11],[21.728,50.143],[21.552,50.195],[21.492,50.089],[21.353,49.967],[21.222,49.921],[20.989,49.974],[21.137,50.092],[21.447,50.313],[21.589,50.403],[21.895,50.581],[22.049,50.662],[22.35,50.803],[22.515,50.873],[22.809,50.983],[22.984,51.041],[23.271,51.125],[23.454,51.17],[23.736,51.23],[23.924,51.263],[24.201,51.302],[24.394,51.321],[24.669,51.34],[24.863,51.347],[25.137,51.347],[25.331,51.34],[25.606,51.321],[25.799,51.302],[26.076,51.263],[26.264,51.23],[26.546,51.17],[26.729,51.125],[27.016,51.041],[27.191,50.983],[27.485,50.873],[27.65,50.803],[27.951,50.662],[28.105,50.581],[28.411,50.403],[28.553,50.313],[28.863,50.092],[28.99,49.993],[29.187,49.821],[28.909,49.81],[28.754,49.814],[28.605,49.862],[28.628,49.805],[28.583,49.758],[28.527,49.769],[28.484,49.85],[28.397,49.776],[28.301,49.754],[28.21,49.787],[28.128,49.788],[27.998,49.82],[27.835,49.774],[27.737,49.799],[27.665,49.761],[27.542,49.736],[27.413,49.649],[27.3,49.659],[27.324,49.739],[27.465,49.804],[27.523,49.813],[27.634,49.879],[27.474,49.882],[27.4,49.93],[27.337,49.903],[27.221,49.906],[27.156,49.929],[27.025,49.932],[26.947,49.953],[26.901,49.93],[26.901,49.864],[27.0,49.898],[27.004,49.761],[27.071,49.674],[27.056,49.59],[27.175,49.585],[27.348,49.537],[27.465,49.535],[27.622,49.569],[27.703,49.569],[27.777,49.497],[27.912,49.484],[27.966,49.463],[28.146,49.43],[28.184,49.458],[28.127,49.564],[28.155,49.578],[28.269,49.567],[28.328,49.521],[28.398,49.513],[28.483,49.473],[28.541,49.475],[28.616,49.531],[28.668,49.51],[28.616,49.436],[28.517,49.398],[28.56,49.352],[28.769,49.328],[28.907,49.266],[28.892,49.17],[28.952,49.138],[29.051,49.157],[29.141,49.205],[29.149,49.255],[29.113,49.284],[28.969,49.317],[28.933,49.345],[28.984,49.398],[29.13,49.409],[29.313,49.366],[29.622,49.183],[29.624,49.146],[29.677,49.118],[29.856,49.109],[30.086,48.795]],[[26.463,47.894],[26.54,47.822],[26.725,47.733],[26.787,47.69],[26.872,47.584],[26.902,47.467],[26.901,47.378],[26.876,47.201],[26.916,47.147],[27.01,47.12],[27.281,47.131],[27.46,47.148],[27.579,47.191],[27.627,47.243],[27.472,47.488],[27.311,47.668],[27.276,47.723],[27.185,47.922],[27.11,48.031],[27.02,48.134],[26.959,48.18],[26.833,48.213],[26.699,48.193],[26.533,48.14],[26.467,48.098],[26.438,48.011],[26.463,47.894]],[[28.373,47.642],[28.381,47.702],[28.354,47.79],[28.255,47.89],[28.119,47.97],[27.873,48.049],[27.657,48.105],[27.568,48.109],[27.484,48.081],[27.445,48.028],[27.492,47.914],[27.581,47.809],[27.702,47.72],[27.813,47.669],[28.274,47.583],[28.373,47.642]]],[[[17.011,49.845],[17.075,49.823],[17.091,49.881],[17.159,49.875],[17.27,49.81],[17.219,49.715],[17.187,49.811],[17.142,49.811],[17.119,49.733],[17.049,49.735],[16.945,49.818],[17.011,49.845]]],[[[9.834,52.263],[9.87,52.286],[10.093,52.328],[10.239,52.336],[10.314,52.313],[10.465,52.301],[10.603,52.375],[10.735,52.356],[10.912,52.376],[10.996,52.345],[11.075,52.345],[11.224,52.307],[11.274,52.326],[11.404,52.294],[11.46,52.318],[11.768,52.407],[11.946,52.504],[12.107,52.61],[12.293,52.779],[12.553,52.832],[12.733,52.838],[12.872,52.854],[12.909,52.891],[12.964,52.884],[13.013,52.832],[13.072,52.818],[13.225,52.859],[13.29,52.91],[13.31,53.013],[13.426,53.019],[13.48,52.98],[13.357,52.863],[13.242,52.811],[13.228,52.711],[13.164,52.758],[13.093,52.768],[13.066,52.746],[13.174,52.715],[13.163,52.668],[13.073,52.642],[13.131,52.577],[13.249,52.607],[13.338,52.56],[13.387,52.563],[13.494,52.636],[13.674,52.686],[14.13,52.715],[14.111,52.771],[13.976,52.823],[13.932,52.862],[14.106,52.887],[14.08,52.958],[14.125,52.998],[14.239,53.028],[14.249,53.078],[14.086,53.142],[14.107,53.165],[14.273,53.107],[14.329,53.118],[14.317,53.176],[14.466,53.332],[14.588,53.473],[14.615,53.536],[14.64,53.498],[14.703,53.498],[14.632,53.536],[14.59,53.606],[14.611,53.644],[14.737,53.594],[14.738,53.512],[14.771,53.507],[14.754,53.451],[14.595,53.364],[14.442,53.179],[14.377,53.15],[14.313,53.01],[14.221,52.998],[14.133,52.95],[14.189,52.924],[14.185,52.88],[14.249,52.862],[14.196,52.835],[14.243,52.795],[14.325,52.765],[14.456,52.691],[14.53,52.626],[14.625,52.582],[14.671,52.584],[14.783,52.653],[15.0,52.655],[14.876,52.679],[14.902,52.737],[15.038,52.72],[15.098,52.69],[15.196,52.721],[15.428,52.745],[15.528,52.83],[15.517,52.87],[15.428,52.913],[15.401,52.967],[15.605,52.947],[15.663,52.961],[15.621,52.988],[15.682,53.037],[15.589,53.134],[15.572,53.178],[15.576,53.271],[15.554,53.303],[15.463,53.253],[15.429,53.282],[15.451,53.328],[15.548,53.342],[15.579,53.379],[15.541,53.494],[15.622,53.571],[15.566,53.661],[15.967,53.658],[16.054,53.58],[16.202,53.555],[16.079,53.525],[15.957,53.552],[15.821,53.603],[15.787,53.569],[15.845,53.52],[15.896,53.523],[15.955,53.491],[15.906,53.465],[15.797,53.457],[15.775,53.498],[15.664,53.498],[15.701,53.347],[15.818,53.269],[15.839,53.212],[15.789,53.124],[15.86,53.087],[15.983,53.234],[15.978,53.374],[16.045,53.439],[16.131,53.43],[16.09,53.374],[16.121,53.357],[16.26,53.409],[16.322,53.321],[16.246,53.25],[16.171,53.277],[16.088,53.242],[16.107,53.125],[16.041,53.093],[16.078,53.015],[16.047,52.984],[15.958,52.991],[15.863,52.949],[15.834,52.869],[15.984,52.873],[16.004,52.939],[16.043,52.96],[16.1,52.909],[16.404,52.937],[16.5,52.966],[16.542,53.049],[16.532,53.088],[16.591,53.112],[16.666,53.094],[16.783,53.108],[16.866,53.085],[17.423,53.13],[17.628,53.172],[17.705,52.815],[17.753,52.502],[17.775,52.186],[17.776,51.738],[17.749,51.423],[17.682,50.989],[17.571,50.562],[17.5,50.37],[17.351,50.428],[17.11,50.427],[16.906,50.467],[16.834,50.502],[16.871,50.518],[17.005,50.487],[17.033,50.522],[17.096,50.53],[17.136,50.566],[17.08,50.612],[17.014,50.596],[16.928,50.655],[16.924,50.709],[16.812,50.701],[16.738,50.787],[16.797,50.82],[16.768,50.873],[16.657,50.875],[16.592,50.811],[16.509,50.831],[16.374,50.913],[16.359,51.014],[16.31,51.034],[16.224,50.998],[16.0,50.998],[16.0,51.044],[15.937,51.096],[15.811,51.151],[15.8,51.205],[15.751,51.223],[15.669,51.189],[15.563,51.189],[15.541,51.165],[15.419,51.205],[15.357,51.16],[15.394,51.273],[15.149,51.236],[15.014,51.267],[14.917,51.261],[14.815,51.305],[14.748,51.267],[14.682,51.281],[14.51,51.219],[14.399,51.247],[14.342,51.282],[14.242,51.267],[14.166,51.292],[14.082,51.288],[13.966,51.186],[13.84,51.147],[13.72,51.175],[13.646,51.213],[13.458,51.259],[13.415,51.211],[13.588,51.106],[13.556,51.056],[13.401,51.049],[13.331,51.02],[13.261,51.026],[13.131,51.078],[13.003,51.145],[12.914,51.168],[12.807,51.173],[12.755,51.12],[12.806,51.0],[12.759,50.919],[12.528,50.815],[12.413,50.816],[12.304,50.859],[12.196,50.855],[12.087,50.79],[12.01,50.835],[11.976,50.928],[11.938,50.946],[11.849,50.927],[11.788,50.882],[11.745,50.897],[11.809,50.97],[11.729,51.005],[11.692,51.066],[11.567,50.968],[11.503,50.9],[11.426,50.898],[11.401,50.947],[11.337,50.955],[11.246,50.92],[11.127,50.908],[11.127,50.864],[11.167,50.851],[11.27,50.87],[11.351,50.859],[11.384,50.809],[11.348,50.791],[11.221,50.783],[11.163,50.826],[11.017,50.797],[10.915,50.856],[10.853,50.852],[10.844,50.794],[10.795,50.775],[10.556,50.935],[10.514,50.976],[10.547,51.069],[10.442,51.166],[10.503,51.227],[10.641,51.254],[10.739,51.297],[10.957,51.293],[11.021,51.322],[11.132,51.288],[11.145,51.351],[11.211,51.383],[11.295,51.379],[11.306,51.426],[11.225,51.443],[11.049,51.419],[10.882,51.439],[10.869,51.492],[10.972,51.474],[11.264,51.471],[11.377,51.43],[11.428,51.326],[11.529,51.277],[11.573,51.307],[11.555,51.401],[11.504,51.442],[11.533,51.472],[11.607,51.464],[11.5,51.52],[11.5,51.596],[11.542,51.668],[11.403,51.726],[11.176,51.753],[11.012,51.827],[10.671,51.948],[10.623,51.998],[10.535,51.998],[10.561,51.962],[10.491,51.941],[10.447,51.976],[10.422,52.039],[10.332,52.104],[10.271,52.127],[10.185,52.117],[10.063,52.126],[10.031,52.077],[9.94,52.08],[9.869,52.12],[9.774,52.138],[9.834,52.263]]]]}},{"type":"Feature","properties":{"id":660,"n":"Dinaric Mountains mixed forests","b":4},"geometry":{"type":"MultiPolygon","coordinates":[[[[16.282,43.857],[16.292,43.916],[16.368,43.921],[16.509,43.829],[16.435,43.712],[16.348,43.781],[16.282,43.857]]],[[[19.52,43.953],[19.573,43.915],[19.558,43.873],[19.52,43.953]]],[[[15.713,45.69],[15.626,45.693],[15.515,45.647],[15.469,45.597],[15.242,45.688],[15.372,45.767],[15.591,45.777],[15.694,45.817],[15.738,45.711],[15.713,45.69]]],[[[16.709,44.162],[16.531,43.865],[16.425,43.97],[16.294,44.015],[16.23,44.061],[16.234,44.105],[16.14,44.1],[16.035,44.163],[15.937,44.128],[15.839,44.155],[15.901,44.175],[15.874,44.196],[15.689,44.227],[15.573,44.261],[15.323,44.371],[15.248,44.412],[15.013,44.59],[14.929,44.692],[14.911,44.786],[14.954,44.929],[14.945,44.988],[14.851,45.11],[14.564,45.317],[14.314,45.417],[14.229,45.463],[14.192,45.427],[14.252,45.349],[14.207,45.224],[14.175,45.221],[14.113,45.31],[13.946,45.414],[13.919,45.568],[13.948,45.584],[14.008,45.553],[14.105,45.555],[14.202,45.509],[14.322,45.474],[14.375,45.49],[14.361,45.524],[14.23,45.586],[14.259,45.675],[14.234,45.738],[14.195,45.74],[14.204,45.651],[14.128,45.689],[14.037,45.701],[14.015,45.765],[13.957,45.838],[13.979,45.877],[13.903,45.925],[13.784,45.927],[13.695,45.968],[13.628,45.978],[13.52,45.971],[13.436,46.076],[13.264,46.17],[13.197,46.231],[13.186,46.27],[13.24,46.368],[13.507,46.431],[13.686,46.45],[13.904,46.422],[14.104,46.374],[14.067,46.31],[14.132,46.253],[14.138,46.214],[14.049,46.138],[14.033,46.098],[14.077,46.047],[14.231,46.047],[14.387,45.951],[14.529,45.933],[14.571,45.954],[14.598,45.922],[14.591,45.863],[14.673,45.788],[14.652,45.75],[14.822,45.637],[14.853,45.597],[14.75,45.647],[14.729,45.627],[14.779,45.58],[14.719,45.507],[14.744,45.455],[14.818,45.423],[14.943,45.448],[15.032,45.448],[15.208,45.362],[15.239,45.216],[15.358,45.129],[15.467,45.079],[15.703,45.004],[15.767,44.963],[15.848,44.859],[15.935,44.659],[16.024,44.524],[16.108,44.456],[16.179,44.47],[16.179,44.53],[16.071,44.691],[16.066,44.722],[16.128,44.757],[16.287,44.811],[16.37,44.803],[16.511,44.734],[16.595,44.666],[16.744,44.451],[16.81,44.422],[16.84,44.446],[16.903,44.572],[16.709,44.162]]],[[[20.049,43.037],[19.965,43.155],[19.737,43.52],[19.798,43.493],[19.811,43.447],[19.894,43.389],[19.936,43.283],[20.028,43.23],[20.098,43.157],[20.102,43.105],[20.166,42.992],[20.281,42.966],[20.337,42.902],[20.466,42.928],[20.598,42.884],[20.598,42.851],[20.518,42.874],[20.478,42.836],[20.334,42.82],[20.262,42.769],[20.049,43.037]]]]}},{"type":"Feature","properties":{"id":661,"n":"East European forest steppe","b":4},"geometry":{"type":"MultiPolygon","coordinates":[[[[27.717,44.11],[27.755,44.066],[27.811,43.946],[27.935,43.814],[28.055,43.74],[28.358,43.72],[28.423,43.708],[28.523,43.658],[28.631,43.545],[28.601,43.484],[28.481,43.369],[28.351,43.424],[28.33,43.447],[28.228,43.464],[28.063,43.418],[28.041,43.449],[27.883,43.444],[27.826,43.461],[27.77,43.515],[27.7,43.548],[27.617,43.642],[27.68,43.669],[27.788,43.616],[27.836,43.68],[27.809,43.79],[27.73,43.935],[27.71,44.038],[27.648,44.124],[27.717,44.11]]],[[[26.745,45.085],[26.797,45.048],[26.794,44.993],[26.829,44.966],[27.07,44.926],[26.97,44.883],[26.926,44.819],[26.992,44.77],[27.002,44.726],[26.962,44.658],[26.91,44.621],[26.783,44.632],[26.769,44.57],[26.808,44.517],[26.936,44.438],[27.019,44.405],[27.111,44.392],[27.186,44.346],[27.171,44.254],[26.941,44.224],[26.909,44.285],[26.839,44.306],[26.923,44.218],[26.811,44.174],[26.721,44.257],[26.538,44.382],[26.365,44.471],[26.286,44.531],[26.262,44.58],[26.272,44.734],[26.407,44.744],[26.469,44.793],[26.433,44.872],[26.334,44.968],[26.384,45.056],[26.488,45.082],[26.641,45.163],[26.691,45.234],[26.618,45.287],[26.554,45.287],[26.437,45.245],[26.427,45.277],[26.492,45.316],[26.572,45.336],[26.508,45.396],[26.537,45.442],[26.593,45.457],[26.615,45.423],[26.814,45.353],[26.799,45.275],[26.754,45.244],[26.809,45.206],[26.996,45.132],[26.874,45.152],[26.837,45.141],[26.745,45.085]]],[[[29.364,47.101],[29.405,47.052],[29.492,46.877],[29.507,46.792],[29.482,46.72],[29.56,46.746],[29.705,46.565],[29.451,46.56],[29.352,46.547],[29.15,46.469],[29.073,46.463],[28.891,46.52],[28.75,46.542],[28.65,46.54],[28.582,46.503],[28.558,46.454],[28.551,46.351],[28.574,46.151],[28.566,46.025],[28.523,45.91],[28.394,45.693],[28.272,45.614],[28.223,45.728],[28.2,45.906],[28.119,45.934],[28.065,45.891],[28.038,45.714],[28.041,45.595],[27.985,45.514],[27.901,45.506],[27.716,45.584],[27.625,45.649],[27.548,45.677],[27.427,45.763],[27.324,45.894],[27.313,46.046],[27.434,46.301],[27.482,46.35],[27.686,46.508],[27.692,46.564],[27.541,46.678],[27.52,46.852],[27.56,46.903],[27.647,46.909],[27.802,46.972],[27.935,46.955],[28.001,46.917],[28.103,46.817],[28.162,46.613],[28.215,46.567],[28.322,46.617],[28.389,46.758],[28.468,46.787],[28.644,46.765],[28.779,46.772],[28.902,46.857],[28.926,47.033],[28.912,47.06],[28.942,47.177],[29.02,47.198],[29.106,47.183],[29.19,47.209],[29.364,47.101]]],[[[27.813,47.669],[27.702,47.72],[27.581,47.809],[27.492,47.914],[27.445,48.028],[27.484,48.081],[27.568,48.109],[27.657,48.105],[27.873,48.049],[28.119,47.97],[28.255,47.89],[28.354,47.79],[28.381,47.702],[28.373,47.642],[28.274,47.583],[27.813,47.669]]],[[[26.467,48.098],[26.533,48.14],[26.699,48.193],[26.833,48.213],[26.959,48.18],[27.02,48.134],[27.11,48.031],[27.185,47.922],[27.276,47.723],[27.311,47.668],[27.472,47.488],[27.627,47.243],[27.579,47.191],[27.46,47.148],[27.281,47.131],[27.01,47.12],[26.916,47.147],[26.876,47.201],[26.901,47.378],[26.902,47.467],[26.872,47.584],[26.787,47.69],[26.725,47.733],[26.54,47.822],[26.463,47.894],[26.438,48.011],[26.467,48.098]]],[[[30.411,48.234],[30.303,48.261],[30.214,48.217],[30.151,48.14],[30.252,48.123],[30.326,48.151],[30.282,48.086],[30.342,48.074],[30.347,48.042],[30.233,48.021],[30.17,47.972],[30.112,47.956],[30.091,47.914],[30.13,47.879],[30.291,47.834],[30.322,47.795],[30.28,47.764],[30.142,47.792],[30.072,47.746],[29.923,47.739],[29.885,47.765],[29.918,47.793],[29.997,47.791],[30.03,47.839],[29.945,47.853],[29.814,47.826],[29.763,47.853],[29.875,47.886],[29.997,48.045],[30.0,48.112],[29.66,48.126],[29.602,48.149],[29.612,48.211],[29.788,48.222],[29.781,48.252],[29.692,48.266],[29.702,48.301],[29.64,48.343],[29.721,48.384],[29.699,48.44],[29.563,48.459],[29.568,48.502],[29.647,48.533],[29.703,48.528],[29.852,48.435],[29.942,48.432],[29.989,48.486],[29.974,48.559],[29.994,48.608],[30.086,48.62],[30.1,48.539],[30.131,48.518],[30.183,48.545],[30.203,48.606],[30.411,48.234]]],[[[29.411,49.616],[29.711,49.292],[29.856,49.109],[29.677,49.118],[29.624,49.146],[29.622,49.183],[29.313,49.366],[29.13,49.409],[28.984,49.398],[28.933,49.345],[28.969,49.317],[29.113,49.284],[29.149,49.255],[29.141,49.205],[29.051,49.157],[28.952,49.138],[28.892,49.17],[28.907,49.266],[28.769,49.328],[28.56,49.352],[28.517,49.398],[28.616,49.436],[28.668,49.51],[28.616,49.531],[28.541,49.475],[28.483,49.473],[28.398,49.513],[28.328,49.521],[28.269,49.567],[28.155,49.578],[28.127,49.564],[28.184,49.458],[28.146,49.43],[27.966,49.463],[27.912,49.484],[27.777,49.497],[27.703,49.569],[27.622,49.569],[27.465,49.535],[27.348,49.537],[27.175,49.585],[27.056,49.59],[27.071,49.674],[27.004,49.761],[27.0,49.898],[26.901,49.864],[26.901,49.93],[26.947,49.953],[27.025,49.932],[27.156,49.929],[27.221,49.906],[27.337,49.903],[27.4,49.93],[27.474,49.882],[27.634,49.879],[27.523,49.813],[27.465,49.804],[27.324,49.739],[27.3,49.659],[27.413,49.649],[27.542,49.736],[27.665,49.761],[27.737,49.799],[27.835,49.774],[27.998,49.82],[28.128,49.788],[28.21,49.787],[28.301,49.754],[28.397,49.776],[28.484,49.85],[28.527,49.769],[28.583,49.758],[28.628,49.805],[28.605,49.862],[28.754,49.814],[28.909,49.81],[29.187,49.821],[29.411,49.616]]]]}},{"type":"Feature","properties":{"id":663,"n":"English Lowlands beech forests","b":4},"geometry":{"type":"MultiPolygon","coordinates":[[[[-1.151,50.734],[-1.126,50.685],[-1.078,50.674],[-1.163,50.614],[-1.3,50.58],[-1.509,50.665],[-1.5,50.709],[-1.275,50.767],[-1.218,50.715],[-1.151,50.734]]],[[[-2.553,50.799],[-2.596,50.832],[-2.614,50.929],[-2.646,50.97],[-2.802,51.017],[-2.791,51.06],[-2.882,51.052],[-2.962,51.133],[-3.059,51.156],[-3.108,51.212],[-3.031,51.248],[-3.067,51.316],[-2.917,51.41],[-2.869,51.469],[-2.797,51.5],[-2.827,51.559],[-2.908,51.537],[-3.014,51.555],[-3.003,51.649],[-3.006,51.832],[-2.954,51.935],[-2.668,52.052],[-2.458,52.119],[-2.266,52.149],[-2.262,52.189],[-2.337,52.306],[-2.443,52.329],[-2.402,52.368],[-2.296,52.351],[-2.197,52.179],[-2.197,52.155],[-1.964,52.162],[-1.877,52.154],[-1.501,52.153],[-1.314,52.162],[-1.132,52.191],[-1.0,52.31],[-1.0,52.123],[-0.937,52.139],[-0.76,52.222],[-0.689,52.237],[-0.599,52.288],[-0.491,52.284],[-0.478,52.335],[-0.417,52.4],[-0.301,52.468],[-0.233,52.487],[-0.182,52.466],[-0.049,52.482],[0.032,52.529],[0.079,52.516],[0.035,52.47],[0.129,52.418],[0.204,52.419],[0.278,52.445],[0.296,52.421],[0.261,52.365],[0.263,52.306],[0.358,52.287],[0.376,52.245],[0.347,52.182],[0.281,52.128],[0.124,52.068],[-0.0,51.992],[-0.0,51.767],[0.067,51.798],[0.146,51.777],[0.298,51.818],[0.383,51.881],[0.539,51.926],[0.622,51.971],[0.794,51.939],[0.84,51.95],[0.884,52.063],[0.831,52.159],[0.876,52.244],[1.056,52.358],[1.117,52.383],[1.248,52.393],[1.27,52.086],[1.273,51.859],[1.196,51.804],[1.101,51.778],[0.947,51.785],[0.918,51.745],[0.946,51.682],[0.942,51.619],[0.857,51.564],[0.755,51.522],[0.562,51.504],[0.466,51.51],[0.579,51.482],[0.676,51.478],[0.713,51.456],[0.641,51.41],[0.524,51.417],[0.599,51.39],[0.681,51.4],[0.743,51.433],[0.738,51.459],[0.826,51.427],[0.891,51.426],[0.943,51.369],[0.905,51.353],[0.82,51.382],[0.795,51.355],[0.948,51.341],[1.027,51.368],[1.249,51.377],[1.211,51.092],[1.172,51.065],[1.047,51.049],[0.96,51.007],[0.94,50.964],[0.972,50.919],[0.935,50.899],[0.79,50.92],[0.568,50.847],[0.42,50.83],[0.339,50.799],[0.258,50.732],[0.22,50.727],[0.03,50.77],[-0.04,50.798],[-0.207,50.822],[-0.345,50.799],[-0.55,50.795],[-0.658,50.781],[-0.755,50.747],[-0.777,50.717],[-0.912,50.758],[-0.935,50.78],[-1.069,50.771],[-1.174,50.792],[-1.458,50.915],[-1.419,50.87],[-1.322,50.84],[-1.326,50.794],[-1.543,50.718],[-1.719,50.735],[-1.734,50.72],[-1.901,50.71],[-1.961,50.589],[-2.03,50.578],[-2.154,50.609],[-2.411,50.628],[-2.453,50.577],[-2.42,50.535],[-2.454,50.515],[-2.479,50.58],[-2.652,50.667],[-2.553,50.799]]]]}},{"type":"Feature","properties":{"id":792,"n":"Iberian conifer forests","b":12},"geometry":{"type":"MultiPolygon","coordinates":[[[[-2.583,36.914],[-2.629,36.84],[-2.731,36.809],[-2.865,36.887],[-2.868,36.937],[-2.922,36.978],[-3.034,36.98],[-3.201,36.913],[-3.314,36.901],[-3.462,36.925],[-3.519,36.96],[-3.528,37.019],[-3.456,37.16],[-3.516,37.264],[-3.48,37.316],[-3.347,37.372],[-3.289,37.333],[-3.311,37.252],[-3.272,37.239],[-3.16,37.254],[-2.951,37.184],[-2.803,37.159],[-2.727,37.095],[-2.721,37.007],[-2.67,36.983],[-2.583,36.914]]],[[[-2.744,37.158],[-2.983,37.272],[-2.992,37.331],[-2.921,37.399],[-2.845,37.413],[-2.774,37.397],[-2.623,37.302],[-2.518,37.278],[-2.328,37.262],[-2.251,37.2],[-2.302,37.161],[-2.525,37.125],[-2.638,37.125],[-2.744,37.158]]],[[[-1.902,37.483],[-2.343,37.39],[-2.455,37.373],[-2.523,37.392],[-2.525,37.474],[-2.454,37.535],[-2.386,37.552],[-2.155,37.557],[-2.027,37.611],[-1.902,37.531],[-1.902,37.483]]],[[[-3.823,37.468],[-3.833,37.558],[-3.803,37.611],[-3.7,37.595],[-3.621,37.462],[-3.659,37.41],[-3.77,37.429],[-3.823,37.468]]],[[[-2.282,38.756],[-2.17,38.725],[-2.1,38.658],[-2.151,38.587],[-2.334,38.392],[-2.35,38.287],[-2.325,38.174],[-2.258,38.156],[-2.104,38.263],[-1.991,38.242],[-1.984,38.175],[-2.308,37.975],[-2.474,37.853],[-2.886,37.759],[-2.979,37.786],[-3.008,37.851],[-2.845,38.006],[-2.682,38.178],[-2.519,38.382],[-2.519,38.425],[-2.586,38.486],[-2.513,38.57],[-2.482,38.651],[-2.505,38.682],[-2.628,38.709],[-2.77,38.701],[-2.821,38.758],[-2.999,38.906],[-2.954,38.963],[-2.842,38.966],[-2.697,38.898],[-2.596,38.887],[-2.531,38.908],[-2.381,39.011],[-2.303,38.971],[-2.33,38.824],[-2.282,38.756]]],[[[-1.373,40.326],[-1.317,40.44],[-1.26,40.388],[-1.216,40.305],[-1.257,40.222],[-1.317,40.183],[-1.373,40.326]]],[[[-2.62,40.494],[-2.715,40.549],[-2.795,40.56],[-2.852,40.456],[-2.922,40.434],[-3.041,40.45],[-3.112,40.383],[-3.118,40.263],[-3.15,40.21],[-3.24,40.15],[-3.358,40.141],[-3.397,40.192],[-3.289,40.312],[-3.285,40.431],[-3.226,40.508],[-3.081,40.65],[-3.052,40.737],[-3.053,40.826],[-3.001,40.927],[-2.926,41.011],[-2.817,40.999],[-2.768,40.95],[-2.724,40.867],[-2.645,40.8],[-2.552,40.636],[-2.475,40.569],[-2.468,40.509],[-2.62,40.494]]],[[[-0.13,40.638],[-0.091,40.594],[-0.121,40.505],[-0.098,40.449],[-0.204,40.396],[-0.29,40.457],[-0.364,40.452],[-0.476,40.484],[-0.558,40.487],[-0.623,40.457],[-0.734,40.356],[-0.819,40.328],[-0.896,40.439],[-0.889,40.494],[-0.941,40.573],[-1.126,40.633],[-1.217,40.688],[-1.236,40.925],[-1.314,41.096],[-1.272,41.145],[-1.16,41.122],[-1.105,41.077],[-1.009,40.915],[-0.888,40.835],[-0.68,40.746],[-0.326,40.606],[-0.13,40.638]]],[[[-2.948,41.871],[-2.743,41.876],[-2.588,41.912],[-2.528,41.966],[-2.435,41.938],[-2.371,41.988],[-2.291,41.996],[-2.151,41.957],[-2.068,41.949],[-2.062,41.923],[-1.987,41.947],[-1.912,41.927],[-1.868,41.875],[-1.81,41.864],[-1.728,41.817],[-1.715,41.757],[-1.778,41.68],[-1.85,41.652],[-1.97,41.671],[-2.201,41.838],[-2.279,41.831],[-2.293,41.801],[-2.157,41.653],[-2.109,41.571],[-2.083,41.484],[-2.113,41.434],[-2.221,41.47],[-2.408,41.311],[-2.43,41.257],[-2.395,41.203],[-2.317,41.134],[-2.025,40.991],[-1.824,40.921],[-1.794,40.925],[-1.731,41.004],[-1.65,41.006],[-1.558,40.951],[-1.447,40.634],[-1.446,40.606],[-1.527,40.616],[-1.565,40.568],[-1.532,40.432],[-1.598,40.291],[-1.593,40.235],[-1.492,40.141],[-1.5,40.084],[-1.619,40.048],[-1.711,39.93],[-1.775,39.895],[-1.853,39.894],[-1.882,39.78],[-1.989,39.768],[-2.073,39.831],[-2.117,39.837],[-2.154,39.953],[-2.209,39.995],[-2.286,40.011],[-2.361,39.994],[-2.487,39.922],[-2.493,40.011],[-2.548,40.049],[-2.785,40.043],[-2.824,40.22],[-2.779,40.265],[-2.742,40.254],[-2.694,40.171],[-2.622,40.154],[-2.561,40.164],[-2.487,40.113],[-2.37,40.102],[-2.254,40.132],[-2.181,40.13],[-2.075,40.083],[-1.999,40.083],[-2.01,40.141],[-1.96,40.212],[-2.009,40.259],[-2.157,40.469],[-2.222,40.641],[-2.201,40.699],[-2.11,40.79],[-2.183,40.814],[-2.385,40.804],[-2.433,40.853],[-2.514,40.856],[-2.584,40.886],[-2.653,40.958],[-2.769,41.115],[-2.841,41.14],[-2.945,41.099],[-3.147,41.075],[-3.222,41.057],[-3.321,41.005],[-3.435,40.979],[-3.562,40.977],[-3.624,40.952],[-3.696,40.809],[-3.802,40.723],[-3.957,40.692],[-4.027,40.667],[-4.151,40.588],[-4.468,40.555],[-4.534,40.581],[-4.525,40.638],[-4.479,40.688],[-4.347,40.756],[-4.241,40.796],[-4.128,40.881],[-4.05,41.017],[-3.945,41.083],[-3.942,41.136],[-3.869,41.207],[-3.797,41.232],[-3.675,41.228],[-3.671,41.3],[-3.634,41.354],[-3.559,41.372],[-3.359,41.346],[-3.197,41.34],[-3.035,41.349],[-2.937,41.402],[-2.825,41.528],[-2.56,41.584],[-2.485,41.612],[-2.444,41.659],[-2.481,41.744],[-2.655,41.803],[-2.985,41.813],[-2.948,41.871]]]]}},{"type":"Feature","properties":{"id":793,"n":"Iberian sclerophyllous and semi-deciduous forests","b":12},"geometry":{"type":"Polygon","coordinates":[[[1.478,42.05],[1.473,41.985],[1.506,41.959],[1.6,42.022],[1.739,42.02],[1.983,41.951],[2.033,41.907],[2.014,41.836],[2.038,41.827],[1.966,41.708],[1.819,41.645],[1.697,41.53],[1.511,41.409],[1.442,41.399],[1.317,41.44],[1.21,41.449],[1.079,41.41],[0.935,41.331],[0.812,41.296],[0.66,41.294],[0.539,41.281],[0.399,41.198],[0.369,41.203],[0.296,41.132],[0.211,41.082],[0.24,40.974],[0.233,40.922],[0.296,40.867],[0.237,40.795],[0.231,40.738],[0.171,40.703],[0.178,40.665],[0.057,40.63],[0.113,40.604],[0.082,40.576],[-0.0,40.567],[-0.0,40.509],[0.079,40.53],[0.086,40.478],[0.013,40.454],[-0.021,40.386],[-0.076,40.361],[-0.106,40.292],[-0.175,40.292],[-0.236,40.227],[-0.216,40.166],[-0.304,40.151],[-0.355,40.106],[-0.405,40.128],[-0.486,40.088],[-0.542,40.111],[-0.581,40.07],[-0.5,39.998],[-0.439,39.998],[-0.484,39.948],[-0.585,39.922],[-0.588,39.88],[-0.534,39.809],[-0.596,39.744],[-0.497,39.687],[-0.581,39.652],[-0.626,39.667],[-0.696,39.644],[-0.801,39.67],[-0.832,39.608],[-0.927,39.681],[-1.023,39.672],[-1.0,39.58],[-1.047,39.538],[-0.982,39.525],[-0.884,39.577],[-0.818,39.537],[-0.825,39.485],[-0.881,39.413],[-0.939,39.386],[-1.0,39.394],[-1.0,39.325],[-1.076,39.302],[-1.147,39.359],[-1.288,39.418],[-1.434,39.409],[-1.487,39.427],[-1.5,39.498],[-1.544,39.498],[-1.58,39.417],[-1.509,39.393],[-1.448,39.346],[-1.186,39.275],[-1.154,39.246],[-1.23,39.223],[-1.243,39.184],[-1.14,39.172],[-1.049,39.104],[-0.95,39.153],[-0.983,39.215],[-1.027,39.214],[-1.07,39.166],[-1.101,39.253],[-0.942,39.287],[-0.875,39.199],[-0.875,39.11],[-0.812,39.019],[-0.788,38.919],[-0.867,38.837],[-0.82,38.822],[-0.653,38.881],[-0.617,38.878],[-0.666,38.827],[-0.65,38.801],[-0.56,38.775],[-0.495,38.806],[-0.341,38.825],[-0.24,38.807],[-0.179,38.74],[-0.179,38.706],[-0.277,38.65],[-0.381,38.666],[-0.42,38.603],[-0.583,38.591],[-0.646,38.656],[-0.737,38.633],[-0.699,38.548],[-0.779,38.547],[-0.823,38.582],[-0.816,38.506],[-0.671,38.509],[-0.677,38.576],[-0.631,38.594],[-0.5,38.498],[-0.344,38.498],[-0.287,38.544],[-0.152,38.574],[-0.108,38.623],[-0.071,38.576],[-0.104,38.519],[-0.159,38.529],[-0.327,38.465],[-0.397,38.42],[-0.414,38.347],[-0.509,38.329],[-0.525,38.195],[-0.592,38.184],[-0.636,38.128],[-0.651,37.996],[-0.766,37.857],[-0.757,37.784],[-0.79,37.806],[-0.871,37.701],[-0.785,37.645],[-1.036,37.588],[-1.148,37.574],[-1.338,37.57],[-1.444,37.537],[-1.613,37.416],[-1.827,37.354],[-1.94,37.277],[-1.969,37.221],[-1.942,37.104],[-2.016,37.004],[-2.151,36.95],[-2.21,36.984],[-2.286,36.952],[-2.358,36.959],[-2.418,37.027],[-2.643,36.998],[-2.67,36.983],[-2.721,37.007],[-2.727,37.095],[-2.803,37.159],[-2.951,37.184],[-3.16,37.254],[-3.272,37.239],[-3.311,37.252],[-3.289,37.333],[-3.347,37.372],[-3.48,37.316],[-3.516,37.264],[-3.456,37.16],[-3.528,37.019],[-3.519,36.96],[-3.462,36.925],[-3.314,36.901],[-3.201,36.913],[-3.034,36.98],[-2.922,36.978],[-2.868,36.937],[-2.865,36.887],[-2.731,36.809],[-2.796,36.777],[-2.947,36.771],[-3.008,36.738],[-3.245,36.758],[-3.331,36.744],[-3.423,36.7],[-3.474,36.702],[-3.615,36.755],[-3.725,36.73],[-3.828,36.75],[-3.849,36.794],[-3.97,36.814],[-4.091,36.867],[-4.111,36.908],[-4.22,36.931],[-4.346,36.915],[-4.312,36.871],[-4.369,36.831],[-4.325,36.776],[-4.42,36.824],[-4.381,36.901],[-4.483,36.912],[-4.491,36.94],[-4.57,36.921],[-4.623,36.978],[-4.697,36.926],[-4.741,36.924],[-4.726,36.972],[-4.866,36.961],[-4.878,36.938],[-4.818,36.897],[-4.765,36.89],[-4.746,36.853],[-4.801,36.842],[-4.834,36.765],[-4.889,36.727],[-4.912,36.639],[-4.974,36.65],[-4.955,36.725],[-5.053,36.762],[-5.056,36.712],[-4.993,36.676],[-5.036,36.568],[-5.103,36.618],[-5.166,36.606],[-5.238,36.621],[-5.303,36.582],[-5.373,36.618],[-5.375,36.667],[-5.429,36.666],[-5.427,36.735],[-5.374,36.739],[-5.388,36.787],[-5.462,36.802],[-5.441,36.743],[-5.496,36.784],[-5.447,36.84],[-5.334,36.839],[-5.409,36.889],[-5.216,36.906],[-5.201,36.977],[-5.276,37.019],[-5.348,37.012],[-5.354,37.061],[-5.32,37.095],[-5.269,37.081],[-5.214,37.127],[-5.263,37.161],[-5.205,37.198],[-5.094,37.234],[-4.967,37.208],[-4.907,37.214],[-4.876,37.274],[-4.933,37.359],[-4.982,37.395],[-4.915,37.467],[-4.811,37.46],[-4.683,37.474],[-4.692,37.501],[-4.814,37.507],[-4.838,37.564],[-4.911,37.597],[-4.865,37.647],[-4.872,37.684],[-4.813,37.743],[-4.704,37.726],[-4.673,37.758],[-4.726,37.827],[-4.657,37.905],[-4.609,37.902],[-4.499,37.941],[-4.522,37.975],[-4.685,37.925],[-4.764,37.93],[-4.877,37.876],[-4.954,37.875],[-5.051,37.828],[-5.182,37.887],[-5.255,37.892],[-5.308,37.944],[-5.376,37.972],[-5.396,37.935],[-5.342,37.904],[-5.368,37.857],[-5.402,37.87],[-5.525,38.029],[-5.573,38.053],[-5.582,37.982],[-5.697,37.955],[-5.787,37.883],[-5.879,37.903],[-5.896,37.872],[-5.785,37.841],[-5.851,37.771],[-5.954,37.857],[-5.957,37.939],[-5.98,37.962],[-6.016,37.886],[-6.061,37.874],[-6.142,37.785],[-6.164,37.846],[-6.248,37.751],[-6.341,37.751],[-6.403,37.706],[-6.32,37.641],[-6.372,37.645],[-6.55,37.567],[-6.585,37.594],[-6.65,37.557],[-6.604,37.511],[-6.687,37.503],[-6.769,37.54],[-6.803,37.615],[-6.782,37.664],[-6.829,37.684],[-6.845,37.637],[-6.905,37.618],[-6.921,37.713],[-7.001,37.704],[-7.009,37.632],[-7.122,37.567],[-7.187,37.579],[-7.216,37.495],[-7.305,37.496],[-7.328,37.532],[-7.431,37.534],[-7.441,37.58],[-7.347,37.587],[-7.267,37.66],[-7.288,37.696],[-7.174,37.698],[-7.124,37.717],[-7.106,37.772],[-7.179,37.724],[-7.228,37.746],[-7.305,37.743],[-7.368,37.687],[-7.411,37.696],[-7.397,37.746],[-7.445,37.759],[-7.472,37.72],[-7.551,37.695],[-7.646,37.626],[-7.609,37.52],[-7.529,37.482],[-7.518,37.446],[-7.608,37.425],[-7.578,37.38],[-7.618,37.299],[-7.596,37.266],[-7.672,37.224],[-7.843,37.353],[-7.926,37.464],[-8.05,37.468],[-8.15,37.523],[-8.205,37.528],[-8.194,37.617],[-8.144,37.728],[-8.069,37.813],[-7.965,37.88],[-7.932,37.926],[-7.936,37.986],[-7.902,38.099],[-7.891,38.207],[-7.821,38.21],[-7.76,38.175],[-7.648,38.162],[-7.598,38.192],[-7.514,38.19],[-7.561,38.235],[-7.681,38.275],[-7.7,38.332],[-7.763,38.425],[-7.968,38.399],[-8.04,38.476],[-8.012,38.514],[-8.092,38.574],[-8.099,38.607],[-7.937,38.618],[-7.903,38.675],[-7.898,38.744],[-7.77,38.642],[-7.706,38.627],[-7.605,38.669],[-7.457,38.704],[-7.402,38.733],[-7.478,38.759],[-7.409,38.794],[-7.405,38.839],[-7.466,38.894],[-7.522,38.904],[-7.601,38.877],[-7.64,38.77],[-7.681,38.787],[-7.725,38.861],[-7.784,38.91],[-7.852,39.007],[-7.838,39.177],[-7.762,39.261],[-7.678,39.299],[-7.511,39.316],[-7.539,39.256],[-7.334,39.159],[-7.313,39.179],[-7.268,39.141],[-7.185,39.15],[-7.096,39.207],[-6.884,39.199],[-6.868,39.24],[-7.012,39.236],[-7.115,39.277],[-7.064,39.322],[-7.158,39.446],[-7.238,39.476],[-7.477,39.517],[-7.503,39.538],[-7.45,39.579],[-7.358,39.69],[-7.423,39.728],[-7.568,39.68],[-7.624,39.713],[-7.556,39.724],[-7.504,39.777],[-7.406,39.82],[-7.335,39.931],[-7.27,39.965],[-7.104,40.093],[-7.037,40.122],[-6.95,40.13],[-6.762,40.081],[-6.606,40.092],[-6.346,40.167],[-6.208,40.225],[-6.122,40.285],[-6.117,40.374],[-6.052,40.443],[-5.942,40.415],[-5.938,40.326],[-5.883,40.244],[-5.878,40.189],[-5.929,40.106],[-5.938,40.048],[-5.85,39.987],[-5.775,39.986],[-5.521,40.074],[-5.407,40.1],[-5.133,40.139],[-4.852,40.247],[-4.695,40.271],[-4.661,40.26],[-4.544,40.281],[-4.505,40.332],[-4.553,40.378],[-4.673,40.39],[-4.745,40.415],[-4.836,40.513],[-4.947,40.545],[-5.055,40.63],[-5.174,40.62],[-5.295,40.501],[-5.441,40.407],[-5.637,40.451],[-5.682,40.49],[-5.686,40.584],[-5.79,40.619],[-5.986,40.581],[-6.065,40.586],[-6.177,40.622],[-6.291,40.704],[-6.382,40.803],[-6.419,40.888],[-6.397,40.944],[-6.36,40.954],[-6.243,40.929],[-6.168,40.944],[-6.067,41.033],[-6.084,41.092],[-6.182,41.187],[-6.29,41.23],[-6.365,41.214],[-6.53,41.082],[-6.551,40.967],[-6.621,40.893],[-6.632,40.836],[-6.365,40.575],[-6.33,40.522],[-6.342,40.465],[-6.442,40.416],[-6.563,40.413],[-6.718,40.387],[-6.758,40.439],[-6.738,40.583],[-6.875,40.683],[-6.945,40.653],[-7.065,40.654],[-7.142,40.676],[-7.199,40.716],[-7.206,40.774],[-7.174,40.892],[-7.193,40.918],[-7.383,41.027],[-7.453,41.0],[-7.635,41.036],[-7.697,41.053],[-7.859,41.057],[-8.213,40.994],[-8.294,41.002],[-8.364,41.067],[-8.316,41.115],[-8.238,41.13],[-8.035,41.135],[-7.723,41.198],[-7.642,41.197],[-7.567,41.266],[-7.438,41.337],[-7.437,41.487],[-7.285,41.516],[-7.247,41.569],[-7.176,41.598],[-7.02,41.567],[-6.957,41.49],[-6.882,41.466],[-6.564,41.519],[-6.483,41.509],[-6.428,41.466],[-6.446,41.441],[-6.71,41.302],[-6.764,41.256],[-6.784,41.202],[-6.716,41.174],[-6.526,41.328],[-6.432,41.313],[-6.36,41.371],[-6.269,41.536],[-6.133,41.648],[-6.198,41.723],[-6.159,41.769],[-5.999,41.746],[-5.897,41.785],[-5.928,41.836],[-6.191,41.919],[-6.212,41.976],[-6.081,42.09],[-6.05,42.171],[-6.135,42.237],[-6.121,42.354],[-6.069,42.4],[-5.958,42.371],[-5.919,42.394],[-5.905,42.542],[-5.88,42.599],[-5.802,42.612],[-5.763,42.564],[-5.805,42.417],[-5.77,42.364],[-5.7,42.384],[-5.652,42.514],[-5.658,42.633],[-5.639,42.693],[-5.577,42.694],[-5.556,42.574],[-5.458,42.54],[-5.375,42.539],[-5.331,42.489],[-5.397,42.418],[-5.255,42.275],[-5.146,42.186],[-5.005,42.126],[-4.886,42.147],[-4.736,42.197],[-4.655,42.209],[-4.537,42.187],[-4.463,42.115],[-4.456,42.026],[-4.603,41.814],[-4.6,41.755],[-4.628,41.668],[-4.589,41.62],[-4.509,41.609],[-4.107,41.666],[-3.961,41.719],[-3.86,41.771],[-3.847,41.798],[-3.917,41.82],[-4.063,41.766],[-4.146,41.766],[-4.205,41.802],[-4.186,41.859],[-3.981,41.956],[-3.864,41.983],[-3.835,42.067],[-3.771,42.1],[-3.605,42.108],[-3.515,42.049],[-3.483,42.067],[-3.413,42.036],[-3.336,41.93],[-3.224,41.843],[-2.985,41.813],[-2.655,41.803],[-2.481,41.744],[-2.444,41.659],[-2.485,41.612],[-2.56,41.584],[-2.825,41.528],[-2.937,41.402],[-3.035,41.349],[-3.197,41.34],[-3.359,41.346],[-3.559,41.372],[-3.634,41.354],[-3.671,41.3],[-3.675,41.228],[-3.797,41.232],[-3.869,41.207],[-3.942,41.136],[-3.945,41.083],[-4.05,41.017],[-4.128,40.881],[-4.241,40.796],[-4.347,40.756],[-4.479,40.688],[-4.525,40.638],[-4.534,40.581],[-4.468,40.555],[-4.151,40.588],[-4.027,40.667],[-3.957,40.692],[-3.802,40.723],[-3.696,40.809],[-3.624,40.952],[-3.562,40.977],[-3.435,40.979],[-3.321,41.005],[-3.222,41.057],[-3.147,41.075],[-2.945,41.099],[-2.841,41.14],[-2.769,41.115],[-2.653,40.958],[-2.584,40.886],[-2.514,40.856],[-2.433,40.853],[-2.385,40.804],[-2.183,40.814],[-2.11,40.79],[-2.201,40.699],[-2.222,40.641],[-2.157,40.469],[-2.009,40.259],[-1.96,40.212],[-2.01,40.141],[-1.999,40.083],[-2.075,40.083],[-2.181,40.13],[-2.254,40.132],[-2.37,40.102],[-2.487,40.113],[-2.561,40.164],[-2.622,40.154],[-2.694,40.171],[-2.742,40.254],[-2.779,40.265],[-2.824,40.22],[-2.785,40.043],[-2.548,40.049],[-2.493,40.011],[-2.487,39.922],[-2.361,39.994],[-2.286,40.011],[-2.209,39.995],[-2.154,39.953],[-2.117,39.837],[-2.073,39.831],[-1.989,39.768],[-1.882,39.78],[-1.853,39.894],[-1.775,39.895],[-1.711,39.93],[-1.619,40.048],[-1.5,40.084],[-1.492,40.141],[-1.593,40.235],[-1.598,40.291],[-1.532,40.432],[-1.565,40.568],[-1.527,40.616],[-1.446,40.606],[-1.447,40.634],[-1.558,40.951],[-1.65,41.006],[-1.731,41.004],[-1.794,40.925],[-1.824,40.921],[-2.025,40.991],[-2.317,41.134],[-2.395,41.203],[-2.43,41.257],[-2.408,41.311],[-2.221,41.47],[-2.113,41.434],[-2.083,41.484],[-2.109,41.571],[-2.157,41.653],[-2.293,41.801],[-2.279,41.831],[-2.201,41.838],[-1.97,41.671],[-1.85,41.652],[-1.778,41.68],[-1.715,41.757],[-1.728,41.817],[-1.81,41.864],[-1.868,41.875],[-1.912,41.927],[-1.987,41.947],[-2.062,41.923],[-2.068,41.949],[-1.991,41.998],[-2.006,42.044],[-2.048,42.044],[-2.09,42.095],[-2.017,42.104],[-1.935,42.145],[-1.996,42.19],[-2.056,42.171],[-2.228,42.216],[-2.116,42.231],[-2.188,42.304],[-2.269,42.302],[-2.568,42.385],[-2.708,42.39],[-2.744,42.35],[-2.808,42.335],[-2.875,42.361],[-2.848,42.433],[-2.901,42.503],[-3.097,42.598],[-2.878,42.612],[-2.683,42.563],[-2.404,42.577],[-2.324,42.619],[-2.234,42.638],[-2.131,42.636],[-2.036,42.614],[-2.039,42.644],[-2.106,42.662],[-2.032,42.703],[-1.992,42.674],[-1.926,42.688],[-1.802,42.643],[-1.72,42.64],[-1.553,42.665],[-1.452,42.601],[-1.401,42.601],[-1.373,42.638],[-1.462,42.772],[-1.401,42.778],[-1.336,42.894],[-1.286,42.858],[-1.311,42.828],[-1.247,42.716],[-1.246,42.671],[-1.31,42.638],[-1.282,42.619],[-1.098,42.626],[-1.046,42.647],[-0.931,42.625],[-0.795,42.562],[-0.827,42.526],[-0.976,42.534],[-0.928,42.491],[-0.967,42.459],[-0.863,42.428],[-0.786,42.498],[-0.432,42.498],[-0.36,42.552],[-0.346,42.536],[-0.384,42.446],[-0.313,42.386],[-0.363,42.394],[-0.474,42.357],[-0.48,42.338],[-0.399,42.309],[-0.276,42.322],[-0.274,42.289],[-0.18,42.267],[-0.166,42.3],[-0.054,42.332],[0.029,42.379],[0.112,42.498],[0.19,42.387],[0.248,42.393],[0.401,42.36],[0.432,42.386],[0.476,42.357],[0.471,42.305],[0.549,42.369],[0.556,42.23],[0.626,42.23],[0.741,42.367],[0.798,42.343],[0.858,42.258],[0.831,42.228],[0.773,42.308],[0.766,42.162],[0.714,42.083],[0.819,42.019],[0.813,42.07],[0.842,42.125],[0.812,42.18],[0.866,42.212],[0.901,42.271],[1.007,42.267],[1.076,42.22],[1.104,42.173],[1.182,42.145],[1.128,42.054],[1.071,41.998],[1.236,41.998],[1.31,42.072],[1.35,42.071],[1.325,42.023],[1.383,42.007],[1.446,42.078],[1.478,42.05]],[[-0.68,40.746],[-0.888,40.835],[-1.009,40.915],[-1.105,41.077],[-1.16,41.122],[-1.272,41.145],[-1.314,41.096],[-1.236,40.925],[-1.217,40.688],[-1.126,40.633],[-0.941,40.573],[-0.889,40.494],[-0.896,40.439],[-0.819,40.328],[-0.734,40.356],[-0.623,40.457],[-0.558,40.487],[-0.476,40.484],[-0.364,40.452],[-0.29,40.457],[-0.204,40.396],[-0.098,40.449],[-0.121,40.505],[-0.091,40.594],[-0.13,40.638],[-0.326,40.606],[-0.68,40.746]],[[-1.257,40.222],[-1.216,40.305],[-1.26,40.388],[-1.317,40.44],[-1.373,40.326],[-1.317,40.183],[-1.257,40.222]],[[-2.475,40.569],[-2.552,40.636],[-2.645,40.8],[-2.724,40.867],[-2.768,40.95],[-2.817,40.999],[-2.926,41.011],[-3.001,40.927],[-3.053,40.826],[-3.052,40.737],[-3.081,40.65],[-3.226,40.508],[-3.285,40.431],[-3.289,40.312],[-3.397,40.192],[-3.358,40.141],[-3.24,40.15],[-3.15,40.21],[-3.118,40.263],[-3.112,40.383],[-3.041,40.45],[-2.922,40.434],[-2.852,40.456],[-2.795,40.56],[-2.715,40.549],[-2.62,40.494],[-2.468,40.509],[-2.475,40.569]],[[-4.626,39.594],[-4.492,39.562],[-4.425,39.513],[-4.276,39.479],[-4.235,39.487],[-4.233,39.581],[-4.489,39.683],[-4.616,39.7],[-4.86,39.678],[-4.848,39.623],[-4.626,39.594]],[[-5.476,39.525],[-5.592,39.485],[-5.628,39.436],[-5.591,39.391],[-5.414,39.397],[-5.207,39.466],[-5.174,39.583],[-5.185,39.638],[-5.281,39.65],[-5.476,39.525]],[[-2.303,38.971],[-2.381,39.011],[-2.531,38.908],[-2.596,38.887],[-2.697,38.898],[-2.842,38.966],[-2.954,38.963],[-2.999,38.906],[-2.821,38.758],[-2.77,38.701],[-2.628,38.709],[-2.505,38.682],[-2.482,38.651],[-2.513,38.57],[-2.586,38.486],[-2.519,38.425],[-2.519,38.382],[-2.682,38.178],[-2.845,38.006],[-3.008,37.851],[-2.979,37.786],[-2.886,37.759],[-2.474,37.853],[-2.308,37.975],[-1.984,38.175],[-1.991,38.242],[-2.104,38.263],[-2.258,38.156],[-2.325,38.174],[-2.35,38.287],[-2.334,38.392],[-2.151,38.587],[-2.1,38.658],[-2.17,38.725],[-2.282,38.756],[-2.33,38.824],[-2.303,38.971]],[[-1.263,37.687],[-1.173,37.648],[-1.116,37.683],[-1.097,37.772],[-1.051,37.819],[-0.984,37.846],[-0.96,37.901],[-0.994,37.92],[-1.093,37.877],[-1.204,37.862],[-1.296,37.77],[-1.263,37.687]],[[-3.659,37.41],[-3.621,37.462],[-3.7,37.595],[-3.803,37.611],[-3.833,37.558],[-3.823,37.468],[-3.77,37.429],[-3.659,37.41]],[[-2.027,37.611],[-2.155,37.557],[-2.386,37.552],[-2.454,37.535],[-2.525,37.474],[-2.523,37.392],[-2.455,37.373],[-2.343,37.39],[-1.902,37.483],[-1.902,37.531],[-2.027,37.611]],[[-2.525,37.125],[-2.302,37.161],[-2.251,37.2],[-2.328,37.262],[-2.518,37.278],[-2.623,37.302],[-2.774,37.397],[-2.845,37.413],[-2.921,37.399],[-2.992,37.331],[-2.983,37.272],[-2.744,37.158],[-2.638,37.125],[-2.525,37.125]]]}},{"type":"Feature","properties":{"id":795,"n":"Italian sclerophyllous and semi-deciduous forests","b":12},"geometry":{"type":"Polygon","coordinates":[[[12.693,43.981],[12.789,43.962],[12.938,43.899],[13.148,43.761],[13.228,43.699],[13.421,43.617],[13.493,43.625],[13.605,43.54],[13.62,43.476],[13.769,43.218],[13.831,43.096],[13.843,43.021],[13.912,42.881],[13.918,42.826],[13.989,42.7],[14.085,42.58],[14.199,42.48],[14.327,42.396],[14.394,42.369],[14.509,42.249],[14.6,42.204],[14.714,42.179],[14.734,42.088],[14.514,41.96],[14.491,42.016],[14.394,42.07],[14.295,42.101],[14.21,42.185],[14.129,42.187],[14.057,42.158],[13.937,42.171],[13.883,42.124],[13.886,42.043],[13.809,42.059],[13.57,42.227],[13.462,42.314],[13.46,42.342],[13.537,42.363],[13.706,42.278],[13.786,42.282],[13.831,42.332],[13.789,42.416],[13.584,42.563],[13.57,42.618],[13.631,42.695],[13.588,42.747],[13.429,42.777],[13.341,42.838],[13.251,42.972],[13.178,43.003],[13.111,42.97],[13.032,42.865],[12.852,42.702],[12.818,42.585],[12.838,42.528],[12.905,42.493],[12.982,42.513],[13.126,42.661],[13.189,42.695],[13.27,42.679],[13.297,42.623],[13.179,42.467],[13.119,42.356],[13.131,42.297],[13.201,42.223],[13.193,42.165],[13.083,42.074],[13.053,42.021],[13.087,41.935],[13.145,41.892],[13.447,41.737],[13.602,41.769],[13.723,41.762],[13.868,41.646],[13.488,41.502],[13.318,41.447],[12.953,41.346],[12.89,41.386],[12.74,41.409],[12.697,41.438],[12.607,41.443],[12.552,41.515],[12.398,41.652],[12.33,41.694],[12.214,41.732],[12.194,41.822],[12.117,41.915],[11.921,42.023],[11.841,42.013],[11.775,42.089],[11.688,42.234],[11.645,42.277],[11.534,42.339],[11.368,42.393],[11.221,42.403],[11.185,42.356],[11.14,42.352],[11.072,42.397],[11.102,42.448],[11.148,42.441],[11.179,42.514],[11.156,42.555],[11.1,42.56],[11.058,42.634],[11.002,42.649],[10.974,42.719],[10.866,42.764],[10.776,42.767],[10.728,42.809],[10.775,42.829],[10.775,42.888],[10.741,42.924],[10.644,42.953],[10.565,42.948],[10.503,42.917],[10.5,43.286],[10.453,43.32],[10.445,43.365],[10.384,43.437],[10.327,43.461],[10.3,43.518],[10.268,43.668],[10.252,43.831],[10.185,43.932],[10.074,44.028],[10.006,44.059],[9.955,44.051],[9.899,44.098],[9.829,44.114],[9.817,44.063],[9.686,44.142],[9.628,44.143],[9.597,44.179],[9.488,44.244],[9.379,44.271],[9.371,44.296],[9.246,44.351],[9.207,44.315],[9.151,44.364],[9.021,44.38],[8.899,44.411],[8.77,44.428],[8.552,44.336],[8.466,44.288],[8.428,44.187],[8.294,44.155],[8.241,44.064],[8.184,44.006],[8.184,43.952],[7.996,43.85],[7.849,43.816],[7.792,43.815],[7.675,43.779],[7.607,43.793],[7.52,43.781],[7.492,43.744],[7.377,43.721],[7.344,43.676],[7.279,43.701],[7.179,43.656],[7.142,43.617],[7.152,43.575],[7.051,43.541],[7.024,43.609],[6.871,43.646],[6.988,43.709],[7.152,43.75],[7.157,43.813],[7.116,43.844],[7.027,43.848],[7.027,43.876],[7.149,43.865],[7.145,43.915],[7.048,43.942],[7.067,43.965],[7.328,43.914],[7.419,43.965],[7.484,43.95],[7.497,44.011],[7.548,44.036],[7.569,44.085],[7.615,44.064],[7.552,43.952],[7.598,43.933],[7.711,44.008],[7.803,44.02],[7.802,44.05],[7.725,44.105],[7.747,44.148],[7.859,44.166],[7.952,44.153],[8.045,44.233],[8.062,44.29],[8.113,44.304],[8.116,44.254],[8.222,44.284],[8.275,44.373],[8.253,44.429],[8.186,44.452],[7.971,44.417],[7.829,44.421],[7.62,44.308],[7.464,44.308],[7.442,44.332],[7.458,44.403],[7.441,44.475],[7.47,44.522],[7.454,44.637],[7.338,44.732],[7.326,44.767],[7.391,44.89],[7.401,44.963],[7.443,44.998],[7.5,44.998],[7.474,44.827],[7.391,44.84],[7.389,44.802],[7.463,44.802],[7.5,44.708],[7.677,44.595],[7.691,44.526],[7.529,44.432],[7.547,44.358],[7.598,44.348],[7.683,44.371],[7.766,44.438],[7.797,44.507],[7.782,44.624],[7.851,44.722],[7.787,44.835],[7.817,44.909],[7.901,44.919],[7.963,44.977],[7.95,45.051],[8.041,45.069],[8.244,45.069],[8.389,45.113],[8.427,45.019],[8.415,44.977],[8.269,44.933],[8.139,44.853],[8.157,44.824],[8.268,44.86],[8.458,44.844],[8.583,44.898],[8.61,44.822],[8.762,44.787],[8.827,44.808],[8.848,44.887],[8.879,44.916],[8.952,44.925],[9.0,44.959],[9.0,44.998],[9.124,45.031],[9.283,45.041],[9.534,44.96],[9.66,44.957],[9.881,44.884],[9.976,44.878],[10.051,44.85],[10.181,44.753],[10.216,44.78],[10.331,44.767],[10.419,44.705],[10.503,44.708],[10.586,44.663],[10.733,44.621],[10.735,44.584],[10.865,44.593],[10.961,44.564],[10.996,44.511],[11.099,44.533],[11.285,44.481],[11.379,44.482],[11.605,44.376],[11.656,44.339],[11.738,44.325],[11.808,44.271],[11.941,44.212],[12.053,44.146],[12.117,44.149],[12.394,44.046],[12.479,44.06],[12.525,44.089],[12.693,43.981]],[[9.694,44.348],[9.834,44.278],[9.874,44.276],[9.88,44.362],[9.952,44.388],[10.063,44.345],[10.203,44.274],[10.457,44.165],[10.557,44.107],[10.632,44.085],[10.749,44.095],[10.8,44.142],[10.781,44.229],[10.719,44.272],[10.52,44.326],[10.406,44.367],[10.189,44.466],[10.111,44.486],[9.938,44.488],[9.886,44.533],[9.897,44.592],[9.775,44.674],[9.623,44.733],[9.454,44.73],[9.236,44.746],[9.16,44.726],[9.128,44.67],[9.142,44.61],[9.24,44.512],[9.381,44.445],[9.694,44.348]],[[10.994,44.044],[11.249,44.057],[11.332,44.041],[11.472,43.975],[11.587,43.886],[11.799,43.699],[11.911,43.612],[11.993,43.598],[12.018,43.636],[11.967,43.75],[11.949,43.839],[11.907,43.888],[11.6,44.05],[11.345,44.159],[11.231,44.2],[11.147,44.214],[11.062,44.204],[10.993,44.171],[10.951,44.118],[10.955,44.06],[10.994,44.044]],[[12.389,43.466],[12.587,43.414],[12.666,43.416],[12.714,43.464],[12.667,43.513],[12.444,43.619],[12.321,43.614],[12.291,43.56],[12.389,43.466]],[[12.937,43.127],[12.949,43.185],[12.882,43.26],[12.797,43.272],[12.731,43.199],[12.749,43.112],[12.846,43.072],[12.937,43.127]],[[12.696,42.889],[12.711,42.801],[12.789,42.756],[12.859,42.827],[12.838,42.943],[12.758,42.963],[12.696,42.889]]]}},{"type":"Feature","properties":{"id":799,"n":"Northeast Spain and Southern France Mediterranean forests","b":12},"geometry":{"type":"MultiPolygon","coordinates":[[[[1.573,38.689],[1.57,38.654],[1.449,38.689],[1.391,38.65],[1.387,38.719],[1.439,38.766],[1.502,38.69],[1.573,38.689]]],[[[1.615,39.043],[1.545,38.993],[1.496,38.93],[1.42,38.905],[1.402,38.84],[1.347,38.872],[1.25,38.865],[1.215,38.894],[1.233,38.972],[1.298,38.978],[1.287,39.028],[1.357,39.072],[1.535,39.124],[1.594,39.106],[1.615,39.043]]],[[[2.927,39.153],[2.986,39.155],[2.969,39.117],[2.927,39.153]]],[[[3.086,39.888],[3.14,39.862],[3.199,39.889],[3.193,39.843],[3.136,39.833],[3.132,39.796],[3.179,39.753],[3.253,39.726],[3.356,39.781],[3.473,39.745],[3.456,39.656],[3.369,39.545],[3.3,39.498],[3.276,39.42],[3.218,39.34],[3.151,39.321],[3.076,39.262],[2.968,39.352],[2.791,39.358],[2.755,39.384],[2.734,39.464],[2.763,39.503],[2.65,39.555],[2.559,39.525],[2.525,39.452],[2.441,39.536],[2.403,39.517],[2.361,39.591],[2.522,39.694],[2.576,39.701],[2.624,39.754],[2.773,39.848],[2.839,39.854],[3.016,39.926],[3.063,39.916],[3.166,39.957],[3.206,39.94],[3.086,39.888]]],[[[4.181,40.047],[4.202,39.989],[4.254,39.986],[4.258,39.949],[4.319,39.863],[4.286,39.808],[4.203,39.818],[4.049,39.902],[3.968,39.929],[3.842,39.913],[3.841,39.959],[3.789,40.006],[3.834,40.048],[4.076,40.057],[4.149,40.03],[4.181,40.047]]],[[[6.377,43.006],[6.407,43.017],[6.401,42.995],[6.377,43.006]]],[[[6.157,43.01],[6.228,43.027],[6.207,42.992],[6.157,43.01]]],[[[6.432,43.022],[6.495,43.05],[6.465,43.016],[6.432,43.022]]],[[[5.155,44.921],[5.077,44.887],[5.045,44.78],[5.118,44.773],[5.21,44.81],[5.26,44.866],[5.301,44.866],[5.339,44.81],[5.412,44.821],[5.418,44.756],[5.517,44.687],[5.478,44.631],[5.579,44.609],[5.717,44.626],[5.805,44.554],[5.87,44.588],[5.836,44.652],[5.858,44.756],[5.925,44.754],[5.97,44.68],[5.898,44.671],[5.889,44.63],[5.951,44.603],[6.0,44.64],[6.0,44.594],[6.134,44.61],[6.363,44.558],[6.492,44.597],[6.607,44.693],[6.63,44.67],[6.576,44.635],[6.5,44.498],[6.461,44.467],[6.38,44.48],[6.432,44.429],[6.404,44.411],[6.439,44.315],[6.52,44.234],[6.507,44.178],[6.429,44.123],[6.582,44.133],[6.632,44.198],[6.618,44.248],[6.695,44.239],[6.688,44.185],[6.631,44.108],[6.678,44.047],[6.777,44.072],[6.734,44.169],[6.771,44.2],[6.8,44.153],[6.881,44.149],[6.928,44.121],[6.928,44.054],[6.992,44.093],[7.026,44.066],[7.077,44.078],[7.05,44.118],[6.93,44.212],[6.883,44.268],[6.929,44.273],[7.063,44.175],[7.135,44.182],[7.173,44.114],[7.267,44.118],[7.295,44.055],[7.446,44.038],[7.5,44.046],[7.5,44.108],[7.578,44.149],[7.631,44.152],[7.675,44.086],[7.649,44.046],[7.802,44.05],[7.803,44.02],[7.711,44.008],[7.598,43.933],[7.552,43.952],[7.615,44.064],[7.569,44.085],[7.548,44.036],[7.497,44.011],[7.484,43.95],[7.419,43.965],[7.328,43.914],[7.067,43.965],[7.048,43.942],[7.145,43.915],[7.149,43.865],[7.027,43.876],[7.027,43.848],[7.116,43.844],[7.157,43.813],[7.152,43.75],[6.988,43.709],[6.871,43.646],[7.024,43.609],[7.051,43.541],[6.993,43.543],[6.925,43.439],[6.85,43.408],[6.75,43.416],[6.721,43.34],[6.682,43.335],[6.593,43.277],[6.706,43.26],[6.705,43.207],[6.645,43.165],[6.562,43.187],[6.51,43.152],[6.357,43.128],[6.371,43.092],[6.326,43.077],[6.273,43.123],[6.191,43.116],[6.148,43.067],[6.16,43.035],[6.095,43.04],[6.1,43.093],[6.033,43.077],[5.993,43.112],[5.896,43.116],[5.912,43.088],[5.866,43.055],[5.805,43.065],[5.811,43.106],[5.768,43.141],[5.691,43.153],[5.632,43.189],[5.622,43.161],[5.537,43.211],[5.348,43.217],[5.377,43.265],[5.343,43.35],[5.258,43.332],[5.035,43.333],[4.965,43.422],[4.849,43.403],[4.881,43.374],[4.838,43.339],[4.609,43.343],[4.581,43.371],[4.608,43.413],[4.56,43.443],[4.429,43.439],[4.183,43.462],[4.134,43.536],[4.072,43.555],[3.973,43.538],[3.87,43.49],[3.802,43.439],[3.675,43.398],[3.539,43.282],[3.462,43.298],[3.357,43.277],[3.244,43.216],[3.155,43.137],[3.093,43.061],[3.051,42.944],[3.067,42.921],[3.051,42.775],[3.054,42.592],[3.066,42.56],[3.181,42.449],[3.175,42.362],[3.312,42.318],[3.26,42.237],[3.177,42.261],[3.135,42.234],[3.135,42.134],[3.226,42.062],[3.192,42.024],[3.237,41.962],[3.207,41.897],[3.095,41.825],[3.047,41.767],[2.955,41.722],[2.802,41.678],[2.749,41.634],[2.587,41.583],[2.417,41.505],[2.344,41.487],[2.269,41.438],[2.167,41.317],[2.116,41.285],[1.662,41.2],[1.538,41.187],[1.397,41.126],[1.218,41.106],[1.167,41.055],[1.13,41.077],[0.991,41.038],[0.702,40.802],[0.749,40.763],[0.777,40.8],[0.816,40.756],[0.897,40.717],[0.782,40.662],[0.694,40.571],[0.616,40.574],[0.712,40.6],[0.742,40.641],[0.595,40.622],[0.511,40.534],[0.389,40.341],[0.201,40.187],[0.148,40.091],[0.058,40.048],[0.017,39.98],[-0.006,39.895],[-0.081,39.851],[-0.205,39.707],[-0.327,39.495],[-0.337,39.383],[-0.232,39.176],[-0.254,39.154],[-0.227,39.078],[-0.152,38.961],[-0.067,38.888],[0.122,38.845],[0.196,38.801],[0.23,38.724],[0.19,38.728],[0.154,38.681],[0.091,38.674],[0.079,38.635],[-0.003,38.633],[-0.071,38.576],[-0.108,38.623],[-0.152,38.574],[-0.287,38.544],[-0.344,38.498],[-0.5,38.498],[-0.631,38.594],[-0.677,38.576],[-0.671,38.509],[-0.816,38.506],[-0.823,38.582],[-0.779,38.547],[-0.699,38.548],[-0.737,38.633],[-0.646,38.656],[-0.583,38.591],[-0.42,38.603],[-0.381,38.666],[-0.277,38.65],[-0.179,38.706],[-0.179,38.74],[-0.24,38.807],[-0.341,38.825],[-0.495,38.806],[-0.56,38.775],[-0.65,38.801],[-0.666,38.827],[-0.617,38.878],[-0.653,38.881],[-0.82,38.822],[-0.867,38.837],[-0.788,38.919],[-0.812,39.019],[-0.875,39.11],[-0.875,39.199],[-0.942,39.287],[-1.101,39.253],[-1.07,39.166],[-1.027,39.214],[-0.983,39.215],[-0.95,39.153],[-1.049,39.104],[-1.14,39.172],[-1.243,39.184],[-1.23,39.223],[-1.154,39.246],[-1.186,39.275],[-1.448,39.346],[-1.509,39.393],[-1.58,39.417],[-1.544,39.498],[-1.5,39.498],[-1.487,39.427],[-1.434,39.409],[-1.288,39.418],[-1.147,39.359],[-1.076,39.302],[-1.0,39.325],[-1.0,39.394],[-0.939,39.386],[-0.881,39.413],[-0.825,39.485],[-0.818,39.537],[-0.884,39.577],[-0.982,39.525],[-1.047,39.538],[-1.0,39.58],[-1.023,39.672],[-0.927,39.681],[-0.832,39.608],[-0.801,39.67],[-0.696,39.644],[-0.626,39.667],[-0.581,39.652],[-0.497,39.687],[-0.596,39.744],[-0.534,39.809],[-0.588,39.88],[-0.585,39.922],[-0.484,39.948],[-0.439,39.998],[-0.5,39.998],[-0.581,40.07],[-0.542,40.111],[-0.486,40.088],[-0.405,40.128],[-0.355,40.106],[-0.304,40.151],[-0.216,40.166],[-0.236,40.227],[-0.175,40.292],[-0.106,40.292],[-0.076,40.361],[-0.021,40.386],[0.013,40.454],[0.086,40.478],[0.079,40.53],[-0.0,40.509],[-0.0,40.567],[0.082,40.576],[0.113,40.604],[0.057,40.63],[0.178,40.665],[0.171,40.703],[0.231,40.738],[0.237,40.795],[0.296,40.867],[0.233,40.922],[0.24,40.974],[0.211,41.082],[0.296,41.132],[0.369,41.203],[0.399,41.198],[0.539,41.281],[0.66,41.294],[0.812,41.296],[0.935,41.331],[1.079,41.41],[1.21,41.449],[1.317,41.44],[1.442,41.399],[1.511,41.409],[1.697,41.53],[1.819,41.645],[1.966,41.708],[2.038,41.827],[2.014,41.836],[2.033,41.907],[1.983,41.951],[1.739,42.02],[1.6,42.022],[1.506,41.959],[1.473,41.985],[1.478,42.05],[1.446,42.078],[1.473,42.118],[1.564,42.124],[1.575,42.16],[1.635,42.148],[1.721,42.176],[1.713,42.104],[1.758,42.088],[1.819,42.124],[1.794,42.239],[1.87,42.255],[2.185,42.249],[2.32,42.267],[2.382,42.294],[2.5,42.287],[2.5,42.35],[2.577,42.341],[2.606,42.391],[2.5,42.387],[2.5,42.422],[2.63,42.524],[2.532,42.577],[2.453,42.586],[2.403,42.549],[2.263,42.53],[2.248,42.594],[2.339,42.619],[2.307,42.651],[2.324,42.691],[2.39,42.712],[2.435,42.785],[2.351,42.809],[2.329,42.767],[2.257,42.816],[2.238,42.766],[2.184,42.789],[2.099,42.765],[2.168,42.836],[2.077,42.846],[2.0,42.818],[2.0,42.863],[2.113,42.874],[2.128,42.891],[2.18,42.898],[2.197,42.971],[2.13,43.052],[2.12,43.109],[2.169,43.156],[2.333,43.215],[2.336,43.257],[2.18,43.282],[1.973,43.393],[2.0,43.421],[2.042,43.389],[2.238,43.374],[2.318,43.393],[2.44,43.381],[2.574,43.387],[2.784,43.45],[2.69,43.465],[2.689,43.529],[2.578,43.516],[2.507,43.543],[2.545,43.59],[2.669,43.596],[2.676,43.62],[2.553,43.621],[2.525,43.658],[2.614,43.717],[2.626,43.751],[2.524,43.812],[2.526,43.848],[2.617,43.851],[2.607,43.931],[2.648,43.987],[2.553,43.979],[2.531,43.932],[2.448,43.937],[2.311,43.925],[2.249,43.933],[2.267,43.966],[2.453,43.964],[2.558,44.023],[2.74,44.069],[2.64,44.092],[2.583,44.24],[2.629,44.303],[2.582,44.354],[2.458,44.372],[2.403,44.394],[2.394,44.435],[2.509,44.498],[2.777,44.498],[3.018,44.447],[3.196,44.451],[3.264,44.54],[3.251,44.561],[3.321,44.605],[3.363,44.603],[3.379,44.545],[3.579,44.558],[3.708,44.59],[3.801,44.556],[3.607,44.471],[3.552,44.395],[3.58,44.28],[3.554,44.232],[3.447,44.164],[3.423,44.093],[3.366,44.031],[3.403,43.991],[3.605,43.998],[3.651,44.084],[3.765,44.056],[3.799,44.071],[3.705,44.164],[3.822,44.205],[3.905,44.183],[3.938,44.199],[3.893,44.26],[3.969,44.282],[3.984,44.36],[4.057,44.37],[4.09,44.438],[4.229,44.547],[4.34,44.68],[4.539,44.748],[4.509,44.817],[4.53,44.903],[4.625,44.902],[4.683,44.944],[4.675,45.038],[4.743,45.121],[4.718,45.159],[4.746,45.245],[4.684,45.43],[4.733,45.498],[4.8,45.498],[4.785,45.566],[4.805,45.604],[4.881,45.518],[4.77,45.414],[4.768,45.384],[4.854,45.103],[4.898,45.083],[5.025,45.069],[5.157,45.083],[5.078,44.996],[5.102,44.953],[5.202,44.998],[5.155,44.921]]]]}},{"type":"Feature","properties":{"id":800,"n":"Northwest Iberian montane forests","b":12},"geometry":{"type":"MultiPolygon","coordinates":[[[[-7.378,39.415],[-7.249,39.403],[-7.227,39.361],[-7.216,39.254],[-7.313,39.179],[-7.334,39.159],[-7.539,39.256],[-7.511,39.316],[-7.378,39.415]]],[[[-5.185,39.638],[-5.174,39.583],[-5.207,39.466],[-5.414,39.397],[-5.591,39.391],[-5.628,39.436],[-5.592,39.485],[-5.476,39.525],[-5.281,39.65],[-5.185,39.638]]],[[[-4.86,39.678],[-4.616,39.7],[-4.489,39.683],[-4.233,39.581],[-4.235,39.487],[-4.276,39.479],[-4.425,39.513],[-4.492,39.562],[-4.626,39.594],[-4.848,39.623],[-4.86,39.678]]],[[[-7.443,39.894],[-7.517,39.892],[-7.579,39.932],[-7.589,39.989],[-7.53,40.101],[-7.616,40.159],[-7.69,40.153],[-7.858,40.069],[-7.934,40.08],[-8.012,40.147],[-8.006,40.206],[-7.96,40.256],[-7.888,40.415],[-7.732,40.508],[-7.598,40.575],[-7.55,40.62],[-7.517,40.737],[-7.53,40.796],[-7.619,40.895],[-7.66,40.979],[-7.635,41.036],[-7.453,41.0],[-7.383,41.027],[-7.193,40.918],[-7.174,40.892],[-7.206,40.774],[-7.199,40.716],[-7.142,40.676],[-7.065,40.654],[-6.945,40.653],[-6.875,40.683],[-6.738,40.583],[-6.758,40.439],[-6.718,40.387],[-6.563,40.413],[-6.442,40.416],[-6.342,40.465],[-6.33,40.522],[-6.365,40.575],[-6.632,40.836],[-6.621,40.893],[-6.551,40.967],[-6.53,41.082],[-6.365,41.214],[-6.29,41.23],[-6.182,41.187],[-6.084,41.092],[-6.067,41.033],[-6.168,40.944],[-6.243,40.929],[-6.36,40.954],[-6.397,40.944],[-6.419,40.888],[-6.382,40.803],[-6.291,40.704],[-6.177,40.622],[-6.065,40.586],[-5.986,40.581],[-5.79,40.619],[-5.686,40.584],[-5.682,40.49],[-5.637,40.451],[-5.441,40.407],[-5.295,40.501],[-5.174,40.62],[-5.055,40.63],[-4.947,40.545],[-4.836,40.513],[-4.745,40.415],[-4.673,40.39],[-4.553,40.378],[-4.505,40.332],[-4.544,40.281],[-4.661,40.26],[-4.695,40.271],[-4.852,40.247],[-5.133,40.139],[-5.407,40.1],[-5.521,40.074],[-5.775,39.986],[-5.85,39.987],[-5.938,40.048],[-5.929,40.106],[-5.878,40.189],[-5.883,40.244],[-5.938,40.326],[-5.942,40.415],[-6.052,40.443],[-6.117,40.374],[-6.122,40.285],[-6.208,40.225],[-6.346,40.167],[-6.606,40.092],[-6.762,40.081],[-6.95,40.13],[-7.037,40.122],[-7.104,40.093],[-7.27,39.965],[-7.335,39.931],[-7.443,39.894]]],[[[-2.901,42.503],[-2.848,42.433],[-2.875,42.361],[-2.808,42.335],[-2.744,42.35],[-2.708,42.39],[-2.568,42.385],[-2.269,42.302],[-2.188,42.304],[-2.116,42.231],[-2.228,42.216],[-2.056,42.171],[-1.996,42.19],[-1.935,42.145],[-2.017,42.104],[-2.09,42.095],[-2.048,42.044],[-2.006,42.044],[-1.991,41.998],[-2.068,41.949],[-2.151,41.957],[-2.291,41.996],[-2.371,41.988],[-2.435,41.938],[-2.528,41.966],[-2.588,41.912],[-2.743,41.876],[-2.948,41.871],[-2.985,41.813],[-3.224,41.843],[-3.336,41.93],[-3.413,42.036],[-3.483,42.067],[-3.515,42.049],[-3.605,42.108],[-3.771,42.1],[-3.835,42.067],[-3.864,41.983],[-3.981,41.956],[-4.186,41.859],[-4.205,41.802],[-4.146,41.766],[-4.063,41.766],[-3.917,41.82],[-3.847,41.798],[-3.86,41.771],[-3.961,41.719],[-4.107,41.666],[-4.509,41.609],[-4.589,41.62],[-4.628,41.668],[-4.6,41.755],[-4.603,41.814],[-4.456,42.026],[-4.463,42.115],[-4.537,42.187],[-4.655,42.209],[-4.736,42.197],[-4.886,42.147],[-5.005,42.126],[-5.146,42.186],[-5.255,42.275],[-5.397,42.418],[-5.331,42.489],[-5.375,42.539],[-5.458,42.54],[-5.556,42.574],[-5.577,42.694],[-5.639,42.693],[-5.658,42.633],[-5.652,42.514],[-5.7,42.384],[-5.77,42.364],[-5.805,42.417],[-5.763,42.564],[-5.802,42.612],[-5.88,42.599],[-5.905,42.542],[-5.919,42.394],[-5.958,42.371],[-6.069,42.4],[-6.121,42.354],[-6.135,42.237],[-6.05,42.171],[-6.081,42.09],[-6.212,41.976],[-6.191,41.919],[-5.928,41.836],[-5.897,41.785],[-5.999,41.746],[-6.159,41.769],[-6.198,41.723],[-6.133,41.648],[-6.269,41.536],[-6.36,41.371],[-6.432,41.313],[-6.526,41.328],[-6.716,41.174],[-6.784,41.202],[-6.764,41.256],[-6.71,41.302],[-6.446,41.441],[-6.428,41.466],[-6.483,41.509],[-6.564,41.519],[-6.882,41.466],[-6.957,41.49],[-7.02,41.567],[-7.176,41.598],[-7.247,41.569],[-7.285,41.516],[-7.437,41.487],[-7.438,41.337],[-7.567,41.266],[-7.642,41.197],[-7.723,41.198],[-7.76,41.301],[-7.66,41.396],[-7.638,41.45],[-7.666,41.528],[-7.521,41.668],[-7.512,41.728],[-7.568,41.772],[-7.579,41.829],[-7.631,41.874],[-7.793,41.893],[-7.907,41.894],[-7.943,41.977],[-7.894,42.025],[-7.748,42.079],[-7.585,42.067],[-7.348,42.018],[-7.275,42.043],[-7.259,42.1],[-7.313,42.213],[-7.243,42.292],[-7.331,42.353],[-7.409,42.36],[-7.528,42.329],[-7.656,42.335],[-7.785,42.448],[-7.628,42.536],[-7.465,42.671],[-7.384,42.682],[-7.28,42.636],[-7.235,42.552],[-7.186,42.503],[-7.117,42.474],[-6.999,42.48],[-6.91,42.615],[-6.787,42.733],[-6.643,42.792],[-6.518,42.794],[-6.38,42.725],[-6.301,42.712],[-6.094,42.736],[-5.965,42.81],[-5.888,42.823],[-5.727,42.791],[-5.519,42.789],[-5.319,42.834],[-5.238,42.843],[-5.033,42.811],[-4.951,42.809],[-4.744,42.828],[-4.538,42.804],[-4.395,42.864],[-4.313,42.878],[-4.121,42.766],[-3.956,42.752],[-3.843,42.789],[-3.727,42.771],[-3.613,42.804],[-3.335,42.674],[-3.215,42.647],[-3.097,42.598],[-2.901,42.503]]]]}},{"type":"Feature","properties":{"id":674,"n":"Pannonian mixed forests","b":4},"geometry":{"type":"MultiPolygon","coordinates":[[[[17.049,49.735],[17.119,49.733],[17.142,49.811],[17.187,49.811],[17.219,49.715],[17.176,49.635],[17.031,49.704],[16.898,49.789],[16.868,49.937],[16.921,49.925],[17.008,49.943],[16.985,49.912],[16.936,49.852],[16.945,49.818],[17.049,49.735]]],[[[23.339,45.123],[23.292,45.083],[23.128,45.011],[23.115,44.971],[23.037,44.918],[22.865,44.873],[22.363,44.656],[22.243,44.496],[22.185,44.464],[22.075,44.45],[21.965,44.615],[21.591,44.653],[21.556,44.723],[21.436,44.736],[21.32,44.767],[21.354,44.835],[21.442,44.878],[21.525,44.883],[21.533,44.92],[21.32,44.874],[21.29,44.933],[21.39,45.0],[21.365,45.019],[21.301,44.991],[21.237,44.924],[21.212,44.815],[21.084,44.776],[20.917,44.708],[20.811,44.697],[20.719,44.732],[20.666,44.84],[20.6,44.797],[20.574,44.811],[20.43,44.78],[20.348,44.735],[20.316,44.671],[20.273,44.643],[20.259,44.583],[20.297,44.507],[20.369,44.48],[20.317,44.434],[20.333,44.379],[20.28,44.374],[20.246,44.333],[20.315,44.255],[20.247,44.19],[20.211,44.191],[20.232,44.263],[20.124,44.3],[20.072,44.256],[19.998,44.257],[19.929,44.234],[19.936,44.28],[20.115,44.373],[20.121,44.414],[20.0,44.379],[20.0,44.456],[19.89,44.459],[19.861,44.481],[20.063,44.487],[20.121,44.505],[20.158,44.558],[20.123,44.611],[20.0,44.578],[20.0,44.626],[19.928,44.626],[19.884,44.669],[19.739,44.656],[19.617,44.688],[19.371,44.619],[19.38,44.574],[19.504,44.511],[19.603,44.4],[19.512,44.387],[19.368,44.486],[19.307,44.511],[19.227,44.762],[19.195,44.892],[19.1,45.433],[19.086,45.565],[19.067,46.126],[19.071,46.258],[19.131,46.818],[19.154,46.949],[19.288,47.485],[19.33,47.614],[19.528,48.108],[19.589,48.234],[19.791,48.595],[19.998,48.592],[20.092,48.622],[20.293,48.714],[20.319,48.699],[20.461,48.731],[20.599,48.653],[20.732,48.607],[20.825,48.607],[20.862,48.654],[20.845,48.694],[20.969,48.712],[21.059,48.747],[21.157,48.839],[21.136,48.876],[21.006,48.821],[20.969,48.855],[21.002,48.892],[20.816,48.924],[20.819,48.963],[20.869,48.978],[20.876,49.036],[20.956,49.066],[20.941,49.137],[20.873,49.143],[20.829,49.194],[20.914,49.213],[21.042,49.176],[21.12,49.103],[21.216,49.121],[21.225,49.245],[21.275,49.275],[21.319,49.175],[21.35,49.155],[21.392,49.201],[21.332,49.29],[21.362,49.325],[21.468,49.286],[21.497,49.192],[21.561,49.168],[21.594,49.229],[21.517,49.298],[21.614,49.304],[21.663,49.176],[21.677,49.074],[21.724,49.058],[21.794,49.227],[21.845,49.257],[21.911,49.226],[21.917,49.181],[21.976,49.077],[21.977,48.977],[22.064,49.011],[22.135,48.984],[22.272,49.003],[22.405,48.991],[22.464,48.945],[22.307,48.861],[22.266,48.808],[22.306,48.745],[22.46,48.758],[22.592,48.668],[22.831,48.633],[22.963,48.573],[23.025,48.501],[23.173,48.458],[23.25,48.414],[23.293,48.361],[23.397,48.338],[23.432,48.283],[23.561,48.246],[23.606,48.167],[23.607,48.102],[23.476,48.035],[23.423,48.035],[23.305,48.09],[23.246,48.076],[23.233,48.032],[23.268,48.002],[23.436,47.975],[23.5,47.952],[23.5,47.815],[23.438,47.808],[23.434,47.774],[23.482,47.725],[23.651,47.724],[23.721,47.691],[23.735,47.648],[23.793,47.639],[23.793,47.536],[23.754,47.512],[23.591,47.482],[23.622,47.458],[23.762,47.48],[23.855,47.446],[23.834,47.421],[23.741,47.393],[23.87,47.344],[23.973,47.266],[24.075,47.258],[24.162,47.294],[24.29,47.275],[24.346,47.308],[24.484,47.283],[24.604,47.295],[24.667,47.374],[24.746,47.412],[24.826,47.363],[24.828,47.334],[24.748,47.282],[24.785,47.244],[24.84,47.251],[24.859,47.205],[24.741,47.115],[24.73,47.072],[24.785,47.01],[24.891,46.985],[24.927,46.911],[24.912,46.84],[24.976,46.77],[24.988,46.698],[24.959,46.608],[25.036,46.555],[25.056,46.498],[25.163,46.463],[25.186,46.422],[25.29,46.394],[25.213,46.345],[25.265,46.295],[25.371,46.435],[25.414,46.418],[25.478,46.293],[25.53,46.26],[25.518,46.188],[25.575,46.144],[25.668,46.14],[25.73,46.068],[25.698,46.031],[25.672,45.936],[25.716,45.932],[25.768,45.998],[25.817,45.998],[25.749,45.865],[25.791,45.855],[25.848,45.998],[25.892,45.998],[25.913,45.953],[25.847,45.833],[26.0,45.866],[26.08,45.914],[26.119,45.967],[26.15,46.099],[26.192,46.088],[26.19,46.023],[26.289,46.062],[26.366,46.029],[26.337,45.957],[26.289,45.907],[26.192,45.728],[26.122,45.709],[25.996,45.728],[25.923,45.711],[25.81,45.631],[25.758,45.62],[25.687,45.643],[25.579,45.652],[25.45,45.567],[25.365,45.537],[25.159,45.674],[25.133,45.738],[25.019,45.765],[24.91,45.759],[24.739,45.731],[24.619,45.723],[24.449,45.696],[24.391,45.715],[24.428,45.742],[24.5,45.736],[24.5,45.762],[24.741,45.8],[25.067,45.832],[25.15,45.852],[25.292,45.943],[25.309,46.046],[25.469,46.223],[25.417,46.263],[25.371,46.217],[25.29,46.179],[25.272,46.078],[25.228,46.039],[25.162,46.036],[24.986,46.079],[24.821,46.088],[24.608,46.04],[24.452,45.97],[24.443,45.925],[24.373,45.85],[24.242,45.77],[24.05,45.759],[23.815,45.84],[23.658,45.873],[23.52,45.862],[23.267,45.72],[23.094,45.606],[23.163,45.555],[23.149,45.511],[22.889,45.504],[22.828,45.517],[22.797,45.564],[22.855,45.617],[22.731,45.641],[22.817,45.684],[22.851,45.73],[22.796,45.849],[22.747,45.87],[22.673,45.836],[22.662,45.791],[22.6,45.764],[22.524,45.791],[22.447,45.79],[22.367,45.753],[22.386,45.718],[22.307,45.642],[22.3,45.58],[22.37,45.559],[22.406,45.607],[22.553,45.6],[22.48,45.529],[22.537,45.484],[22.49,45.467],[22.429,45.388],[22.433,45.336],[22.476,45.247],[22.413,45.191],[22.51,45.148],[22.618,45.152],[22.813,45.214],[22.903,45.151],[22.982,45.144],[23.113,45.157],[23.185,45.142],[23.297,45.186],[23.378,45.202],[23.339,45.123]],[[22.626,47.079],[22.622,47.034],[22.719,47.014],[22.744,46.985],[22.69,46.906],[22.6,46.884],[22.541,46.918],[22.5,46.91],[22.5,46.855],[22.563,46.776],[22.583,46.666],[22.642,46.599],[22.647,46.499],[22.63,46.449],[22.673,46.342],[22.79,46.311],[22.824,46.264],[22.901,46.234],[23.339,46.108],[23.459,46.095],[23.48,46.181],[23.571,46.299],[23.573,46.363],[23.466,46.493],[23.376,46.676],[23.308,46.734],[23.059,46.797],[22.98,46.868],[22.952,46.97],[22.971,47.046],[22.858,47.024],[22.626,47.079]]],[[[19.465,44.071],[19.5,44.043],[19.5,43.996],[19.465,44.071]]],[[[14.273,46.308],[14.765,46.204],[14.888,46.204],[14.982,46.232],[15.086,46.232],[15.2,46.213],[15.304,46.213],[15.408,46.242],[15.474,46.365],[15.588,46.469],[15.461,46.593],[15.506,46.619],[15.428,46.652],[15.297,46.646],[15.188,46.72],[15.183,46.815],[15.229,46.882],[15.227,46.967],[15.141,47.024],[15.111,47.077],[15.345,47.151],[15.469,47.113],[15.5,47.131],[15.5,47.23],[15.566,47.257],[15.706,47.274],[15.756,47.246],[15.78,47.192],[15.86,47.243],[15.875,47.286],[15.918,47.264],[15.977,47.397],[16.048,47.376],[16.067,47.423],[16.204,47.386],[16.263,47.417],[16.242,47.462],[16.087,47.491],[16.075,47.519],[15.93,47.546],[15.825,47.631],[15.903,47.655],[15.85,47.69],[16.0,47.72],[16.0,47.817],[16.134,47.843],[16.136,47.88],[16.193,47.984],[16.19,48.08],[16.107,48.091],[16.027,48.158],[15.919,48.105],[15.863,48.097],[15.927,48.21],[15.99,48.252],[16.1,48.271],[16.229,48.318],[16.048,48.32],[15.801,48.274],[15.684,48.292],[15.604,48.362],[15.5,48.397],[15.68,48.43],[15.803,48.429],[15.834,48.501],[15.806,48.62],[15.817,48.679],[15.858,48.703],[16.0,48.687],[16.0,48.807],[16.111,48.87],[16.141,48.937],[16.253,48.951],[16.319,48.918],[16.38,48.998],[16.487,49.002],[16.461,49.046],[16.576,49.113],[16.56,49.159],[16.655,49.188],[16.679,49.264],[16.656,49.306],[16.683,49.368],[16.646,49.475],[16.75,49.448],[16.822,49.471],[16.834,49.505],[16.887,49.504],[16.936,49.436],[16.914,49.391],[16.796,49.371],[16.759,49.33],[16.896,49.274],[16.996,49.316],[16.692,48.888],[16.834,48.619],[17.034,48.122],[17.077,47.993],[17.213,47.453],[17.236,47.321],[17.297,46.757],[17.301,46.625],[17.281,46.059],[17.267,45.927],[17.17,45.381],[17.138,45.251],[16.975,44.745],[16.903,44.572],[16.84,44.446],[16.81,44.422],[16.744,44.451],[16.595,44.666],[16.511,44.734],[16.37,44.803],[16.287,44.811],[16.128,44.757],[16.066,44.722],[16.071,44.691],[16.179,44.53],[16.179,44.47],[16.108,44.456],[16.024,44.524],[15.935,44.659],[15.848,44.859],[15.767,44.963],[15.703,45.004],[15.467,45.079],[15.358,45.129],[15.239,45.216],[15.208,45.362],[15.032,45.448],[14.943,45.448],[14.818,45.423],[14.744,45.455],[14.719,45.507],[14.779,45.58],[14.729,45.627],[14.75,45.647],[14.853,45.597],[14.822,45.637],[14.652,45.75],[14.673,45.788],[14.591,45.863],[14.598,45.922],[14.571,45.954],[14.529,45.933],[14.387,45.951],[14.231,46.047],[14.077,46.047],[14.033,46.098],[14.049,46.138],[14.138,46.214],[14.132,46.253],[14.067,46.31],[14.104,46.374],[14.273,46.308]],[[15.694,45.817],[15.591,45.777],[15.372,45.767],[15.242,45.688],[15.469,45.597],[15.515,45.647],[15.626,45.693],[15.713,45.69],[15.738,45.711],[15.694,45.817]]]]}},{"type":"Feature","properties":{"id":675,"n":"Po Basin mixed forests","b":4},"geometry":{"type":"MultiPolygon","coordinates":[[[[13.246,45.707],[13.306,45.718],[13.303,45.692],[13.246,45.707]]],[[[13.416,45.797],[13.397,45.723],[13.206,45.763],[13.056,45.708],[13.137,45.685],[13.079,45.633],[12.897,45.614],[12.716,45.521],[12.563,45.467],[12.387,45.42],[12.332,45.331],[12.297,45.338],[12.374,45.431],[12.437,45.467],[12.393,45.519],[12.269,45.467],[12.212,45.36],[12.154,45.372],[12.135,45.312],[12.164,45.261],[12.211,45.289],[12.206,45.225],[12.313,45.186],[12.33,45.106],[12.282,45.12],[12.298,45.075],[12.392,45.052],[12.494,44.978],[12.49,44.863],[12.44,44.809],[12.428,44.895],[12.379,44.87],[12.417,44.809],[12.381,44.788],[12.257,44.828],[12.245,44.639],[12.28,44.596],[12.268,44.482],[12.31,44.346],[12.358,44.247],[12.413,44.182],[12.525,44.089],[12.479,44.06],[12.394,44.046],[12.117,44.149],[12.053,44.146],[11.941,44.212],[11.808,44.271],[11.738,44.325],[11.656,44.339],[11.605,44.376],[11.379,44.482],[11.285,44.481],[11.099,44.533],[10.996,44.511],[10.961,44.564],[10.865,44.593],[10.735,44.584],[10.733,44.621],[10.586,44.663],[10.503,44.708],[10.419,44.705],[10.331,44.767],[10.216,44.78],[10.181,44.753],[10.051,44.85],[9.976,44.878],[9.881,44.884],[9.66,44.957],[9.534,44.96],[9.283,45.041],[9.124,45.031],[9.0,44.998],[9.0,44.959],[8.952,44.925],[8.879,44.916],[8.848,44.887],[8.827,44.808],[8.762,44.787],[8.61,44.822],[8.583,44.898],[8.458,44.844],[8.268,44.86],[8.157,44.824],[8.139,44.853],[8.269,44.933],[8.415,44.977],[8.427,45.019],[8.389,45.113],[8.244,45.069],[8.041,45.069],[7.95,45.051],[7.963,44.977],[7.901,44.919],[7.817,44.909],[7.787,44.835],[7.851,44.722],[7.782,44.624],[7.797,44.507],[7.766,44.438],[7.683,44.371],[7.598,44.348],[7.547,44.358],[7.529,44.432],[7.691,44.526],[7.677,44.595],[7.5,44.708],[7.463,44.802],[7.389,44.802],[7.391,44.84],[7.474,44.827],[7.5,44.998],[7.559,45.043],[7.565,45.098],[7.675,45.196],[7.706,45.339],[7.78,45.391],[7.843,45.402],[8.0,45.381],[8.0,45.419],[8.073,45.42],[8.028,45.473],[8.07,45.523],[8.153,45.508],[8.235,45.525],[8.31,45.517],[8.359,45.545],[8.352,45.591],[8.391,45.602],[8.419,45.563],[8.587,45.586],[8.67,45.585],[8.609,45.717],[8.54,45.788],[8.567,45.864],[8.521,45.885],[8.513,45.93],[8.569,45.908],[8.644,45.957],[8.721,46.044],[8.71,46.094],[8.751,46.151],[8.836,46.174],[8.842,46.14],[8.736,46.095],[8.738,45.991],[8.605,45.889],[8.631,45.823],[8.569,45.781],[8.612,45.727],[8.659,45.722],[8.74,45.571],[8.841,45.569],[8.878,45.614],[9.016,45.59],[9.104,45.618],[9.211,45.616],[9.277,45.642],[9.366,45.617],[9.477,45.616],[9.446,45.684],[9.473,45.689],[9.536,45.613],[9.584,45.605],[9.696,45.632],[9.715,45.67],[9.751,45.623],[9.88,45.616],[9.979,45.583],[10.14,45.581],[10.24,45.518],[10.292,45.51],[10.382,45.533],[10.421,45.523],[10.493,45.418],[10.626,45.36],[10.79,45.382],[10.843,45.44],[10.836,45.466],[11.022,45.456],[11.219,45.415],[11.317,45.455],[11.363,45.512],[11.466,45.564],[11.455,45.607],[11.372,45.693],[11.428,45.73],[11.576,45.71],[11.665,45.742],[11.664,45.836],[11.699,45.833],[11.726,45.762],[11.915,45.781],[12.042,45.769],[12.191,45.812],[12.327,45.756],[12.361,45.774],[12.216,45.836],[12.341,45.922],[12.401,45.934],[12.457,46.024],[12.504,46.147],[12.722,46.204],[12.835,46.204],[12.939,46.28],[12.835,46.355],[12.863,46.393],[12.977,46.403],[13.24,46.368],[13.186,46.27],[13.197,46.231],[13.264,46.17],[13.436,46.076],[13.52,45.971],[13.628,45.978],[13.416,45.797]]]]}},{"type":"Feature","properties":{"id":679,"n":"Sarmatic mixed forests","b":4},"geometry":{"type":"MultiPolygon","coordinates":[[[[15.452,56.125],[15.469,56.115],[15.431,56.11],[15.452,56.125]]],[[[15.527,56.13],[15.554,56.111],[15.514,56.115],[15.527,56.13]]],[[[15.401,56.158],[15.429,56.162],[15.435,56.142],[15.401,56.158]]],[[[23.231,57.831],[23.277,57.785],[23.214,57.796],[23.231,57.831]]],[[[18.994,57.887],[19.075,57.852],[18.933,57.775],[18.945,57.738],[18.875,57.722],[18.812,57.754],[18.781,57.732],[18.789,57.662],[18.749,57.628],[18.809,57.575],[18.761,57.491],[18.811,57.455],[18.853,57.465],[18.918,57.429],[18.873,57.393],[18.796,57.384],[18.675,57.305],[18.712,57.277],[18.635,57.232],[18.572,57.438],[18.489,57.839],[18.592,57.862],[18.614,57.897],[18.725,57.934],[18.764,57.839],[18.836,57.891],[18.831,57.934],[19.002,57.934],[18.994,57.887]]],[[[19.302,57.985],[19.356,57.962],[19.279,57.941],[19.224,57.952],[19.135,57.917],[19.165,57.896],[19.107,57.856],[19.03,57.926],[19.084,57.983],[19.222,57.973],[19.302,57.985]]],[[[23.987,58.152],[24.034,58.124],[23.973,58.11],[23.987,58.152]]],[[[22.506,58.177],[22.542,58.162],[22.514,58.134],[22.506,58.177]]],[[[22.803,58.615],[22.936,58.609],[23.11,58.543],[23.124,58.512],[23.293,58.478],[23.33,58.443],[23.151,58.468],[23.146,58.425],[23.087,58.411],[23.088,58.377],[22.968,58.347],[22.93,58.3],[22.838,58.293],[22.833,58.267],[22.717,58.283],[22.756,58.235],[22.736,58.212],[22.655,58.222],[22.626,58.255],[22.517,58.211],[22.479,58.245],[22.271,58.183],[22.266,58.119],[22.199,58.037],[22.215,57.993],[22.113,57.949],[22.068,57.901],[22.003,57.926],[21.976,57.966],[22.012,58.025],[22.06,58.031],[22.073,58.071],[22.151,58.07],[22.232,58.135],[22.053,58.185],[22.054,58.21],[21.973,58.253],[21.966,58.23],[21.875,58.249],[21.819,58.287],[21.93,58.319],[21.935,58.356],[22.018,58.366],[21.948,58.395],[21.879,58.468],[21.9,58.514],[22.021,58.496],[22.1,58.414],[22.121,58.484],[22.243,58.528],[22.244,58.488],[22.292,58.487],[22.3,58.562],[22.507,58.584],[22.553,58.623],[22.625,58.582],[22.736,58.567],[22.803,58.615]]],[[[23.391,58.575],[23.399,58.531],[23.358,58.519],[23.267,58.541],[23.231,58.519],[23.155,58.574],[23.08,58.572],[23.062,58.601],[23.131,58.623],[23.13,58.655],[23.201,58.676],[23.328,58.648],[23.391,58.575]]],[[[22.783,58.783],[22.874,58.812],[22.806,58.761],[22.783,58.783]]],[[[23.361,59.011],[23.389,58.963],[23.252,58.97],[23.167,58.954],[23.127,58.999],[23.176,59.037],[23.27,59.01],[23.361,59.011]]],[[[22.707,58.994],[22.944,58.972],[22.962,58.914],[23.01,58.898],[23.062,58.835],[22.955,58.843],[22.915,58.818],[22.868,58.837],[22.719,58.783],[22.735,58.764],[22.649,58.696],[22.48,58.69],[22.45,58.829],[22.359,58.888],[22.241,58.874],[22.14,58.887],[22.037,58.92],[22.053,58.94],[22.385,58.938],[22.493,58.979],[22.486,59.019],[22.582,59.034],[22.588,59.073],[22.695,59.065],[22.707,58.994]]],[[[18.447,59.123],[18.503,59.109],[18.443,59.064],[18.447,59.123]]],[[[18.674,59.194],[18.709,59.219],[18.73,59.193],[18.674,59.194]]],[[[18.503,59.211],[18.462,59.234],[18.468,59.274],[18.578,59.247],[18.503,59.211]]],[[[18.657,59.294],[18.645,59.257],[18.551,59.275],[18.657,59.294]]],[[[18.722,59.264],[18.762,59.307],[18.776,59.259],[18.722,59.264]]],[[[23.9,59.342],[23.954,59.302],[23.885,59.32],[23.9,59.342]]],[[[23.972,59.35],[24.03,59.305],[23.977,59.312],[23.972,59.35]]],[[[18.739,59.318],[18.633,59.383],[18.731,59.38],[18.739,59.318]]],[[[18.888,59.45],[18.887,59.417],[18.837,59.423],[18.888,59.45]]],[[[18.731,59.485],[18.79,59.488],[18.738,59.475],[18.731,59.485]]],[[[18.64,59.486],[18.576,59.469],[18.544,59.433],[18.515,59.485],[18.589,59.536],[18.68,59.559],[18.739,59.541],[18.64,59.486]]],[[[24.517,59.587],[24.557,59.536],[24.475,59.557],[24.517,59.587]]],[[[25.014,59.629],[25.06,59.614],[25.018,59.606],[25.014,59.629]]],[[[18.956,59.649],[18.98,59.624],[18.874,59.603],[18.956,59.649]]],[[[18.879,59.648],[18.941,59.656],[18.845,59.603],[18.792,59.597],[18.879,59.648]]],[[[21.651,59.831],[21.588,59.809],[21.614,59.839],[21.651,59.831]]],[[[18.89,59.792],[18.954,59.858],[19.001,59.81],[18.98,59.781],[18.89,59.792]]],[[[22.468,59.874],[22.527,59.865],[22.441,59.854],[22.468,59.874]]],[[[20.852,59.929],[20.957,59.929],[20.919,59.905],[20.852,59.929]]],[[[20.944,59.968],[21.031,59.953],[20.976,59.948],[20.944,59.968]]],[[[21.775,59.978],[21.753,59.951],[21.736,59.976],[21.775,59.978]]],[[[30.37,59.929],[30.444,59.913],[30.477,59.877],[30.581,59.825],[30.778,59.783],[30.87,59.83],[30.971,59.792],[30.946,59.694],[30.869,59.689],[30.853,59.759],[30.642,59.731],[30.502,59.704],[30.34,59.689],[30.162,59.544],[30.275,59.494],[30.436,59.442],[30.455,59.356],[30.356,59.362],[30.268,59.338],[30.223,59.275],[30.164,59.261],[30.097,59.31],[30.097,59.346],[30.2,59.419],[30.185,59.466],[30.085,59.523],[29.859,59.523],[29.747,59.506],[29.718,59.48],[29.758,59.433],[29.657,59.413],[29.494,59.423],[29.392,59.416],[29.26,59.448],[29.195,59.431],[29.157,59.361],[29.091,59.324],[28.959,59.329],[28.844,59.316],[28.732,59.353],[28.551,59.378],[28.275,59.45],[28.252,59.387],[28.421,59.377],[28.523,59.335],[28.365,59.327],[28.283,59.306],[28.221,59.324],[28.224,59.272],[28.173,59.282],[28.142,59.226],[28.085,59.282],[27.999,59.256],[27.999,59.23],[27.9,59.148],[27.872,59.098],[27.925,59.076],[28.089,59.122],[28.124,59.103],[28.065,58.996],[28.092,58.946],[28.222,58.857],[28.375,58.73],[28.538,58.733],[28.559,58.783],[28.61,58.819],[28.599,58.884],[28.648,58.894],[28.736,58.845],[28.82,58.866],[28.77,58.928],[28.793,59.004],[28.873,59.003],[28.903,58.896],[29.03,58.873],[29.232,58.858],[29.357,58.819],[29.22,58.738],[29.196,58.689],[29.323,58.681],[29.434,58.716],[29.601,58.741],[29.624,58.768],[29.595,58.832],[29.553,58.861],[29.688,58.887],[29.687,58.942],[29.561,59.024],[29.539,59.054],[29.579,59.081],[29.724,59.081],[29.771,59.054],[29.777,59.002],[29.835,58.919],[29.978,58.838],[29.856,58.807],[29.802,58.749],[29.819,58.691],[29.875,58.658],[30.032,58.718],[30.085,58.787],[30.235,58.868],[30.357,58.894],[30.447,58.931],[30.509,58.981],[30.601,59.0],[30.675,58.982],[30.657,58.908],[30.524,58.851],[30.22,58.799],[30.182,58.755],[30.239,58.695],[30.153,58.669],[30.149,58.607],[30.275,58.545],[30.425,58.528],[30.508,58.568],[30.57,58.673],[30.657,58.697],[30.727,58.665],[30.707,58.63],[30.608,58.568],[30.653,58.534],[30.769,58.536],[30.821,58.492],[30.77,58.415],[30.787,58.375],[30.927,58.375],[31.136,58.483],[31.195,58.498],[31.427,58.523],[31.402,58.558],[31.442,58.636],[31.64,58.744],[31.681,58.781],[31.831,58.8],[31.932,58.74],[32.099,58.716],[32.129,58.656],[32.06,58.652],[31.959,58.681],[31.836,58.666],[31.838,58.647],[32.146,58.607],[32.13,58.574],[32.26,58.547],[32.295,58.486],[32.409,58.464],[32.518,58.557],[32.571,58.557],[32.729,58.431],[32.328,58.306],[31.88,58.193],[31.549,58.125],[31.502,57.783],[31.37,57.794],[31.219,57.882],[31.111,57.897],[31.023,57.858],[30.608,57.804],[30.5,57.724],[30.343,57.673],[30.241,57.719],[30.175,57.704],[30.133,57.641],[30.119,57.538],[30.015,57.468],[30.015,57.412],[29.944,57.31],[30.002,57.293],[30.076,57.353],[30.125,57.302],[30.24,57.261],[30.316,57.34],[30.373,57.36],[30.423,57.329],[30.38,57.27],[30.314,57.258],[30.318,57.207],[30.239,57.162],[30.279,57.14],[30.355,57.159],[30.438,57.113],[30.544,57.145],[30.638,57.209],[30.677,57.195],[30.688,57.134],[30.793,57.228],[30.928,57.282],[30.965,57.337],[31.033,57.362],[31.224,57.338],[31.246,57.379],[31.18,57.368],[31.171,57.423],[31.254,57.455],[31.298,57.514],[31.347,57.667],[31.396,57.699],[31.43,57.677],[31.431,57.619],[31.392,57.558],[31.38,57.432],[31.424,57.422],[31.396,57.333],[31.293,57.311],[31.278,57.284],[31.373,57.258],[31.279,56.97],[31.159,56.672],[31.015,56.385],[30.945,56.258],[30.636,55.779],[30.543,55.656],[30.218,55.277],[30.104,55.159],[29.783,54.863],[29.649,54.752],[29.342,54.522],[29.188,54.418],[28.899,54.239],[28.728,54.144],[28.456,54.005],[28.269,53.919],[28.014,53.811],[27.696,53.694],[27.629,53.757],[27.679,53.808],[27.596,53.922],[27.514,53.981],[27.369,54.019],[27.248,53.977],[27.301,53.932],[27.48,53.86],[27.556,53.796],[27.526,53.719],[27.391,53.681],[27.276,53.602],[27.21,53.602],[26.962,53.669],[26.834,53.733],[26.745,53.829],[26.757,53.863],[26.691,53.873],[26.747,53.929],[26.743,53.976],[26.656,53.984],[26.598,54.016],[26.447,54.028],[26.336,53.99],[26.292,53.893],[26.228,53.873],[26.204,54.034],[26.149,54.074],[26.191,54.179],[26.171,54.288],[26.131,54.342],[26.051,54.348],[26.014,54.38],[25.904,54.382],[25.737,54.351],[25.712,54.379],[25.636,54.357],[25.632,54.393],[25.572,54.43],[25.437,54.454],[25.342,54.494],[25.26,54.45],[25.203,54.46],[25.06,54.54],[24.958,54.554],[24.946,54.611],[24.843,54.677],[24.833,54.736],[24.998,54.728],[25.022,54.76],[24.941,54.816],[24.925,54.885],[24.837,54.889],[24.835,54.802],[24.797,54.814],[24.69,54.897],[24.642,54.901],[24.438,54.993],[24.479,55.023],[24.472,55.138],[24.39,55.15],[24.334,55.031],[24.251,55.013],[24.218,55.055],[24.079,55.13],[23.997,55.155],[23.855,55.172],[23.554,55.263],[23.394,55.268],[23.194,55.324],[22.975,55.374],[22.705,55.42],[22.551,55.411],[22.466,55.373],[22.244,55.325],[22.063,55.303],[21.858,55.327],[21.712,55.369],[21.568,55.448],[21.524,55.509],[21.527,55.551],[21.589,55.628],[21.574,55.651],[21.385,55.661],[21.249,55.71],[21.215,55.776],[21.232,55.835],[21.291,55.935],[21.223,55.932],[21.218,56.005],[21.174,56.002],[21.066,55.92],[21.012,55.924],[21.003,56.093],[20.944,56.209],[20.96,56.294],[20.948,56.351],[20.963,56.479],[20.949,56.533],[21.017,56.724],[21.009,56.835],[21.033,56.866],[21.263,56.969],[21.369,57.059],[21.362,57.177],[21.378,57.282],[21.453,57.36],[21.619,57.482],[21.666,57.56],[21.869,57.603],[21.967,57.602],[22.14,57.634],[22.289,57.685],[22.572,57.763],[22.597,57.754],[22.572,57.655],[22.668,57.573],[22.827,57.507],[23.001,57.393],[23.124,57.368],[23.186,57.304],[23.204,57.223],[23.285,57.082],[23.368,57.048],[23.475,57.032],[23.542,56.979],[23.748,56.968],[23.942,57.004],[24.053,57.071],[24.196,57.124],[24.366,57.233],[24.394,57.29],[24.392,57.387],[24.353,57.567],[24.374,57.601],[24.339,57.711],[24.331,57.862],[24.428,57.992],[24.5,58.061],[24.467,58.174],[24.497,58.245],[24.562,58.276],[24.598,58.33],[24.522,58.37],[24.421,58.383],[24.311,58.366],[24.283,58.273],[24.199,58.267],[24.127,58.236],[24.035,58.299],[23.867,58.348],[23.767,58.334],[23.67,58.438],[23.687,58.517],[23.597,58.537],[23.574,58.57],[23.517,58.555],[23.528,58.596],[23.502,58.683],[23.571,58.724],[23.664,58.739],[23.801,58.717],[23.845,58.738],[23.782,58.773],[23.6,58.778],[23.462,58.763],[23.512,58.837],[23.421,58.898],[23.433,58.928],[23.671,58.956],[23.644,59.009],[23.592,59.013],[23.56,58.961],[23.448,58.975],[23.414,59.053],[23.504,59.051],[23.541,59.08],[23.484,59.163],[23.477,59.21],[23.581,59.21],[23.656,59.233],[23.744,59.224],[23.74,59.261],[23.83,59.281],[23.896,59.261],[24.041,59.278],[24.121,59.262],[24.124,59.309],[24.055,59.343],[24.066,59.375],[24.197,59.331],[24.263,59.36],[24.197,59.381],[24.35,59.423],[24.336,59.451],[24.399,59.465],[24.526,59.425],[24.567,59.449],[24.67,59.429],[24.665,59.462],[24.724,59.479],[24.738,59.448],[24.808,59.441],[24.838,59.469],[24.789,59.542],[24.891,59.54],[24.947,59.481],[25.02,59.5],[25.152,59.469],[25.234,59.498],[25.443,59.481],[25.567,59.53],[25.523,59.589],[25.637,59.588],[25.673,59.547],[25.722,59.578],[25.681,59.614],[25.693,59.656],[25.777,59.64],[25.783,59.575],[25.851,59.554],[25.868,59.602],[25.977,59.574],[25.978,59.619],[26.045,59.62],[26.108,59.579],[26.265,59.576],[26.503,59.514],[26.582,59.55],[26.646,59.54],[26.9,59.446],[27.005,59.423],[27.394,59.433],[27.596,59.407],[27.735,59.407],[27.85,59.39],[27.961,59.408],[28.049,59.474],[28.091,59.59],[28.035,59.643],[28.029,59.716],[28.11,59.779],[28.216,59.749],[28.241,59.677],[28.386,59.651],[28.443,59.702],[28.456,59.812],[28.543,59.847],[28.576,59.82],[28.662,59.807],[28.722,59.77],[28.806,59.797],[28.829,59.774],[29.006,59.809],[29.068,59.881],[29.041,59.907],[29.128,59.979],[29.541,59.951],[29.783,59.916],[30.094,59.844],[30.195,59.843],[30.27,59.868],[30.293,59.902],[30.37,59.929]],[[29.424,58.594],[29.198,58.621],[29.083,58.626],[28.963,58.586],[28.846,58.435],[28.804,58.405],[28.704,58.408],[28.548,58.394],[28.42,58.409],[28.349,58.358],[28.376,58.309],[28.584,58.207],[28.601,58.142],[28.575,58.062],[28.603,58.03],[28.415,58.009],[28.44,57.954],[28.381,57.928],[28.459,57.885],[28.51,57.817],[28.572,57.81],[28.775,57.862],[28.856,57.913],[28.956,57.942],[28.993,57.993],[28.815,58.039],[28.795,58.064],[28.858,58.08],[29.042,58.079],[29.111,58.116],[29.143,58.179],[29.113,58.212],[28.99,58.264],[28.958,58.296],[28.984,58.346],[29.05,58.374],[29.249,58.392],[29.378,58.381],[29.442,58.434],[29.396,58.469],[29.487,58.455],[29.612,58.483],[29.542,58.538],[29.572,58.584],[29.688,58.615],[29.678,58.643],[29.591,58.642],[29.424,58.594]]],[[[22.526,59.988],[22.568,59.977],[22.528,59.968],[22.526,59.988]]],[[[23.075,59.971],[23.089,59.93],[22.931,59.913],[22.859,59.939],[22.822,59.982],[22.956,59.99],[23.075,59.971]]],[[[29.685,60.027],[29.791,59.998],[29.714,59.996],[29.685,60.027]]],[[[23.014,59.989],[22.992,60.031],[23.097,60.024],[23.092,59.99],[23.014,59.989]]],[[[22.926,60.03],[22.971,60.038],[22.94,60.009],[22.926,60.03]]],[[[20.528,60.012],[20.577,60.048],[20.633,60.017],[20.528,60.012]]],[[[20.535,60.053],[20.528,60.027],[20.494,60.035],[20.535,60.053]]],[[[20.465,60.055],[20.449,60.011],[20.395,60.016],[20.465,60.055]]],[[[22.854,60.03],[22.915,60.041],[22.88,60.014],[22.854,60.03]]],[[[20.199,59.977],[20.127,59.993],[20.102,60.028],[19.997,60.058],[20.071,60.058],[20.119,60.095],[20.238,60.061],[20.199,59.977]]],[[[22.852,60.08],[22.912,60.118],[22.959,60.106],[22.922,60.074],[22.852,60.08]]],[[[20.693,60.127],[20.697,60.101],[20.641,60.126],[20.693,60.127]]],[[[21.847,60.104],[21.832,60.123],[21.893,60.136],[21.847,60.104]]],[[[20.308,60.096],[20.279,60.057],[20.228,60.087],[20.234,60.155],[20.265,60.115],[20.291,60.15],[20.308,60.096]]],[[[21.651,60.104],[21.573,60.101],[21.516,60.142],[21.592,60.175],[21.694,60.165],[21.651,60.104]]],[[[21.339,60.185],[21.476,60.197],[21.404,60.166],[21.339,60.185]]],[[[22.321,60.186],[22.4,60.184],[22.327,60.136],[22.321,60.186]]],[[[21.793,60.142],[21.774,60.118],[21.705,60.135],[21.726,60.187],[21.813,60.201],[21.933,60.181],[21.793,60.142]]],[[[20.256,60.176],[20.344,60.198],[20.281,60.161],[20.256,60.176]]],[[[21.983,60.144],[21.974,60.191],[22.077,60.214],[22.078,60.163],[21.983,60.144]]],[[[20.659,60.199],[20.714,60.211],[20.712,60.181],[20.659,60.199]]],[[[18.702,60.219],[18.761,60.188],[18.702,60.152],[18.702,60.219]]],[[[21.317,60.218],[21.402,60.21],[21.314,60.193],[21.317,60.218]]],[[[21.418,60.218],[21.442,60.235],[21.466,60.21],[21.418,60.218]]],[[[22.19,60.189],[22.256,60.245],[22.317,60.229],[22.252,60.182],[22.19,60.189]]],[[[20.321,60.222],[20.376,60.264],[20.442,60.23],[20.402,60.181],[20.321,60.222]]],[[[21.639,60.235],[21.585,60.207],[21.593,60.251],[21.639,60.235]]],[[[21.453,60.273],[21.447,60.261],[21.391,60.269],[21.453,60.273]]],[[[20.781,60.224],[20.803,60.278],[20.851,60.237],[20.781,60.224]]],[[[22.349,60.236],[22.399,60.288],[22.458,60.292],[22.426,60.245],[22.349,60.236]]],[[[22.867,60.124],[22.772,60.07],[22.793,60.018],[22.713,60.009],[22.564,60.034],[22.468,59.997],[22.374,60.018],[22.365,60.086],[22.473,60.106],[22.416,60.121],[22.471,60.14],[22.598,60.141],[22.415,60.172],[22.481,60.232],[22.481,60.203],[22.856,60.233],[22.919,60.29],[22.975,60.288],[22.846,60.204],[22.867,60.124]]],[[[19.557,60.198],[19.589,60.148],[19.522,60.143],[19.502,60.202],[19.519,60.252],[19.601,60.27],[19.645,60.217],[19.649,60.162],[19.557,60.198]]],[[[21.876,60.29],[21.962,60.294],[21.937,60.265],[21.876,60.29]]],[[[21.011,60.314],[21.018,60.288],[20.976,60.295],[21.011,60.314]]],[[[22.351,60.305],[22.213,60.254],[22.247,60.29],[22.102,60.277],[22.108,60.321],[22.27,60.323],[22.351,60.305]]],[[[21.937,60.307],[22.018,60.327],[22.019,60.299],[21.937,60.307]]],[[[20.74,60.336],[20.809,60.35],[20.735,60.304],[20.74,60.336]]],[[[22.439,60.306],[22.316,60.332],[22.347,60.355],[22.519,60.334],[22.439,60.306]]],[[[22.463,60.367],[22.522,60.368],[22.487,60.345],[22.463,60.367]]],[[[21.292,60.37],[21.348,60.38],[21.309,60.349],[21.292,60.37]]],[[[21.061,60.407],[21.092,60.393],[21.052,60.388],[21.061,60.407]]],[[[21.361,60.383],[21.437,60.41],[21.413,60.358],[21.361,60.383]]],[[[22.219,60.414],[22.247,60.391],[22.174,60.382],[22.219,60.414]]],[[[20.14,60.354],[20.23,60.317],[20.196,60.279],[20.274,60.273],[20.244,60.19],[20.2,60.17],[20.065,60.19],[20.04,60.243],[20.073,60.273],[20.046,60.304],[20.021,60.237],[20.052,60.173],[20.036,60.083],[19.986,60.113],[19.949,60.064],[19.903,60.094],[19.761,60.087],[19.691,60.146],[19.681,60.21],[19.626,60.29],[19.752,60.294],[19.747,60.244],[19.846,60.239],[19.88,60.278],[19.842,60.302],[19.936,60.293],[19.888,60.334],[19.806,60.324],[19.793,60.381],[19.865,60.42],[19.912,60.405],[19.925,60.346],[20.14,60.354]]],[[[21.599,60.435],[21.649,60.419],[21.593,60.4],[21.599,60.435]]],[[[21.076,60.457],[21.121,60.459],[21.091,60.431],[21.076,60.457]]],[[[21.95,60.439],[21.93,60.472],[21.998,60.457],[22.051,60.418],[21.95,60.439]]],[[[22.033,60.349],[21.925,60.344],[21.905,60.367],[21.817,60.376],[21.801,60.411],[21.868,60.419],[21.815,60.454],[21.842,60.477],[21.97,60.413],[21.907,60.399],[22.033,60.349]]],[[[21.708,60.516],[21.757,60.55],[21.775,60.511],[21.694,60.469],[21.708,60.516]]],[[[21.289,60.494],[21.227,60.529],[21.241,60.583],[21.305,60.554],[21.338,60.5],[21.289,60.494]]],[[[21.487,60.497],[21.432,60.496],[21.359,60.533],[21.341,60.57],[21.404,60.588],[21.489,60.552],[21.487,60.497]]],[[[18.814,60.099],[18.81,60.026],[18.866,59.999],[18.938,59.92],[19.067,59.89],[19.061,59.822],[18.993,59.848],[18.891,59.931],[18.805,59.955],[18.916,59.882],[18.913,59.831],[18.854,59.777],[18.7,59.762],[19.054,59.77],[19.073,59.727],[19.021,59.701],[18.928,59.721],[18.88,59.702],[18.705,59.686],[18.745,59.667],[18.668,59.619],[18.684,59.595],[18.508,59.519],[18.538,59.663],[18.627,60.01],[18.663,60.11],[18.743,60.09],[18.814,60.099]]],[[[18.575,59.367],[18.541,59.35],[18.628,59.339],[18.648,59.306],[18.574,59.288],[18.471,59.29],[18.491,59.413],[18.575,59.367]]],[[[18.449,59.152],[18.452,59.174],[18.472,59.167],[18.449,59.152]]],[[[12.933,56.585],[12.833,56.667],[12.739,56.64],[12.655,56.681],[12.605,56.818],[12.483,56.893],[12.338,56.922],[12.343,56.987],[12.243,57.068],[12.19,57.155],[12.106,57.246],[12.1,57.28],[12.404,57.255],[12.865,57.191],[13.325,57.097],[13.587,57.03],[13.785,56.972],[14.057,56.881],[14.244,56.811],[14.529,56.692],[14.702,56.611],[15.0,56.458],[15.159,56.367],[15.485,56.159],[15.394,56.181],[15.348,56.121],[15.297,56.127],[15.298,56.177],[15.207,56.151],[15.067,56.155],[15.048,56.182],[14.935,56.158],[14.869,56.173],[14.736,56.155],[14.673,56.166],[14.516,56.201],[14.307,56.121],[14.178,56.102],[14.003,56.011],[13.939,56.0],[13.89,56.027],[13.749,56.14],[13.494,56.176],[13.461,56.197],[13.26,56.233],[13.123,56.281],[12.925,56.413],[12.922,56.507],[12.933,56.585]]],[[[21.231,60.642],[21.338,60.655],[21.329,60.583],[21.231,60.642]]],[[[21.833,60.766],[22.304,60.675],[22.435,60.636],[22.615,60.562],[22.791,60.459],[22.88,60.419],[23.065,60.367],[23.02,60.329],[22.895,60.306],[22.787,60.25],[22.533,60.219],[22.601,60.241],[22.504,60.25],[22.471,60.278],[22.599,60.348],[22.649,60.393],[22.505,60.379],[22.475,60.411],[22.284,60.388],[22.201,60.442],[22.116,60.396],[22.124,60.467],[22.091,60.448],[22.016,60.465],[21.914,60.549],[21.867,60.543],[21.901,60.489],[21.756,60.479],[21.827,60.531],[21.813,60.582],[21.844,60.641],[21.778,60.591],[21.684,60.631],[21.659,60.514],[21.585,60.494],[21.609,60.532],[21.524,60.58],[21.436,60.6],[21.455,60.637],[21.351,60.683],[21.366,60.715],[21.464,60.709],[21.401,60.773],[21.441,60.784],[21.342,60.82],[21.364,60.884],[21.462,60.891],[21.833,60.766]]],[[[21.263,60.892],[21.332,60.95],[21.264,60.976],[21.318,60.998],[21.406,60.945],[21.351,60.916],[21.36,60.888],[21.263,60.892]]]]}},{"type":"Feature","properties":{"id":717,"n":"Scandinavian and Russian taiga","b":6},"geometry":{"type":"MultiPolygon","coordinates":[[[[31.424,57.422],[31.38,57.432],[31.392,57.558],[31.431,57.619],[31.43,57.677],[31.396,57.699],[31.347,57.667],[31.298,57.514],[31.254,57.455],[31.171,57.423],[31.18,57.368],[31.246,57.379],[31.224,57.338],[31.033,57.362],[30.965,57.337],[30.928,57.282],[30.793,57.228],[30.688,57.134],[30.677,57.195],[30.638,57.209],[30.544,57.145],[30.438,57.113],[30.355,57.159],[30.279,57.14],[30.239,57.162],[30.318,57.207],[30.314,57.258],[30.38,57.27],[30.423,57.329],[30.373,57.36],[30.316,57.34],[30.24,57.261],[30.125,57.302],[30.076,57.353],[30.002,57.293],[29.944,57.31],[30.015,57.412],[30.015,57.468],[30.119,57.538],[30.133,57.641],[30.175,57.704],[30.241,57.719],[30.343,57.673],[30.5,57.724],[30.608,57.804],[31.023,57.858],[31.111,57.897],[31.219,57.882],[31.37,57.794],[31.502,57.783],[31.424,57.422]]],[[[31.373,57.258],[31.278,57.284],[31.293,57.311],[31.396,57.333],[31.373,57.258]]],[[[29.678,58.643],[29.688,58.615],[29.572,58.584],[29.542,58.538],[29.612,58.483],[29.487,58.455],[29.396,58.469],[29.442,58.434],[29.378,58.381],[29.249,58.392],[29.05,58.374],[28.984,58.346],[28.958,58.296],[28.99,58.264],[29.113,58.212],[29.143,58.179],[29.111,58.116],[29.042,58.079],[28.858,58.08],[28.795,58.064],[28.815,58.039],[28.993,57.993],[28.956,57.942],[28.856,57.913],[28.775,57.862],[28.572,57.81],[28.51,57.817],[28.459,57.885],[28.381,57.928],[28.44,57.954],[28.415,58.009],[28.603,58.03],[28.575,58.062],[28.601,58.142],[28.584,58.207],[28.376,58.309],[28.349,58.358],[28.42,58.409],[28.548,58.394],[28.704,58.408],[28.804,58.405],[28.846,58.435],[28.963,58.586],[29.083,58.626],[29.198,58.621],[29.424,58.594],[29.591,58.642],[29.678,58.643]]],[[[27.201,59.87],[27.228,59.847],[27.183,59.846],[27.201,59.87]]],[[[23.705,59.929],[23.624,59.94],[23.414,59.931],[23.415,59.956],[23.511,59.947],[23.581,59.975],[23.766,59.945],[23.705,59.929]]],[[[23.931,59.982],[23.958,59.966],[23.9,59.943],[23.931,59.982]]],[[[27.757,60.017],[27.784,60.033],[27.908,59.994],[27.833,59.978],[27.757,60.017]]],[[[28.31,60.035],[28.352,60.038],[28.355,60.015],[28.31,60.035]]],[[[26.948,60.087],[27.008,60.064],[26.982,60.028],[26.948,60.087]]],[[[25.832,60.22],[25.882,60.217],[25.81,60.191],[25.832,60.22]]],[[[28.545,60.262],[28.618,60.265],[28.739,60.219],[28.719,60.19],[28.565,60.213],[28.545,60.262]]],[[[32.084,60.238],[32.086,60.279],[32.126,60.23],[32.084,60.238]]],[[[28.41,60.282],[28.466,60.296],[28.514,60.231],[28.41,60.282]]],[[[25.585,60.241],[25.607,60.299],[25.692,60.237],[25.585,60.241]]],[[[25.951,60.266],[25.946,60.339],[26.011,60.314],[26.005,60.277],[25.951,60.266]]],[[[26.753,60.36],[26.787,60.346],[26.768,60.338],[26.753,60.36]]],[[[28.421,60.377],[28.451,60.379],[28.537,60.299],[28.509,60.288],[28.421,60.377]]],[[[26.388,60.377],[26.448,60.391],[26.539,60.34],[26.388,60.377]]],[[[27.021,60.398],[27.07,60.39],[27.036,60.366],[27.021,60.398]]],[[[27.02,60.445],[27.028,60.414],[26.998,60.413],[27.02,60.445]]],[[[26.833,60.424],[26.877,60.449],[26.882,60.415],[26.833,60.424]]],[[[28.676,60.398],[28.57,60.426],[28.604,60.452],[28.676,60.398]]],[[[30.625,60.897],[30.611,60.851],[30.567,60.872],[30.625,60.897]]],[[[35.274,61.055],[35.304,61.055],[35.261,61.03],[35.274,61.055]]],[[[35.039,61.096],[35.04,61.082],[35.01,61.09],[35.039,61.096]]],[[[34.954,61.118],[34.977,61.125],[34.975,61.11],[34.954,61.118]]],[[[21.344,61.204],[21.406,61.21],[21.419,61.175],[21.36,61.164],[21.344,61.204]]],[[[21.437,61.227],[21.497,61.244],[21.502,61.211],[21.437,61.227]]],[[[29.949,61.233],[29.925,61.258],[29.98,61.236],[29.949,61.233]]],[[[31.701,61.348],[31.704,61.376],[31.82,61.338],[31.881,61.294],[31.825,61.29],[31.701,61.348]]],[[[31.528,61.363],[31.549,61.398],[31.643,61.354],[31.637,61.299],[31.603,61.3],[31.528,61.363]]],[[[30.235,61.374],[30.269,61.398],[30.35,61.386],[30.235,61.374]]],[[[30.883,61.377],[30.969,61.408],[30.997,61.36],[30.929,61.354],[30.883,61.377]]],[[[30.339,61.48],[30.4,61.464],[30.388,61.457],[30.339,61.48]]],[[[30.551,61.512],[30.614,61.516],[30.577,61.492],[30.551,61.512]]],[[[30.622,61.585],[30.682,61.563],[30.675,61.551],[30.622,61.585]]],[[[30.856,61.709],[30.913,61.688],[30.91,61.644],[30.856,61.709]]],[[[30.831,61.632],[30.721,61.641],[30.747,61.705],[30.804,61.727],[30.793,61.677],[30.831,61.632]]],[[[21.422,61.799],[21.495,61.795],[21.46,61.777],[21.422,61.799]]],[[[34.606,61.999],[34.682,61.943],[34.626,61.939],[34.606,61.999]]],[[[35.069,62.034],[35.144,62.012],[35.129,61.938],[35.077,61.941],[35.069,62.034]]],[[[35.264,61.889],[35.162,61.846],[35.165,61.942],[35.227,62.01],[35.211,62.037],[35.264,62.09],[35.309,62.083],[35.35,61.993],[35.303,61.979],[35.313,61.888],[35.264,61.889]]],[[[21.104,62.565],[21.088,62.525],[21.062,62.557],[21.104,62.565]]],[[[35.219,62.586],[35.246,62.57],[35.213,62.572],[35.219,62.586]]],[[[21.078,62.726],[21.087,62.698],[21.048,62.696],[21.078,62.726]]],[[[21.172,62.863],[21.23,62.845],[21.148,62.828],[21.172,62.863]]],[[[21.205,62.913],[21.239,62.864],[21.173,62.906],[21.205,62.913]]],[[[21.172,62.927],[21.119,62.986],[21.22,62.976],[21.237,62.939],[21.172,62.927]]],[[[21.341,63.021],[21.455,63.07],[21.423,63.005],[21.341,63.021]]],[[[21.979,63.246],[22.01,63.226],[21.945,63.216],[21.979,63.246]]],[[[21.997,63.274],[22.049,63.295],[22.026,63.262],[21.997,63.274]]],[[[21.733,63.301],[21.779,63.272],[21.738,63.259],[21.733,63.301]]],[[[21.684,63.275],[21.689,63.246],[21.64,63.248],[21.684,63.275]]],[[[22.196,63.264],[22.065,63.27],[22.063,63.306],[22.238,63.292],[22.196,63.264]]],[[[22.012,63.35],[21.943,63.323],[21.999,63.373],[22.061,63.378],[22.084,63.348],[22.012,63.35]]],[[[22.729,63.708],[22.732,63.757],[22.838,63.756],[22.814,63.728],[22.729,63.708]]],[[[22.971,63.831],[22.915,63.801],[22.936,63.757],[22.791,63.792],[22.733,63.778],[22.736,63.83],[22.91,63.822],[22.835,63.877],[22.959,63.865],[22.971,63.831]]],[[[35.792,65.009],[35.79,64.963],[35.888,64.959],[35.905,64.923],[35.79,64.887],[35.716,64.964],[35.589,64.975],[35.497,65.05],[35.572,65.078],[35.596,65.06],[35.668,65.092],[35.762,65.099],[35.837,65.078],[35.884,64.988],[35.792,65.009]]],[[[24.986,65.033],[24.811,65.057],[24.857,65.017],[24.833,64.979],[24.713,64.966],[24.596,64.974],[24.567,65.041],[24.644,65.096],[24.81,65.109],[25.039,65.052],[24.986,65.033]]],[[[36.033,65.121],[35.917,65.149],[35.991,65.17],[36.252,65.156],[36.033,65.121]]],[[[23.731,65.614],[23.765,65.571],[23.698,65.58],[23.731,65.614]]],[[[24.505,65.683],[24.588,65.71],[24.574,65.67],[24.505,65.683]]],[[[23.901,65.721],[23.993,65.709],[23.983,65.687],[23.901,65.721]]],[[[23.462,65.753],[23.499,65.715],[23.453,65.731],[23.462,65.753]]],[[[23.735,65.707],[23.689,65.703],[23.643,65.742],[23.772,65.751],[23.735,65.707]]],[[[32.999,66.581],[33.092,66.629],[33.212,66.604],[33.323,66.523],[32.999,66.581]]],[[[32.571,58.557],[32.518,58.557],[32.409,58.464],[32.295,58.486],[32.26,58.547],[32.13,58.574],[32.146,58.607],[31.838,58.647],[31.836,58.666],[31.959,58.681],[32.06,58.652],[32.129,58.656],[32.099,58.716],[31.932,58.74],[31.831,58.8],[31.681,58.781],[31.64,58.744],[31.442,58.636],[31.402,58.558],[31.427,58.523],[31.195,58.498],[31.136,58.483],[30.927,58.375],[30.787,58.375],[30.77,58.415],[30.821,58.492],[30.769,58.536],[30.653,58.534],[30.608,58.568],[30.707,58.63],[30.727,58.665],[30.657,58.697],[30.57,58.673],[30.508,58.568],[30.425,58.528],[30.275,58.545],[30.149,58.607],[30.153,58.669],[30.239,58.695],[30.182,58.755],[30.22,58.799],[30.524,58.851],[30.657,58.908],[30.675,58.982],[30.601,59.0],[30.509,58.981],[30.447,58.931],[30.357,58.894],[30.235,58.868],[30.085,58.787],[30.032,58.718],[29.875,58.658],[29.819,58.691],[29.802,58.749],[29.856,58.807],[29.978,58.838],[29.835,58.919],[29.777,59.002],[29.771,59.054],[29.724,59.081],[29.579,59.081],[29.539,59.054],[29.561,59.024],[29.687,58.942],[29.688,58.887],[29.553,58.861],[29.595,58.832],[29.624,58.768],[29.601,58.741],[29.434,58.716],[29.323,58.681],[29.196,58.689],[29.22,58.738],[29.357,58.819],[29.232,58.858],[29.03,58.873],[28.903,58.896],[28.873,59.003],[28.793,59.004],[28.77,58.928],[28.82,58.866],[28.736,58.845],[28.648,58.894],[28.599,58.884],[28.61,58.819],[28.559,58.783],[28.538,58.733],[28.375,58.73],[28.222,58.857],[28.092,58.946],[28.065,58.996],[28.124,59.103],[28.089,59.122],[27.925,59.076],[27.872,59.098],[27.9,59.148],[27.999,59.23],[27.999,59.256],[28.085,59.282],[28.142,59.226],[28.173,59.282],[28.224,59.272],[28.221,59.324],[28.283,59.306],[28.365,59.327],[28.523,59.335],[28.421,59.377],[28.252,59.387],[28.275,59.45],[28.551,59.378],[28.732,59.353],[28.844,59.316],[28.959,59.329],[29.091,59.324],[29.157,59.361],[29.195,59.431],[29.26,59.448],[29.392,59.416],[29.494,59.423],[29.657,59.413],[29.758,59.433],[29.718,59.48],[29.747,59.506],[29.859,59.523],[30.085,59.523],[30.185,59.466],[30.2,59.419],[30.097,59.346],[30.097,59.31],[30.164,59.261],[30.223,59.275],[30.268,59.338],[30.356,59.362],[30.455,59.356],[30.436,59.442],[30.275,59.494],[30.162,59.544],[30.34,59.689],[30.502,59.704],[30.642,59.731],[30.853,59.759],[30.869,59.689],[30.946,59.694],[30.971,59.792],[30.87,59.83],[30.778,59.783],[30.581,59.825],[30.477,59.877],[30.444,59.913],[30.37,59.929],[30.293,59.902],[30.259,59.917],[30.259,59.974],[30.003,59.996],[29.926,60.118],[29.725,60.138],[29.576,60.106],[29.472,60.098],[29.123,60.112],[29.086,60.168],[29.007,60.177],[28.823,60.26],[28.624,60.283],[28.561,60.327],[28.564,60.354],[28.436,60.453],[28.443,60.483],[28.565,60.402],[28.658,60.372],[28.725,60.381],[28.666,60.442],[28.628,60.525],[28.571,60.5],[28.531,60.534],[28.554,60.565],[28.681,60.54],[28.631,60.596],[28.7,60.571],[28.74,60.608],[28.714,60.633],[28.766,60.675],[28.7,60.717],[28.635,60.675],[28.63,60.627],[28.366,60.581],[28.359,60.551],[28.179,60.515],[28.095,60.483],[27.886,60.489],[27.833,60.54],[27.842,60.489],[27.801,60.502],[27.767,60.574],[27.704,60.558],[27.694,60.516],[27.745,60.488],[27.626,60.482],[27.667,60.513],[27.468,60.483],[27.43,60.459],[27.388,60.496],[27.232,60.527],[27.205,60.51],[27.111,60.544],[27.009,60.547],[27.031,60.519],[26.94,60.461],[26.801,60.454],[26.778,60.481],[26.69,60.417],[26.566,60.392],[26.587,60.412],[26.451,60.479],[26.467,60.423],[26.413,60.416],[26.317,60.371],[26.295,60.42],[26.243,60.449],[26.258,60.395],[26.171,60.407],[26.21,60.357],[26.045,60.417],[25.965,60.484],[26.05,60.372],[26.122,60.323],[26.044,60.299],[26.005,60.346],[25.846,60.399],[25.911,60.348],[25.874,60.312],[25.942,60.249],[25.886,60.239],[25.855,60.28],[25.762,60.313],[25.744,60.295],[25.849,60.265],[25.812,60.229],[25.69,60.266],[25.64,60.308],[25.717,60.33],[25.683,60.373],[25.575,60.308],[25.467,60.222],[25.387,60.236],[25.318,60.271],[25.286,60.225],[25.202,60.243],[25.181,60.187],[25.104,60.177],[25.123,60.207],[24.972,60.155],[24.901,60.146],[24.897,60.181],[24.669,60.115],[24.575,60.165],[24.632,60.1],[24.513,59.989],[24.459,59.973],[24.472,60.05],[24.4,60.012],[24.39,60.078],[24.299,60.069],[24.325,60.051],[24.231,60.018],[23.796,60.011],[23.725,59.997],[23.763,59.97],[23.594,59.99],[23.405,59.976],[23.329,59.926],[23.211,59.888],[23.235,59.844],[23.11,59.836],[22.923,59.807],[22.947,59.842],[23.05,59.853],[23.174,59.901],[23.309,59.997],[23.309,60.029],[23.232,59.969],[23.209,60.027],[23.123,60.012],[23.166,60.064],[23.1,60.04],[22.978,60.075],[23.063,60.117],[22.951,60.126],[22.881,60.15],[22.92,60.228],[23.02,60.283],[23.115,60.365],[23.065,60.367],[22.88,60.419],[22.791,60.459],[22.615,60.562],[22.435,60.636],[22.304,60.675],[21.833,60.766],[21.462,60.891],[21.452,60.955],[21.354,61.01],[21.309,61.078],[21.422,61.045],[21.401,61.087],[21.498,61.072],[21.458,61.099],[21.534,61.22],[21.632,61.221],[21.492,61.269],[21.573,61.286],[21.555,61.38],[21.468,61.419],[21.598,61.435],[21.543,61.479],[21.475,61.498],[21.628,61.493],[21.559,61.529],[21.501,61.586],[21.721,61.548],[21.623,61.603],[21.557,61.682],[21.549,61.726],[21.613,61.71],[21.51,61.772],[21.541,61.817],[21.488,61.826],[21.408,61.951],[21.352,61.937],[21.286,61.979],[21.321,62.036],[21.337,62.151],[21.424,62.202],[21.383,62.22],[21.364,62.358],[21.323,62.326],[21.307,62.397],[21.22,62.328],[21.224,62.387],[21.269,62.434],[21.192,62.407],[21.227,62.477],[21.124,62.477],[21.167,62.517],[21.173,62.567],[21.242,62.593],[21.143,62.622],[21.094,62.594],[21.106,62.69],[21.192,62.724],[21.134,62.785],[21.26,62.821],[21.281,62.877],[21.343,62.859],[21.434,62.874],[21.434,62.932],[21.484,62.956],[21.462,63.036],[21.535,63.066],[21.669,63.008],[21.708,63.03],[21.616,63.09],[21.555,63.104],[21.507,63.153],[21.535,63.213],[21.583,63.236],[21.692,63.187],[21.778,63.246],[21.908,63.267],[21.93,63.202],[21.886,63.171],[21.989,63.165],[22.074,63.238],[22.093,63.212],[22.183,63.223],[22.293,63.297],[22.341,63.271],[22.382,63.327],[22.246,63.409],[22.232,63.462],[22.311,63.47],[22.351,63.429],[22.425,63.418],[22.302,63.493],[22.368,63.523],[22.417,63.464],[22.463,63.475],[22.474,63.538],[22.546,63.598],[22.726,63.649],[22.754,63.679],[22.78,63.601],[22.871,63.634],[22.837,63.663],[22.944,63.695],[22.873,63.714],[22.91,63.739],[23.004,63.735],[22.947,63.775],[23.047,63.783],[23.066,63.85],[23.139,63.851],[23.078,63.892],[23.223,63.873],[23.332,63.909],[23.382,63.89],[23.434,63.916],[23.389,63.943],[23.485,63.969],[23.39,64.015],[23.419,64.069],[23.564,64.042],[23.628,64.072],[23.587,64.116],[23.634,64.11],[23.661,64.156],[23.73,64.188],[23.862,64.278],[23.918,64.271],[23.912,64.311],[23.994,64.343],[24.082,64.422],[24.214,64.455],[24.232,64.482],[24.373,64.536],[24.423,64.644],[24.412,64.66],[24.554,64.732],[24.546,64.774],[24.616,64.798],[24.571,64.823],[24.671,64.81],[24.663,64.844],[24.723,64.845],[24.79,64.878],[24.927,64.886],[25.086,64.925],[25.212,64.858],[25.296,64.829],[25.366,64.848],[25.404,64.911],[25.215,64.942],[25.174,64.979],[25.206,65.009],[25.305,64.996],[25.413,64.958],[25.453,64.97],[25.338,65.121],[25.197,65.151],[25.191,65.183],[25.273,65.224],[25.241,65.284],[25.299,65.34],[25.292,65.38],[25.234,65.38],[25.237,65.417],[25.316,65.431],[25.336,65.481],[25.176,65.575],[25.092,65.563],[25.055,65.585],[25.032,65.661],[25.01,65.617],[24.852,65.676],[24.767,65.681],[24.667,65.653],[24.642,65.721],[24.551,65.753],[24.553,65.799],[24.456,65.812],[24.405,65.785],[24.335,65.793],[24.211,65.84],[24.179,65.811],[24.133,65.93],[24.067,65.972],[24.054,66.016],[23.99,66.059],[23.913,66.072],[24.022,66.016],[24.023,65.974],[24.102,65.925],[24.142,65.823],[24.044,65.827],[23.887,65.798],[23.871,65.774],[23.813,65.81],[23.793,65.792],[23.693,65.836],[23.557,65.788],[23.531,65.819],[23.428,65.804],[23.604,66.071],[23.79,66.318],[23.995,66.55],[24.111,66.671],[24.493,67.023],[24.637,67.139],[24.991,67.394],[25.161,67.503],[25.481,67.687],[25.676,67.788],[25.964,67.923],[26.182,68.014],[26.441,68.113],[26.68,68.195],[26.915,68.267],[27.389,68.39],[27.864,68.487],[28.342,68.56],[28.822,68.61],[29.304,68.638],[29.788,68.645],[30.096,68.638],[30.578,68.61],[31.058,68.56],[31.536,68.487],[32.011,68.39],[32.485,68.267],[32.72,68.195],[32.959,68.113],[33.218,68.014],[33.436,67.923],[33.724,67.788],[33.919,67.687],[34.239,67.503],[34.409,67.394],[34.763,67.139],[34.907,67.023],[35.289,66.671],[35.405,66.55],[35.61,66.318],[35.461,66.33],[35.245,66.368],[35.199,66.423],[35.084,66.432],[34.967,66.475],[34.797,66.568],[34.672,66.585],[34.563,66.576],[34.436,66.528],[34.302,66.533],[34.236,66.574],[34.218,66.623],[34.384,66.628],[34.224,66.659],[34.084,66.671],[34.099,66.725],[34.046,66.68],[34.029,66.706],[33.943,66.686],[34.021,66.754],[33.98,66.801],[33.953,66.719],[33.759,66.701],[33.684,66.721],[33.636,66.78],[33.494,66.836],[33.445,66.879],[33.423,66.818],[33.454,66.773],[33.352,66.782],[33.432,66.733],[33.23,66.775],[33.05,66.848],[32.731,66.996],[32.597,67.04],[32.562,67.078],[32.6,67.117],[32.759,67.13],[32.757,67.147],[32.57,67.139],[32.458,67.172],[32.335,67.19],[32.253,67.166],[32.151,67.214],[32.052,67.177],[31.982,67.183],[31.904,67.158],[31.74,67.183],[31.766,67.15],[31.877,67.138],[32.049,67.159],[32.128,67.12],[32.121,67.089],[32.252,67.068],[32.333,67.034],[32.346,66.995],[32.203,66.973],[32.259,66.969],[32.248,66.911],[32.337,66.924],[32.4,66.902],[32.487,66.839],[32.559,66.81],[32.681,66.816],[32.751,66.794],[32.753,66.766],[32.524,66.8],[32.5,66.787],[32.619,66.746],[32.782,66.712],[32.973,66.708],[33.087,66.684],[33.126,66.636],[32.967,66.665],[32.94,66.628],[32.858,66.603],[32.717,66.624],[32.722,66.594],[32.967,66.562],[32.789,66.545],[32.857,66.514],[33.068,66.532],[33.12,66.491],[33.339,66.444],[33.397,66.447],[33.533,66.411],[33.372,66.399],[33.381,66.375],[33.487,66.337],[33.116,66.299],[33.07,66.263],[33.186,66.293],[33.309,66.289],[33.462,66.306],[33.475,66.28],[33.572,66.266],[33.706,66.204],[33.733,66.176],[33.922,66.204],[34.031,66.116],[34.144,66.098],[34.355,66.013],[34.549,65.91],[34.517,65.856],[34.605,65.813],[34.688,65.797],[34.667,65.732],[34.752,65.729],[34.734,65.645],[34.816,65.622],[34.747,65.597],[34.627,65.647],[34.519,65.711],[34.491,65.685],[34.583,65.597],[34.555,65.574],[34.616,65.506],[34.558,65.491],[34.571,65.437],[34.492,65.41],[34.51,65.357],[34.361,65.363],[34.383,65.334],[34.231,65.326],[34.283,65.298],[34.143,65.311],[34.26,65.273],[34.315,65.277],[34.336,65.207],[34.499,65.158],[34.579,65.106],[34.599,65.02],[34.727,65.012],[34.78,64.973],[34.781,64.934],[34.659,64.894],[34.78,64.881],[34.885,64.824],[34.944,64.769],[34.879,64.714],[34.775,64.694],[34.836,64.675],[34.93,64.702],[35.037,64.695],[34.908,64.659],[34.877,64.636],[35.027,64.563],[34.901,64.519],[34.9,64.496],[34.818,64.474],[34.942,64.445],[35.07,64.461],[35.103,64.44],[35.059,64.403],[35.084,64.378],[35.197,64.358],[35.238,64.309],[35.378,64.306],[35.442,64.26],[35.526,64.246],[35.647,64.281],[35.73,64.276],[35.709,64.337],[35.811,64.316],[35.908,64.272],[35.98,64.269],[36.087,64.199],[36.256,64.14],[36.208,64.081],[36.293,64.042],[36.257,64.003],[36.313,63.977],[36.458,63.975],[36.506,63.952],[36.65,63.927],[36.662,63.856],[36.688,63.423],[36.689,63.291],[36.668,62.862],[36.602,62.439],[36.574,62.307],[36.473,61.925],[36.334,61.554],[36.297,61.467],[36.226,61.474],[36.237,61.51],[36.181,61.575],[36.024,61.647],[36.04,61.712],[35.955,61.803],[35.834,61.83],[35.837,61.899],[35.869,61.941],[35.72,62.0],[35.655,62.042],[35.665,62.087],[35.782,62.197],[35.799,62.292],[35.827,62.317],[35.844,62.425],[35.717,62.541],[35.622,62.565],[35.553,62.553],[35.547,62.606],[35.493,62.633],[35.504,62.568],[35.408,62.616],[35.397,62.662],[35.221,62.69],[35.163,62.718],[35.044,62.732],[34.975,62.756],[35.018,62.773],[34.879,62.83],[34.768,62.844],[34.728,62.808],[34.669,62.828],[34.558,62.909],[34.451,62.895],[34.479,62.848],[34.534,62.849],[34.576,62.783],[34.567,62.748],[34.74,62.661],[34.829,62.57],[34.924,62.56],[34.847,62.598],[34.847,62.627],[34.966,62.652],[35.087,62.556],[35.314,62.521],[35.294,62.563],[35.343,62.565],[35.384,62.507],[35.439,62.478],[35.589,62.279],[35.583,62.232],[35.456,62.16],[35.409,62.176],[35.343,62.119],[35.264,62.172],[35.159,62.174],[35.039,62.253],[35.016,62.21],[35.182,62.115],[35.157,62.026],[35.058,62.042],[34.898,62.156],[34.837,62.256],[34.805,62.358],[34.701,62.451],[34.569,62.51],[34.461,62.584],[34.482,62.534],[34.536,62.505],[34.561,62.456],[34.698,62.367],[34.762,62.341],[34.801,62.265],[34.783,62.24],[34.7,62.293],[34.624,62.364],[34.457,62.468],[34.442,62.449],[34.515,62.402],[34.538,62.361],[34.697,62.23],[34.708,62.161],[34.62,62.243],[34.561,62.217],[34.653,62.152],[34.65,62.128],[34.732,62.067],[34.73,62.02],[34.581,62.088],[34.503,62.101],[34.296,62.19],[34.328,62.246],[34.371,62.252],[34.21,62.332],[34.169,62.383],[34.069,62.434],[34.077,62.506],[33.966,62.539],[33.937,62.521],[33.931,62.447],[33.985,62.369],[34.035,62.418],[34.087,62.404],[34.139,62.341],[34.255,62.276],[34.281,62.207],[34.239,62.182],[34.294,62.153],[34.297,62.11],[34.482,62.048],[34.541,62.004],[34.618,61.909],[34.628,61.863],[34.581,61.848],[34.572,61.776],[34.459,61.824],[34.359,61.828],[34.345,61.866],[34.287,61.876],[34.343,61.834],[34.318,61.82],[34.437,61.774],[34.532,61.719],[34.704,61.585],[34.787,61.577],[34.881,61.53],[35.035,61.532],[35.047,61.493],[35.102,61.503],[35.178,61.475],[35.24,61.477],[35.334,61.431],[35.374,61.374],[35.483,61.365],[35.544,61.323],[35.552,61.277],[35.612,61.226],[35.604,61.177],[35.694,61.129],[35.571,61.007],[35.519,61.003],[35.419,61.063],[35.3,61.081],[35.182,61.042],[35.095,61.099],[35.026,61.123],[35.049,61.166],[35.099,61.178],[35.212,61.138],[35.229,61.169],[35.16,61.177],[35.102,61.221],[34.976,61.19],[34.824,61.227],[34.811,61.147],[34.776,61.137],[34.833,61.011],[34.91,61.037],[34.877,61.093],[34.954,61.065],[35.109,61.059],[35.155,60.991],[35.2,61.016],[35.274,61.001],[35.379,61.052],[35.514,60.987],[35.517,60.923],[35.605,60.891],[35.768,60.915],[35.869,60.852],[35.947,60.917],[35.802,60.935],[35.952,60.945],[36.046,61.014],[36.113,61.087],[35.951,60.815],[35.698,60.449],[35.401,60.099],[35.049,59.75],[34.915,59.633],[34.586,59.373],[34.429,59.263],[34.127,59.069],[33.949,58.966],[33.673,58.821],[33.475,58.726],[33.223,58.616],[33.008,58.53],[32.729,58.431],[32.571,58.557]],[[32.577,60.987],[32.586,61.055],[32.528,61.115],[32.385,61.177],[32.232,61.225],[31.983,61.285],[31.891,61.315],[31.849,61.357],[31.739,61.377],[31.623,61.475],[31.591,61.457],[31.658,61.407],[31.589,61.42],[31.535,61.514],[31.372,61.623],[31.287,61.599],[31.259,61.656],[31.159,61.603],[31.069,61.624],[31.059,61.699],[30.862,61.736],[30.903,61.751],[30.814,61.769],[30.704,61.7],[30.644,61.633],[30.565,61.577],[30.633,61.536],[30.511,61.516],[30.454,61.525],[30.488,61.487],[30.401,61.487],[30.234,61.52],[30.222,61.483],[30.346,61.449],[30.257,61.455],[30.221,61.394],[30.143,61.358],[30.247,61.335],[30.261,61.306],[30.194,61.293],[30.118,61.311],[30.073,61.271],[30.107,61.251],[30.055,61.227],[29.894,61.303],[29.842,61.251],[29.907,61.214],[29.987,61.206],[30.022,61.146],[29.947,61.165],[29.922,61.199],[29.812,61.22],[29.88,61.165],[29.986,61.132],[30.256,61.027],[30.281,60.994],[30.365,60.961],[30.462,60.876],[30.434,60.864],[30.52,60.832],[30.526,60.731],[30.496,60.734],[30.536,60.621],[30.705,60.575],[30.719,60.53],[30.774,60.501],[30.768,60.436],[30.822,60.458],[30.897,60.37],[30.974,60.206],[31.075,60.166],[31.119,60.125],[31.084,60.065],[31.147,60.041],[31.157,60.007],[31.044,59.942],[31.196,59.911],[31.245,59.932],[31.373,59.927],[31.392,59.898],[31.505,59.912],[31.567,59.945],[31.572,59.992],[31.53,60.049],[31.604,60.123],[31.586,60.158],[31.728,60.233],[31.901,60.23],[31.985,60.241],[32.165,60.21],[32.265,60.128],[32.53,60.172],[32.623,60.249],[32.581,60.361],[32.635,60.341],[32.684,60.393],[32.585,60.521],[32.628,60.547],[32.803,60.495],[32.907,60.576],[32.954,60.64],[32.924,60.678],[32.811,60.717],[32.807,60.85],[32.633,60.964],[32.577,60.987]]]]}},{"type":"Feature","properties":{"id":805,"n":"Southwest Iberian Mediterranean sclerophyllous and mixed forests","b":12},"geometry":{"type":"Polygon","coordinates":[[[-7.406,39.82],[-7.504,39.777],[-7.556,39.724],[-7.624,39.713],[-7.568,39.68],[-7.423,39.728],[-7.358,39.69],[-7.45,39.579],[-7.503,39.538],[-7.477,39.517],[-7.238,39.476],[-7.158,39.446],[-7.064,39.322],[-7.115,39.277],[-7.012,39.236],[-6.868,39.24],[-6.884,39.199],[-7.096,39.207],[-7.185,39.15],[-7.268,39.141],[-7.313,39.179],[-7.216,39.254],[-7.227,39.361],[-7.249,39.403],[-7.378,39.415],[-7.511,39.316],[-7.678,39.299],[-7.762,39.261],[-7.838,39.177],[-7.852,39.007],[-7.784,38.91],[-7.725,38.861],[-7.681,38.787],[-7.64,38.77],[-7.601,38.877],[-7.522,38.904],[-7.466,38.894],[-7.405,38.839],[-7.409,38.794],[-7.478,38.759],[-7.402,38.733],[-7.457,38.704],[-7.605,38.669],[-7.706,38.627],[-7.77,38.642],[-7.898,38.744],[-7.903,38.675],[-7.937,38.618],[-8.099,38.607],[-8.092,38.574],[-8.012,38.514],[-8.04,38.476],[-7.968,38.399],[-7.763,38.425],[-7.7,38.332],[-7.681,38.275],[-7.561,38.235],[-7.514,38.19],[-7.598,38.192],[-7.648,38.162],[-7.76,38.175],[-7.821,38.21],[-7.891,38.207],[-7.902,38.099],[-7.936,37.986],[-7.932,37.926],[-7.965,37.88],[-8.069,37.813],[-8.144,37.728],[-8.194,37.617],[-8.205,37.528],[-8.15,37.523],[-8.05,37.468],[-7.926,37.464],[-7.843,37.353],[-7.672,37.224],[-7.596,37.266],[-7.618,37.299],[-7.578,37.38],[-7.608,37.425],[-7.518,37.446],[-7.529,37.482],[-7.609,37.52],[-7.646,37.626],[-7.551,37.695],[-7.472,37.72],[-7.445,37.759],[-7.397,37.746],[-7.411,37.696],[-7.368,37.687],[-7.305,37.743],[-7.228,37.746],[-7.179,37.724],[-7.106,37.772],[-7.124,37.717],[-7.174,37.698],[-7.288,37.696],[-7.267,37.66],[-7.347,37.587],[-7.441,37.58],[-7.431,37.534],[-7.328,37.532],[-7.305,37.496],[-7.216,37.495],[-7.187,37.579],[-7.122,37.567],[-7.009,37.632],[-7.001,37.704],[-6.921,37.713],[-6.905,37.618],[-6.845,37.637],[-6.829,37.684],[-6.782,37.664],[-6.803,37.615],[-6.769,37.54],[-6.687,37.503],[-6.604,37.511],[-6.65,37.557],[-6.585,37.594],[-6.55,37.567],[-6.372,37.645],[-6.32,37.641],[-6.403,37.706],[-6.341,37.751],[-6.248,37.751],[-6.164,37.846],[-6.142,37.785],[-6.061,37.874],[-6.016,37.886],[-5.98,37.962],[-5.957,37.939],[-5.954,37.857],[-5.851,37.771],[-5.785,37.841],[-5.896,37.872],[-5.879,37.903],[-5.787,37.883],[-5.697,37.955],[-5.582,37.982],[-5.573,38.053],[-5.525,38.029],[-5.402,37.87],[-5.368,37.857],[-5.342,37.904],[-5.396,37.935],[-5.376,37.972],[-5.308,37.944],[-5.255,37.892],[-5.182,37.887],[-5.051,37.828],[-4.954,37.875],[-4.877,37.876],[-4.764,37.93],[-4.685,37.925],[-4.522,37.975],[-4.499,37.941],[-4.609,37.902],[-4.657,37.905],[-4.726,37.827],[-4.673,37.758],[-4.704,37.726],[-4.813,37.743],[-4.872,37.684],[-4.865,37.647],[-4.911,37.597],[-4.838,37.564],[-4.814,37.507],[-4.692,37.501],[-4.683,37.474],[-4.811,37.46],[-4.915,37.467],[-4.982,37.395],[-4.933,37.359],[-4.876,37.274],[-4.907,37.214],[-4.967,37.208],[-5.094,37.234],[-5.205,37.198],[-5.263,37.161],[-5.214,37.127],[-5.269,37.081],[-5.32,37.095],[-5.354,37.061],[-5.348,37.012],[-5.276,37.019],[-5.201,36.977],[-5.216,36.906],[-5.409,36.889],[-5.334,36.839],[-5.447,36.84],[-5.496,36.784],[-5.441,36.743],[-5.462,36.802],[-5.388,36.787],[-5.374,36.739],[-5.427,36.735],[-5.429,36.666],[-5.375,36.667],[-5.373,36.618],[-5.303,36.582],[-5.238,36.621],[-5.166,36.606],[-5.103,36.618],[-5.036,36.568],[-4.993,36.676],[-5.056,36.712],[-5.053,36.762],[-4.955,36.725],[-4.974,36.65],[-4.912,36.639],[-4.889,36.727],[-4.834,36.765],[-4.801,36.842],[-4.746,36.853],[-4.765,36.89],[-4.818,36.897],[-4.878,36.938],[-4.866,36.961],[-4.726,36.972],[-4.741,36.924],[-4.697,36.926],[-4.623,36.978],[-4.57,36.921],[-4.491,36.94],[-4.483,36.912],[-4.381,36.901],[-4.42,36.824],[-4.325,36.776],[-4.369,36.831],[-4.312,36.871],[-4.346,36.915],[-4.22,36.931],[-4.111,36.908],[-4.091,36.867],[-3.97,36.814],[-3.849,36.794],[-3.828,36.75],[-3.97,36.725],[-4.034,36.743],[-4.112,36.715],[-4.326,36.704],[-4.386,36.715],[-4.431,36.693],[-4.537,36.571],[-4.607,36.543],[-4.645,36.495],[-4.733,36.479],[-4.815,36.498],[-4.913,36.498],[-4.988,36.462],[-5.166,36.406],[-5.212,36.371],[-5.327,36.194],[-5.35,36.111],[-5.374,36.18],[-5.433,36.171],[-5.431,36.076],[-5.592,36.02],[-5.646,36.065],[-5.793,36.09],[-5.907,36.184],[-6.035,36.19],[-6.083,36.278],[-6.152,36.317],[-6.321,36.538],[-6.256,36.516],[-6.233,36.587],[-6.341,36.629],[-6.365,36.612],[-6.446,36.719],[-6.447,36.756],[-6.35,36.813],[-6.405,36.835],[-6.453,36.919],[-6.512,36.985],[-6.667,37.081],[-6.891,37.164],[-6.941,37.217],[-6.973,37.192],[-7.074,37.224],[-7.128,37.213],[-7.331,37.214],[-7.401,37.178],[-7.521,37.182],[-7.781,37.045],[-7.816,37.057],[-7.889,37.012],[-7.978,37.041],[-7.998,37.018],[-8.082,37.071],[-8.207,37.103],[-8.302,37.084],[-8.375,37.11],[-8.435,37.098],[-8.535,37.123],[-8.63,37.121],[-8.667,37.089],[-8.778,37.058],[-8.892,37.042],[-8.93,36.998],[-8.99,37.029],[-8.96,37.098],[-8.906,37.158],[-8.913,37.19],[-8.867,37.266],[-8.886,37.316],[-8.807,37.404],[-8.782,37.55],[-8.814,37.598],[-8.794,37.694],[-8.748,37.718],[-8.806,37.762],[-8.793,37.903],[-8.836,37.943],[-8.894,37.948],[-8.821,38.073],[-8.785,38.199],[-8.794,38.329],[-8.838,38.419],[-8.794,38.435],[-8.689,38.402],[-8.726,38.445],[-8.754,38.557],[-8.768,38.469],[-8.816,38.467],[-8.879,38.512],[-8.913,38.507],[-9.04,38.435],[-9.22,38.402],[-9.188,38.487],[-9.22,38.6],[-9.281,38.655],[-9.151,38.664],[-9.095,38.643],[-8.993,38.644],[-8.994,38.687],[-9.046,38.71],[-8.937,38.759],[-8.989,38.838],[-8.999,38.895],[-9.07,38.846],[-9.112,38.715],[-9.15,38.682],[-9.256,38.683],[-9.319,38.661],[-9.47,38.695],[-9.493,38.777],[-9.422,38.932],[-9.427,39.073],[-9.359,39.163],[-9.343,39.256],[-9.371,39.334],[-9.403,39.352],[-9.309,39.367],[-9.233,39.42],[-9.083,39.573],[-9.103,39.592],[-9.057,39.721],[-8.933,39.994],[-8.853,40.132],[-8.899,40.186],[-8.83,40.334],[-8.737,40.615],[-8.591,40.718],[-8.473,40.641],[-8.442,40.585],[-8.454,40.438],[-8.412,40.411],[-8.369,40.328],[-8.353,40.241],[-8.255,40.317],[-8.158,40.364],[-7.888,40.415],[-7.96,40.256],[-8.006,40.206],[-8.012,40.147],[-7.934,40.08],[-7.858,40.069],[-7.69,40.153],[-7.616,40.159],[-7.53,40.101],[-7.589,39.989],[-7.579,39.932],[-7.517,39.892],[-7.443,39.894],[-7.335,39.931],[-7.406,39.82]]]}},{"type":"Feature","properties":{"id":686,"n":"Western European broadleaf forests","b":4},"geometry":{"type":"Polygon","coordinates":[[[17.372,50.021],[17.27,49.81],[17.159,49.875],[17.091,49.881],[17.075,49.823],[17.011,49.845],[16.945,49.818],[16.936,49.852],[16.985,49.912],[17.046,49.932],[17.065,50.023],[16.97,50.001],[16.871,49.996],[16.831,49.866],[16.71,49.858],[16.648,49.914],[16.562,49.88],[16.642,49.691],[16.675,49.725],[16.723,49.712],[16.733,49.654],[16.671,49.602],[16.638,49.532],[16.565,49.619],[16.513,49.613],[16.561,49.511],[16.52,49.484],[16.508,49.422],[16.393,49.394],[16.365,49.482],[16.322,49.47],[16.351,49.38],[16.422,49.318],[16.436,49.213],[16.31,49.174],[16.249,49.225],[16.098,49.207],[16.048,49.178],[15.987,49.2],[15.871,49.212],[15.818,49.24],[15.811,49.185],[15.947,49.167],[15.938,49.144],[15.818,49.108],[15.783,49.022],[15.684,48.982],[15.685,48.94],[15.641,48.938],[15.564,48.997],[15.534,48.989],[15.557,48.932],[15.524,48.91],[15.459,48.944],[15.434,48.904],[15.369,48.874],[15.422,48.815],[15.558,48.8],[15.593,48.772],[15.542,48.737],[15.409,48.718],[15.402,48.689],[15.515,48.6],[15.504,48.544],[15.382,48.49],[15.445,48.454],[15.334,48.416],[15.227,48.413],[15.187,48.361],[15.173,48.281],[15.066,48.185],[15.331,48.227],[15.364,48.257],[15.433,48.235],[15.563,48.277],[15.604,48.362],[15.684,48.292],[15.801,48.274],[16.048,48.32],[16.229,48.318],[16.1,48.271],[15.99,48.252],[15.927,48.21],[15.863,48.097],[15.788,48.007],[15.609,48.006],[15.537,47.959],[15.493,47.977],[15.546,48.033],[15.503,48.071],[15.413,47.998],[15.317,47.998],[15.404,48.05],[15.23,48.057],[15.16,47.956],[15.121,47.948],[15.123,47.998],[14.818,47.96],[14.847,47.922],[14.829,47.88],[14.754,47.831],[14.621,47.799],[14.559,47.831],[14.481,47.833],[14.36,47.913],[14.239,47.892],[14.134,47.795],[14.086,47.857],[14.007,47.885],[13.865,47.886],[13.757,47.842],[13.625,47.851],[13.54,47.834],[13.533,47.802],[13.379,47.789],[13.311,47.826],[13.165,47.804],[13.099,47.808],[13.085,47.734],[13.009,47.719],[12.931,47.793],[12.798,47.756],[12.712,47.761],[12.53,47.8],[12.443,47.736],[12.337,47.776],[12.18,47.78],[12.14,47.713],[12.083,47.706],[12.001,47.749],[11.81,47.753],[11.691,47.742],[11.569,47.711],[11.534,47.839],[11.461,47.904],[11.473,47.939],[11.426,47.952],[11.42,47.901],[11.5,47.803],[11.5,47.707],[11.431,47.703],[11.406,47.657],[11.124,47.559],[10.997,47.577],[10.852,47.565],[10.766,47.575],[10.706,47.538],[10.736,47.498],[10.685,47.498],[10.638,47.542],[10.534,47.574],[10.498,47.543],[10.413,47.524],[10.269,47.533],[10.209,47.498],[9.973,47.498],[9.967,47.41],[9.896,47.366],[9.836,47.435],[9.763,47.427],[9.718,47.393],[9.628,47.276],[9.62,47.219],[9.537,47.227],[9.524,47.045],[9.469,47.025],[9.486,47.109],[9.476,47.211],[9.496,47.258],[9.618,47.394],[9.565,47.412],[9.538,47.356],[9.424,47.329],[9.409,47.309],[9.279,47.275],[9.232,47.217],[9.282,47.183],[9.362,47.198],[9.368,47.167],[9.247,47.173],[9.068,47.232],[9.065,47.146],[9.014,47.123],[8.812,47.151],[8.538,47.078],[8.464,47.035],[8.409,47.037],[8.435,47.07],[8.338,47.029],[8.313,46.997],[8.166,46.994],[8.071,46.944],[8.028,46.879],[7.977,46.903],[7.886,46.803],[7.736,46.778],[7.706,46.726],[7.59,46.712],[7.513,46.726],[7.457,46.763],[7.384,46.751],[7.367,46.705],[7.309,46.688],[7.226,46.703],[7.177,46.663],[7.096,46.661],[7.01,46.632],[6.925,46.56],[6.856,46.471],[6.965,46.289],[6.925,46.268],[6.838,46.388],[6.746,46.401],[6.598,46.383],[6.305,46.221],[6.321,46.176],[6.449,46.152],[6.598,46.055],[6.532,46.04],[6.377,46.04],[6.246,46.083],[6.222,46.153],[6.117,46.093],[6.026,46.065],[6.19,46.025],[6.25,46.032],[6.2,45.961],[6.236,45.883],[6.245,45.813],[6.292,45.786],[6.389,45.774],[6.37,45.756],[6.236,45.784],[6.128,45.878],[6.084,45.851],[6.08,45.777],[6.137,45.722],[6.153,45.666],[6.091,45.717],[6.022,45.731],[5.95,45.669],[5.973,45.609],[6.024,45.586],[6.064,45.523],[6.147,45.576],[6.241,45.599],[6.354,45.673],[6.423,45.682],[6.472,45.498],[6.431,45.546],[6.41,45.633],[6.362,45.638],[6.311,45.591],[6.33,45.497],[6.311,45.448],[6.271,45.442],[6.292,45.507],[6.26,45.541],[6.183,45.535],[6.078,45.473],[5.971,45.306],[5.874,45.209],[5.754,45.149],[5.72,45.064],[5.696,45.074],[5.684,45.188],[5.661,45.245],[5.611,45.281],[5.558,45.282],[5.496,45.201],[5.379,45.134],[5.405,45.053],[5.343,45.0],[5.202,44.998],[5.102,44.953],[5.078,44.996],[5.157,45.083],[5.025,45.069],[4.898,45.083],[4.854,45.103],[4.768,45.384],[4.77,45.414],[4.881,45.518],[4.805,45.604],[4.785,45.566],[4.8,45.498],[4.733,45.498],[4.684,45.43],[4.746,45.245],[4.718,45.159],[4.743,45.121],[4.675,45.038],[4.683,44.944],[4.625,44.902],[4.53,44.903],[4.509,44.817],[4.539,44.748],[4.34,44.68],[4.229,44.547],[4.09,44.438],[4.057,44.37],[3.984,44.36],[3.969,44.282],[3.893,44.26],[3.938,44.199],[3.905,44.183],[3.822,44.205],[3.705,44.164],[3.799,44.071],[3.765,44.056],[3.651,44.084],[3.605,43.998],[3.403,43.991],[3.366,44.031],[3.423,44.093],[3.447,44.164],[3.554,44.232],[3.58,44.28],[3.552,44.395],[3.607,44.471],[3.801,44.556],[3.708,44.59],[3.579,44.558],[3.379,44.545],[3.363,44.603],[3.321,44.605],[3.251,44.561],[3.264,44.54],[3.196,44.451],[3.018,44.447],[2.777,44.498],[2.509,44.498],[2.394,44.435],[2.403,44.394],[2.458,44.372],[2.582,44.354],[2.629,44.303],[2.583,44.24],[2.64,44.092],[2.74,44.069],[2.558,44.023],[2.453,43.964],[2.267,43.966],[2.249,43.933],[2.311,43.925],[2.448,43.937],[2.531,43.932],[2.553,43.979],[2.648,43.987],[2.607,43.931],[2.617,43.851],[2.526,43.848],[2.524,43.812],[2.626,43.751],[2.614,43.717],[2.525,43.658],[2.553,43.621],[2.676,43.62],[2.669,43.596],[2.545,43.59],[2.507,43.543],[2.578,43.516],[2.689,43.529],[2.69,43.465],[2.784,43.45],[2.574,43.387],[2.44,43.381],[2.318,43.393],[2.238,43.374],[2.042,43.389],[2.0,43.421],[1.973,43.393],[2.18,43.282],[2.336,43.257],[2.333,43.215],[2.169,43.156],[2.12,43.109],[2.13,43.052],[2.197,42.971],[2.18,42.898],[2.128,42.891],[1.973,42.937],[1.785,42.974],[1.653,42.987],[1.542,43.041],[1.422,43.061],[1.323,43.047],[1.226,43.167],[1.17,43.17],[1.22,43.082],[1.189,43.059],[1.112,43.136],[1.023,43.151],[1.082,43.101],[1.023,43.067],[1.118,43.038],[1.111,43.004],[1.0,42.998],[1.006,43.032],[0.916,43.03],[0.881,43.069],[0.769,43.066],[0.695,43.091],[0.458,43.063],[0.356,42.902],[0.359,43.013],[0.401,43.09],[0.662,43.13],[0.807,43.117],[0.785,43.15],[0.681,43.2],[0.581,43.204],[0.47,43.283],[0.463,43.32],[0.403,43.315],[0.413,43.392],[0.443,43.544],[0.395,43.942],[0.433,44.033],[0.422,44.112],[0.357,44.172],[0.389,44.22],[0.503,44.204],[0.606,44.168],[0.71,44.11],[0.768,44.119],[0.998,44.046],[1.034,44.017],[1.135,44.036],[1.122,44.08],[1.233,44.093],[1.349,43.989],[1.368,43.939],[1.453,43.876],[1.623,43.773],[1.732,43.748],[1.861,43.674],[2.037,43.63],[2.306,43.503],[2.369,43.526],[2.335,43.577],[2.258,43.636],[2.233,43.707],[2.148,43.748],[2.176,43.869],[2.123,43.903],[2.213,43.928],[2.208,43.953],[2.096,43.934],[2.164,43.987],[2.151,44.044],[2.042,44.083],[1.989,44.079],[1.855,44.022],[1.777,44.018],[1.744,44.055],[1.844,44.084],[1.978,44.215],[2.035,44.317],[2.121,44.4],[2.142,44.47],[2.122,44.535],[2.129,44.621],[2.065,44.633],[1.928,44.723],[1.841,44.729],[1.714,44.818],[1.716,44.874],[1.819,44.858],[1.889,44.873],[1.871,44.941],[1.708,44.995],[1.654,45.05],[1.454,45.117],[1.355,45.16],[1.282,45.149],[1.14,45.175],[1.103,45.227],[1.119,45.299],[1.045,45.371],[0.934,45.399],[0.871,45.374],[0.781,45.242],[0.723,45.243],[0.749,45.344],[0.871,45.429],[0.771,45.43],[0.751,45.491],[0.717,45.487],[0.654,45.412],[0.603,45.405],[0.505,45.451],[0.534,45.498],[0.331,45.509],[0.256,45.537],[0.253,45.586],[0.32,45.632],[0.42,45.589],[0.47,45.534],[0.662,45.544],[0.5,45.633],[0.5,45.731],[0.453,45.79],[0.5,45.808],[0.5,45.914],[0.436,45.934],[0.361,45.924],[0.357,45.889],[0.432,45.887],[0.43,45.851],[0.294,45.874],[0.302,45.965],[0.461,45.977],[0.452,46.002],[0.304,46.026],[0.323,46.122],[0.426,46.22],[0.496,46.185],[0.573,46.252],[0.731,46.273],[0.893,46.262],[0.913,46.292],[0.857,46.327],[0.878,46.363],[1.02,46.35],[1.078,46.363],[1.086,46.406],[1.305,46.486],[1.451,46.515],[1.543,46.572],[1.503,46.61],[1.606,46.635],[1.526,46.689],[1.567,46.724],[1.458,46.743],[1.409,46.807],[1.436,46.847],[1.551,46.915],[1.718,46.971],[1.838,47.086],[1.91,47.131],[2.024,47.156],[2.079,47.198],[2.221,47.194],[2.337,47.225],[2.421,47.317],[2.487,47.344],[2.63,47.36],[2.696,47.354],[2.757,47.396],[2.853,47.353],[2.893,47.421],[2.866,47.487],[2.871,47.542],[2.914,47.569],[2.959,47.644],[2.9,47.72],[2.848,47.84],[2.866,47.941],[2.816,47.968],[2.832,48.047],[2.999,48.03],[3.061,48.065],[2.893,48.072],[2.808,48.109],[2.826,48.138],[2.927,48.128],[2.929,48.155],[2.85,48.183],[2.886,48.222],[3.0,48.188],[3.008,48.211],[2.908,48.246],[2.949,48.267],[3.024,48.248],[2.974,48.308],[3.001,48.343],[3.153,48.308],[3.199,48.261],[3.256,48.118],[3.272,48.024],[3.245,47.977],[3.475,47.941],[3.551,47.839],[3.571,47.758],[3.688,47.646],[3.747,47.666],[3.636,47.749],[3.596,47.904],[3.704,47.891],[3.773,47.842],[3.797,47.855],[3.748,47.912],[3.605,47.926],[3.583,47.946],[3.726,47.968],[3.816,47.963],[3.911,47.924],[3.979,47.864],[4.039,47.842],[4.095,47.764],[4.199,47.722],[4.276,47.585],[4.318,47.605],[4.396,47.582],[4.332,47.633],[4.233,47.746],[4.103,47.847],[3.981,47.899],[3.961,47.934],[3.86,47.972],[3.836,48.009],[3.779,48.008],[3.834,48.075],[4.014,48.137],[4.054,48.234],[4.09,48.172],[4.269,48.14],[4.339,48.115],[4.35,48.142],[4.15,48.238],[4.155,48.263],[4.233,48.261],[4.198,48.285],[4.374,48.411],[4.484,48.351],[4.518,48.371],[4.472,48.418],[4.561,48.447],[4.702,48.455],[4.72,48.498],[4.537,48.498],[4.54,48.579],[4.618,48.65],[4.701,48.616],[4.71,48.567],[4.798,48.523],[4.852,48.559],[4.915,48.526],[4.899,48.567],[4.826,48.613],[4.827,48.642],[4.679,48.648],[4.62,48.693],[4.639,48.726],[4.723,48.749],[4.914,48.766],[5.014,48.749],[5.101,48.798],[5.0,48.807],[5.0,48.88],[4.867,48.809],[4.705,48.766],[4.818,48.838],[4.912,48.979],[4.852,49.072],[4.819,49.179],[4.668,49.433],[4.58,49.466],[4.407,49.482],[4.374,49.519],[4.482,49.538],[4.432,49.611],[4.333,49.673],[4.196,49.698],[4.273,49.73],[4.28,49.822],[4.188,49.837],[4.105,49.876],[4.147,49.958],[4.058,50.018],[4.04,50.061],[4.181,50.1],[4.531,50.168],[4.66,50.178],[4.95,50.241],[5.064,50.249],[5.413,50.047],[5.553,49.957],[5.917,49.692],[5.986,49.705],[5.885,49.894],[5.828,50.021],[5.685,50.41],[5.74,50.439],[5.87,50.564],[6.065,50.649],[6.164,50.73],[6.14,50.744],[6.012,50.724],[5.966,50.73],[5.943,50.782],[5.994,50.798],[6.221,50.783],[6.405,50.812],[6.504,50.788],[6.633,50.711],[6.799,50.64],[6.869,50.631],[6.962,50.7],[6.849,50.722],[6.758,50.779],[6.826,50.812],[6.944,50.763],[7.018,50.716],[7.085,50.699],[7.161,50.752],[7.255,50.774],[7.15,50.852],[7.06,51.003],[6.943,51.114],[6.881,51.201],[6.818,51.335],[6.827,51.392],[7.006,51.411],[7.071,51.432],[7.264,51.448],[7.422,51.44],[7.633,51.487],[7.757,51.532],[8.071,51.562],[8.261,51.586],[8.421,51.621],[8.696,51.7],[8.802,51.771],[8.804,51.836],[8.764,51.89],[8.552,51.975],[8.161,52.124],[8.003,52.137],[7.703,52.24],[7.752,52.276],[7.696,52.322],[7.751,52.346],[7.894,52.322],[7.94,52.355],[7.949,52.409],[8.055,52.397],[8.323,52.334],[8.624,52.322],[8.828,52.276],[8.806,52.185],[8.894,52.161],[9.077,52.172],[9.184,52.155],[9.256,52.126],[9.38,52.0],[9.448,52.015],[9.363,52.12],[9.184,52.197],[8.878,52.221],[8.921,52.265],[8.953,52.348],[9.242,52.404],[9.491,52.416],[9.646,52.385],[9.711,52.353],[9.775,52.251],[9.718,52.132],[9.746,52.03],[9.889,51.884],[9.879,51.776],[9.916,51.684],[9.885,51.569],[9.903,51.489],[9.954,51.478],[9.932,51.584],[9.969,51.664],[9.945,51.794],[9.959,51.845],[9.918,51.921],[9.788,52.064],[9.774,52.138],[9.869,52.12],[9.94,52.08],[10.031,52.077],[10.063,52.126],[10.185,52.117],[10.271,52.127],[10.332,52.104],[10.422,52.039],[10.447,51.976],[10.491,51.941],[10.561,51.962],[10.535,51.998],[10.623,51.998],[10.671,51.948],[11.012,51.827],[11.176,51.753],[11.403,51.726],[11.542,51.668],[11.5,51.596],[11.5,51.52],[11.607,51.464],[11.533,51.472],[11.504,51.442],[11.555,51.401],[11.573,51.307],[11.529,51.277],[11.428,51.326],[11.377,51.43],[11.264,51.471],[10.972,51.474],[10.869,51.492],[10.882,51.439],[11.049,51.419],[11.225,51.443],[11.306,51.426],[11.295,51.379],[11.211,51.383],[11.145,51.351],[11.132,51.288],[11.021,51.322],[10.957,51.293],[10.739,51.297],[10.641,51.254],[10.503,51.227],[10.442,51.166],[10.547,51.069],[10.514,50.976],[10.556,50.935],[10.795,50.775],[10.844,50.794],[10.853,50.852],[10.915,50.856],[11.017,50.797],[11.163,50.826],[11.221,50.783],[11.348,50.791],[11.384,50.809],[11.351,50.859],[11.27,50.87],[11.167,50.851],[11.127,50.864],[11.127,50.908],[11.246,50.92],[11.337,50.955],[11.401,50.947],[11.426,50.898],[11.503,50.9],[11.567,50.968],[11.692,51.066],[11.729,51.005],[11.809,50.97],[11.745,50.897],[11.788,50.882],[11.849,50.927],[11.938,50.946],[11.976,50.928],[12.01,50.835],[12.087,50.79],[12.196,50.855],[12.304,50.859],[12.413,50.816],[12.528,50.815],[12.759,50.919],[12.806,51.0],[12.755,51.12],[12.807,51.173],[12.914,51.168],[13.003,51.145],[13.131,51.078],[13.261,51.026],[13.331,51.02],[13.401,51.049],[13.556,51.056],[13.588,51.106],[13.415,51.211],[13.458,51.259],[13.646,51.213],[13.72,51.175],[13.84,51.147],[13.966,51.186],[14.082,51.288],[14.166,51.292],[14.242,51.267],[14.342,51.282],[14.399,51.247],[14.51,51.219],[14.682,51.281],[14.748,51.267],[14.815,51.305],[14.917,51.261],[15.014,51.267],[15.149,51.236],[15.394,51.273],[15.357,51.16],[15.419,51.205],[15.541,51.165],[15.563,51.189],[15.669,51.189],[15.751,51.223],[15.8,51.205],[15.811,51.151],[15.937,51.096],[16.0,51.044],[16.0,50.998],[16.224,50.998],[16.31,51.034],[16.359,51.014],[16.374,50.913],[16.509,50.831],[16.592,50.811],[16.657,50.875],[16.768,50.873],[16.797,50.82],[16.738,50.787],[16.812,50.701],[16.924,50.709],[16.928,50.655],[17.014,50.596],[17.08,50.612],[17.136,50.566],[17.096,50.53],[17.033,50.522],[17.005,50.487],[16.871,50.518],[16.834,50.502],[16.906,50.467],[17.11,50.427],[17.351,50.428],[17.5,50.37],[17.372,50.021]],[[14.008,50.69],[13.958,50.706],[13.904,50.677],[13.75,50.654],[13.657,50.591],[13.599,50.584],[13.285,50.421],[13.042,50.348],[12.981,50.313],[12.882,50.3],[12.931,50.252],[12.99,50.236],[13.083,50.332],[13.212,50.354],[13.335,50.333],[13.335,50.293],[13.212,50.301],[13.159,50.266],[13.251,50.256],[13.253,50.168],[13.161,50.131],[13.254,50.101],[13.304,50.132],[13.315,50.176],[13.424,50.213],[13.405,50.165],[13.448,50.16],[13.483,50.198],[13.548,50.172],[13.603,50.183],[13.592,50.218],[13.701,50.202],[13.764,50.152],[13.836,50.154],[13.929,50.12],[13.971,50.144],[14.109,50.108],[14.114,50.078],[14.04,50.039],[13.909,50.048],[13.841,50.031],[13.726,49.972],[13.615,49.959],[13.527,49.913],[13.561,49.845],[13.596,49.853],[13.644,49.921],[13.727,49.91],[13.806,49.984],[13.92,49.994],[13.981,49.965],[13.958,49.914],[13.879,49.89],[13.813,49.817],[13.832,49.765],[13.886,49.801],[14.083,49.811],[14.161,49.857],[14.284,49.904],[14.349,49.898],[14.38,49.811],[14.491,49.822],[14.521,49.809],[14.546,49.737],[14.628,49.757],[14.718,49.755],[14.697,49.8],[14.738,49.857],[14.872,49.869],[14.937,49.904],[15.106,49.923],[15.159,49.909],[15.312,49.814],[15.468,49.792],[15.791,49.716],[15.782,49.754],[15.658,49.803],[15.576,49.86],[15.577,49.931],[15.431,49.966],[15.381,50.016],[15.554,50.027],[15.724,50.012],[15.795,50.024],[15.949,50.001],[15.93,50.031],[15.831,50.06],[15.82,50.145],[15.913,50.14],[16.007,50.156],[16.111,50.113],[16.295,50.073],[16.331,50.089],[16.309,50.154],[16.406,50.154],[16.343,50.19],[16.264,50.266],[16.162,50.335],[16.171,50.402],[16.034,50.436],[15.745,50.376],[15.615,50.432],[15.465,50.44],[15.383,50.489],[15.265,50.519],[15.322,50.466],[15.274,50.406],[15.109,50.385],[15.164,50.44],[15.148,50.476],[15.044,50.497],[15.044,50.528],[15.144,50.575],[15.103,50.619],[14.986,50.58],[14.918,50.486],[14.852,50.457],[14.789,50.469],[14.647,50.56],[14.591,50.574],[14.448,50.541],[14.309,50.536],[14.232,50.57],[14.15,50.564],[14.049,50.595],[13.928,50.5],[13.859,50.491],[13.862,50.528],[13.996,50.616],[14.008,50.69]]]}},{"type":"Feature","properties":{"id":672,"n":"North Atlantic moist mixed forests","b":4},"geometry":{"type":"MultiPolygon","coordinates":[[[[-10.082,52.251],[-10.061,52.309],[-10.018,52.312],[-10.008,52.251],[-9.899,52.232],[-9.826,52.265],[-9.875,52.275],[-9.848,52.384],[-9.947,52.418],[-9.777,52.451],[-9.703,52.49],[-9.676,52.561],[-9.63,52.576],[-9.489,52.564],[-9.45,52.581],[-9.348,52.567],[-9.096,52.609],[-9.079,52.474],[-8.93,52.45],[-8.877,52.415],[-8.657,52.438],[-8.618,52.392],[-8.671,52.343],[-8.77,52.354],[-8.831,52.334],[-8.803,52.286],[-8.744,52.26],[-8.745,52.22],[-8.823,52.196],[-8.771,52.176],[-8.763,52.132],[-8.901,52.166],[-9.022,52.128],[-9.184,52.06],[-9.266,52.053],[-9.488,52.073],[-9.799,52.118],[-9.771,52.153],[-9.672,52.186],[-9.651,52.224],[-9.732,52.252],[-9.828,52.223],[-9.948,52.222],[-10.067,52.243],[-10.153,52.232],[-10.196,52.184],[-10.238,52.217],[-10.188,52.232],[-10.082,52.251]]],[[[-9.966,53.877],[-10.058,53.915],[-10.077,53.97],[-10.209,53.963],[-10.259,53.981],[-10.191,54.012],[-10.117,54.003],[-9.986,54.027],[-9.942,53.945],[-9.966,53.877]]],[[[-8.586,54.974],[-8.572,55.01],[-8.513,54.97],[-8.586,54.974]]],[[[-9.798,53.607],[-9.922,53.657],[-9.913,53.763],[-9.8,53.784],[-9.646,53.781],[-9.615,53.89],[-9.785,53.893],[-9.905,53.859],[-9.942,53.868],[-9.913,53.952],[-9.823,53.947],[-9.909,54.046],[-9.845,54.114],[-9.942,54.064],[-9.993,54.098],[-9.93,54.131],[-9.976,54.143],[-9.948,54.187],[-10.008,54.218],[-10.083,54.153],[-10.093,54.091],[-10.146,54.101],[-10.069,54.222],[-10.103,54.236],[-10.026,54.29],[-9.917,54.242],[-9.965,54.211],[-9.873,54.224],[-9.892,54.256],[-9.817,54.29],[-9.88,54.31],[-9.805,54.333],[-9.705,54.31],[-9.596,54.322],[-9.397,54.3],[-9.361,54.319],[-9.225,54.29],[-9.252,54.237],[-9.154,54.174],[-9.046,54.293],[-8.949,54.292],[-8.826,54.256],[-8.783,54.278],[-8.673,54.27],[-8.6,54.209],[-8.545,54.221],[-8.633,54.257],[-8.494,54.289],[-8.572,54.3],[-8.531,54.317],[-8.589,54.347],[-8.686,54.327],[-8.684,54.369],[-8.558,54.4],[-8.404,54.467],[-8.301,54.48],[-8.232,54.506],[-8.269,54.534],[-8.222,54.553],[-8.142,54.649],[-8.205,54.644],[-8.299,54.603],[-8.285,54.641],[-8.391,54.613],[-8.507,54.629],[-8.607,54.607],[-8.656,54.63],[-8.801,54.655],[-8.814,54.696],[-8.75,54.704],[-8.758,54.741],[-8.673,54.772],[-8.495,54.76],[-8.549,54.785],[-8.481,54.792],[-8.58,54.827],[-8.497,54.848],[-8.386,54.841],[-8.398,54.88],[-8.469,54.917],[-8.465,54.95],[-8.393,54.947],[-8.46,54.992],[-8.334,55.075],[-8.306,55.144],[-8.236,55.139],[-8.046,55.164],[-8.036,55.189],[-7.91,55.184],[-7.87,55.132],[-7.842,55.172],[-7.89,55.205],[-7.8,55.236],[-7.815,55.179],[-7.68,55.15],[-7.724,55.217],[-7.751,55.187],[-7.791,55.211],[-7.75,55.245],[-7.639,55.266],[-7.633,55.209],[-7.536,55.12],[-7.534,55.093],[-7.641,55.045],[-7.573,55.044],[-7.689,54.958],[-7.643,54.951],[-7.604,54.989],[-7.5,55.034],[-7.5,55.15],[-7.568,55.188],[-7.518,55.289],[-7.461,55.278],[-7.385,55.313],[-7.314,55.269],[-7.266,55.284],[-7.359,55.326],[-7.405,55.373],[-7.184,55.334],[-7.163,55.301],[-6.93,55.226],[-6.938,55.21],[-7.124,55.159],[-7.256,55.073],[-7.251,55.048],[-7.155,55.061],[-7.077,55.042],[-7.025,55.063],[-6.971,55.129],[-6.984,55.18],[-6.923,55.17],[-6.825,55.016],[-6.807,54.928],[-6.859,54.813],[-6.995,54.728],[-7.173,54.664],[-7.233,54.615],[-7.362,54.574],[-7.489,54.564],[-7.677,54.451],[-7.762,54.338],[-7.724,54.197],[-7.72,54.107],[-7.771,54.065],[-7.922,54.055],[-8.111,54.183],[-8.209,54.23],[-8.341,54.239],[-8.492,54.178],[-8.596,54.107],[-8.649,54.022],[-8.561,54.017],[-8.475,53.99],[-8.461,53.904],[-8.355,53.888],[-8.292,53.861],[-8.382,53.707],[-8.363,53.65],[-8.183,53.467],[-8.17,53.41],[-8.218,53.359],[-8.34,53.414],[-8.433,53.441],[-8.519,53.424],[-8.598,53.342],[-8.645,53.336],[-8.644,53.421],[-8.668,53.447],[-8.897,53.518],[-8.88,53.569],[-8.73,53.587],[-8.647,53.624],[-8.589,53.674],[-8.622,53.758],[-8.708,53.789],[-8.857,53.759],[-8.934,53.788],[-9.057,53.783],[-9.613,53.635],[-9.709,53.599],[-9.798,53.607]]],[[[-5.721,55.717],[-5.738,55.667],[-5.773,55.679],[-5.721,55.717]]],[[[-6.291,56.033],[-6.269,56.068],[-6.184,56.119],[-6.164,56.102],[-6.231,56.024],[-6.291,56.033]]],[[[-5.686,56.186],[-5.686,56.161],[-5.76,56.172],[-5.686,56.186]]],[[[-5.661,56.253],[-5.63,56.234],[-5.65,56.186],[-5.661,56.253]]],[[[-5.664,56.299],[-5.612,56.311],[-5.635,56.266],[-5.664,56.299]]],[[[-5.582,56.405],[-5.514,56.404],[-5.576,56.369],[-5.582,56.405]]],[[[-5.466,56.541],[-5.492,56.486],[-5.563,56.461],[-5.466,56.541]]],[[[-6.997,56.473],[-6.951,56.523],[-6.876,56.515],[-6.763,56.544],[-6.943,56.432],[-6.997,56.473]]],[[[-5.987,56.52],[-5.795,56.497],[-5.686,56.449],[-5.685,56.382],[-5.749,56.406],[-5.791,56.364],[-5.703,56.369],[-5.748,56.335],[-5.849,56.305],[-5.908,56.344],[-6.029,56.293],[-6.225,56.282],[-6.337,56.265],[-6.385,56.307],[-6.371,56.34],[-6.209,56.327],[-6.1,56.339],[-6.017,56.369],[-6.038,56.387],[-6.12,56.357],[-6.213,56.368],[-6.123,56.444],[-6.006,56.477],[-6.146,56.467],[-6.232,56.515],[-6.345,56.537],[-6.29,56.569],[-6.326,56.593],[-6.137,56.647],[-6.065,56.627],[-5.98,56.544],[-5.987,56.52]]],[[[-6.701,56.561],[-6.573,56.655],[-6.463,56.675],[-6.574,56.585],[-6.701,56.561]]],[[[-7.644,56.826],[-7.638,56.807],[-7.668,56.804],[-7.644,56.826]]],[[[-6.279,56.827],[-6.233,56.831],[-6.243,56.817],[-6.279,56.827]]],[[[-7.535,56.904],[-7.51,56.896],[-7.534,56.89],[-7.535,56.904]]],[[[-7.58,56.939],[-7.514,56.917],[-7.561,56.908],[-7.58,56.939]]],[[[-6.155,56.941],[-6.123,56.881],[-6.209,56.879],[-6.155,56.941]]],[[[-6.471,57.01],[-6.401,57.045],[-6.317,57.053],[-6.258,57.028],[-6.263,56.964],[-6.32,56.935],[-6.471,57.01]]],[[[-7.569,56.952],[-7.528,56.998],[-7.465,57.023],[-7.399,57.007],[-7.475,56.943],[-7.569,56.952]]],[[[-6.55,57.065],[-6.521,57.054],[-6.618,57.048],[-6.55,57.065]]],[[[-6.23,57.13],[-6.255,57.153],[-6.181,57.15],[-6.23,57.13]]],[[[-5.995,57.313],[-5.903,57.296],[-5.959,57.269],[-5.995,57.313]]],[[[-7.236,57.338],[-7.203,57.299],[-7.279,57.219],[-7.361,57.221],[-7.26,57.197],[-7.271,57.146],[-7.364,57.148],[-7.229,57.117],[-7.379,57.095],[-7.409,57.127],[-7.425,57.204],[-7.458,57.23],[-7.398,57.308],[-7.436,57.372],[-7.337,57.394],[-7.236,57.338]]],[[[-7.274,57.445],[-7.214,57.425],[-7.253,57.395],[-7.391,57.418],[-7.406,57.46],[-7.365,57.481],[-7.218,57.456],[-7.274,57.445]]],[[[-6.062,57.348],[-6.052,57.439],[-5.973,57.484],[-6.006,57.428],[-5.961,57.353],[-6.039,57.324],[-6.062,57.348]]],[[[-7.204,57.489],[-7.17,57.494],[-7.163,57.464],[-7.204,57.489]]],[[[-7.41,57.532],[-7.373,57.529],[-7.361,57.492],[-7.41,57.532]]],[[[-5.535,56.538],[-5.694,56.493],[-5.818,56.533],[-5.896,56.542],[-5.968,56.579],[-6.013,56.64],[-5.877,56.651],[-5.753,56.698],[-5.807,56.702],[-5.878,56.669],[-6.009,56.671],[-6.085,56.687],[-6.196,56.685],[-6.231,56.713],[-6.132,56.758],[-6.078,56.75],[-5.971,56.775],[-5.877,56.738],[-5.893,56.777],[-5.806,56.782],[-5.88,56.81],[-5.856,56.827],[-5.71,56.833],[-5.669,56.859],[-5.766,56.85],[-5.732,56.876],[-5.822,56.878],[-5.85,56.916],[-5.794,56.995],[-5.73,57.002],[-5.651,56.971],[-5.667,57.016],[-5.725,57.02],[-5.763,57.059],[-5.701,57.105],[-5.588,57.109],[-5.504,57.07],[-5.445,57.092],[-5.525,57.103],[-5.664,57.155],[-5.615,57.183],[-5.6,57.235],[-5.507,57.251],[-5.41,57.199],[-5.379,57.22],[-5.471,57.252],[-5.478,57.275],[-5.567,57.262],[-5.713,57.277],[-5.654,57.335],[-5.497,57.343],[-5.431,57.399],[-5.517,57.358],[-5.617,57.356],[-5.604,57.398],[-5.709,57.342],[-5.806,57.353],[-5.793,57.426],[-5.86,57.466],[-5.844,57.539],[-5.775,57.562],[-5.65,57.51],[-5.572,57.517],[-5.597,57.468],[-5.575,57.412],[-5.42,57.467],[-5.328,57.429],[-5.309,57.31],[-5.252,57.26],[-5.197,57.25],[-5.266,57.2],[-5.28,57.145],[-5.221,57.095],[-5.166,57.084],[-5.382,56.856],[-5.446,56.807],[-5.446,56.749],[-5.411,56.626],[-5.535,56.538]]],[[[-5.964,57.562],[-5.939,57.556],[-5.961,57.511],[-5.964,57.562]]],[[[-7.096,57.612],[-7.206,57.631],[-7.111,57.584],[-7.135,57.557],[-7.299,57.556],[-7.287,57.541],[-7.146,57.543],[-7.163,57.503],[-7.313,57.506],[-7.435,57.574],[-7.526,57.581],[-7.527,57.618],[-7.462,57.654],[-7.392,57.631],[-7.35,57.676],[-7.281,57.645],[-7.221,57.685],[-7.156,57.682],[-7.193,57.649],[-7.069,57.641],[-7.096,57.612]]],[[[-6.114,57.577],[-6.134,57.55],[-6.119,57.431],[-6.171,57.406],[-6.105,57.396],[-6.101,57.306],[-6.027,57.298],[-5.956,57.256],[-5.826,57.243],[-5.716,57.265],[-5.636,57.237],[-5.657,57.192],[-5.84,57.094],[-5.9,57.028],[-6.012,57.013],[-6.054,57.056],[-5.962,57.092],[-5.959,57.119],[-5.839,57.172],[-5.961,57.153],[-5.977,57.198],[-6.064,57.161],[-6.089,57.125],[-6.111,57.187],[-6.295,57.164],[-6.444,57.25],[-6.482,57.307],[-6.378,57.335],[-6.451,57.34],[-6.54,57.401],[-6.583,57.334],[-6.726,57.369],[-6.8,57.419],[-6.742,57.495],[-6.595,57.428],[-6.652,57.492],[-6.571,57.504],[-6.664,57.547],[-6.632,57.594],[-6.566,57.548],[-6.468,57.512],[-6.348,57.503],[-6.408,57.562],[-6.423,57.645],[-6.267,57.691],[-6.211,57.624],[-6.114,57.577]]],[[[-7.196,57.728],[-7.185,57.699],[-7.232,57.702],[-7.196,57.728]]],[[[-7.242,57.772],[-7.219,57.761],[-7.277,57.758],[-7.242,57.772]]],[[[-8.629,57.811],[-8.585,57.812],[-8.596,57.795],[-8.629,57.811]]],[[[-6.704,57.864],[-6.677,57.861],[-6.686,57.846],[-6.704,57.864]]],[[[-7.013,57.912],[-6.985,57.89],[-7.099,57.89],[-7.013,57.912]]],[[[-7.172,58.025],[-7.12,58.019],[-7.17,58.006],[-7.172,58.025]]],[[[-6.889,58.249],[-6.801,58.214],[-6.871,58.204],[-6.889,58.249]]],[[[-5.632,57.54],[-5.805,57.632],[-5.762,57.686],[-5.664,57.688],[-5.682,57.717],[-5.784,57.737],[-5.79,57.845],[-5.682,57.854],[-5.609,57.761],[-5.565,57.778],[-5.575,57.832],[-5.636,57.883],[-5.589,57.911],[-5.521,57.857],[-5.435,57.853],[-5.4,57.891],[-5.291,57.845],[-5.219,57.832],[-5.381,57.906],[-5.343,57.922],[-5.21,57.899],[-5.067,57.85],[-5.177,57.912],[-5.162,57.938],[-5.287,57.97],[-5.385,58.018],[-5.431,58.06],[-5.414,58.092],[-5.347,58.057],[-5.266,58.064],[-5.288,58.139],[-5.392,58.235],[-5.362,58.248],[-5.29,58.214],[-5.223,58.237],[-5.089,58.25],[-4.972,58.223],[-5.11,58.051],[-5.114,58.022],[-5.053,57.971],[-4.924,57.912],[-4.924,57.882],[-5.026,57.812],[-5.132,57.791],[-5.301,57.775],[-5.398,57.748],[-5.548,57.545],[-5.632,57.54]]],[[[-6.307,58.227],[-6.249,58.2],[-6.177,58.232],[-6.11,58.234],[-6.196,58.17],[-6.355,58.184],[-6.361,58.115],[-6.437,58.124],[-6.422,58.096],[-6.568,58.071],[-6.36,58.089],[-6.341,58.018],[-6.435,57.973],[-6.453,57.927],[-6.57,57.904],[-6.673,57.926],[-6.72,57.983],[-6.652,58.038],[-6.678,58.047],[-6.755,57.997],[-6.692,57.919],[-6.681,57.873],[-6.795,57.886],[-6.823,57.861],[-6.749,57.821],[-6.853,57.812],[-6.953,57.731],[-7.128,57.804],[-7.004,57.852],[-6.935,57.863],[-6.95,57.895],[-6.859,57.916],[-6.984,57.95],[-7.07,57.95],[-7.119,57.978],[-7.083,58.005],[-6.975,58.035],[-7.064,58.031],[-7.028,58.06],[-7.106,58.063],[-7.121,58.124],[-7.096,58.18],[-7.037,58.228],[-6.958,58.228],[-6.934,58.187],[-6.758,58.177],[-6.764,58.225],[-6.817,58.256],[-6.812,58.293],[-6.702,58.3],[-6.618,58.339],[-6.523,58.354],[-6.397,58.428],[-6.204,58.49],[-6.149,58.453],[-6.137,58.406],[-6.18,58.352],[-6.151,58.331],[-6.307,58.227]]],[[[-4.938,58.245],[-5.107,58.272],[-5.163,58.341],[-5.117,58.39],[-5.039,58.366],[-5.102,58.416],[-5.049,58.441],[-5.097,58.471],[-5.09,58.51],[-4.993,58.559],[-4.974,58.609],[-4.753,58.581],[-4.644,58.528],[-4.739,58.444],[-4.65,58.471],[-4.577,58.523],[-4.565,58.568],[-4.413,58.537],[-4.443,58.431],[-4.4,58.489],[-4.338,58.531],[-4.246,58.514],[-4.13,58.559],[-3.991,58.559],[-3.765,58.546],[-3.638,58.607],[-3.546,58.609],[-3.366,58.582],[-3.338,58.604],[-3.372,58.655],[-3.304,58.631],[-3.169,58.644],[-3.01,58.628],[-3.043,58.564],[-3.116,58.509],[-3.108,58.475],[-3.03,58.439],[-3.106,58.35],[-3.203,58.292],[-3.346,58.261],[-3.5,58.161],[-3.461,58.216],[-3.525,58.234],[-3.638,58.232],[-3.794,58.168],[-3.819,58.126],[-3.939,58.103],[-4.004,58.021],[-4.073,57.997],[-4.244,57.99],[-4.34,57.935],[-4.42,57.935],[-4.569,58.004],[-4.701,58.031],[-4.77,58.147],[-4.75,58.196],[-4.935,58.212],[-4.938,58.245]]],[[[-2.993,58.815],[-2.899,58.824],[-2.861,58.808],[-2.953,58.725],[-2.993,58.815]]],[[[-3.096,58.834],[-3.072,58.801],[-3.125,58.812],[-3.096,58.834]]],[[[-2.941,58.841],[-2.87,58.861],[-2.868,58.839],[-2.941,58.841]]],[[[-3.118,58.767],[-3.25,58.757],[-3.41,58.856],[-3.388,58.899],[-3.325,58.912],[-3.216,58.874],[-3.157,58.805],[-3.24,58.775],[-3.122,58.786],[-3.118,58.767]]],[[[-2.911,59.02],[-2.895,59.06],[-2.799,59.07],[-2.811,59.009],[-2.911,59.02]]],[[[-3.082,58.991],[-2.954,58.983],[-2.882,59.001],[-2.89,58.961],[-2.781,58.976],[-2.826,58.943],[-2.69,58.955],[-2.692,58.913],[-2.765,58.901],[-2.816,58.867],[-2.912,58.88],[-2.953,58.946],[-3.103,58.903],[-3.194,58.911],[-3.22,58.969],[-3.182,58.995],[-3.199,59.035],[-3.266,58.997],[-3.237,58.963],[-3.28,58.937],[-3.342,58.968],[-3.323,59.098],[-3.288,59.124],[-3.167,59.14],[-2.987,59.062],[-2.995,59.027],[-3.082,58.991]]],[[[-2.583,59.067],[-2.618,59.15],[-2.521,59.109],[-2.524,59.078],[-2.583,59.067]]],[[[-2.948,59.13],[-3.049,59.12],[-3.093,59.152],[-3.071,59.183],[-2.944,59.169],[-2.948,59.13]]],[[[-2.764,59.135],[-2.777,59.181],[-2.737,59.235],[-2.722,59.138],[-2.764,59.135]]],[[[-2.548,59.224],[-2.61,59.224],[-2.642,59.189],[-2.684,59.206],[-2.588,59.247],[-2.593,59.279],[-2.511,59.294],[-2.52,59.255],[-2.405,59.303],[-2.432,59.273],[-2.548,59.224]]],[[[-2.881,59.292],[-2.825,59.242],[-2.854,59.23],[-2.905,59.274],[-2.972,59.255],[-3.045,59.32],[-2.922,59.332],[-2.961,59.301],[-2.881,59.292]]],[[[-2.85,59.373],[-2.863,59.318],[-2.889,59.347],[-2.85,59.373]]],[[[-2.397,59.386],[-2.34,59.387],[-2.389,59.346],[-2.397,59.386]]],[[[-1.613,59.543],[-1.59,59.519],[-1.635,59.508],[-1.613,59.543]]],[[[-2.088,60.153],[-2.053,60.104],[-2.111,60.115],[-2.088,60.153]]],[[[-1.125,60.171],[-1.068,60.177],[-1.088,60.107],[-1.125,60.171]]],[[[-0.947,60.37],[-0.971,60.329],[-1.01,60.33],[-0.947,60.37]]],[[[-0.795,60.563],[-0.87,60.578],[-0.895,60.555],[-0.944,60.612],[-0.818,60.614],[-0.795,60.563]]],[[[-1.295,60.436],[-1.306,60.459],[-1.226,60.479],[-1.186,60.421],[-1.239,60.396],[-1.141,60.398],[-1.062,60.439],[-1.051,60.415],[-1.129,60.37],[-1.067,60.373],[-1.089,60.337],[-1.176,60.333],[-1.084,60.315],[-1.157,60.229],[-1.187,60.257],[-1.225,60.221],[-1.157,60.175],[-1.155,60.129],[-1.218,60.069],[-1.179,60.04],[-1.216,60.018],[-1.208,59.968],[-1.248,59.978],[-1.257,59.849],[-1.362,59.892],[-1.327,59.94],[-1.325,60.018],[-1.266,60.103],[-1.311,60.214],[-1.34,60.204],[-1.409,60.243],[-1.405,60.202],[-1.471,60.146],[-1.562,60.182],[-1.493,60.213],[-1.62,60.206],[-1.71,60.225],[-1.722,60.291],[-1.605,60.286],[-1.545,60.304],[-1.506,60.271],[-1.446,60.311],[-1.383,60.288],[-1.375,60.327],[-1.318,60.358],[-1.407,60.374],[-1.467,60.413],[-1.483,60.455],[-1.597,60.494],[-1.573,60.54],[-1.429,60.491],[-1.489,60.537],[-1.436,60.608],[-1.314,60.614],[-1.371,60.398],[-1.295,60.436]]],[[[-0.99,60.68],[-0.995,60.626],[-1.068,60.655],[-1.016,60.574],[-1.043,60.484],[-1.125,60.467],[-1.199,60.509],[-1.208,60.557],[-1.182,60.633],[-1.119,60.596],[-1.133,60.717],[-1.024,60.718],[-0.99,60.68]]],[[[-0.851,60.714],[-0.848,60.667],[-0.955,60.67],[-0.974,60.704],[-0.945,60.797],[-0.89,60.832],[-0.768,60.779],[-0.851,60.714]]]]}}]}