{"type":"FeatureCollection","features":[{"type":"Feature","properties":{"id":328,"n":"Allegheny Highlands forests","b":4},"geometry":{"type":"Polygon","coordinates":[[[-73.984,42.578],[-73.888,42.522],[-73.889,42.465],[-73.842,42.436],[-73.92,42.223],[-73.974,42.145],[-74.0,41.988],[-74.05,41.947],[-74.224,41.825],[-74.265,41.826],[-74.371,41.759],[-74.429,41.682],[-74.467,41.593],[-74.543,41.53],[-74.641,41.417],[-74.716,41.357],[-74.833,41.288],[-74.867,41.215],[-74.934,41.14],[-75.029,41.078],[-75.219,41.026],[-75.302,40.984],[-75.4,40.963],[-75.656,40.869],[-75.616,40.908],[-75.684,40.896],[-75.652,40.987],[-75.721,40.993],[-75.795,41.071],[-75.981,41.075],[-75.874,41.178],[-75.784,41.212],[-75.679,41.283],[-75.617,41.25],[-75.617,41.301],[-75.545,41.388],[-75.493,41.419],[-75.41,41.636],[-75.413,41.689],[-75.455,41.727],[-75.565,41.558],[-75.615,41.507],[-75.752,41.446],[-75.785,41.378],[-75.903,41.324],[-76.025,41.241],[-76.126,41.194],[-76.22,41.261],[-76.371,41.231],[-76.438,41.257],[-76.405,41.295],[-76.503,41.287],[-76.573,41.332],[-76.636,41.303],[-76.765,41.321],[-76.866,41.317],[-77.088,41.355],[-77.371,41.243],[-77.271,41.241],[-77.609,41.106],[-77.625,41.108],[-77.747,41.116],[-77.73,41.182],[-77.918,41.146],[-77.988,41.195],[-78.046,41.184],[-78.565,41.046],[-78.632,41.111],[-78.686,41.099],[-78.771,41.122],[-78.781,41.185],[-78.693,41.271],[-78.767,41.254],[-78.835,41.262],[-78.928,41.246],[-78.964,41.22],[-79.08,41.19],[-79.091,41.238],[-79.142,41.249],[-79.245,41.209],[-79.307,41.221],[-79.36,41.267],[-79.301,41.403],[-79.359,41.432],[-79.453,41.372],[-79.515,41.386],[-79.695,41.393],[-79.744,41.36],[-79.827,41.374],[-79.943,41.409],[-79.983,41.456],[-79.895,41.43],[-79.851,41.562],[-79.775,41.57],[-79.778,41.519],[-79.738,41.576],[-79.693,41.562],[-79.68,41.621],[-79.632,41.661],[-79.582,41.776],[-79.536,41.817],[-79.509,41.885],[-79.443,41.913],[-79.422,41.885],[-79.337,41.931],[-79.263,41.911],[-79.254,41.947],[-79.161,41.909],[-79.105,41.939],[-79.115,41.983],[-79.076,41.999],[-79.043,42.099],[-78.921,42.125],[-79.016,42.215],[-79.012,42.314],[-78.957,42.341],[-78.934,42.39],[-78.943,42.467],[-78.919,42.488],[-78.929,42.587],[-78.858,42.684],[-78.782,42.688],[-78.727,42.763],[-78.661,42.768],[-78.602,42.74],[-78.465,42.878],[-78.371,42.889],[-78.252,42.851],[-78.211,42.89],[-78.116,42.875],[-78.089,42.902],[-78.0,42.837],[-77.959,42.746],[-77.885,42.714],[-77.843,42.667],[-77.786,42.688],[-77.829,42.765],[-77.741,42.812],[-77.723,42.772],[-77.64,42.779],[-77.563,42.813],[-77.508,42.773],[-77.495,42.813],[-77.305,42.865],[-77.293,42.772],[-77.221,42.822],[-77.171,42.827],[-77.145,42.783],[-77.114,42.805],[-77.043,42.683],[-76.952,42.626],[-76.915,42.556],[-76.857,42.573],[-76.83,42.679],[-76.795,42.68],[-76.669,42.601],[-76.62,42.623],[-76.639,42.753],[-76.566,42.834],[-76.499,42.798],[-76.476,42.843],[-76.382,42.878],[-76.39,42.925],[-76.315,42.964],[-76.171,42.899],[-76.168,42.933],[-76.107,42.979],[-75.95,42.999],[-75.949,43.035],[-75.754,43.039],[-75.657,43.074],[-75.605,43.011],[-75.585,43.055],[-75.492,43.037],[-75.431,43.078],[-75.398,43.07],[-75.435,42.98],[-75.507,42.897],[-75.455,42.91],[-75.41,42.844],[-75.387,42.895],[-75.306,42.961],[-75.257,42.923],[-75.26,42.855],[-75.195,42.861],[-75.122,42.835],[-75.094,42.857],[-75.023,42.818],[-74.97,42.84],[-74.892,42.782],[-74.794,42.822],[-74.749,42.796],[-74.689,42.81],[-74.661,42.738],[-74.509,42.658],[-74.463,42.676],[-74.365,42.672],[-74.312,42.625],[-74.283,42.666],[-74.164,42.609],[-74.059,42.605],[-74.014,42.656],[-73.979,42.64],[-73.984,42.578]],[[-74.252,42.231],[-74.458,42.258],[-74.517,42.165],[-74.638,42.148],[-74.872,42.073],[-74.892,42.004],[-74.874,41.959],[-74.738,41.98],[-74.655,41.935],[-74.583,41.809],[-74.537,41.829],[-74.457,41.817],[-74.389,41.891],[-74.312,41.887],[-74.253,41.928],[-74.283,42.0],[-74.217,41.977],[-74.122,42.006],[-74.157,42.055],[-74.077,42.072],[-74.008,42.22],[-74.061,42.3],[-74.124,42.341],[-74.206,42.299],[-74.252,42.231]]]}},{"type":"Feature","properties":{"id":331,"n":"Appalachian-Blue Ridge forests","b":4},"geometry":{"type":"MultiPolygon","coordinates":[[[[-81.264,35.913],[-81.229,35.864],[-81.267,35.857],[-81.264,35.913]]],[[[-80.461,36.352],[-80.468,36.33],[-80.499,36.343],[-80.461,36.352]]],[[[-80.197,36.385],[-80.327,36.38],[-80.39,36.346],[-80.372,36.392],[-80.22,36.409],[-80.197,36.385]]],[[[-79.226,37.528],[-79.195,37.622],[-79.132,37.651],[-79.117,37.579],[-79.226,37.528]]],[[[-78.765,37.83],[-78.826,37.898],[-78.76,37.97],[-78.677,37.998],[-78.696,37.921],[-78.765,37.83]]],[[[-79.299,39.693],[-79.272,39.676],[-79.363,39.569],[-79.299,39.693]]],[[[-74.144,41.417],[-74.225,41.346],[-74.259,41.35],[-74.29,41.252],[-74.423,41.232],[-74.425,41.232],[-74.505,41.197],[-74.493,41.283],[-74.542,41.252],[-74.58,41.171],[-74.544,41.145],[-74.712,41.03],[-74.889,40.843],[-74.946,40.887],[-74.912,40.927],[-75.024,40.853],[-75.133,40.755],[-75.132,40.712],[-75.087,40.716],[-74.974,40.791],[-74.938,40.769],[-74.828,40.866],[-74.825,40.823],[-74.927,40.754],[-74.938,40.72],[-75.041,40.666],[-75.189,40.621],[-75.223,40.67],[-75.329,40.628],[-75.323,40.57],[-75.45,40.523],[-75.442,40.557],[-75.353,40.599],[-75.4,40.61],[-75.549,40.509],[-75.701,40.502],[-75.911,40.424],[-75.915,40.337],[-75.967,40.296],[-76.046,40.31],[-76.152,40.35],[-76.227,40.314],[-76.311,40.284],[-76.676,40.261],[-76.811,40.199],[-76.879,40.202],[-77.001,40.151],[-77.12,40.043],[-77.108,40.023],[-77.238,39.939],[-77.343,39.905],[-77.374,39.862],[-77.391,39.777],[-77.353,39.687],[-77.424,39.629],[-77.422,39.591],[-77.543,39.259],[-77.582,39.132],[-77.582,39.196],[-77.516,39.38],[-77.518,39.47],[-77.569,39.504],[-77.612,39.447],[-77.693,39.284],[-77.731,39.175],[-77.714,39.297],[-77.767,39.221],[-77.836,39.084],[-77.918,39.012],[-77.966,38.992],[-78.028,38.918],[-78.083,38.907],[-78.087,38.853],[-78.124,38.852],[-78.146,38.733],[-78.248,38.682],[-78.26,38.573],[-78.337,38.468],[-78.279,38.421],[-78.315,38.367],[-78.428,38.391],[-78.465,38.315],[-78.562,38.272],[-78.546,38.25],[-78.631,38.235],[-78.592,38.203],[-78.649,38.14],[-78.661,38.204],[-78.702,38.159],[-78.686,38.11],[-78.848,38.025],[-78.856,37.931],[-78.931,37.874],[-78.852,37.878],[-78.855,37.802],[-78.768,37.791],[-78.839,37.731],[-78.903,37.773],[-78.954,37.74],[-78.936,37.817],[-79.006,37.822],[-79.105,37.717],[-79.315,37.599],[-79.4,37.564],[-79.449,37.499],[-79.421,37.472],[-79.38,37.511],[-79.254,37.485],[-79.301,37.43],[-79.405,37.393],[-79.47,37.473],[-79.511,37.429],[-79.639,37.419],[-79.643,37.373],[-79.848,37.274],[-79.807,37.199],[-79.893,37.171],[-79.999,37.094],[-80.065,37.11],[-80.114,36.931],[-80.171,36.879],[-80.296,36.816],[-80.313,36.747],[-80.26,36.741],[-80.128,36.774],[-80.11,36.748],[-80.171,36.689],[-80.297,36.641],[-80.277,36.616],[-80.36,36.593],[-80.377,36.626],[-80.47,36.568],[-80.499,36.627],[-80.637,36.65],[-80.766,36.595],[-80.82,36.54],[-80.877,36.549],[-80.901,36.501],[-80.839,36.464],[-80.924,36.463],[-80.885,36.406],[-81.024,36.353],[-81.072,36.382],[-81.126,36.373],[-81.104,36.337],[-81.128,36.276],[-81.197,36.269],[-81.363,36.174],[-81.389,36.109],[-81.45,36.054],[-81.418,36.037],[-81.371,36.082],[-81.291,36.083],[-81.332,36.018],[-81.062,36.14],[-80.945,36.154],[-80.907,36.118],[-80.998,36.086],[-80.963,36.042],[-81.011,36.038],[-80.982,35.998],[-81.009,35.964],[-81.07,36.019],[-81.122,36.026],[-81.203,35.989],[-81.241,36.002],[-81.275,35.941],[-81.336,35.917],[-81.438,35.922],[-81.463,35.869],[-81.506,35.9],[-81.46,35.95],[-81.529,35.964],[-81.684,35.937],[-81.795,35.856],[-81.908,35.808],[-81.969,35.753],[-82.004,35.691],[-81.954,35.691],[-81.949,35.635],[-81.896,35.643],[-81.921,35.583],[-81.871,35.571],[-81.781,35.64],[-81.676,35.68],[-81.606,35.729],[-81.5,35.724],[-81.55,35.704],[-81.576,35.655],[-81.587,35.561],[-81.773,35.514],[-81.731,35.51],[-81.728,35.444],[-81.759,35.402],[-81.797,35.424],[-81.78,35.475],[-81.833,35.464],[-81.967,35.529],[-82.068,35.484],[-82.081,35.55],[-82.107,35.509],[-82.193,35.458],[-82.212,35.386],[-82.276,35.337],[-82.29,35.289],[-82.179,35.303],[-82.26,35.242],[-82.264,35.139],[-82.463,35.093],[-82.53,35.027],[-82.612,35.015],[-82.657,35.049],[-82.762,35.001],[-82.696,34.97],[-82.756,34.967],[-82.825,34.917],[-82.886,34.923],[-82.92,34.957],[-82.977,34.922],[-83.004,34.957],[-83.064,34.929],[-83.089,34.825],[-83.136,34.767],[-83.337,34.646],[-83.399,34.677],[-83.365,34.7],[-83.396,34.733],[-83.506,34.697],[-83.602,34.792],[-83.749,34.72],[-83.821,34.644],[-83.851,34.691],[-83.951,34.634],[-84.024,34.619],[-84.105,34.627],[-84.151,34.576],[-84.26,34.515],[-84.241,34.435],[-84.249,34.325],[-84.463,34.212],[-84.557,34.215],[-84.648,34.142],[-84.738,34.101],[-84.84,34.109],[-84.96,34.06],[-85.02,33.961],[-85.09,33.965],[-85.13,33.938],[-85.289,33.904],[-85.345,33.93],[-85.428,33.935],[-85.506,33.866],[-85.61,33.83],[-85.657,33.778],[-85.648,33.653],[-85.793,33.561],[-85.877,33.552],[-85.936,33.508],[-85.981,33.414],[-86.061,33.386],[-86.209,33.269],[-86.182,33.238],[-86.244,33.15],[-86.36,33.134],[-86.436,33.049],[-86.551,33.06],[-86.591,33.107],[-86.562,33.155],[-86.589,33.178],[-86.667,33.163],[-86.754,33.053],[-86.846,32.973],[-87.045,32.987],[-87.129,32.965],[-87.162,32.999],[-87.147,33.113],[-87.186,33.178],[-87.255,33.138],[-87.291,33.146],[-87.057,33.326],[-87.002,33.432],[-86.902,33.529],[-86.801,33.573],[-86.673,33.721],[-86.625,33.835],[-86.582,33.884],[-86.357,34.066],[-86.195,34.144],[-86.15,34.132],[-86.302,34.046],[-86.552,33.856],[-86.609,33.787],[-86.595,33.754],[-86.507,33.804],[-86.403,33.824],[-86.321,33.906],[-86.274,33.906],[-86.194,33.984],[-86.313,33.947],[-86.262,34.005],[-86.115,34.081],[-86.042,34.148],[-85.822,34.423],[-85.712,34.52],[-85.539,34.764],[-85.587,34.74],[-85.564,34.824],[-85.452,34.978],[-85.404,34.989],[-85.352,35.095],[-85.278,35.189],[-85.194,35.247],[-85.105,35.431],[-85.061,35.46],[-84.906,35.635],[-84.868,35.704],[-84.791,35.762],[-84.692,35.879],[-84.572,35.926],[-84.545,35.957],[-84.437,35.984],[-84.344,36.047],[-84.226,36.103],[-84.163,36.182],[-84.167,36.231],[-84.226,36.3],[-84.217,36.328],[-84.047,36.433],[-83.972,36.463],[-83.869,36.466],[-83.77,36.533],[-83.667,36.567],[-83.646,36.615],[-83.544,36.651],[-83.404,36.672],[-83.207,36.73],[-83.05,36.766],[-82.764,36.863],[-82.836,36.761],[-82.807,36.719],[-82.675,36.784],[-82.507,36.83],[-82.255,36.929],[-82.203,36.93],[-82.107,36.983],[-82.028,37.07],[-81.976,37.036],[-81.809,37.087],[-81.707,37.13],[-81.561,37.159],[-81.375,37.237],[-81.259,37.256],[-81.118,37.3],[-80.876,37.356],[-80.791,37.391],[-80.617,37.487],[-80.364,37.615],[-80.417,37.651],[-80.373,37.775],[-80.325,37.828],[-80.256,37.974],[-80.049,38.19],[-79.953,38.355],[-79.882,38.429],[-79.839,38.528],[-79.788,38.708],[-79.714,38.8],[-79.629,38.951],[-79.561,39.027],[-79.51,39.032],[-79.402,38.973],[-79.329,38.991],[-79.262,39.137],[-79.145,39.302],[-79.025,39.45],[-78.884,39.595],[-78.735,39.856],[-78.746,39.885],[-78.816,39.807],[-78.902,39.741],[-79.039,39.59],[-79.213,39.448],[-79.274,39.421],[-79.435,39.285],[-79.575,39.152],[-79.62,39.074],[-79.666,39.051],[-79.784,38.816],[-79.945,38.618],[-79.997,38.492],[-80.073,38.487],[-80.095,38.589],[-80.004,38.739],[-79.944,38.812],[-79.817,39.209],[-79.704,39.366],[-79.668,39.374],[-79.531,39.559],[-79.473,39.546],[-79.499,39.467],[-79.567,39.36],[-79.506,39.333],[-79.329,39.49],[-79.224,39.543],[-79.1,39.64],[-79.017,39.758],[-78.839,39.949],[-78.73,40.085],[-78.629,40.316],[-78.563,40.369],[-78.402,40.64],[-78.308,40.683],[-78.21,40.779],[-78.0,40.893],[-77.876,41.015],[-77.809,41.049],[-77.625,41.108],[-77.609,41.106],[-77.271,41.241],[-77.371,41.243],[-77.088,41.355],[-76.866,41.317],[-76.765,41.321],[-76.636,41.303],[-76.573,41.332],[-76.503,41.287],[-76.405,41.295],[-76.438,41.257],[-76.371,41.231],[-76.22,41.261],[-76.126,41.194],[-76.025,41.241],[-75.903,41.324],[-75.785,41.378],[-75.752,41.446],[-75.615,41.507],[-75.565,41.558],[-75.455,41.727],[-75.413,41.689],[-75.41,41.636],[-75.493,41.419],[-75.545,41.388],[-75.617,41.301],[-75.617,41.25],[-75.679,41.283],[-75.784,41.212],[-75.874,41.178],[-75.981,41.075],[-75.795,41.071],[-75.721,40.993],[-75.652,40.987],[-75.684,40.896],[-75.616,40.908],[-75.656,40.869],[-75.4,40.963],[-75.302,40.984],[-75.219,41.026],[-75.029,41.078],[-74.934,41.14],[-74.867,41.215],[-74.833,41.288],[-74.716,41.357],[-74.641,41.417],[-74.543,41.53],[-74.467,41.593],[-74.429,41.682],[-74.371,41.759],[-74.265,41.826],[-74.224,41.825],[-74.05,41.947],[-74.063,41.846],[-74.033,41.762],[-74.073,41.603],[-74.053,41.486],[-74.096,41.423],[-74.144,41.417]],[[-78.054,40.373],[-78.137,40.34],[-78.233,40.222],[-78.312,40.057],[-78.216,40.087],[-78.215,39.999],[-78.273,39.866],[-78.177,39.923],[-78.108,40.033],[-78.004,40.324],[-77.958,40.416],[-77.992,40.428],[-78.054,40.373]],[[-85.523,34.769],[-85.485,34.753],[-85.569,34.642],[-85.649,34.508],[-85.752,34.404],[-85.856,34.25],[-86.074,34.023],[-86.002,34.024],[-85.849,34.142],[-85.745,34.208],[-85.603,34.384],[-85.515,34.465],[-85.366,34.632],[-85.309,34.774],[-85.398,34.704],[-85.445,34.62],[-85.458,34.68],[-85.42,34.753],[-85.356,34.948],[-85.33,34.99],[-85.355,35.019],[-85.517,34.824],[-85.523,34.769]]]]}},{"type":"Feature","properties":{"id":329,"n":"Appalachian mixed mesophytic forests","b":4},"geometry":{"type":"MultiPolygon","coordinates":[[[[-86.37,34.613],[-86.455,34.606],[-86.398,34.632],[-86.426,34.677],[-86.358,34.692],[-86.323,34.641],[-86.37,34.613]]],[[[-86.523,34.759],[-86.499,34.773],[-86.445,34.709],[-86.482,34.674],[-86.506,34.713],[-86.502,34.596],[-86.477,34.569],[-86.531,34.536],[-86.528,34.656],[-86.571,34.717],[-86.564,34.796],[-86.654,34.787],[-86.62,34.829],[-86.571,34.819],[-86.523,34.759]]],[[[-85.355,35.019],[-85.33,34.99],[-85.356,34.948],[-85.42,34.753],[-85.458,34.68],[-85.445,34.62],[-85.398,34.704],[-85.309,34.774],[-85.366,34.632],[-85.515,34.465],[-85.603,34.384],[-85.745,34.208],[-85.849,34.142],[-86.002,34.024],[-86.074,34.023],[-85.856,34.25],[-85.752,34.404],[-85.649,34.508],[-85.569,34.642],[-85.485,34.753],[-85.523,34.769],[-85.517,34.824],[-85.355,35.019]]],[[[-77.958,40.416],[-78.004,40.324],[-78.108,40.033],[-78.177,39.923],[-78.273,39.866],[-78.215,39.999],[-78.216,40.087],[-78.312,40.057],[-78.233,40.222],[-78.137,40.34],[-78.054,40.373],[-77.992,40.428],[-77.958,40.416]]],[[[-77.809,41.049],[-77.876,41.015],[-78.0,40.893],[-78.21,40.779],[-78.308,40.683],[-78.402,40.64],[-78.563,40.369],[-78.629,40.316],[-78.73,40.085],[-78.839,39.949],[-79.017,39.758],[-79.1,39.64],[-79.224,39.543],[-79.329,39.49],[-79.506,39.333],[-79.567,39.36],[-79.499,39.467],[-79.473,39.546],[-79.531,39.559],[-79.668,39.374],[-79.704,39.366],[-79.817,39.209],[-79.944,38.812],[-80.004,38.739],[-80.095,38.589],[-80.073,38.487],[-79.997,38.492],[-79.945,38.618],[-79.784,38.816],[-79.666,39.051],[-79.62,39.074],[-79.575,39.152],[-79.435,39.285],[-79.274,39.421],[-79.213,39.448],[-79.039,39.59],[-78.902,39.741],[-78.816,39.807],[-78.746,39.885],[-78.735,39.856],[-78.884,39.595],[-79.025,39.45],[-79.145,39.302],[-79.262,39.137],[-79.329,38.991],[-79.402,38.973],[-79.51,39.032],[-79.561,39.027],[-79.629,38.951],[-79.714,38.8],[-79.788,38.708],[-79.839,38.528],[-79.882,38.429],[-79.953,38.355],[-80.049,38.19],[-80.256,37.974],[-80.325,37.828],[-80.373,37.775],[-80.417,37.651],[-80.364,37.615],[-80.617,37.487],[-80.791,37.391],[-80.876,37.356],[-81.118,37.3],[-81.259,37.256],[-81.375,37.237],[-81.561,37.159],[-81.707,37.13],[-81.809,37.087],[-81.976,37.036],[-82.028,37.07],[-82.107,36.983],[-82.203,36.93],[-82.255,36.929],[-82.507,36.83],[-82.675,36.784],[-82.807,36.719],[-82.836,36.761],[-82.764,36.863],[-83.05,36.766],[-83.207,36.73],[-83.404,36.672],[-83.544,36.651],[-83.646,36.615],[-83.667,36.567],[-83.77,36.533],[-83.869,36.466],[-83.972,36.463],[-84.047,36.433],[-84.217,36.328],[-84.226,36.3],[-84.167,36.231],[-84.163,36.182],[-84.226,36.103],[-84.344,36.047],[-84.437,35.984],[-84.545,35.957],[-84.572,35.926],[-84.692,35.879],[-84.791,35.762],[-84.868,35.704],[-84.906,35.635],[-85.061,35.46],[-85.105,35.431],[-85.194,35.247],[-85.278,35.189],[-85.352,35.095],[-85.404,34.989],[-85.452,34.978],[-85.564,34.824],[-85.587,34.74],[-85.539,34.764],[-85.712,34.52],[-85.822,34.423],[-86.042,34.148],[-86.115,34.081],[-86.262,34.005],[-86.313,33.947],[-86.194,33.984],[-86.274,33.906],[-86.321,33.906],[-86.403,33.824],[-86.507,33.804],[-86.595,33.754],[-86.609,33.787],[-86.552,33.856],[-86.302,34.046],[-86.15,34.132],[-86.195,34.144],[-86.357,34.066],[-86.582,33.884],[-86.625,33.835],[-86.673,33.721],[-86.801,33.573],[-86.902,33.529],[-87.002,33.432],[-87.057,33.326],[-87.291,33.146],[-87.397,33.163],[-87.472,33.215],[-87.539,33.381],[-87.566,33.476],[-87.663,33.579],[-87.651,33.713],[-87.688,33.837],[-87.701,33.934],[-87.767,33.997],[-87.772,34.109],[-87.833,34.112],[-87.82,34.171],[-87.731,34.203],[-87.672,34.166],[-87.567,34.231],[-87.569,34.261],[-87.636,34.277],[-87.682,34.246],[-87.77,34.265],[-87.808,34.294],[-87.724,34.297],[-87.678,34.333],[-87.68,34.388],[-87.748,34.422],[-87.585,34.469],[-87.467,34.403],[-87.369,34.417],[-87.342,34.461],[-87.291,34.398],[-87.219,34.384],[-87.126,34.391],[-87.119,34.344],[-87.037,34.324],[-87.003,34.342],[-86.907,34.33],[-86.85,34.355],[-86.886,34.379],[-86.785,34.433],[-86.749,34.399],[-86.687,34.416],[-86.656,34.519],[-86.553,34.536],[-86.546,34.489],[-86.456,34.544],[-86.443,34.506],[-86.326,34.508],[-86.304,34.575],[-86.231,34.596],[-86.316,34.666],[-86.293,34.716],[-86.394,34.71],[-86.354,34.786],[-86.398,34.829],[-86.374,34.889],[-86.44,34.867],[-86.374,34.929],[-86.408,34.939],[-86.357,35.007],[-86.201,35.036],[-86.189,35.115],[-86.06,35.115],[-85.991,35.132],[-85.949,35.181],[-86.025,35.196],[-85.994,35.251],[-85.917,35.225],[-85.92,35.271],[-85.834,35.265],[-85.835,35.383],[-85.871,35.322],[-85.906,35.33],[-85.894,35.486],[-85.843,35.461],[-85.859,35.509],[-85.798,35.501],[-85.824,35.544],[-85.779,35.636],[-85.741,35.655],[-85.735,35.598],[-85.764,35.57],[-85.746,35.514],[-85.73,35.572],[-85.698,35.513],[-85.678,35.646],[-85.699,35.686],[-85.583,35.699],[-85.538,35.733],[-85.575,35.785],[-85.524,35.78],[-85.386,35.819],[-85.431,35.884],[-85.453,35.833],[-85.446,35.94],[-85.363,35.951],[-85.387,35.983],[-85.331,36.02],[-85.417,36.006],[-85.458,36.07],[-85.401,36.154],[-85.441,36.141],[-85.433,36.202],[-85.317,36.244],[-85.309,36.326],[-85.222,36.388],[-85.177,36.383],[-85.179,36.33],[-85.139,36.433],[-85.092,36.439],[-85.024,36.381],[-85.008,36.448],[-85.114,36.472],[-85.06,36.536],[-84.954,36.528],[-84.921,36.547],[-85.05,36.563],[-85.021,36.625],[-85.062,36.651],[-85.036,36.693],[-85.107,36.704],[-85.147,36.741],[-85.07,36.756],[-85.023,36.735],[-84.938,36.748],[-84.803,36.886],[-84.82,36.936],[-84.712,36.906],[-84.669,36.96],[-84.586,36.942],[-84.561,37.042],[-84.598,37.074],[-84.528,37.083],[-84.542,37.137],[-84.466,37.147],[-84.439,37.189],[-84.449,37.246],[-84.355,37.357],[-84.329,37.431],[-84.286,37.418],[-84.216,37.499],[-84.259,37.498],[-84.269,37.555],[-84.232,37.606],[-84.196,37.578],[-84.167,37.612],[-84.068,37.654],[-83.999,37.653],[-83.954,37.681],[-83.984,37.808],[-83.895,37.799],[-83.902,37.831],[-83.81,37.852],[-83.944,37.885],[-83.916,37.929],[-83.779,37.942],[-83.746,38.047],[-83.689,38.117],[-83.639,38.132],[-83.546,38.111],[-83.549,38.151],[-83.606,38.139],[-83.6,38.186],[-83.648,38.189],[-83.637,38.252],[-83.652,38.398],[-83.613,38.473],[-83.587,38.472],[-83.529,38.55],[-83.506,38.666],[-83.445,38.683],[-83.39,38.754],[-83.408,38.789],[-83.365,38.827],[-83.401,38.891],[-83.328,38.957],[-83.357,39.049],[-83.413,39.117],[-83.302,39.165],[-83.269,39.236],[-83.327,39.296],[-83.252,39.342],[-83.125,39.359],[-83.1,39.308],[-83.06,39.347],[-82.996,39.341],[-82.925,39.396],[-82.793,39.42],[-82.745,39.457],[-82.723,39.569],[-82.688,39.579],[-82.681,39.679],[-82.55,39.707],[-82.477,39.671],[-82.352,39.662],[-82.29,39.697],[-82.216,39.811],[-82.172,39.848],[-82.165,39.93],[-82.192,39.967],[-82.306,39.949],[-82.379,40.024],[-82.278,40.053],[-82.257,40.087],[-82.34,40.083],[-82.418,40.114],[-82.408,40.152],[-82.284,40.236],[-82.276,40.264],[-82.17,40.268],[-82.144,40.339],[-82.22,40.368],[-82.234,40.502],[-82.286,40.57],[-82.325,40.576],[-82.278,40.62],[-82.126,40.567],[-82.036,40.56],[-81.976,40.531],[-81.803,40.557],[-81.758,40.595],[-81.529,40.69],[-81.446,40.706],[-81.392,40.743],[-81.242,40.79],[-81.115,40.791],[-80.997,40.741],[-80.864,40.739],[-80.703,40.766],[-80.631,40.796],[-80.429,40.798],[-80.379,40.825],[-80.314,40.901],[-80.137,40.969],[-80.16,41.0],[-80.087,41.003],[-80.043,41.031],[-80.053,41.069],[-79.98,41.123],[-79.964,41.219],[-79.987,41.273],[-79.987,41.356],[-79.827,41.374],[-79.744,41.36],[-79.695,41.393],[-79.515,41.386],[-79.453,41.372],[-79.359,41.432],[-79.301,41.403],[-79.36,41.267],[-79.307,41.221],[-79.245,41.209],[-79.142,41.249],[-79.091,41.238],[-79.08,41.19],[-78.964,41.22],[-78.928,41.246],[-78.835,41.262],[-78.767,41.254],[-78.693,41.271],[-78.781,41.185],[-78.771,41.122],[-78.686,41.099],[-78.632,41.111],[-78.565,41.046],[-78.046,41.184],[-77.988,41.195],[-77.918,41.146],[-77.73,41.182],[-77.747,41.116],[-77.625,41.108],[-77.809,41.049]],[[-79.272,39.676],[-79.299,39.693],[-79.363,39.569],[-79.272,39.676]]]]}},{"type":"Feature","properties":{"id":330,"n":"Appalachian Piedmont forests","b":4},"geometry":{"type":"Polygon","coordinates":[[[-86.754,33.053],[-86.667,33.163],[-86.589,33.178],[-86.562,33.155],[-86.591,33.107],[-86.551,33.06],[-86.436,33.049],[-86.36,33.134],[-86.244,33.15],[-86.182,33.238],[-86.209,33.269],[-86.061,33.386],[-85.981,33.414],[-85.936,33.508],[-85.877,33.552],[-85.793,33.561],[-85.648,33.653],[-85.657,33.778],[-85.61,33.83],[-85.506,33.866],[-85.428,33.935],[-85.345,33.93],[-85.289,33.904],[-85.13,33.938],[-85.09,33.965],[-85.02,33.961],[-84.96,34.06],[-84.84,34.109],[-84.738,34.101],[-84.648,34.142],[-84.557,34.215],[-84.463,34.212],[-84.249,34.325],[-84.241,34.435],[-84.26,34.515],[-84.151,34.576],[-84.105,34.627],[-84.024,34.619],[-83.951,34.634],[-83.851,34.691],[-83.821,34.644],[-83.749,34.72],[-83.602,34.792],[-83.506,34.697],[-83.396,34.733],[-83.365,34.7],[-83.399,34.677],[-83.337,34.646],[-83.136,34.767],[-83.089,34.825],[-83.064,34.929],[-83.004,34.957],[-82.977,34.922],[-82.92,34.957],[-82.886,34.923],[-82.825,34.917],[-82.756,34.967],[-82.696,34.97],[-82.762,35.001],[-82.657,35.049],[-82.612,35.015],[-82.53,35.027],[-82.463,35.093],[-82.264,35.139],[-82.26,35.242],[-82.179,35.303],[-82.29,35.289],[-82.276,35.337],[-82.212,35.386],[-82.193,35.458],[-82.107,35.509],[-82.081,35.55],[-82.068,35.484],[-81.967,35.529],[-81.833,35.464],[-81.78,35.475],[-81.797,35.424],[-81.759,35.402],[-81.728,35.444],[-81.731,35.51],[-81.773,35.514],[-81.587,35.561],[-81.576,35.655],[-81.55,35.704],[-81.5,35.724],[-81.606,35.729],[-81.676,35.68],[-81.781,35.64],[-81.871,35.571],[-81.921,35.583],[-81.896,35.643],[-81.949,35.635],[-81.954,35.691],[-82.004,35.691],[-81.969,35.753],[-81.908,35.808],[-81.795,35.856],[-81.684,35.937],[-81.529,35.964],[-81.46,35.95],[-81.506,35.9],[-81.463,35.869],[-81.438,35.922],[-81.336,35.917],[-81.275,35.941],[-81.241,36.002],[-81.203,35.989],[-81.122,36.026],[-81.07,36.019],[-81.009,35.964],[-80.982,35.998],[-81.011,36.038],[-80.963,36.042],[-80.998,36.086],[-80.907,36.118],[-80.945,36.154],[-81.062,36.14],[-81.332,36.018],[-81.291,36.083],[-81.371,36.082],[-81.418,36.037],[-81.45,36.054],[-81.389,36.109],[-81.363,36.174],[-81.197,36.269],[-81.128,36.276],[-81.104,36.337],[-81.126,36.373],[-81.072,36.382],[-81.024,36.353],[-80.885,36.406],[-80.924,36.463],[-80.839,36.464],[-80.901,36.501],[-80.877,36.549],[-80.82,36.54],[-80.766,36.595],[-80.637,36.65],[-80.499,36.627],[-80.47,36.568],[-80.377,36.626],[-80.36,36.593],[-80.277,36.616],[-80.297,36.641],[-80.171,36.689],[-80.11,36.748],[-80.128,36.774],[-80.26,36.741],[-80.313,36.747],[-80.296,36.816],[-80.171,36.879],[-80.114,36.931],[-80.065,37.11],[-79.999,37.094],[-79.893,37.171],[-79.807,37.199],[-79.848,37.274],[-79.643,37.373],[-79.639,37.419],[-79.511,37.429],[-79.47,37.473],[-79.405,37.393],[-79.301,37.43],[-79.254,37.485],[-79.38,37.511],[-79.421,37.472],[-79.449,37.499],[-79.4,37.564],[-79.315,37.599],[-79.105,37.717],[-79.006,37.822],[-78.936,37.817],[-78.954,37.74],[-78.903,37.773],[-78.839,37.731],[-78.768,37.791],[-78.893,37.634],[-78.73,37.748],[-78.683,37.841],[-78.627,37.892],[-78.549,37.904],[-78.413,38.023],[-78.366,38.039],[-78.021,38.263],[-77.862,38.388],[-77.807,38.452],[-77.698,38.516],[-77.555,38.567],[-77.474,38.683],[-77.419,38.821],[-77.373,38.883],[-77.379,38.927],[-77.35,39.003],[-77.317,38.944],[-77.252,38.891],[-77.188,38.808],[-77.142,38.842],[-77.136,38.893],[-77.082,38.894],[-77.227,38.682],[-77.29,38.609],[-77.334,38.597],[-77.36,38.533],[-77.522,38.355],[-77.562,38.282],[-77.564,38.191],[-77.525,38.003],[-77.515,37.827],[-77.54,37.763],[-77.516,37.658],[-77.544,37.555],[-77.512,37.488],[-77.534,37.401],[-77.509,37.375],[-77.542,37.287],[-77.522,37.17],[-77.576,37.012],[-77.59,36.92],[-77.568,36.846],[-77.596,36.689],[-77.672,36.544],[-77.699,36.522],[-77.655,36.474],[-77.707,36.472],[-77.782,36.427],[-77.743,36.391],[-77.801,36.379],[-77.782,36.335],[-77.814,36.274],[-77.807,36.231],[-77.854,36.247],[-77.875,36.16],[-77.956,36.165],[-77.944,36.113],[-77.986,36.092],[-78.046,36.002],[-78.132,35.929],[-78.064,35.895],[-78.14,35.845],[-78.128,35.779],[-78.091,35.738],[-78.151,35.661],[-78.2,35.725],[-78.249,35.691],[-78.226,35.652],[-78.325,35.683],[-78.329,35.588],[-78.43,35.651],[-78.457,35.637],[-78.432,35.558],[-78.531,35.574],[-78.562,35.61],[-78.689,35.661],[-78.662,35.592],[-78.816,35.621],[-78.841,35.65],[-78.88,35.54],[-78.865,35.478],[-78.845,35.544],[-78.821,35.517],[-78.845,35.451],[-78.766,35.507],[-78.82,35.421],[-78.909,35.455],[-78.946,35.43],[-79.01,35.458],[-79.024,35.494],[-79.221,35.448],[-79.149,35.414],[-79.087,35.451],[-78.981,35.389],[-78.975,35.348],[-79.093,35.405],[-79.14,35.377],[-79.214,35.41],[-79.441,35.355],[-79.533,35.289],[-79.6,35.283],[-79.558,35.348],[-79.603,35.364],[-79.782,35.312],[-79.784,35.231],[-79.759,35.162],[-79.822,35.075],[-79.807,34.981],[-79.913,34.984],[-79.958,34.965],[-79.924,34.914],[-79.93,34.834],[-79.96,34.812],[-80.0,34.88],[-80.125,34.845],[-80.068,34.738],[-80.235,34.745],[-80.373,34.779],[-80.461,34.724],[-80.415,34.672],[-80.427,34.63],[-80.52,34.649],[-80.576,34.609],[-80.522,34.553],[-80.577,34.572],[-80.571,34.517],[-80.617,34.434],[-80.576,34.413],[-80.648,34.313],[-80.742,34.314],[-80.776,34.289],[-80.873,34.274],[-80.796,34.222],[-80.873,34.184],[-80.971,34.221],[-81.01,34.209],[-80.981,34.16],[-80.999,34.095],[-81.08,34.02],[-81.15,34.007],[-81.222,33.966],[-81.234,34.009],[-81.395,33.985],[-81.475,33.931],[-81.49,33.945],[-81.676,33.862],[-81.726,33.875],[-81.894,33.811],[-81.905,33.761],[-81.868,33.727],[-81.949,33.635],[-81.974,33.636],[-81.99,33.507],[-82.045,33.482],[-82.074,33.529],[-82.14,33.523],[-82.265,33.419],[-82.397,33.429],[-82.392,33.527],[-82.433,33.56],[-82.45,33.496],[-82.484,33.476],[-82.499,33.406],[-82.48,33.367],[-82.588,33.402],[-82.635,33.333],[-82.599,33.326],[-82.6,33.245],[-82.639,33.307],[-82.701,33.336],[-82.746,33.278],[-82.724,33.247],[-82.834,33.273],[-82.911,33.252],[-82.951,33.105],[-82.998,33.109],[-83.111,33.282],[-83.137,33.231],[-83.067,33.148],[-83.091,33.11],[-83.046,33.085],[-83.107,33.056],[-83.124,33.162],[-83.165,33.033],[-83.266,33.007],[-83.362,33.023],[-83.383,32.964],[-83.518,32.961],[-83.574,32.91],[-83.582,32.856],[-83.691,32.859],[-83.749,32.795],[-83.791,32.813],[-83.849,32.766],[-83.928,32.771],[-84.099,32.698],[-84.093,32.66],[-84.157,32.675],[-84.219,32.655],[-84.356,32.676],[-84.409,32.643],[-84.537,32.63],[-84.679,32.543],[-84.792,32.562],[-84.914,32.514],[-84.999,32.504],[-85.056,32.547],[-85.136,32.553],[-85.292,32.525],[-85.356,32.555],[-85.41,32.531],[-85.494,32.562],[-85.458,32.602],[-85.487,32.621],[-85.688,32.572],[-85.827,32.598],[-85.887,32.536],[-85.924,32.606],[-86.015,32.642],[-86.085,32.613],[-86.113,32.661],[-86.182,32.657],[-86.257,32.617],[-86.324,32.656],[-86.392,32.742],[-86.5,32.749],[-86.52,32.808],[-86.578,32.831],[-86.656,32.899],[-86.664,32.954],[-86.711,32.979],[-86.846,32.973],[-86.754,33.053]],[[-79.132,37.651],[-79.195,37.622],[-79.226,37.528],[-79.117,37.579],[-79.132,37.651]],[[-80.372,36.392],[-80.39,36.346],[-80.327,36.38],[-80.197,36.385],[-80.22,36.409],[-80.372,36.392]],[[-80.468,36.33],[-80.461,36.352],[-80.499,36.343],[-80.468,36.33]],[[-81.229,35.864],[-81.264,35.913],[-81.267,35.857],[-81.229,35.864]]]}},{"type":"Feature","properties":{"id":346,"n":"Arizona Mountains forests","b":5},"geometry":{"type":"MultiPolygon","coordinates":[[[[-105.082,32.62],[-104.961,32.555],[-104.873,32.523],[-104.753,32.372],[-104.72,32.301],[-104.646,32.234],[-104.58,32.244],[-104.409,32.216],[-104.399,32.171],[-104.481,32.158],[-104.654,32.065],[-104.723,32.015],[-104.767,31.932],[-104.826,31.869],[-104.88,31.868],[-104.934,31.92],[-104.964,32.038],[-105.008,32.066],[-105.029,32.153],[-105.018,32.222],[-104.972,32.245],[-104.895,32.191],[-104.907,32.241],[-104.99,32.326],[-105.13,32.413],[-105.146,32.483],[-105.181,32.504],[-105.256,32.48],[-105.305,32.436],[-105.371,32.438],[-105.366,32.373],[-105.404,32.353],[-105.469,32.399],[-105.58,32.519],[-105.63,32.535],[-105.689,32.515],[-105.808,32.539],[-105.758,32.616],[-105.84,32.607],[-105.915,32.749],[-105.934,32.814],[-105.912,32.904],[-105.921,32.978],[-105.887,32.986],[-105.947,33.171],[-105.984,33.171],[-105.938,33.336],[-105.991,33.367],[-106.026,33.426],[-105.921,33.491],[-105.902,33.572],[-105.859,33.557],[-105.738,33.593],[-105.719,33.627],[-105.807,33.703],[-105.812,33.802],[-105.781,33.894],[-105.651,33.969],[-105.568,33.951],[-105.542,33.9],[-105.573,33.837],[-105.559,33.763],[-105.511,33.696],[-105.413,33.695],[-105.379,33.728],[-105.335,33.704],[-105.219,33.684],[-105.167,33.633],[-105.152,33.566],[-105.174,33.482],[-105.224,33.415],[-105.299,33.422],[-105.312,33.4],[-105.222,33.325],[-105.194,33.182],[-105.155,33.084],[-105.185,33.041],[-105.182,32.899],[-105.22,32.842],[-105.271,32.844],[-105.242,32.752],[-105.143,32.713],[-105.092,32.647],[-105.082,32.62]]],[[[-107.046,33.9],[-107.151,33.828],[-107.145,33.778],[-107.194,33.813],[-107.215,33.872],[-107.29,34.031],[-107.257,34.091],[-107.21,34.082],[-107.176,34.13],[-107.113,34.06],[-107.028,34.002],[-107.046,33.9]]],[[[-105.661,34.256],[-105.693,34.166],[-105.753,34.13],[-105.869,34.239],[-105.792,34.31],[-105.755,34.274],[-105.661,34.256]]],[[[-107.746,34.924],[-107.724,34.887],[-107.668,34.898],[-107.652,34.837],[-107.765,34.705],[-107.862,34.688],[-107.918,34.768],[-107.868,34.861],[-107.808,34.845],[-107.829,34.91],[-107.758,34.984],[-107.71,34.97],[-107.746,34.924]]],[[[-106.117,35.268],[-106.181,35.174],[-106.28,35.159],[-106.133,35.006],[-106.135,34.926],[-106.169,34.848],[-106.243,34.748],[-106.308,34.725],[-106.344,34.637],[-106.343,34.492],[-106.462,34.393],[-106.485,34.34],[-106.557,34.288],[-106.662,34.274],[-106.581,34.384],[-106.498,34.471],[-106.524,34.628],[-106.478,34.693],[-106.483,34.774],[-106.438,34.863],[-106.471,35.009],[-106.496,35.016],[-106.472,35.151],[-106.515,35.223],[-106.505,35.263],[-106.378,35.317],[-106.28,35.267],[-106.223,35.288],[-106.217,35.364],[-106.14,35.401],[-106.086,35.353],[-106.087,35.278],[-106.117,35.268]]],[[[-108.248,35.386],[-108.106,35.353],[-108.056,35.32],[-108.016,35.153],[-107.924,35.039],[-107.941,34.953],[-108.019,34.914],[-108.05,35.001],[-108.124,34.978],[-108.094,34.902],[-108.137,34.9],[-108.146,34.845],[-108.21,34.792],[-108.337,34.751],[-108.296,34.853],[-108.305,34.915],[-108.178,34.959],[-108.152,35.005],[-108.29,35.109],[-108.402,35.146],[-108.46,35.128],[-108.506,35.155],[-108.651,35.407],[-108.64,35.444],[-108.543,35.469],[-108.361,35.435],[-108.248,35.386]]],[[[-107.213,35.523],[-107.15,35.378],[-107.211,35.318],[-107.257,35.21],[-107.378,35.145],[-107.361,35.078],[-107.43,35.05],[-107.498,35.074],[-107.499,35.13],[-107.588,35.105],[-107.652,35.122],[-107.721,35.084],[-107.783,35.128],[-107.803,35.185],[-107.87,35.164],[-107.883,35.2],[-107.767,35.227],[-107.786,35.331],[-107.683,35.31],[-107.632,35.345],[-107.636,35.404],[-107.555,35.471],[-107.51,35.464],[-107.438,35.529],[-107.406,35.588],[-107.34,35.613],[-107.218,35.586],[-107.213,35.523]]],[[[-107.309,33.732],[-107.279,33.747],[-107.267,33.679],[-107.291,33.638],[-107.262,33.548],[-107.335,33.42],[-107.457,33.438],[-107.495,33.468],[-107.488,33.345],[-107.537,33.295],[-107.542,33.225],[-107.606,33.161],[-107.516,33.131],[-107.513,32.967],[-107.558,32.94],[-107.599,32.965],[-107.572,32.796],[-107.567,32.7],[-107.656,32.557],[-107.697,32.461],[-107.774,32.485],[-107.753,32.599],[-107.804,32.644],[-107.816,32.586],[-107.911,32.559],[-107.951,32.582],[-107.996,32.657],[-108.048,32.638],[-108.116,32.724],[-108.133,32.779],[-108.213,32.813],[-108.28,32.808],[-108.354,32.732],[-108.32,32.657],[-108.341,32.542],[-108.429,32.526],[-108.482,32.416],[-108.573,32.44],[-108.539,32.537],[-108.544,32.61],[-108.594,32.676],[-108.679,32.742],[-108.731,32.731],[-108.784,32.805],[-108.845,32.809],[-108.905,32.767],[-108.977,32.793],[-109.05,32.869],[-109.096,32.956],[-109.139,32.998],[-109.166,33.072],[-109.265,33.066],[-109.264,33.141],[-109.202,33.201],[-109.248,33.201],[-109.326,33.094],[-109.418,33.086],[-109.479,33.136],[-109.444,33.157],[-109.468,33.264],[-109.439,33.337],[-109.473,33.383],[-109.519,33.357],[-109.523,33.177],[-109.576,33.143],[-109.734,33.226],[-109.769,33.289],[-109.887,33.328],[-109.954,33.39],[-110.075,33.444],[-110.246,33.487],[-110.301,33.527],[-110.385,33.536],[-110.559,33.805],[-110.765,34.194],[-110.823,34.318],[-110.99,34.742],[-111.013,34.81],[-110.82,34.68],[-110.736,34.684],[-110.691,34.64],[-110.525,34.603],[-110.449,34.483],[-110.073,34.379],[-109.944,34.411],[-109.917,34.388],[-109.805,34.386],[-109.666,34.27],[-109.583,34.282],[-109.49,34.216],[-109.38,34.163],[-109.376,34.12],[-109.324,34.109],[-109.239,34.176],[-109.122,34.16],[-109.05,34.197],[-109.005,34.127],[-108.968,34.116],[-108.882,34.155],[-108.797,34.128],[-108.668,34.164],[-108.629,34.193],[-108.607,34.266],[-108.55,34.234],[-108.485,34.277],[-108.43,34.275],[-108.34,34.199],[-108.3,34.213],[-108.244,34.28],[-108.168,34.268],[-108.114,34.29],[-108.038,34.362],[-107.931,34.373],[-107.813,34.347],[-107.718,34.437],[-107.636,34.448],[-107.587,34.388],[-107.417,34.343],[-107.319,34.367],[-107.272,34.328],[-107.199,34.167],[-107.264,34.173],[-107.297,34.129],[-107.4,34.085],[-107.463,34.079],[-107.486,34.133],[-107.569,34.183],[-107.54,34.202],[-107.576,34.268],[-107.681,34.282],[-107.81,34.184],[-107.776,34.087],[-107.837,34.047],[-107.885,34.071],[-107.973,34.071],[-108.029,34.048],[-108.033,33.999],[-108.116,33.94],[-108.176,33.942],[-108.235,33.879],[-108.311,33.923],[-108.354,33.872],[-108.318,33.853],[-108.378,33.786],[-108.269,33.685],[-108.237,33.759],[-108.204,33.781],[-108.043,33.802],[-107.96,33.847],[-107.915,33.903],[-107.884,33.879],[-107.819,33.889],[-107.768,33.774],[-107.721,33.789],[-107.665,33.767],[-107.643,33.807],[-107.693,33.883],[-107.67,33.929],[-107.58,33.976],[-107.413,33.94],[-107.324,33.842],[-107.309,33.732]]],[[[-109.048,36.816],[-109.068,36.751],[-109.14,36.665],[-109.17,36.687],[-109.21,36.647],[-109.211,36.589],[-109.136,36.565],[-109.081,36.509],[-108.992,36.539],[-108.923,36.532],[-108.888,36.453],[-108.888,36.375],[-108.862,36.342],[-108.864,36.264],[-108.782,36.202],[-108.713,36.121],[-108.663,35.974],[-108.671,35.895],[-108.749,35.869],[-108.764,35.84],[-108.878,35.766],[-108.888,35.727],[-108.943,35.745],[-109.012,35.729],[-109.039,35.781],[-109.069,35.772],[-109.112,35.645],[-109.102,35.557],[-109.17,35.486],[-109.146,35.449],[-109.175,35.414],[-109.336,35.423],[-109.389,35.487],[-109.423,35.571],[-109.395,35.589],[-109.412,35.655],[-109.371,35.742],[-109.436,35.861],[-109.392,35.882],[-109.418,35.924],[-109.364,36.0],[-109.333,36.09],[-109.345,36.234],[-109.28,36.306],[-109.232,36.317],[-109.207,36.365],[-109.217,36.43],[-109.335,36.559],[-109.288,36.601],[-109.28,36.875],[-109.157,36.895],[-109.083,36.87],[-109.048,36.816]]]]}},{"type":"Feature","properties":{"id":522,"n":"Balsas dry forests","b":2},"geometry":{"type":"MultiPolygon","coordinates":[[[[-100.438,17.503],[-100.492,17.473],[-100.505,17.423],[-100.554,17.453],[-100.514,17.526],[-100.371,17.534],[-100.368,17.493],[-100.438,17.503]]],[[[-97.24,17.549],[-97.156,17.524],[-97.139,17.482],[-97.162,17.399],[-97.233,17.364],[-97.231,17.24],[-97.167,17.171],[-97.227,17.134],[-97.244,17.029],[-97.327,17.069],[-97.39,17.017],[-97.438,17.052],[-97.434,17.115],[-97.481,17.197],[-97.452,17.217],[-97.39,17.06],[-97.361,17.111],[-97.355,17.206],[-97.313,17.253],[-97.382,17.326],[-97.337,17.382],[-97.368,17.563],[-97.308,17.539],[-97.24,17.549]]],[[[-97.356,17.776],[-97.287,17.724],[-97.296,17.656],[-97.332,17.625],[-97.395,17.725],[-97.356,17.776]]],[[[-97.09,17.467],[-97.123,17.528],[-97.025,17.548],[-97.036,17.665],[-97.089,17.764],[-97.041,17.773],[-97.061,17.815],[-97.136,17.812],[-97.122,17.853],[-97.161,17.878],[-97.181,17.958],[-97.267,17.996],[-97.253,18.041],[-97.341,18.062],[-97.38,17.99],[-97.436,18.041],[-97.454,18.004],[-97.51,18.109],[-97.505,18.146],[-97.383,18.197],[-97.357,18.159],[-97.275,18.165],[-97.236,18.197],[-97.158,18.153],[-97.153,18.304],[-97.209,18.33],[-97.347,18.479],[-97.33,18.504],[-97.279,18.496],[-97.264,18.442],[-97.144,18.378],[-97.112,18.251],[-97.069,18.25],[-97.051,18.165],[-96.945,17.989],[-96.879,18.012],[-96.944,17.88],[-96.881,17.722],[-96.813,17.664],[-96.821,17.593],[-96.801,17.52],[-96.818,17.487],[-96.809,17.393],[-96.873,17.447],[-96.906,17.533],[-96.946,17.564],[-96.994,17.667],[-96.985,17.568],[-97.015,17.484],[-96.975,17.458],[-97.019,17.419],[-97.09,17.467]]],[[[-100.895,19.593],[-100.827,19.563],[-100.853,19.514],[-100.895,19.593]]],[[[-97.952,18.746],[-97.957,18.808],[-97.925,18.806],[-97.919,18.749],[-97.858,18.647],[-97.86,18.576],[-97.925,18.562],[-98.028,18.487],[-98.089,18.507],[-98.17,18.353],[-98.163,18.293],[-98.042,18.324],[-98.029,18.345],[-97.997,18.333],[-97.967,18.434],[-97.921,18.436],[-97.941,18.38],[-97.887,18.395],[-97.792,18.297],[-97.799,18.209],[-97.693,18.156],[-97.658,18.118],[-97.737,18.089],[-97.775,17.976],[-97.803,17.99],[-97.846,18.05],[-97.812,18.08],[-97.844,18.119],[-97.935,18.118],[-97.915,17.991],[-97.835,17.972],[-97.87,17.942],[-97.819,17.892],[-97.848,17.867],[-97.938,17.984],[-97.959,17.961],[-97.873,17.871],[-97.984,17.907],[-98.128,17.741],[-98.1,17.691],[-98.042,17.678],[-98.0,17.704],[-98.005,17.747],[-97.947,17.75],[-97.947,17.704],[-97.868,17.722],[-97.84,17.79],[-97.739,17.898],[-97.68,17.879],[-97.742,17.804],[-97.721,17.746],[-97.631,17.697],[-97.493,17.717],[-97.469,17.748],[-97.444,17.694],[-97.458,17.639],[-97.526,17.615],[-97.521,17.576],[-97.577,17.609],[-97.627,17.59],[-97.65,17.633],[-97.738,17.63],[-97.779,17.594],[-97.854,17.622],[-97.861,17.662],[-97.945,17.656],[-97.983,17.623],[-97.964,17.536],[-98.066,17.586],[-98.05,17.497],[-98.1,17.459],[-98.124,17.507],[-98.098,17.57],[-98.197,17.617],[-98.146,17.661],[-98.15,17.716],[-98.199,17.716],[-98.208,17.755],[-98.176,17.927],[-98.272,17.907],[-98.357,18.0],[-98.393,17.923],[-98.348,17.887],[-98.32,17.813],[-98.332,17.757],[-98.395,17.863],[-98.497,17.838],[-98.544,17.782],[-98.491,17.703],[-98.487,17.603],[-98.523,17.539],[-98.482,17.478],[-98.502,17.387],[-98.451,17.382],[-98.458,17.341],[-98.524,17.331],[-98.553,17.414],[-98.647,17.418],[-98.686,17.508],[-98.627,17.607],[-98.657,17.643],[-98.543,17.666],[-98.584,17.774],[-98.66,17.745],[-98.694,17.782],[-98.65,17.826],[-98.687,17.85],[-98.712,17.934],[-98.743,17.901],[-98.816,17.916],[-98.876,18.011],[-98.948,17.972],[-98.953,17.934],[-98.862,17.877],[-98.846,17.837],[-98.878,17.793],[-98.934,17.794],[-98.895,17.713],[-98.848,17.687],[-98.93,17.581],[-98.956,17.613],[-98.915,17.675],[-98.924,17.718],[-99.066,17.688],[-98.987,17.814],[-99.04,17.839],[-99.111,17.718],[-99.111,17.799],[-99.16,17.818],[-99.188,17.784],[-99.179,17.717],[-99.126,17.616],[-99.167,17.599],[-99.242,17.758],[-99.213,17.845],[-99.301,17.785],[-99.274,17.722],[-99.302,17.657],[-99.336,17.67],[-99.38,17.559],[-99.357,17.49],[-99.337,17.518],[-99.29,17.495],[-99.233,17.521],[-99.204,17.464],[-99.146,17.453],[-99.146,17.408],[-99.074,17.378],[-99.138,17.232],[-99.15,17.283],[-99.184,17.231],[-99.252,17.232],[-99.192,17.289],[-99.245,17.347],[-99.29,17.255],[-99.327,17.28],[-99.284,17.39],[-99.33,17.45],[-99.353,17.415],[-99.407,17.424],[-99.427,17.368],[-99.473,17.341],[-99.437,17.41],[-99.477,17.434],[-99.559,17.54],[-99.574,17.61],[-99.651,17.697],[-99.707,17.666],[-99.727,17.703],[-99.775,17.686],[-99.694,17.758],[-99.737,17.811],[-99.653,17.833],[-99.686,17.899],[-99.752,17.893],[-99.823,17.831],[-99.879,17.831],[-99.923,17.9],[-99.941,17.767],[-99.969,17.818],[-100.012,17.802],[-100.022,17.737],[-99.928,17.634],[-99.979,17.655],[-100.028,17.639],[-100.06,17.677],[-100.064,17.743],[-100.121,17.749],[-100.156,17.554],[-100.19,17.584],[-100.15,17.654],[-100.162,17.768],[-100.211,17.669],[-100.214,17.601],[-100.269,17.652],[-100.246,17.704],[-100.272,17.748],[-100.206,17.801],[-100.25,17.826],[-100.175,17.877],[-100.24,17.919],[-100.273,17.988],[-100.243,17.999],[-100.276,18.062],[-100.361,18.046],[-100.403,17.854],[-100.405,17.728],[-100.444,17.766],[-100.422,17.912],[-100.458,17.974],[-100.486,17.943],[-100.483,17.853],[-100.545,17.79],[-100.521,17.855],[-100.507,17.969],[-100.617,18.044],[-100.635,17.992],[-100.533,17.943],[-100.573,17.828],[-100.66,17.78],[-100.632,17.829],[-100.631,17.908],[-100.723,17.947],[-100.686,17.989],[-100.724,18.049],[-100.728,17.975],[-100.806,17.963],[-100.834,17.987],[-100.811,18.052],[-100.766,18.09],[-100.843,18.146],[-100.873,18.035],[-100.969,17.994],[-101.059,17.993],[-101.069,18.017],[-100.992,18.043],[-100.931,18.134],[-100.991,18.195],[-101.042,18.175],[-101.076,18.231],[-101.138,18.235],[-101.109,18.298],[-101.162,18.369],[-101.23,18.272],[-101.281,18.281],[-101.256,18.235],[-101.322,18.232],[-101.366,18.302],[-101.427,18.346],[-101.393,18.269],[-101.443,18.268],[-101.458,18.36],[-101.49,18.409],[-101.551,18.408],[-101.496,18.358],[-101.546,18.371],[-101.57,18.264],[-101.613,18.162],[-101.563,18.137],[-101.584,18.11],[-101.752,18.084],[-101.995,18.174],[-101.929,18.47],[-101.809,18.86],[-101.744,19.032],[-101.717,18.972],[-101.681,18.963],[-101.586,18.81],[-101.442,18.688],[-101.473,18.613],[-101.41,18.597],[-101.407,18.628],[-101.348,18.622],[-101.385,18.689],[-101.224,18.706],[-101.288,18.733],[-101.297,18.806],[-101.394,18.757],[-101.493,18.828],[-101.498,18.866],[-101.416,18.864],[-101.401,18.9],[-101.466,18.915],[-101.475,18.997],[-101.527,19.059],[-101.629,19.057],[-101.536,19.134],[-101.439,19.194],[-101.414,19.152],[-101.263,19.215],[-101.214,19.171],[-101.258,19.053],[-101.212,19.083],[-101.1,19.066],[-101.163,19.131],[-101.156,19.171],[-101.055,19.175],[-101.075,19.123],[-101.017,19.074],[-101.01,19.1],[-100.874,19.098],[-100.87,19.185],[-100.915,19.265],[-100.965,19.421],[-100.925,19.387],[-100.919,19.453],[-100.985,19.482],[-100.992,19.576],[-100.93,19.562],[-100.864,19.43],[-100.86,19.282],[-100.816,19.28],[-100.842,19.401],[-100.822,19.396],[-100.772,19.258],[-100.775,19.206],[-100.744,19.145],[-100.696,19.304],[-100.649,19.29],[-100.636,19.348],[-100.591,19.391],[-100.614,19.425],[-100.541,19.408],[-100.495,19.477],[-100.411,19.446],[-100.468,19.309],[-100.404,19.224],[-100.347,19.2],[-100.372,19.175],[-100.468,19.238],[-100.489,19.181],[-100.457,19.09],[-100.377,19.133],[-100.363,19.09],[-100.316,19.079],[-100.295,19.024],[-100.189,18.915],[-100.225,18.839],[-100.171,18.881],[-100.096,18.87],[-100.092,18.817],[-100.168,18.743],[-100.306,18.768],[-100.334,18.729],[-100.426,18.704],[-100.435,18.638],[-100.38,18.594],[-100.326,18.657],[-100.337,18.705],[-100.272,18.718],[-100.194,18.687],[-100.261,18.591],[-100.205,18.605],[-100.15,18.57],[-100.129,18.603],[-100.163,18.637],[-100.139,18.686],[-100.043,18.569],[-99.991,18.629],[-99.97,18.756],[-99.928,18.731],[-99.929,18.666],[-99.848,18.57],[-99.819,18.439],[-99.889,18.466],[-99.878,18.508],[-99.971,18.491],[-99.986,18.406],[-99.937,18.357],[-99.906,18.379],[-99.931,18.436],[-99.88,18.434],[-99.882,18.394],[-99.814,18.375],[-99.784,18.423],[-99.725,18.414],[-99.659,18.442],[-99.606,18.52],[-99.568,18.485],[-99.587,18.401],[-99.529,18.45],[-99.484,18.418],[-99.471,18.364],[-99.375,18.404],[-99.376,18.374],[-99.246,18.313],[-99.217,18.322],[-99.207,18.395],[-99.261,18.448],[-99.176,18.482],[-99.187,18.518],[-99.325,18.49],[-99.334,18.546],[-99.371,18.558],[-99.412,18.478],[-99.466,18.499],[-99.492,18.557],[-99.55,18.585],[-99.575,18.649],[-99.622,18.697],[-99.759,18.734],[-99.723,18.811],[-99.643,18.793],[-99.599,18.81],[-99.519,18.784],[-99.472,18.803],[-99.437,18.891],[-99.371,18.856],[-99.318,18.926],[-99.174,19.001],[-99.116,18.961],[-99.004,18.951],[-98.976,18.988],[-98.916,18.999],[-98.864,18.915],[-98.775,18.889],[-98.734,18.82],[-98.628,18.841],[-98.562,18.783],[-98.422,18.91],[-98.402,18.879],[-98.422,18.798],[-98.335,18.787],[-98.376,18.713],[-98.322,18.702],[-98.227,18.773],[-98.138,18.782],[-98.081,18.758],[-97.987,18.78],[-97.952,18.746]],[[-101.605,18.762],[-101.58,18.779],[-101.678,18.843],[-101.705,18.806],[-101.605,18.762]],[[-99.943,18.217],[-99.937,18.283],[-100.014,18.353],[-100.032,18.295],[-99.991,18.257],[-99.98,18.201],[-99.943,18.217]],[[-98.465,18.293],[-98.489,18.348],[-98.544,18.389],[-98.573,18.451],[-98.641,18.399],[-98.585,18.389],[-98.494,18.259],[-98.465,18.293]],[[-98.343,18.236],[-98.326,18.277],[-98.374,18.322],[-98.42,18.228],[-98.343,18.236]],[[-98.551,18.183],[-98.503,18.124],[-98.42,18.128],[-98.444,18.161],[-98.515,18.17],[-98.523,18.249],[-98.551,18.183]],[[-98.574,18.085],[-98.633,18.113],[-98.603,18.165],[-98.668,18.193],[-98.744,18.156],[-98.754,18.208],[-98.865,18.16],[-98.932,18.15],[-99.016,18.236],[-99.014,18.108],[-98.965,18.131],[-98.909,18.076],[-98.899,18.031],[-98.849,18.047],[-98.761,18.136],[-98.836,17.999],[-98.777,17.987],[-98.697,18.095],[-98.652,18.081],[-98.678,17.968],[-98.597,17.869],[-98.48,17.991],[-98.474,18.054],[-98.569,17.991],[-98.511,18.101],[-98.577,18.138],[-98.574,18.085]],[[-99.325,18.151],[-99.368,18.077],[-99.347,18.008],[-99.286,18.056],[-99.325,18.151]],[[-99.839,18.112],[-99.882,18.134],[-99.875,18.182],[-99.917,18.185],[-99.937,18.123],[-99.889,18.08],[-99.832,18.069],[-99.791,18.102],[-99.824,18.151],[-99.839,18.112]],[[-99.529,17.722],[-99.488,17.733],[-99.455,17.645],[-99.399,17.661],[-99.377,17.724],[-99.308,17.828],[-99.392,17.875],[-99.502,17.877],[-99.438,17.813],[-99.529,17.722]],[[-99.516,17.561],[-99.448,17.486],[-99.413,17.486],[-99.426,17.564],[-99.383,17.636],[-99.511,17.605],[-99.516,17.561]],[[-98.373,18.548],[-98.32,18.555],[-98.336,18.584],[-98.373,18.548]]]]}},{"type":"Feature","properties":{"id":348,"n":"Blue Mountains forests","b":5},"geometry":{"type":"Polygon","coordinates":[[[-116.66,46.212],[-116.602,46.085],[-116.54,46.012],[-116.449,46.02],[-116.419,45.954],[-116.352,45.996],[-116.356,45.948],[-116.236,45.84],[-116.15,45.805],[-116.15,45.769],[-116.203,45.753],[-116.177,45.711],[-116.229,45.653],[-116.12,45.635],[-116.228,45.606],[-116.197,45.571],[-116.259,45.565],[-116.284,45.439],[-116.216,45.4],[-116.301,45.4],[-116.334,45.255],[-116.286,45.135],[-116.347,45.107],[-116.294,45.053],[-116.309,44.95],[-116.247,44.917],[-116.343,44.903],[-116.39,44.826],[-116.471,44.835],[-116.502,44.791],[-116.473,44.726],[-116.51,44.681],[-116.634,44.617],[-116.735,44.608],[-116.705,44.545],[-116.76,44.549],[-116.8,44.517],[-116.772,44.418],[-116.849,44.375],[-116.912,44.416],[-116.988,44.317],[-117.123,44.371],[-117.138,44.29],[-117.184,44.329],[-117.319,44.382],[-117.294,44.276],[-117.387,44.238],[-117.457,44.242],[-117.571,44.275],[-117.579,44.19],[-117.45,44.071],[-117.463,44.04],[-117.565,44.041],[-117.598,44.061],[-117.765,44.072],[-117.772,44.035],[-117.823,44.036],[-117.887,44.003],[-117.83,43.973],[-117.801,43.905],[-117.82,43.854],[-117.897,43.847],[-117.984,43.892],[-118.022,43.874],[-118.055,43.81],[-118.106,43.796],[-118.202,43.809],[-118.231,43.874],[-118.268,43.864],[-118.286,43.911],[-118.355,43.92],[-118.389,43.889],[-118.363,43.855],[-118.398,43.824],[-118.419,43.868],[-118.499,43.877],[-118.497,43.926],[-118.625,43.944],[-118.689,43.974],[-118.64,43.895],[-118.631,43.816],[-118.598,43.808],[-118.572,43.708],[-118.662,43.619],[-118.719,43.656],[-118.885,43.652],[-118.919,43.625],[-118.995,43.641],[-119.112,43.637],[-119.093,43.539],[-119.125,43.525],[-119.29,43.537],[-119.377,43.571],[-119.403,43.627],[-119.473,43.645],[-119.596,43.621],[-119.68,43.688],[-119.765,43.673],[-119.794,43.615],[-119.873,43.644],[-119.885,43.698],[-119.943,43.758],[-119.968,43.835],[-120.019,43.839],[-120.024,43.927],[-120.083,43.906],[-120.161,43.713],[-120.228,43.699],[-120.32,43.761],[-120.336,43.815],[-120.267,43.856],[-120.442,43.905],[-120.565,43.884],[-120.714,43.961],[-120.76,43.923],[-120.922,43.94],[-121.036,43.89],[-121.099,43.882],[-121.138,43.909],[-121.15,43.993],[-121.123,44.026],[-121.221,44.051],[-121.258,44.037],[-121.321,44.083],[-121.451,44.149],[-121.54,44.299],[-121.474,44.333],[-121.444,44.386],[-121.457,44.447],[-121.421,44.483],[-121.429,44.59],[-121.46,44.625],[-121.37,44.653],[-121.437,44.786],[-121.45,44.906],[-121.361,44.959],[-121.423,44.989],[-121.377,45.028],[-121.392,45.08],[-121.3,45.042],[-121.147,45.043],[-121.218,45.009],[-121.1,45.025],[-121.133,44.991],[-121.062,44.967],[-120.979,44.914],[-120.987,44.882],[-121.058,44.842],[-121.056,44.806],[-120.963,44.801],[-120.927,44.866],[-120.835,44.884],[-120.787,44.925],[-120.632,44.966],[-120.618,44.944],[-120.549,44.969],[-120.508,45.087],[-120.468,45.047],[-120.437,44.965],[-120.389,44.993],[-120.392,45.049],[-120.287,45.033],[-120.18,45.041],[-120.078,45.023],[-119.945,45.056],[-119.853,45.054],[-119.524,45.132],[-119.383,45.238],[-119.306,45.258],[-119.155,45.263],[-119.11,45.224],[-118.945,45.293],[-118.923,45.329],[-118.742,45.365],[-118.714,45.337],[-118.614,45.372],[-118.609,45.413],[-118.548,45.431],[-118.497,45.416],[-118.504,45.483],[-118.58,45.487],[-118.562,45.556],[-118.621,45.561],[-118.558,45.62],[-118.429,45.647],[-118.396,45.69],[-118.392,45.752],[-118.35,45.811],[-118.272,45.837],[-118.155,45.827],[-118.162,45.91],[-118.141,46.004],[-118.152,46.081],[-117.981,46.152],[-117.961,46.21],[-117.921,46.198],[-117.889,46.234],[-117.82,46.236],[-117.838,46.275],[-117.769,46.276],[-117.794,46.31],[-117.674,46.325],[-117.61,46.273],[-117.616,46.343],[-117.573,46.315],[-117.54,46.357],[-117.491,46.275],[-117.418,46.286],[-117.398,46.244],[-117.43,46.213],[-117.346,46.202],[-117.298,46.161],[-117.254,46.173],[-117.109,46.084],[-117.04,46.078],[-116.942,46.19],[-116.903,46.176],[-116.806,46.202],[-116.812,46.221],[-116.731,46.267],[-116.688,46.217],[-116.66,46.212]]]}},{"type":"Feature","properties":{"id":352,"n":"Central-Southern Cascades Forests","b":5},"geometry":{"type":"MultiPolygon","coordinates":[[[[-120.725,40.401],[-120.863,40.391],[-120.888,40.413],[-120.97,40.366],[-120.968,40.294],[-121.071,40.288],[-121.086,40.265],[-121.055,40.171],[-121.233,40.191],[-121.27,40.062],[-121.431,40.02],[-121.518,40.032],[-121.564,40.066],[-121.605,39.951],[-121.635,39.942],[-121.569,39.862],[-121.564,39.729],[-121.653,39.73],[-121.593,39.794],[-121.641,39.852],[-121.683,39.834],[-121.682,39.92],[-121.748,39.881],[-121.756,39.984],[-121.733,40.054],[-121.686,40.073],[-121.651,40.137],[-121.728,40.135],[-121.698,40.187],[-121.789,40.231],[-121.772,40.262],[-121.82,40.301],[-121.77,40.348],[-121.796,40.395],[-121.879,40.42],[-121.878,40.447],[-121.994,40.501],[-122.024,40.532],[-121.881,40.545],[-121.9,40.61],[-121.97,40.608],[-121.915,40.675],[-121.986,40.698],[-122.002,40.732],[-121.928,40.768],[-121.899,40.819],[-121.916,40.877],[-121.968,40.902],[-121.964,40.983],[-121.86,40.998],[-121.86,41.052],[-121.898,41.048],[-121.886,41.112],[-121.796,41.127],[-121.795,41.159],[-121.881,41.177],[-121.973,41.175],[-122.118,41.199],[-122.164,41.254],[-122.257,41.254],[-122.339,41.301],[-122.418,41.369],[-122.42,41.448],[-122.322,41.475],[-122.303,41.522],[-122.196,41.568],[-122.332,41.638],[-122.341,41.734],[-122.276,41.753],[-122.321,41.845],[-122.321,41.934],[-122.261,41.959],[-122.189,41.949],[-122.133,41.851],[-122.088,41.83],[-122.076,41.757],[-121.992,41.732],[-121.952,41.67],[-121.987,41.621],[-121.935,41.55],[-121.813,41.654],[-121.767,41.72],[-121.752,41.679],[-121.666,41.703],[-121.607,41.675],[-121.546,41.686],[-121.48,41.668],[-121.438,41.626],[-121.413,41.545],[-121.42,41.467],[-121.465,41.42],[-121.453,41.366],[-121.35,41.333],[-121.29,41.25],[-121.231,41.242],[-121.199,41.151],[-121.215,41.123],[-121.164,41.054],[-121.247,41.006],[-121.271,41.088],[-121.312,41.114],[-121.516,41.106],[-121.582,41.128],[-121.519,41.037],[-121.459,41.004],[-121.373,41.007],[-121.328,40.909],[-121.18,40.878],[-121.073,40.832],[-120.944,40.845],[-120.9,40.883],[-120.851,40.83],[-120.786,40.71],[-120.837,40.652],[-120.838,40.568],[-120.762,40.56],[-120.717,40.618],[-120.71,40.572],[-120.566,40.488],[-120.667,40.443],[-120.674,40.426],[-120.725,40.401]]],[[[-121.166,43.712],[-121.253,43.671],[-121.301,43.685],[-121.294,43.756],[-121.199,43.767],[-121.166,43.712]]],[[[-121.614,44.415],[-121.616,44.386],[-121.661,44.413],[-121.614,44.415]]],[[[-121.124,47.143],[-121.097,47.156],[-121.044,47.093],[-121.075,47.046],[-121.253,47.091],[-121.289,47.028],[-121.181,46.991],[-121.282,46.982],[-121.361,46.946],[-121.373,46.914],[-121.259,46.938],[-121.329,46.864],[-121.249,46.858],[-121.229,46.806],[-121.191,46.831],[-121.205,46.772],[-121.294,46.701],[-121.34,46.597],[-121.264,46.561],[-121.312,46.442],[-121.272,46.377],[-121.34,46.382],[-121.417,46.312],[-121.363,46.202],[-121.413,46.11],[-121.5,46.117],[-121.651,46.092],[-121.644,46.017],[-121.663,45.944],[-121.73,45.899],[-121.759,45.83],[-121.645,45.712],[-121.584,45.706],[-121.643,45.64],[-121.576,45.625],[-121.573,45.568],[-121.639,45.593],[-121.671,45.569],[-121.63,45.502],[-121.642,45.455],[-121.546,45.445],[-121.5,45.475],[-121.462,45.408],[-121.5,45.384],[-121.46,45.317],[-121.509,45.214],[-121.6,45.177],[-121.532,45.146],[-121.58,45.055],[-121.657,45.017],[-121.686,44.979],[-121.651,44.789],[-121.659,44.728],[-121.694,44.702],[-121.648,44.668],[-121.681,44.623],[-121.705,44.645],[-121.754,44.611],[-121.695,44.606],[-121.688,44.574],[-121.738,44.525],[-121.764,44.313],[-121.714,44.26],[-121.746,44.228],[-121.684,44.148],[-121.537,44.101],[-121.577,44.029],[-121.553,44.009],[-121.62,43.971],[-121.677,43.886],[-121.764,43.898],[-121.785,43.836],[-121.882,43.804],[-121.859,43.756],[-121.89,43.68],[-121.91,43.571],[-121.951,43.546],[-121.943,43.445],[-121.981,43.345],[-121.933,43.362],[-121.882,43.323],[-121.976,43.306],[-121.933,43.28],[-121.982,43.246],[-121.951,43.195],[-121.991,43.103],[-121.891,42.93],[-121.961,42.852],[-122.105,42.807],[-122.126,42.734],[-122.085,42.722],[-122.084,42.516],[-122.098,42.411],[-122.025,42.349],[-122.044,42.241],[-122.223,42.332],[-122.354,42.265],[-122.322,42.167],[-122.371,42.089],[-122.44,42.08],[-122.506,42.097],[-122.515,42.163],[-122.565,42.253],[-122.624,42.243],[-122.597,42.308],[-122.469,42.324],[-122.411,42.314],[-122.538,42.462],[-122.586,42.494],[-122.637,42.578],[-122.616,42.605],[-122.665,42.644],[-122.528,42.73],[-122.628,42.761],[-122.712,42.75],[-122.756,42.696],[-122.834,42.73],[-122.856,42.664],[-122.95,42.69],[-122.93,42.777],[-122.974,42.808],[-122.909,42.91],[-122.966,42.911],[-122.972,42.994],[-123.039,42.97],[-123.027,43.079],[-123.085,43.1],[-123.065,43.138],[-123.114,43.153],[-123.12,43.21],[-123.02,43.271],[-123.059,43.305],[-123.133,43.468],[-123.237,43.536],[-123.232,43.587],[-123.171,43.616],[-123.124,43.606],[-123.041,43.707],[-123.041,43.772],[-122.958,43.693],[-122.956,43.774],[-122.899,43.743],[-122.888,43.79],[-122.985,43.822],[-123.002,43.869],[-122.89,43.92],[-122.835,43.86],[-122.764,43.833],[-122.785,43.889],[-122.658,43.912],[-122.763,44.011],[-122.859,44.007],[-122.859,44.027],[-122.71,44.079],[-122.73,44.101],[-122.819,44.094],[-122.794,44.118],[-122.849,44.151],[-122.784,44.169],[-122.826,44.218],[-122.92,44.187],[-122.956,44.121],[-123.006,44.125],[-123.019,44.177],[-122.918,44.3],[-122.869,44.315],[-122.813,44.293],[-122.724,44.328],[-122.714,44.364],[-122.651,44.381],[-122.704,44.453],[-122.727,44.552],[-122.692,44.591],[-122.702,44.672],[-122.611,44.713],[-122.58,44.757],[-122.473,44.74],[-122.582,44.802],[-122.668,44.815],[-122.716,44.851],[-122.694,44.915],[-122.703,45.007],[-122.595,45.046],[-122.559,45.083],[-122.494,45.087],[-122.475,45.132],[-122.375,45.178],[-122.348,45.283],[-122.266,45.315],[-122.293,45.362],[-122.256,45.449],[-122.31,45.539],[-122.2,45.564],[-122.192,45.622],[-122.354,45.635],[-122.455,45.698],[-122.44,45.766],[-122.516,45.861],[-122.516,45.912],[-122.561,45.907],[-122.6,45.954],[-122.747,45.939],[-122.768,45.952],[-122.803,46.02],[-122.735,46.062],[-122.789,46.085],[-122.778,46.14],[-122.833,46.14],[-122.801,46.243],[-122.688,46.229],[-122.704,46.261],[-122.647,46.317],[-122.655,46.386],[-122.545,46.465],[-122.581,46.504],[-122.492,46.601],[-122.617,46.63],[-122.709,46.668],[-122.761,46.721],[-122.669,46.734],[-122.738,46.794],[-122.83,46.82],[-122.822,46.86],[-122.711,46.872],[-122.463,46.782],[-122.45,46.831],[-122.351,46.828],[-122.29,46.863],[-122.266,46.948],[-122.199,46.988],[-122.186,47.041],[-122.088,47.082],[-122.026,47.08],[-122.045,47.124],[-121.944,47.121],[-121.879,47.17],[-121.93,47.225],[-121.918,47.358],[-121.836,47.408],[-121.865,47.428],[-121.939,47.411],[-122.007,47.492],[-122.061,47.522],[-121.97,47.536],[-121.881,47.486],[-121.82,47.507],[-121.775,47.443],[-121.518,47.327],[-121.381,47.284],[-121.31,47.277],[-121.167,47.216],[-121.124,47.143]]]]}},{"type":"Feature","properties":{"id":387,"n":"Central US forest-grasslands transition","b":8},"geometry":{"type":"Polygon","coordinates":[[[-88.433,37.011],[-88.546,37.044],[-88.519,36.978],[-88.447,36.949],[-88.557,36.932],[-88.631,37.023],[-88.616,37.047],[-88.662,37.106],[-88.742,37.094],[-88.744,37.131],[-88.802,37.16],[-88.943,37.2],[-88.98,37.198],[-89.06,37.094],[-89.097,36.953],[-89.15,36.998],[-89.174,37.059],[-89.114,37.13],[-89.25,37.114],[-89.335,37.187],[-89.444,37.164],[-89.615,37.051],[-89.705,37.118],[-89.643,37.206],[-89.49,37.251],[-89.556,37.3],[-89.582,37.256],[-89.663,37.254],[-89.761,37.293],[-89.751,37.317],[-89.844,37.414],[-89.82,37.417],[-89.852,37.531],[-89.921,37.564],[-89.982,37.627],[-89.925,37.704],[-89.982,37.8],[-90.035,37.85],[-90.115,37.865],[-90.159,37.947],[-90.193,37.961],[-90.323,38.097],[-90.317,38.135],[-90.375,38.157],[-90.375,38.33],[-90.304,38.461],[-90.343,38.509],[-90.383,38.494],[-90.423,38.59],[-90.47,38.63],[-90.524,38.62],[-90.614,38.569],[-90.677,38.582],[-90.76,38.52],[-90.858,38.473],[-90.884,38.484],[-91.05,38.462],[-91.136,38.524],[-91.231,38.508],[-91.343,38.575],[-91.396,38.636],[-91.473,38.617],[-91.57,38.643],[-91.708,38.619],[-91.796,38.582],[-91.902,38.582],[-91.974,38.531],[-92.098,38.493],[-92.187,38.483],[-92.329,38.428],[-92.363,38.451],[-92.412,38.404],[-92.486,38.427],[-92.536,38.404],[-92.614,38.437],[-92.531,38.47],[-92.505,38.524],[-92.581,38.532],[-92.575,38.577],[-92.703,38.58],[-92.713,38.616],[-92.629,38.658],[-92.669,38.716],[-92.735,38.705],[-92.793,38.725],[-92.735,38.764],[-92.553,38.782],[-92.54,38.815],[-92.59,38.854],[-92.638,38.853],[-92.666,38.808],[-92.711,38.885],[-92.766,38.877],[-92.776,38.815],[-92.811,38.812],[-92.85,38.866],[-92.851,38.799],[-92.929,38.864],[-92.978,38.81],[-92.946,38.76],[-92.988,38.705],[-93.032,38.692],[-93.069,38.734],[-93.14,38.739],[-93.15,38.775],[-93.206,38.745],[-93.288,38.771],[-93.242,38.833],[-93.153,38.824],[-93.091,38.87],[-93.248,38.885],[-93.163,38.964],[-93.265,38.928],[-93.238,39.029],[-93.107,39.019],[-93.012,38.994],[-92.997,39.079],[-92.965,39.124],[-92.894,39.155],[-92.835,39.154],[-92.737,39.192],[-92.692,39.254],[-92.598,39.306],[-92.453,39.276],[-92.444,39.241],[-92.473,39.153],[-92.47,39.087],[-92.424,39.042],[-92.387,39.047],[-92.331,38.978],[-92.263,38.965],[-92.308,38.92],[-92.257,38.841],[-92.299,38.815],[-92.264,38.755],[-92.153,38.821],[-92.167,38.873],[-92.098,38.879],[-92.066,38.8],[-92.037,38.864],[-91.973,38.835],[-92.002,38.888],[-91.983,38.934],[-91.895,38.945],[-91.94,39.002],[-91.822,38.974],[-91.812,38.933],[-91.739,38.884],[-91.644,38.919],[-91.722,38.963],[-91.769,38.963],[-91.735,39.001],[-91.776,39.014],[-91.742,39.055],[-91.779,39.072],[-91.716,39.097],[-91.566,39.068],[-91.598,38.989],[-91.494,38.932],[-91.537,38.928],[-91.507,38.885],[-91.39,38.877],[-91.33,38.846],[-91.205,38.824],[-91.155,38.792],[-91.039,38.776],[-91.031,38.716],[-90.952,38.673],[-90.953,38.733],[-90.893,38.748],[-90.982,38.812],[-90.933,38.826],[-91.055,38.837],[-91.09,38.86],[-91.144,38.825],[-91.198,38.858],[-91.062,38.954],[-90.955,38.903],[-90.912,38.928],[-90.929,38.98],[-91.041,38.995],[-91.2,38.962],[-91.242,38.891],[-91.274,38.919],[-91.241,38.997],[-91.317,38.967],[-91.278,39.039],[-91.429,39.04],[-91.365,39.084],[-91.379,39.109],[-91.475,39.093],[-91.522,39.119],[-91.448,39.131],[-91.49,39.173],[-91.399,39.176],[-91.314,39.114],[-91.17,39.045],[-91.244,39.159],[-91.319,39.164],[-91.371,39.195],[-91.357,39.233],[-91.409,39.269],[-91.373,39.304],[-91.295,39.253],[-91.262,39.276],[-91.21,39.225],[-91.185,39.291],[-91.075,39.262],[-91.104,39.31],[-91.208,39.352],[-91.271,39.355],[-91.296,39.404],[-91.366,39.437],[-91.358,39.383],[-91.418,39.359],[-91.516,39.427],[-91.563,39.41],[-91.543,39.485],[-91.498,39.491],[-91.439,39.539],[-91.369,39.542],[-91.394,39.581],[-91.596,39.518],[-91.663,39.447],[-91.652,39.38],[-91.699,39.367],[-91.708,39.456],[-91.778,39.457],[-91.77,39.278],[-91.805,39.321],[-91.908,39.324],[-91.855,39.353],[-91.849,39.395],[-91.891,39.44],[-91.971,39.41],[-91.98,39.504],[-91.936,39.567],[-92.007,39.587],[-91.952,39.657],[-91.884,39.661],[-91.878,39.592],[-91.836,39.547],[-91.786,39.544],[-91.804,39.624],[-91.752,39.603],[-91.558,39.637],[-91.494,39.676],[-91.503,39.734],[-91.435,39.708],[-91.469,39.758],[-91.574,39.728],[-91.567,39.678],[-91.624,39.721],[-91.658,39.685],[-91.696,39.72],[-91.859,39.69],[-91.842,39.755],[-91.751,39.775],[-91.85,39.78],[-91.986,39.827],[-91.947,39.861],[-91.989,39.932],[-91.878,39.915],[-91.842,39.879],[-91.743,39.876],[-91.679,39.836],[-91.624,39.847],[-91.61,39.905],[-91.56,39.892],[-91.525,39.934],[-91.614,39.95],[-91.603,39.985],[-91.524,39.949],[-91.554,39.994],[-91.508,40.021],[-91.528,40.152],[-91.522,40.215],[-91.572,40.293],[-91.585,40.365],[-91.572,40.461],[-91.609,40.5],[-91.559,40.51],[-91.525,40.411],[-91.43,40.383],[-91.373,40.403],[-91.381,40.526],[-91.436,40.515],[-91.473,40.548],[-91.449,40.606],[-91.355,40.635],[-91.302,40.629],[-91.253,40.67],[-91.251,40.709],[-91.186,40.76],[-91.099,40.764],[-91.106,40.844],[-91.058,40.897],[-91.03,40.999],[-91.08,41.097],[-91.203,41.13],[-91.288,41.187],[-91.296,41.251],[-91.346,41.272],[-91.433,41.36],[-91.445,41.4],[-91.52,41.465],[-91.589,41.604],[-91.511,41.577],[-91.538,41.624],[-91.46,41.641],[-91.453,41.536],[-91.395,41.522],[-91.354,41.464],[-91.264,41.557],[-91.078,41.588],[-91.104,41.522],[-91.202,41.447],[-91.171,41.427],[-91.221,41.352],[-91.188,41.278],[-91.138,41.238],[-91.183,41.362],[-91.139,41.41],[-91.048,41.412],[-90.975,41.434],[-90.932,41.422],[-90.847,41.455],[-90.659,41.462],[-90.601,41.51],[-90.456,41.527],[-90.426,41.565],[-90.34,41.601],[-90.343,41.647],[-90.305,41.756],[-90.196,41.806],[-90.155,41.926],[-90.144,42.012],[-90.166,42.087],[-90.066,42.101],[-90.013,42.194],[-89.921,42.286],[-89.947,42.327],[-90.019,42.36],[-90.015,42.398],[-89.951,42.428],[-89.888,42.494],[-89.825,42.503],[-89.804,42.575],[-89.678,42.599],[-89.624,42.653],[-89.611,42.723],[-89.544,42.825],[-89.541,42.936],[-89.601,43.074],[-89.585,43.094],[-89.595,43.244],[-89.536,43.32],[-89.605,43.363],[-89.69,43.38],[-89.497,43.482],[-89.538,43.512],[-89.621,43.509],[-89.546,43.56],[-89.493,43.642],[-89.365,43.678],[-89.233,43.735],[-89.106,43.747],[-89.124,43.892],[-89.175,43.98],[-89.112,44.005],[-89.077,44.074],[-89.003,44.105],[-88.879,44.204],[-88.861,44.265],[-88.801,44.278],[-88.731,44.234],[-88.638,44.245],[-88.48,44.311],[-88.39,44.362],[-88.307,44.384],[-88.175,44.52],[-88.034,44.569],[-88.005,44.539],[-87.931,44.535],[-87.884,44.603],[-87.773,44.64],[-87.697,44.752],[-87.634,44.661],[-87.539,44.596],[-87.46,44.563],[-87.484,44.51],[-87.541,44.293],[-87.508,44.23],[-87.518,44.18],[-87.647,44.103],[-87.735,43.872],[-87.696,43.763],[-87.704,43.684],[-87.789,43.566],[-87.793,43.489],[-87.874,43.375],[-87.911,43.256],[-87.881,43.171],[-87.9,43.136],[-87.865,43.068],[-87.888,43.002],[-87.845,42.962],[-87.844,42.874],[-87.758,42.782],[-87.816,42.643],[-87.803,42.39],[-87.834,42.294],[-87.811,42.226],[-87.725,42.108],[-87.68,42.077],[-87.612,41.891],[-87.605,41.833],[-87.528,41.711],[-87.371,41.63],[-87.221,41.602],[-87.146,41.612],[-87.0,41.602],[-87.029,41.567],[-87.002,41.533],[-87.045,41.461],[-87.082,41.495],[-87.035,41.354],[-87.068,41.286],[-86.998,41.359],[-86.97,41.464],[-86.931,41.505],[-86.95,41.379],[-87.002,41.293],[-86.924,41.288],[-86.921,41.345],[-86.882,41.374],[-86.863,41.335],[-86.771,41.422],[-86.732,41.427],[-86.691,41.48],[-86.633,41.451],[-86.601,41.532],[-86.52,41.544],[-86.473,41.6],[-86.482,41.64],[-86.416,41.66],[-86.436,41.729],[-86.386,41.68],[-86.392,41.63],[-86.278,41.677],[-86.336,41.587],[-86.381,41.552],[-86.429,41.448],[-86.406,41.411],[-86.439,41.341],[-86.409,41.289],[-86.59,41.234],[-86.647,41.163],[-86.74,40.936],[-86.818,40.851],[-86.767,40.748],[-86.857,40.734],[-86.936,40.681],[-86.917,40.598],[-86.947,40.535],[-86.941,40.481],[-87.049,40.471],[-87.138,40.406],[-87.209,40.396],[-87.274,40.356],[-87.301,40.411],[-87.366,40.445],[-87.334,40.308],[-87.478,40.206],[-87.465,40.157],[-87.382,40.108],[-87.408,40.007],[-87.333,39.915],[-87.295,39.773],[-87.251,39.742],[-87.192,39.768],[-87.181,39.735],[-87.134,39.767],[-87.154,39.714],[-87.003,39.782],[-86.878,39.702],[-87.026,39.703],[-87.059,39.646],[-87.002,39.553],[-86.95,39.503],[-86.997,39.404],[-86.921,39.396],[-86.939,39.326],[-86.894,39.298],[-86.933,39.206],[-86.892,39.164],[-86.939,39.121],[-86.901,39.027],[-86.824,39.021],[-86.879,38.964],[-86.92,38.827],[-86.919,38.702],[-86.895,38.642],[-86.955,38.523],[-86.912,38.438],[-86.883,38.336],[-86.895,38.275],[-86.837,38.233],[-86.887,38.151],[-86.78,38.06],[-86.802,37.978],[-86.731,37.886],[-86.661,37.905],[-86.671,37.856],[-86.579,37.759],[-86.534,37.742],[-86.592,37.715],[-86.59,37.668],[-86.509,37.566],[-86.476,37.479],[-86.351,37.494],[-86.166,37.428],[-86.076,37.407],[-86.123,37.33],[-86.087,37.314],[-85.994,37.329],[-85.937,37.359],[-85.8,37.374],[-85.774,37.355],[-85.972,37.267],[-85.998,37.231],[-86.1,37.22],[-86.203,37.185],[-86.269,37.135],[-86.341,37.124],[-86.539,37.132],[-86.698,37.155],[-86.77,37.091],[-86.815,37.108],[-86.868,37.057],[-86.947,37.03],[-87.044,36.956],[-87.098,36.974],[-87.241,36.965],[-87.274,37.005],[-87.243,37.07],[-87.354,37.028],[-87.455,37.071],[-87.617,37.052],[-87.759,37.098],[-87.786,37.138],[-87.855,37.148],[-87.82,37.177],[-87.879,37.232],[-88.01,37.248],[-87.992,37.352],[-88.054,37.498],[-88.077,37.473],[-88.328,37.396],[-88.407,37.412],[-88.455,37.379],[-88.488,37.305],[-88.398,37.153],[-88.443,37.074],[-88.353,37.074],[-88.285,37.05],[-88.29,37.005],[-88.334,37.018],[-88.433,37.011]],[[-88.243,37.691],[-88.212,37.662],[-88.101,37.758],[-88.187,37.747],[-88.243,37.691]],[[-88.427,37.693],[-88.509,37.632],[-88.606,37.65],[-88.633,37.621],[-88.761,37.602],[-88.733,37.647],[-88.843,37.615],[-88.914,37.628],[-88.977,37.613],[-89.002,37.646],[-89.166,37.664],[-89.237,37.641],[-89.352,37.7],[-89.36,37.616],[-89.398,37.617],[-89.321,37.543],[-89.286,37.434],[-89.294,37.345],[-89.265,37.276],[-89.059,37.333],[-88.896,37.337],[-88.822,37.326],[-88.781,37.289],[-88.717,37.341],[-88.617,37.358],[-88.516,37.303],[-88.469,37.404],[-88.319,37.446],[-88.096,37.484],[-88.078,37.52],[-88.136,37.575],[-88.305,37.67],[-88.29,37.705],[-88.427,37.693]],[[-88.582,37.256],[-88.569,37.213],[-88.502,37.232],[-88.499,37.164],[-88.455,37.18],[-88.489,37.243],[-88.556,37.302],[-88.651,37.326],[-88.582,37.256]]]}},{"type":"Feature","properties":{"id":351,"n":"Central Pacific Northwest coastal forests","b":5},"geometry":{"type":"MultiPolygon","coordinates":[[[[-123.666,46.178],[-123.632,46.181],[-123.655,46.172],[-123.587,46.188],[-123.535,46.236],[-123.438,46.199],[-123.428,46.229],[-123.48,46.269],[-123.67,46.267],[-123.69,46.306],[-123.801,46.285],[-123.876,46.24],[-124.021,46.316],[-124.081,46.267],[-124.064,46.338],[-124.057,46.491],[-124.07,46.631],[-124.024,46.583],[-124.031,46.498],[-124.014,46.379],[-123.954,46.378],[-123.908,46.437],[-123.943,46.474],[-123.898,46.505],[-123.896,46.55],[-123.956,46.604],[-123.914,46.679],[-123.839,46.708],[-123.899,46.75],[-123.975,46.733],[-123.973,46.703],[-124.095,46.737],[-124.136,46.905],[-124.094,46.902],[-124.08,46.847],[-124.049,46.891],[-123.823,46.958],[-123.919,46.981],[-123.998,46.981],[-124.026,47.03],[-124.122,47.042],[-124.151,47.022],[-124.127,46.945],[-124.175,46.928],[-124.177,47.093],[-124.236,47.287],[-124.321,47.355],[-124.368,47.591],[-124.425,47.738],[-124.498,47.823],[-124.609,47.879],[-124.675,47.965],[-124.687,48.099],[-124.732,48.17],[-124.701,48.188],[-124.687,48.287],[-124.659,48.331],[-124.731,48.383],[-124.639,48.384],[-124.496,48.337],[-124.381,48.285],[-124.251,48.265],[-124.101,48.217],[-124.051,48.178],[-123.865,48.155],[-123.672,48.163],[-123.59,48.135],[-123.6,48.095],[-123.479,48.09],[-123.428,48.065],[-123.465,48.047],[-123.327,48.002],[-123.354,47.989],[-123.466,48.024],[-123.486,48.003],[-123.575,48.006],[-123.573,47.985],[-123.475,47.937],[-123.417,47.856],[-123.465,47.814],[-123.522,47.913],[-123.558,47.852],[-123.57,47.908],[-123.74,47.97],[-123.737,47.928],[-123.796,47.895],[-123.666,47.88],[-123.75,47.854],[-123.77,47.801],[-123.821,47.783],[-123.747,47.773],[-123.762,47.734],[-123.686,47.768],[-123.627,47.77],[-123.7,47.693],[-123.566,47.674],[-123.606,47.649],[-123.521,47.656],[-123.546,47.624],[-123.476,47.63],[-123.382,47.682],[-123.427,47.614],[-123.383,47.584],[-123.332,47.601],[-123.346,47.543],[-123.174,47.605],[-123.114,47.665],[-123.172,47.648],[-123.316,47.664],[-123.178,47.693],[-123.171,47.709],[-123.275,47.728],[-123.227,47.741],[-123.306,47.774],[-123.276,47.799],[-123.23,47.765],[-123.113,47.741],[-123.104,47.793],[-123.025,47.81],[-123.035,47.891],[-122.934,47.902],[-122.936,47.82],[-122.869,47.796],[-122.904,47.646],[-122.982,47.615],[-123.047,47.531],[-123.093,47.533],[-123.245,47.492],[-123.154,47.459],[-123.289,47.364],[-123.313,47.289],[-123.43,47.299],[-123.465,47.254],[-123.541,47.271],[-123.562,47.202],[-123.525,47.195],[-123.469,47.094],[-123.382,47.135],[-123.197,47.139],[-123.225,47.204],[-123.118,47.161],[-123.143,47.118],[-123.019,47.078],[-123.005,47.008],[-123.075,46.941],[-123.098,46.87],[-123.253,46.818],[-123.119,46.807],[-123.035,46.782],[-122.995,46.686],[-123.144,46.66],[-123.139,46.614],[-123.093,46.611],[-122.977,46.553],[-123.0,46.412],[-122.956,46.388],[-122.929,46.305],[-122.985,46.305],[-122.904,46.245],[-122.927,46.168],[-123.013,46.154],[-122.963,46.105],[-122.904,46.084],[-122.845,45.995],[-122.879,46.004],[-122.879,45.935],[-122.825,45.882],[-122.899,45.836],[-122.905,45.772],[-122.877,45.664],[-122.703,45.521],[-122.689,45.488],[-122.826,45.597],[-122.88,45.618],[-122.934,45.679],[-123.017,45.682],[-123.054,45.72],[-123.164,45.734],[-123.31,45.665],[-123.268,45.576],[-123.322,45.409],[-123.398,45.368],[-123.345,45.336],[-123.37,45.302],[-123.351,45.222],[-123.519,45.185],[-123.581,45.113],[-123.681,45.08],[-123.637,45.031],[-123.522,45.028],[-123.439,44.991],[-123.415,44.956],[-123.457,44.857],[-123.43,44.803],[-123.459,44.765],[-123.478,44.674],[-123.464,44.609],[-123.499,44.595],[-123.494,44.54],[-123.425,44.417],[-123.436,44.316],[-123.404,44.194],[-123.547,44.073],[-123.548,44.044],[-123.484,44.056],[-123.329,43.937],[-123.288,43.872],[-123.391,43.886],[-123.405,43.785],[-123.355,43.741],[-123.368,43.71],[-123.395,43.719],[-123.448,43.663],[-123.397,43.652],[-123.41,43.608],[-123.365,43.588],[-123.385,43.535],[-123.445,43.496],[-123.465,43.391],[-123.526,43.377],[-123.549,43.327],[-123.526,43.284],[-123.588,43.178],[-123.67,43.146],[-123.665,43.109],[-123.736,43.073],[-123.76,42.995],[-123.719,42.927],[-123.648,42.887],[-123.716,42.792],[-123.788,42.812],[-123.901,42.784],[-123.943,42.729],[-124.113,42.655],[-124.133,42.586],[-124.228,42.544],[-124.191,42.496],[-124.228,42.446],[-124.296,42.484],[-124.331,42.409],[-124.304,42.326],[-124.346,42.295],[-124.255,42.285],[-124.279,42.254],[-124.369,42.252],[-124.353,42.207],[-124.412,42.251],[-124.433,42.324],[-124.435,42.441],[-124.39,42.575],[-124.416,42.661],[-124.471,42.729],[-124.51,42.734],[-124.55,42.843],[-124.449,43.028],[-124.382,43.271],[-124.385,43.331],[-124.323,43.349],[-124.223,43.424],[-124.231,43.456],[-124.338,43.357],[-124.299,43.414],[-124.231,43.564],[-124.168,43.811],[-124.122,44.105],[-124.11,44.314],[-124.084,44.417],[-124.067,44.608],[-124.075,44.771],[-124.031,44.904],[-124.005,45.048],[-123.969,45.17],[-123.968,45.329],[-124.008,45.337],[-123.932,45.403],[-123.974,45.468],[-123.947,45.565],[-123.943,45.507],[-123.875,45.486],[-123.905,45.556],[-123.956,45.57],[-123.933,45.689],[-123.972,45.764],[-123.968,45.908],[-123.994,45.946],[-123.937,45.977],[-123.934,46.074],[-124.01,46.225],[-123.903,46.167],[-123.777,46.198],[-123.723,46.17],[-123.656,46.172],[-123.666,46.178]],[[-123.219,47.536],[-123.258,47.555],[-123.255,47.514],[-123.219,47.536]]],[[[-124.015,46.278],[-124.009,46.264],[-124.025,46.275],[-124.015,46.278]]],[[[-123.967,46.409],[-123.994,46.481],[-123.943,46.463],[-123.967,46.409]]],[[[-123.366,48.065],[-123.347,48.038],[-123.411,48.041],[-123.366,48.065]]],[[[-124.497,48.75],[-124.303,48.75],[-124.297,48.702],[-124.203,48.619],[-124.111,48.584],[-124.033,48.582],[-123.927,48.604],[-123.904,48.572],[-123.801,48.516],[-123.91,48.501],[-123.973,48.471],[-123.971,48.396],[-124.286,48.486],[-124.311,48.508],[-124.454,48.533],[-124.419,48.577],[-124.495,48.548],[-124.706,48.592],[-124.835,48.672],[-124.695,48.787],[-124.548,48.785],[-124.497,48.75]]],[[[-125.069,48.952],[-125.065,48.911],[-125.106,48.892],[-125.069,48.952]]],[[[-124.544,49.056],[-124.539,48.981],[-124.508,48.94],[-124.421,48.94],[-124.395,48.968],[-124.363,48.918],[-124.527,48.91],[-124.577,48.867],[-124.687,48.82],[-124.858,48.671],[-125.106,48.729],[-125.136,48.781],[-125.208,48.782],[-125.075,48.884],[-125.01,48.898],[-125.032,48.932],[-124.975,48.968],[-124.898,48.981],[-124.811,49.085],[-124.691,49.011],[-124.622,48.992],[-124.544,49.056]]],[[[-125.854,49.134],[-125.863,49.189],[-125.78,49.229],[-125.797,49.12],[-125.854,49.134]]],[[[-125.218,49.26],[-125.183,49.281],[-124.965,49.262],[-124.936,49.225],[-124.966,49.164],[-124.836,49.088],[-124.874,49.012],[-125.03,48.955],[-125.146,48.998],[-125.233,48.944],[-125.295,48.979],[-125.297,49.023],[-125.352,49.037],[-125.363,49.004],[-125.477,48.919],[-125.538,48.92],[-125.718,49.047],[-125.824,49.064],[-125.902,49.128],[-125.757,49.095],[-125.65,49.155],[-125.683,49.183],[-125.763,49.141],[-125.735,49.25],[-125.55,49.335],[-125.484,49.302],[-125.218,49.26]]]]}},{"type":"Feature","properties":{"id":388,"n":"Central Tallgrass prairie","b":8},"geometry":{"type":"Polygon","coordinates":[[[-90.144,42.012],[-90.155,41.926],[-90.196,41.806],[-90.305,41.756],[-90.343,41.647],[-90.34,41.601],[-90.426,41.565],[-90.456,41.527],[-90.601,41.51],[-90.659,41.462],[-90.847,41.455],[-90.932,41.422],[-90.975,41.434],[-91.048,41.412],[-91.139,41.41],[-91.183,41.362],[-91.138,41.238],[-91.188,41.278],[-91.221,41.352],[-91.171,41.427],[-91.202,41.447],[-91.104,41.522],[-91.078,41.588],[-91.264,41.557],[-91.354,41.464],[-91.395,41.522],[-91.453,41.536],[-91.46,41.641],[-91.538,41.624],[-91.511,41.577],[-91.589,41.604],[-91.52,41.465],[-91.445,41.4],[-91.433,41.36],[-91.346,41.272],[-91.296,41.251],[-91.288,41.187],[-91.203,41.13],[-91.08,41.097],[-91.03,40.999],[-91.058,40.897],[-91.106,40.844],[-91.099,40.764],[-91.186,40.76],[-91.251,40.709],[-91.253,40.67],[-91.302,40.629],[-91.355,40.635],[-91.449,40.606],[-91.473,40.548],[-91.436,40.515],[-91.381,40.526],[-91.373,40.403],[-91.43,40.383],[-91.525,40.411],[-91.559,40.51],[-91.609,40.5],[-91.572,40.461],[-91.585,40.365],[-91.572,40.293],[-91.522,40.215],[-91.528,40.152],[-91.508,40.021],[-91.554,39.994],[-91.524,39.949],[-91.603,39.985],[-91.614,39.95],[-91.525,39.934],[-91.56,39.892],[-91.61,39.905],[-91.624,39.847],[-91.679,39.836],[-91.743,39.876],[-91.842,39.879],[-91.878,39.915],[-91.989,39.932],[-91.947,39.861],[-91.986,39.827],[-91.85,39.78],[-91.751,39.775],[-91.842,39.755],[-91.859,39.69],[-91.696,39.72],[-91.658,39.685],[-91.624,39.721],[-91.567,39.678],[-91.574,39.728],[-91.469,39.758],[-91.435,39.708],[-91.503,39.734],[-91.494,39.676],[-91.558,39.637],[-91.752,39.603],[-91.804,39.624],[-91.786,39.544],[-91.836,39.547],[-91.878,39.592],[-91.884,39.661],[-91.952,39.657],[-92.007,39.587],[-91.936,39.567],[-91.98,39.504],[-91.971,39.41],[-91.891,39.44],[-91.849,39.395],[-91.855,39.353],[-91.908,39.324],[-91.805,39.321],[-91.77,39.278],[-91.778,39.457],[-91.708,39.456],[-91.699,39.367],[-91.652,39.38],[-91.663,39.447],[-91.596,39.518],[-91.394,39.581],[-91.369,39.542],[-91.439,39.539],[-91.498,39.491],[-91.543,39.485],[-91.563,39.41],[-91.516,39.427],[-91.418,39.359],[-91.358,39.383],[-91.366,39.437],[-91.296,39.404],[-91.271,39.355],[-91.208,39.352],[-91.104,39.31],[-91.075,39.262],[-91.185,39.291],[-91.21,39.225],[-91.262,39.276],[-91.295,39.253],[-91.373,39.304],[-91.409,39.269],[-91.357,39.233],[-91.371,39.195],[-91.319,39.164],[-91.244,39.159],[-91.17,39.045],[-91.314,39.114],[-91.399,39.176],[-91.49,39.173],[-91.448,39.131],[-91.522,39.119],[-91.475,39.093],[-91.379,39.109],[-91.365,39.084],[-91.429,39.04],[-91.278,39.039],[-91.317,38.967],[-91.241,38.997],[-91.274,38.919],[-91.242,38.891],[-91.2,38.962],[-91.041,38.995],[-90.929,38.98],[-90.912,38.928],[-90.955,38.903],[-91.062,38.954],[-91.198,38.858],[-91.144,38.825],[-91.09,38.86],[-91.055,38.837],[-90.933,38.826],[-90.982,38.812],[-90.893,38.748],[-90.953,38.733],[-90.952,38.673],[-91.031,38.716],[-91.039,38.776],[-91.155,38.792],[-91.205,38.824],[-91.33,38.846],[-91.39,38.877],[-91.507,38.885],[-91.537,38.928],[-91.494,38.932],[-91.598,38.989],[-91.566,39.068],[-91.716,39.097],[-91.779,39.072],[-91.742,39.055],[-91.776,39.014],[-91.735,39.001],[-91.769,38.963],[-91.722,38.963],[-91.644,38.919],[-91.739,38.884],[-91.812,38.933],[-91.822,38.974],[-91.94,39.002],[-91.895,38.945],[-91.983,38.934],[-92.002,38.888],[-91.973,38.835],[-92.037,38.864],[-92.066,38.8],[-92.098,38.879],[-92.167,38.873],[-92.153,38.821],[-92.264,38.755],[-92.299,38.815],[-92.257,38.841],[-92.308,38.92],[-92.263,38.965],[-92.331,38.978],[-92.387,39.047],[-92.424,39.042],[-92.47,39.087],[-92.473,39.153],[-92.444,39.241],[-92.453,39.276],[-92.598,39.306],[-92.692,39.254],[-92.737,39.192],[-92.835,39.154],[-92.894,39.155],[-92.965,39.124],[-92.997,39.079],[-93.012,38.994],[-93.107,39.019],[-93.238,39.029],[-93.265,38.928],[-93.163,38.964],[-93.248,38.885],[-93.091,38.87],[-93.153,38.824],[-93.242,38.833],[-93.288,38.771],[-93.206,38.745],[-93.15,38.775],[-93.14,38.739],[-93.069,38.734],[-93.032,38.692],[-93.032,38.664],[-93.125,38.658],[-93.197,38.681],[-93.267,38.67],[-93.294,38.632],[-93.15,38.587],[-93.152,38.5],[-93.094,38.531],[-93.096,38.481],[-93.221,38.429],[-93.298,38.431],[-93.313,38.387],[-93.272,38.365],[-93.339,38.298],[-93.376,38.325],[-93.364,38.407],[-93.406,38.37],[-93.462,38.374],[-93.534,38.345],[-93.516,38.296],[-93.614,38.303],[-93.62,38.24],[-93.591,38.219],[-93.672,38.174],[-93.654,38.109],[-93.7,38.07],[-93.731,38.12],[-93.792,38.111],[-93.735,38.066],[-93.775,38.053],[-93.841,38.123],[-93.939,38.062],[-93.831,37.96],[-93.76,37.999],[-93.894,37.856],[-93.958,37.826],[-93.909,37.785],[-94.051,37.716],[-94.033,37.663],[-93.987,37.71],[-93.931,37.714],[-93.955,37.659],[-93.926,37.632],[-94.002,37.585],[-93.995,37.436],[-94.06,37.419],[-94.144,37.467],[-94.174,37.431],[-94.138,37.403],[-94.247,37.352],[-94.359,37.348],[-94.395,37.309],[-94.543,37.315],[-94.582,37.261],[-94.621,37.152],[-94.679,37.15],[-94.728,37.074],[-94.733,37.001],[-94.815,36.783],[-94.822,36.727],[-94.871,36.68],[-95.009,36.591],[-95.128,36.582],[-95.142,36.493],[-95.179,36.441],[-95.159,36.374],[-95.196,36.323],[-95.215,36.245],[-95.273,36.151],[-95.257,36.079],[-95.298,36.024],[-95.238,35.995],[-95.277,35.955],[-95.248,35.869],[-95.297,35.835],[-95.2,35.804],[-95.201,35.76],[-95.278,35.732],[-95.287,35.645],[-95.248,35.688],[-95.159,35.708],[-95.141,35.674],[-95.209,35.595],[-95.263,35.581],[-95.186,35.54],[-95.157,35.551],[-95.171,35.464],[-95.225,35.353],[-95.296,35.318],[-95.294,35.383],[-95.345,35.43],[-95.349,35.51],[-95.406,35.559],[-95.436,35.512],[-95.393,35.491],[-95.475,35.416],[-95.558,35.382],[-95.596,35.456],[-95.741,35.488],[-95.763,35.518],[-95.731,35.566],[-95.796,35.558],[-95.818,35.502],[-95.873,35.512],[-95.981,35.627],[-95.985,35.665],[-95.947,35.753],[-95.885,35.808],[-95.8,35.788],[-95.746,35.856],[-95.674,35.893],[-95.824,35.91],[-95.883,35.863],[-95.975,35.841],[-96.057,35.742],[-96.155,35.708],[-96.173,35.746],[-96.074,35.875],[-96.003,36.082],[-96.046,36.193],[-95.993,36.254],[-96.059,36.307],[-96.061,36.353],[-96.013,36.387],[-95.973,36.571],[-95.989,36.623],[-95.971,36.708],[-95.99,36.74],[-95.983,37.015],[-96.0,37.038],[-95.919,37.122],[-95.838,37.248],[-95.933,37.279],[-95.89,37.366],[-95.94,37.446],[-95.86,37.473],[-95.881,37.508],[-95.944,37.506],[-95.985,37.571],[-95.9,37.604],[-95.909,37.644],[-95.841,37.725],[-95.747,37.804],[-95.78,37.85],[-95.872,37.798],[-95.901,37.739],[-95.962,37.783],[-95.875,37.824],[-95.892,37.909],[-95.883,38.003],[-95.93,38.039],[-96.01,38.043],[-96.062,38.088],[-96.087,38.159],[-96.108,38.544],[-96.052,38.627],[-96.138,38.759],[-96.104,38.816],[-95.979,38.852],[-95.929,38.89],[-95.906,38.957],[-95.941,39.018],[-95.952,39.108],[-95.873,39.245],[-95.86,39.305],[-95.911,39.397],[-96.105,39.475],[-96.174,39.52],[-96.307,39.546],[-96.375,39.578],[-96.412,39.627],[-96.47,39.652],[-96.572,39.625],[-96.684,39.687],[-96.699,39.725],[-96.674,39.884],[-96.595,40.0],[-96.608,40.079],[-96.753,40.244],[-96.88,40.343],[-96.918,40.394],[-97.015,40.732],[-97.001,40.964],[-97.033,41.026],[-97.005,41.14],[-97.018,41.195],[-97.076,41.244],[-97.099,41.294],[-97.074,41.34],[-96.889,41.422],[-96.881,41.456],[-96.988,41.501],[-97.266,41.533],[-97.408,41.576],[-97.629,41.659],[-97.571,41.908],[-97.532,42.038],[-97.359,42.502],[-97.304,42.627],[-97.144,42.935],[-96.981,42.874],[-96.955,42.784],[-96.761,42.764],[-96.693,42.74],[-96.649,42.759],[-96.768,42.865],[-96.789,42.922],[-96.76,42.973],[-96.793,43.006],[-96.732,43.062],[-96.742,43.112],[-96.714,43.164],[-96.638,43.148],[-96.598,43.231],[-96.625,43.247],[-96.574,43.299],[-96.524,43.31],[-96.525,43.396],[-96.593,43.433],[-96.585,43.489],[-96.656,43.525],[-96.745,43.498],[-96.778,43.52],[-96.65,43.689],[-96.615,44.064],[-96.457,44.01],[-95.986,44.019],[-95.858,44.052],[-95.709,44.148],[-95.616,44.226],[-95.591,44.289],[-95.978,44.515],[-96.266,44.706],[-96.385,44.816],[-96.382,44.884],[-96.347,45.011],[-96.256,45.092],[-96.067,45.178],[-95.924,45.253],[-95.839,45.274],[-95.734,45.276],[-95.66,45.305],[-95.58,45.38],[-95.336,45.269],[-95.003,45.166],[-94.904,45.121],[-94.814,45.135],[-94.673,45.182],[-94.555,45.135],[-94.515,45.076],[-94.507,44.959],[-94.422,44.932],[-94.218,44.935],[-94.141,44.916],[-94.058,44.856],[-94.025,44.81],[-94.008,44.705],[-94.014,44.628],[-94.057,44.518],[-94.047,44.477],[-93.974,44.423],[-94.031,44.301],[-94.002,44.247],[-93.908,44.178],[-93.762,44.109],[-93.554,44.139],[-93.457,44.168],[-93.404,44.228],[-93.331,44.267],[-93.23,44.272],[-93.206,44.353],[-93.157,44.418],[-93.195,44.548],[-93.23,44.6],[-93.232,44.696],[-93.2,44.731],[-92.938,44.812],[-92.873,44.915],[-92.733,45.003],[-92.662,45.021],[-92.563,45.107],[-92.451,45.08],[-92.323,45.074],[-92.233,45.04],[-92.225,44.98],[-92.145,44.845],[-92.196,44.765],[-92.421,44.73],[-92.581,44.765],[-92.777,44.732],[-92.746,44.652],[-92.774,44.608],[-92.998,44.476],[-92.975,44.28],[-92.868,44.26],[-92.819,44.159],[-92.71,44.095],[-92.757,44.054],[-92.688,44.025],[-92.751,43.96],[-92.658,43.892],[-92.597,43.824],[-92.575,43.716],[-92.498,43.67],[-92.411,43.595],[-92.242,43.542],[-92.241,43.499],[-92.064,43.435],[-91.941,43.375],[-91.921,43.295],[-91.993,43.238],[-91.961,43.154],[-91.876,43.045],[-91.903,42.998],[-91.821,42.972],[-91.789,42.917],[-91.809,42.835],[-91.619,42.752],[-91.531,42.69],[-91.408,42.658],[-91.33,42.582],[-91.242,42.598],[-91.146,42.577],[-91.022,42.571],[-90.984,42.532],[-91.003,42.48],[-90.947,42.437],[-90.834,42.427],[-90.802,42.38],[-90.714,42.396],[-90.694,42.324],[-90.601,42.301],[-90.461,42.178],[-90.362,42.121],[-90.166,42.087],[-90.144,42.012]]]}},{"type":"Feature","properties":{"id":429,"n":"Colorado Plateau shrublands","b":13},"geometry":{"type":"Polygon","coordinates":[[[-105.884,35.461],[-105.858,35.39],[-105.895,35.335],[-105.906,35.248],[-106.019,35.291],[-106.087,35.278],[-106.086,35.353],[-106.14,35.401],[-106.217,35.364],[-106.223,35.288],[-106.28,35.267],[-106.378,35.317],[-106.505,35.263],[-106.515,35.223],[-106.472,35.151],[-106.496,35.016],[-106.471,35.009],[-106.438,34.863],[-106.483,34.774],[-106.478,34.693],[-106.524,34.628],[-106.498,34.471],[-106.581,34.384],[-106.662,34.274],[-106.669,34.27],[-106.721,34.327],[-106.992,34.225],[-106.97,34.19],[-106.986,34.126],[-106.953,34.054],[-107.028,34.002],[-107.113,34.06],[-107.176,34.13],[-107.21,34.082],[-107.257,34.091],[-107.29,34.031],[-107.215,33.872],[-107.324,33.842],[-107.413,33.94],[-107.58,33.976],[-107.67,33.929],[-107.693,33.883],[-107.643,33.807],[-107.665,33.767],[-107.721,33.789],[-107.768,33.774],[-107.819,33.889],[-107.884,33.879],[-107.915,33.903],[-107.96,33.847],[-108.043,33.802],[-108.204,33.781],[-108.237,33.759],[-108.269,33.685],[-108.378,33.786],[-108.318,33.853],[-108.354,33.872],[-108.311,33.923],[-108.235,33.879],[-108.176,33.942],[-108.116,33.94],[-108.033,33.999],[-108.029,34.048],[-107.973,34.071],[-107.885,34.071],[-107.837,34.047],[-107.776,34.087],[-107.81,34.184],[-107.681,34.282],[-107.576,34.268],[-107.54,34.202],[-107.569,34.183],[-107.486,34.133],[-107.463,34.079],[-107.4,34.085],[-107.297,34.129],[-107.264,34.173],[-107.199,34.167],[-107.272,34.328],[-107.319,34.367],[-107.417,34.343],[-107.587,34.388],[-107.636,34.448],[-107.718,34.437],[-107.813,34.347],[-107.931,34.373],[-108.038,34.362],[-108.114,34.29],[-108.168,34.268],[-108.244,34.28],[-108.3,34.213],[-108.34,34.199],[-108.43,34.275],[-108.485,34.277],[-108.55,34.234],[-108.607,34.266],[-108.629,34.193],[-108.668,34.164],[-108.797,34.128],[-108.882,34.155],[-108.968,34.116],[-109.005,34.127],[-109.05,34.197],[-109.122,34.16],[-109.239,34.176],[-109.324,34.109],[-109.376,34.12],[-109.38,34.163],[-109.49,34.216],[-109.583,34.282],[-109.666,34.27],[-109.805,34.386],[-109.917,34.388],[-109.944,34.411],[-110.073,34.379],[-110.449,34.483],[-110.525,34.603],[-110.691,34.64],[-110.736,34.684],[-110.82,34.68],[-111.013,34.81],[-111.153,35.324],[-111.18,35.454],[-111.248,35.929],[-111.259,36.061],[-111.269,36.546],[-111.264,36.678],[-111.215,37.161],[-111.194,37.293],[-111.088,37.763],[-111.051,37.892],[-110.893,38.337],[-110.84,38.463],[-110.637,38.876],[-110.569,38.997],[-110.329,39.371],[-110.246,39.486],[-109.977,39.818],[-109.88,39.926],[-109.591,40.216],[-109.481,40.316],[-109.178,40.564],[-108.911,40.751],[-108.806,40.614],[-108.646,40.564],[-108.46,40.573],[-108.377,40.555],[-108.311,40.443],[-108.222,40.402],[-108.003,40.479],[-107.963,40.428],[-107.996,40.357],[-107.963,40.289],[-107.84,40.259],[-107.762,40.292],[-107.682,40.248],[-107.69,40.203],[-107.735,40.172],[-107.742,40.116],[-107.671,40.037],[-107.681,39.986],[-107.846,39.944],[-107.901,39.917],[-107.924,39.864],[-107.891,39.725],[-107.81,39.685],[-107.696,39.685],[-107.651,39.665],[-107.564,39.669],[-107.526,39.62],[-107.413,39.581],[-107.413,39.544],[-107.582,39.428],[-107.612,39.358],[-107.719,39.363],[-107.726,39.431],[-107.814,39.49],[-107.974,39.454],[-108.07,39.334],[-108.114,39.253],[-108.054,39.259],[-107.95,39.316],[-107.877,39.311],[-107.782,39.27],[-107.882,39.224],[-107.905,39.19],[-107.967,39.184],[-108.154,39.101],[-108.241,39.116],[-108.286,39.057],[-108.231,38.988],[-108.187,38.968],[-108.228,38.934],[-108.2,38.875],[-108.123,38.875],[-108.044,38.948],[-107.936,38.973],[-107.754,38.887],[-107.693,38.883],[-107.543,38.927],[-107.546,38.884],[-107.504,38.864],[-107.58,38.772],[-107.538,38.729],[-107.568,38.616],[-107.546,38.575],[-107.571,38.512],[-107.432,38.39],[-107.463,38.356],[-107.55,38.349],[-107.581,38.417],[-107.67,38.422],[-107.7,38.403],[-107.722,38.283],[-107.659,38.207],[-107.675,38.155],[-107.718,38.151],[-107.697,38.096],[-107.773,38.148],[-107.799,38.108],[-107.845,38.117],[-107.91,38.171],[-107.809,38.194],[-107.874,38.259],[-108.026,38.333],[-108.095,38.405],[-108.17,38.396],[-108.18,38.433],[-108.316,38.552],[-108.379,38.535],[-108.426,38.565],[-108.474,38.554],[-108.491,38.602],[-108.589,38.605],[-108.616,38.648],[-108.586,38.755],[-108.639,38.776],[-108.771,38.75],[-108.854,38.776],[-108.879,38.724],[-108.84,38.722],[-108.779,38.667],[-108.842,38.661],[-108.833,38.623],[-108.75,38.588],[-108.744,38.555],[-108.634,38.461],[-108.504,38.41],[-108.511,38.372],[-108.315,38.287],[-108.167,38.201],[-108.238,38.158],[-108.183,38.112],[-108.212,38.034],[-108.181,37.931],[-108.244,37.968],[-108.346,37.924],[-108.39,37.976],[-108.471,37.957],[-108.535,37.99],[-108.51,37.933],[-108.39,37.863],[-108.473,37.835],[-108.528,37.771],[-108.631,37.815],[-108.687,37.862],[-108.775,37.89],[-108.765,37.797],[-108.693,37.712],[-108.698,37.647],[-108.585,37.582],[-108.472,37.589],[-108.485,37.548],[-108.454,37.496],[-108.508,37.47],[-108.407,37.438],[-108.403,37.404],[-108.226,37.394],[-108.159,37.32],[-108.078,37.311],[-108.024,37.279],[-107.998,37.185],[-108.011,37.155],[-107.906,37.207],[-107.895,37.286],[-107.841,37.325],[-107.78,37.264],[-107.732,37.25],[-107.596,37.29],[-107.585,37.237],[-107.504,37.24],[-107.55,37.146],[-107.525,37.066],[-107.442,37.04],[-107.375,36.942],[-107.285,36.929],[-107.268,36.855],[-107.33,36.818],[-107.314,36.707],[-107.333,36.7],[-107.366,36.587],[-107.242,36.591],[-107.329,36.519],[-107.328,36.485],[-107.224,36.5],[-107.323,36.404],[-107.309,36.372],[-107.125,36.323],[-107.163,36.28],[-107.217,36.281],[-107.23,36.246],[-107.175,36.211],[-107.204,36.188],[-107.112,36.174],[-107.028,36.066],[-107.015,35.988],[-106.945,36.045],[-106.915,35.975],[-106.919,35.855],[-106.96,35.843],[-106.899,35.76],[-106.921,35.697],[-106.89,35.669],[-106.854,35.567],[-106.79,35.569],[-106.739,35.628],[-106.746,35.66],[-106.675,35.644],[-106.668,35.594],[-106.583,35.546],[-106.5,35.566],[-106.276,35.733],[-106.172,35.849],[-106.14,35.99],[-106.245,36.159],[-106.3,36.196],[-106.431,36.231],[-106.457,36.203],[-106.522,36.205],[-106.592,36.171],[-106.612,36.209],[-106.555,36.321],[-106.517,36.346],[-106.388,36.293],[-106.345,36.314],[-106.313,36.276],[-106.203,36.364],[-106.156,36.336],[-106.062,36.32],[-105.964,36.416],[-105.919,36.398],[-105.912,36.449],[-105.957,36.565],[-105.986,36.696],[-106.056,36.71],[-106.056,36.755],[-106.108,36.827],[-105.984,36.832],[-106.002,36.895],[-106.057,36.869],[-106.16,36.996],[-106.105,37.059],[-106.178,37.052],[-106.168,37.093],[-106.218,37.127],[-106.203,37.227],[-106.248,37.38],[-106.214,37.41],[-106.212,37.468],[-106.276,37.557],[-106.309,37.644],[-106.365,37.665],[-106.425,37.615],[-106.552,37.7],[-106.45,37.74],[-106.33,37.734],[-106.311,37.811],[-106.233,37.937],[-106.144,38.052],[-106.223,38.071],[-106.283,38.15],[-106.22,38.131],[-106.178,38.146],[-106.092,38.12],[-105.956,38.188],[-106.021,38.235],[-106.034,38.321],[-106.09,38.416],[-106.051,38.429],[-105.855,38.269],[-105.818,38.214],[-105.748,38.047],[-105.639,37.892],[-105.507,37.808],[-105.504,37.752],[-105.592,37.624],[-105.59,37.55],[-105.558,37.514],[-105.487,37.496],[-105.475,37.451],[-105.421,37.421],[-105.396,37.368],[-105.356,37.38],[-105.4,37.28],[-105.377,37.175],[-105.344,37.129],[-105.388,37.04],[-105.386,36.99],[-105.454,36.928],[-105.498,36.962],[-105.533,36.943],[-105.57,36.794],[-105.574,36.701],[-105.623,36.678],[-105.658,36.557],[-105.562,36.542],[-105.517,36.448],[-105.561,36.364],[-105.6,36.33],[-105.718,36.305],[-105.82,36.239],[-105.818,36.166],[-105.906,36.167],[-105.874,36.138],[-105.904,36.055],[-105.853,36.018],[-105.911,35.921],[-105.897,35.842],[-105.923,35.771],[-105.902,35.668],[-105.93,35.6],[-105.853,35.504],[-105.884,35.461]],[[-108.796,38.882],[-108.845,38.817],[-108.928,38.855],[-108.983,38.855],[-109.001,38.8],[-108.974,38.757],[-108.926,38.759],[-108.848,38.806],[-108.761,38.786],[-108.675,38.811],[-108.612,38.867],[-108.703,38.933],[-108.796,38.882]],[[-109.325,38.571],[-109.341,38.459],[-109.328,38.389],[-109.287,38.345],[-109.214,38.331],[-109.136,38.394],[-109.083,38.413],[-109.065,38.465],[-109.114,38.491],[-109.135,38.565],[-109.082,38.528],[-109.108,38.584],[-109.222,38.622],[-109.325,38.571]],[[-110.871,38.131],[-110.881,38.08],[-110.807,37.923],[-110.733,37.892],[-110.722,37.862],[-110.659,37.867],[-110.646,37.919],[-110.74,37.946],[-110.747,37.999],[-110.716,38.023],[-110.743,38.114],[-110.714,38.151],[-110.824,38.175],[-110.871,38.131]],[[-109.608,37.931],[-109.562,37.902],[-109.608,37.865],[-109.609,37.818],[-109.541,37.754],[-109.455,37.721],[-109.35,37.785],[-109.358,37.872],[-109.454,37.921],[-109.493,37.918],[-109.528,37.961],[-109.608,37.931]],[[-109.157,36.895],[-109.28,36.875],[-109.288,36.601],[-109.335,36.559],[-109.217,36.43],[-109.207,36.365],[-109.232,36.317],[-109.28,36.306],[-109.345,36.234],[-109.333,36.09],[-109.364,36.0],[-109.418,35.924],[-109.392,35.882],[-109.436,35.861],[-109.371,35.742],[-109.412,35.655],[-109.395,35.589],[-109.423,35.571],[-109.389,35.487],[-109.336,35.423],[-109.175,35.414],[-109.146,35.449],[-109.17,35.486],[-109.102,35.557],[-109.112,35.645],[-109.069,35.772],[-109.039,35.781],[-109.012,35.729],[-108.943,35.745],[-108.888,35.727],[-108.878,35.766],[-108.764,35.84],[-108.749,35.869],[-108.671,35.895],[-108.663,35.974],[-108.713,36.121],[-108.782,36.202],[-108.864,36.264],[-108.862,36.342],[-108.888,36.375],[-108.888,36.453],[-108.923,36.532],[-108.992,36.539],[-109.081,36.509],[-109.136,36.565],[-109.211,36.589],[-109.21,36.647],[-109.17,36.687],[-109.14,36.665],[-109.068,36.751],[-109.048,36.816],[-109.083,36.87],[-109.157,36.895]],[[-107.34,35.613],[-107.406,35.588],[-107.438,35.529],[-107.51,35.464],[-107.555,35.471],[-107.636,35.404],[-107.632,35.345],[-107.683,35.31],[-107.786,35.331],[-107.767,35.227],[-107.883,35.2],[-107.87,35.164],[-107.803,35.185],[-107.783,35.128],[-107.721,35.084],[-107.652,35.122],[-107.588,35.105],[-107.499,35.13],[-107.498,35.074],[-107.43,35.05],[-107.361,35.078],[-107.378,35.145],[-107.257,35.21],[-107.211,35.318],[-107.15,35.378],[-107.213,35.523],[-107.218,35.586],[-107.34,35.613]],[[-108.543,35.469],[-108.64,35.444],[-108.651,35.407],[-108.506,35.155],[-108.46,35.128],[-108.402,35.146],[-108.29,35.109],[-108.152,35.005],[-108.178,34.959],[-108.305,34.915],[-108.296,34.853],[-108.337,34.751],[-108.21,34.792],[-108.146,34.845],[-108.137,34.9],[-108.094,34.902],[-108.124,34.978],[-108.05,35.001],[-108.019,34.914],[-107.941,34.953],[-107.924,35.039],[-108.016,35.153],[-108.056,35.32],[-108.106,35.353],[-108.248,35.386],[-108.361,35.435],[-108.543,35.469]],[[-107.758,34.984],[-107.829,34.91],[-107.808,34.845],[-107.868,34.861],[-107.918,34.768],[-107.862,34.688],[-107.765,34.705],[-107.652,34.837],[-107.668,34.898],[-107.724,34.887],[-107.746,34.924],[-107.71,34.97],[-107.758,34.984]]]}},{"type":"Feature","properties":{"id":353,"n":"Colorado Rockies forests","b":5},"geometry":{"type":"MultiPolygon","coordinates":[[[[-109.493,37.918],[-109.454,37.921],[-109.358,37.872],[-109.35,37.785],[-109.455,37.721],[-109.541,37.754],[-109.609,37.818],[-109.608,37.865],[-109.562,37.902],[-109.608,37.931],[-109.528,37.961],[-109.493,37.918]]],[[[-109.108,38.584],[-109.082,38.528],[-109.135,38.565],[-109.114,38.491],[-109.065,38.465],[-109.083,38.413],[-109.136,38.394],[-109.214,38.331],[-109.287,38.345],[-109.328,38.389],[-109.341,38.459],[-109.325,38.571],[-109.222,38.622],[-109.108,38.584]]],[[[-108.612,38.867],[-108.675,38.811],[-108.761,38.786],[-108.848,38.806],[-108.926,38.759],[-108.974,38.757],[-109.001,38.8],[-108.983,38.855],[-108.928,38.855],[-108.845,38.817],[-108.796,38.882],[-108.703,38.933],[-108.612,38.867]]],[[[-105.93,35.6],[-105.902,35.668],[-105.923,35.771],[-105.897,35.842],[-105.911,35.921],[-105.853,36.018],[-105.904,36.055],[-105.874,36.138],[-105.906,36.167],[-105.818,36.166],[-105.82,36.239],[-105.718,36.305],[-105.6,36.33],[-105.561,36.364],[-105.517,36.448],[-105.562,36.542],[-105.658,36.557],[-105.623,36.678],[-105.574,36.701],[-105.57,36.794],[-105.533,36.943],[-105.498,36.962],[-105.454,36.928],[-105.386,36.99],[-105.388,37.04],[-105.344,37.129],[-105.377,37.175],[-105.4,37.28],[-105.356,37.38],[-105.396,37.368],[-105.421,37.421],[-105.475,37.451],[-105.487,37.496],[-105.558,37.514],[-105.59,37.55],[-105.592,37.624],[-105.504,37.752],[-105.507,37.808],[-105.639,37.892],[-105.748,38.047],[-105.818,38.214],[-105.855,38.269],[-106.051,38.429],[-106.09,38.416],[-106.034,38.321],[-106.021,38.235],[-105.956,38.188],[-106.092,38.12],[-106.178,38.146],[-106.22,38.131],[-106.283,38.15],[-106.223,38.071],[-106.144,38.052],[-106.233,37.937],[-106.311,37.811],[-106.33,37.734],[-106.45,37.74],[-106.552,37.7],[-106.425,37.615],[-106.365,37.665],[-106.309,37.644],[-106.276,37.557],[-106.212,37.468],[-106.214,37.41],[-106.248,37.38],[-106.203,37.227],[-106.218,37.127],[-106.168,37.093],[-106.178,37.052],[-106.105,37.059],[-106.16,36.996],[-106.057,36.869],[-106.002,36.895],[-105.984,36.832],[-106.108,36.827],[-106.056,36.755],[-106.056,36.71],[-105.986,36.696],[-105.957,36.565],[-105.912,36.449],[-105.919,36.398],[-105.964,36.416],[-106.062,36.32],[-106.156,36.336],[-106.203,36.364],[-106.313,36.276],[-106.345,36.314],[-106.388,36.293],[-106.517,36.346],[-106.555,36.321],[-106.612,36.209],[-106.592,36.171],[-106.522,36.205],[-106.457,36.203],[-106.431,36.231],[-106.3,36.196],[-106.245,36.159],[-106.14,35.99],[-106.172,35.849],[-106.276,35.733],[-106.5,35.566],[-106.583,35.546],[-106.668,35.594],[-106.675,35.644],[-106.746,35.66],[-106.739,35.628],[-106.79,35.569],[-106.854,35.567],[-106.89,35.669],[-106.921,35.697],[-106.899,35.76],[-106.96,35.843],[-106.919,35.855],[-106.915,35.975],[-106.945,36.045],[-107.015,35.988],[-107.028,36.066],[-107.112,36.174],[-107.204,36.188],[-107.175,36.211],[-107.23,36.246],[-107.217,36.281],[-107.163,36.28],[-107.125,36.323],[-107.309,36.372],[-107.323,36.404],[-107.224,36.5],[-107.328,36.485],[-107.329,36.519],[-107.242,36.591],[-107.366,36.587],[-107.333,36.7],[-107.314,36.707],[-107.33,36.818],[-107.268,36.855],[-107.285,36.929],[-107.375,36.942],[-107.442,37.04],[-107.525,37.066],[-107.55,37.146],[-107.504,37.24],[-107.585,37.237],[-107.596,37.29],[-107.732,37.25],[-107.78,37.264],[-107.841,37.325],[-107.895,37.286],[-107.906,37.207],[-108.011,37.155],[-107.998,37.185],[-108.024,37.279],[-108.078,37.311],[-108.159,37.32],[-108.226,37.394],[-108.403,37.404],[-108.407,37.438],[-108.508,37.47],[-108.454,37.496],[-108.485,37.548],[-108.472,37.589],[-108.585,37.582],[-108.698,37.647],[-108.693,37.712],[-108.765,37.797],[-108.775,37.89],[-108.687,37.862],[-108.631,37.815],[-108.528,37.771],[-108.473,37.835],[-108.39,37.863],[-108.51,37.933],[-108.535,37.99],[-108.471,37.957],[-108.39,37.976],[-108.346,37.924],[-108.244,37.968],[-108.181,37.931],[-108.212,38.034],[-108.183,38.112],[-108.238,38.158],[-108.167,38.201],[-108.315,38.287],[-108.511,38.372],[-108.504,38.41],[-108.634,38.461],[-108.744,38.555],[-108.75,38.588],[-108.833,38.623],[-108.842,38.661],[-108.779,38.667],[-108.84,38.722],[-108.879,38.724],[-108.854,38.776],[-108.771,38.75],[-108.639,38.776],[-108.586,38.755],[-108.616,38.648],[-108.589,38.605],[-108.491,38.602],[-108.474,38.554],[-108.426,38.565],[-108.379,38.535],[-108.316,38.552],[-108.18,38.433],[-108.17,38.396],[-108.095,38.405],[-108.026,38.333],[-107.874,38.259],[-107.809,38.194],[-107.91,38.171],[-107.845,38.117],[-107.799,38.108],[-107.773,38.148],[-107.697,38.096],[-107.718,38.151],[-107.675,38.155],[-107.659,38.207],[-107.722,38.283],[-107.7,38.403],[-107.67,38.422],[-107.581,38.417],[-107.55,38.349],[-107.463,38.356],[-107.432,38.39],[-107.571,38.512],[-107.546,38.575],[-107.568,38.616],[-107.538,38.729],[-107.58,38.772],[-107.504,38.864],[-107.546,38.884],[-107.543,38.927],[-107.693,38.883],[-107.754,38.887],[-107.936,38.973],[-108.044,38.948],[-108.123,38.875],[-108.2,38.875],[-108.228,38.934],[-108.187,38.968],[-108.231,38.988],[-108.286,39.057],[-108.241,39.116],[-108.154,39.101],[-107.967,39.184],[-107.905,39.19],[-107.882,39.224],[-107.782,39.27],[-107.877,39.311],[-107.95,39.316],[-108.054,39.259],[-108.114,39.253],[-108.07,39.334],[-107.974,39.454],[-107.814,39.49],[-107.726,39.431],[-107.719,39.363],[-107.612,39.358],[-107.582,39.428],[-107.413,39.544],[-107.413,39.581],[-107.526,39.62],[-107.564,39.669],[-107.651,39.665],[-107.696,39.685],[-107.81,39.685],[-107.891,39.725],[-107.924,39.864],[-107.901,39.917],[-107.846,39.944],[-107.681,39.986],[-107.671,40.037],[-107.742,40.116],[-107.735,40.172],[-107.69,40.203],[-107.606,40.232],[-107.635,40.286],[-107.598,40.336],[-107.704,40.376],[-107.638,40.422],[-107.464,40.47],[-107.328,40.389],[-107.288,40.384],[-107.243,40.432],[-107.161,40.402],[-107.122,40.354],[-107.031,40.388],[-107.067,40.433],[-107.113,40.384],[-107.14,40.402],[-107.17,40.537],[-107.288,40.577],[-107.306,40.643],[-107.346,40.685],[-107.416,40.679],[-107.513,40.731],[-107.546,40.849],[-107.505,40.96],[-107.423,40.961],[-107.385,40.985],[-107.479,41.123],[-107.507,41.245],[-107.46,41.356],[-107.482,41.449],[-107.306,41.506],[-107.201,41.383],[-107.023,41.324],[-106.928,41.265],[-106.836,41.188],[-106.771,41.189],[-106.59,41.113],[-106.543,41.074],[-106.44,41.052],[-106.506,41.117],[-106.556,41.213],[-106.61,41.258],[-106.57,41.373],[-106.582,41.417],[-106.644,41.482],[-106.644,41.551],[-106.616,41.603],[-106.656,41.657],[-106.502,41.682],[-106.48,41.6],[-106.544,41.576],[-106.551,41.537],[-106.488,41.511],[-106.47,41.561],[-106.386,41.596],[-106.25,41.618],[-106.163,41.577],[-106.02,41.418],[-106.072,41.31],[-106.15,41.318],[-106.143,41.243],[-106.087,41.206],[-106.068,41.274],[-106.03,41.279],[-105.987,41.21],[-105.996,41.128],[-105.948,41.109],[-105.986,41.048],[-106.081,40.97],[-106.045,40.914],[-105.961,40.877],[-105.949,40.844],[-105.879,40.816],[-105.85,40.881],[-105.914,40.925],[-105.916,40.957],[-105.846,40.97],[-105.802,40.924],[-105.71,40.968],[-105.627,41.078],[-105.585,41.07],[-105.521,41.009],[-105.49,41.076],[-105.539,41.21],[-105.511,41.282],[-105.513,41.374],[-105.49,41.377],[-105.521,41.478],[-105.54,41.655],[-105.514,41.748],[-105.274,41.742],[-104.959,41.717],[-104.93,41.68],[-104.986,41.626],[-105.022,41.516],[-104.991,41.466],[-105.03,41.425],[-105.144,41.39],[-105.109,41.319],[-105.106,41.203],[-105.169,41.201],[-105.152,41.099],[-105.09,41.068],[-105.096,40.995],[-105.133,40.968],[-105.12,40.881],[-105.162,40.809],[-105.163,40.687],[-105.138,40.528],[-105.143,40.44],[-105.191,40.446],[-105.205,40.404],[-105.196,40.223],[-105.235,40.222],[-105.279,40.147],[-105.29,40.039],[-105.269,39.883],[-105.169,39.644],[-105.127,39.577],[-105.072,39.447],[-105.023,39.393],[-104.952,39.231],[-104.918,39.187],[-104.823,38.989],[-104.838,38.923],[-104.885,38.866],[-104.829,38.743],[-104.821,38.629],[-104.849,38.59],[-104.839,38.48],[-104.863,38.46],[-104.91,38.495],[-105.052,38.495],[-105.127,38.476],[-105.215,38.52],[-105.264,38.495],[-105.263,38.399],[-105.204,38.306],[-105.115,38.256],[-105.095,38.197],[-104.991,38.165],[-104.978,38.101],[-104.935,38.068],[-104.944,38.028],[-104.868,37.953],[-104.921,37.912],[-104.939,37.821],[-105.015,37.726],[-105.057,37.644],[-105.042,37.593],[-105.083,37.541],[-105.068,37.511],[-104.991,37.484],[-104.863,37.532],[-104.792,37.59],[-104.684,37.504],[-104.661,37.412],[-104.595,37.359],[-104.544,37.28],[-104.497,37.248],[-104.531,37.163],[-104.371,37.1],[-104.226,37.068],[-104.135,36.988],[-104.02,36.965],[-104.021,36.985],[-103.901,36.994],[-103.916,36.948],[-103.867,36.912],[-103.922,36.905],[-103.916,36.861],[-104.063,36.882],[-104.07,36.84],[-104.166,36.838],[-104.185,36.782],[-104.284,36.812],[-104.345,36.865],[-104.362,36.914],[-104.423,36.915],[-104.471,36.866],[-104.531,36.855],[-104.484,36.807],[-104.541,36.803],[-104.548,36.757],[-104.611,36.74],[-104.626,36.698],[-104.698,36.652],[-104.775,36.648],[-104.788,36.6],[-104.881,36.538],[-104.911,36.548],[-105.017,36.482],[-104.948,36.403],[-104.994,36.38],[-104.928,36.328],[-104.852,36.345],[-104.764,36.326],[-104.766,36.28],[-104.817,36.299],[-104.899,36.267],[-104.944,36.208],[-104.989,36.206],[-104.992,36.15],[-105.026,36.134],[-105.077,36.22],[-105.109,36.193],[-105.139,36.081],[-105.18,36.086],[-105.176,36.032],[-105.224,35.999],[-105.243,35.937],[-105.167,35.926],[-105.233,35.859],[-105.269,35.735],[-105.264,35.63],[-105.236,35.529],[-105.309,35.541],[-105.354,35.417],[-105.436,35.435],[-105.524,35.429],[-105.513,35.356],[-105.471,35.297],[-105.565,35.302],[-105.657,35.436],[-105.78,35.54],[-105.853,35.504],[-105.93,35.6]]]]}},{"type":"Feature","properties":{"id":373,"n":"Eastern Canadian forests","b":6},"geometry":{"type":"MultiPolygon","coordinates":[[[[-69.709,47.858],[-69.767,47.8],[-69.723,47.867],[-69.709,47.858]]],[[[-63.667,49.849],[-63.388,49.823],[-63.086,49.763],[-62.949,49.728],[-62.927,49.704],[-62.705,49.656],[-62.644,49.616],[-62.559,49.597],[-62.445,49.543],[-62.404,49.483],[-62.332,49.481],[-62.258,49.45],[-62.232,49.414],[-62.104,49.374],[-62.04,49.381],[-61.969,49.34],[-61.9,49.347],[-61.836,49.307],[-61.672,49.13],[-61.734,49.085],[-61.825,49.057],[-62.206,49.067],[-62.251,49.057],[-62.52,49.126],[-62.756,49.152],[-63.109,49.229],[-63.215,49.265],[-63.321,49.319],[-63.568,49.383],[-63.636,49.51],[-63.768,49.585],[-63.833,49.636],[-63.98,49.691],[-64.201,49.732],[-64.316,49.772],[-64.378,49.823],[-64.382,49.791],[-64.523,49.856],[-64.448,49.907],[-64.314,49.931],[-64.151,49.942],[-63.994,49.912],[-63.921,49.881],[-63.748,49.867],[-63.667,49.849]]],[[[-66.291,50.167],[-66.268,50.133],[-66.293,50.12],[-66.291,50.167]]],[[[-63.907,50.239],[-63.856,50.215],[-63.907,50.185],[-63.907,50.239]]],[[[-57.743,47.662],[-57.822,47.638],[-57.922,47.653],[-57.893,47.696],[-57.926,47.709],[-57.969,47.665],[-58.052,47.7],[-58.371,47.662],[-58.311,47.748],[-58.357,47.749],[-58.43,47.644],[-58.526,47.659],[-58.641,47.621],[-58.835,47.598],[-58.856,47.613],[-59.075,47.576],[-59.182,47.57],[-59.319,47.639],[-59.309,47.737],[-59.338,47.825],[-59.421,47.893],[-59.334,47.945],[-59.273,48.006],[-59.061,48.117],[-58.982,48.14],[-58.943,48.178],[-58.705,48.333],[-58.69,48.375],[-58.614,48.428],[-58.539,48.442],[-58.59,48.408],[-58.444,48.457],[-58.458,48.514],[-58.542,48.503],[-58.601,48.547],[-58.735,48.558],[-58.784,48.534],[-58.965,48.514],[-59.031,48.526],[-59.259,48.468],[-59.238,48.537],[-59.147,48.604],[-58.893,48.708],[-58.97,48.646],[-58.914,48.561],[-58.824,48.575],[-58.734,48.563],[-58.68,48.629],[-58.697,48.689],[-58.544,48.883],[-58.523,48.926],[-58.295,48.677],[-58.2,48.562],[-57.923,48.18],[-57.845,48.06],[-57.609,47.634],[-57.67,47.61],[-57.743,47.662]]],[[[-69.993,47.746],[-70.062,47.694],[-70.139,47.705],[-69.988,47.777],[-69.988,47.832],[-70.045,47.859],[-70.054,47.905],[-70.111,47.944],[-70.137,48.001],[-70.061,48.068],[-70.036,48.122],[-70.071,48.195],[-70.132,48.233],[-70.184,48.205],[-70.3,48.177],[-70.431,48.207],[-70.56,48.205],[-70.687,48.168],[-70.842,48.145],[-70.987,48.162],[-71.253,48.242],[-71.678,48.278],[-71.877,48.328],[-72.14,48.493],[-72.327,48.518],[-72.465,48.612],[-72.597,48.65],[-72.757,48.667],[-72.866,48.723],[-72.943,48.816],[-73.004,48.838],[-73.032,48.902],[-73.226,49.086],[-73.295,49.22],[-73.277,49.255],[-73.517,49.31],[-73.592,49.295],[-73.613,49.218],[-73.739,49.188],[-73.75,49.26],[-73.911,49.256],[-74.061,49.301],[-74.131,49.346],[-74.166,49.469],[-74.327,49.492],[-74.362,49.52],[-74.309,49.551],[-74.283,49.668],[-74.153,49.718],[-74.155,49.804],[-74.024,49.861],[-73.965,49.954],[-74.0,49.983],[-74.015,50.067],[-73.967,50.048],[-73.779,50.088],[-73.719,50.135],[-73.714,50.262],[-73.781,50.268],[-73.696,50.395],[-73.628,50.44],[-73.584,50.389],[-73.53,50.478],[-73.475,50.478],[-73.444,50.555],[-73.545,50.511],[-73.567,50.536],[-73.551,50.616],[-73.421,50.63],[-73.343,50.691],[-73.327,50.787],[-73.158,50.857],[-73.039,50.942],[-72.929,50.988],[-72.83,51.062],[-72.814,51.098],[-72.756,51.113],[-72.697,51.168],[-72.584,51.2],[-72.558,51.225],[-72.357,51.311],[-72.348,51.377],[-72.3,51.49],[-72.256,51.528],[-72.139,51.571],[-72.035,51.564],[-71.963,51.614],[-71.905,51.742],[-71.919,51.847],[-71.863,51.901],[-71.819,51.901],[-71.846,51.804],[-71.818,51.768],[-71.714,51.794],[-71.675,51.772],[-71.689,51.731],[-71.592,51.726],[-71.553,51.786],[-71.465,51.759],[-71.528,51.726],[-71.394,51.696],[-71.393,51.737],[-71.307,51.842],[-71.024,51.917],[-70.981,51.943],[-70.852,51.939],[-70.778,51.954],[-70.723,51.998],[-70.532,52.009],[-70.595,52.058],[-70.53,52.107],[-70.425,52.033],[-70.368,52.052],[-70.347,52.106],[-70.135,52.137],[-69.962,52.076],[-69.867,52.135],[-69.992,52.162],[-70.08,52.226],[-70.181,52.248],[-70.17,52.321],[-70.082,52.408],[-70.214,52.467],[-70.161,52.546],[-70.235,52.629],[-70.266,52.821],[-70.092,52.858],[-69.701,52.91],[-69.526,52.912],[-69.416,52.856],[-69.257,52.809],[-69.097,52.833],[-68.891,52.894],[-68.701,52.9],[-68.518,52.864],[-68.321,52.811],[-68.075,52.767],[-67.873,52.747],[-67.711,52.797],[-67.74,52.885],[-67.737,52.987],[-67.614,53.059],[-67.392,53.083],[-67.175,53.032],[-66.895,52.954],[-66.714,52.896],[-66.331,52.753],[-66.341,52.677],[-66.327,52.586],[-66.352,52.486],[-66.36,52.37],[-66.421,52.29],[-66.399,52.203],[-66.328,52.098],[-66.425,52.032],[-66.373,51.936],[-66.252,51.764],[-66.23,51.676],[-66.296,51.679],[-66.283,51.619],[-66.182,51.574],[-65.907,51.584],[-65.863,51.568],[-65.779,51.483],[-65.717,51.476],[-65.645,51.508],[-65.62,51.464],[-65.569,51.452],[-65.498,51.49],[-65.516,51.567],[-65.43,51.637],[-65.359,51.616],[-65.294,51.492],[-65.174,51.425],[-65.101,51.458],[-65.132,51.521],[-65.07,51.531],[-65.047,51.635],[-65.074,51.71],[-65.112,51.717],[-65.187,51.677],[-65.283,51.677],[-65.297,51.733],[-65.231,51.786],[-65.162,51.807],[-65.187,51.769],[-65.096,51.749],[-65.02,51.758],[-64.929,51.718],[-64.901,51.773],[-64.822,51.776],[-64.714,51.755],[-64.701,51.719],[-64.641,51.698],[-64.615,51.632],[-64.558,51.592],[-64.52,51.601],[-64.171,51.241],[-64.073,51.126],[-63.757,50.706],[-63.331,50.74],[-63.138,50.747],[-62.862,50.747],[-62.669,50.74],[-62.392,50.721],[-62.201,50.701],[-61.921,50.662],[-61.735,50.629],[-61.451,50.568],[-61.27,50.522],[-60.98,50.437],[-60.807,50.38],[-60.437,50.236],[-60.506,50.236],[-60.559,50.204],[-60.702,50.208],[-60.753,50.231],[-60.812,50.19],[-60.866,50.218],[-60.949,50.193],[-61.01,50.206],[-61.112,50.175],[-61.258,50.19],[-61.465,50.156],[-61.648,50.097],[-61.745,50.081],[-61.781,50.1],[-61.586,50.147],[-61.803,50.123],[-61.82,50.181],[-61.87,50.216],[-61.959,50.225],[-62.0,50.207],[-62.191,50.228],[-62.342,50.27],[-62.417,50.275],[-62.471,50.251],[-62.808,50.279],[-63.069,50.27],[-63.159,50.282],[-63.157,50.24],[-63.226,50.22],[-63.388,50.217],[-63.467,50.239],[-63.615,50.243],[-63.712,50.281],[-63.809,50.297],[-64.083,50.286],[-64.161,50.251],[-64.346,50.28],[-64.426,50.312],[-64.538,50.28],[-64.637,50.27],[-64.963,50.26],[-65.272,50.298],[-65.397,50.296],[-65.684,50.254],[-65.849,50.255],[-65.918,50.279],[-65.981,50.275],[-66.09,50.183],[-66.256,50.207],[-66.363,50.184],[-66.449,50.261],[-66.534,50.205],[-66.502,50.157],[-66.659,50.118],[-66.761,50.024],[-66.853,50.016],[-66.95,49.971],[-66.993,49.858],[-67.029,49.819],[-67.094,49.835],[-67.155,49.766],[-67.154,49.666],[-67.209,49.607],[-67.218,49.474],[-67.373,49.316],[-67.572,49.321],[-67.749,49.301],[-67.806,49.266],[-67.88,49.289],[-68.046,49.282],[-68.128,49.265],[-68.148,49.202],[-68.269,49.169],[-68.182,49.145],[-68.183,49.108],[-68.313,49.092],[-68.398,49.047],[-68.464,49.046],[-68.431,49.077],[-68.53,49.069],[-68.6,49.044],[-68.635,48.998],[-68.638,48.936],[-68.794,48.886],[-68.984,48.774],[-69.065,48.772],[-69.098,48.653],[-69.15,48.573],[-69.231,48.586],[-69.292,48.518],[-69.336,48.422],[-69.44,48.307],[-69.537,48.243],[-69.579,48.234],[-69.699,48.141],[-69.842,48.165],[-69.884,48.234],[-69.995,48.245],[-69.895,48.216],[-69.843,48.146],[-69.735,48.131],[-69.781,48.055],[-69.775,47.984],[-69.802,47.912],[-69.862,47.861],[-69.903,47.773],[-69.953,47.741],[-69.993,47.746]]]]}},{"type":"Feature","properties":{"id":354,"n":"Eastern Cascades forests","b":5},"geometry":{"type":"Polygon","coordinates":[[[-120.252,47.312],[-120.22,47.191],[-120.253,47.102],[-120.454,47.166],[-120.644,47.182],[-120.792,47.154],[-120.764,47.075],[-120.772,46.993],[-120.673,46.952],[-120.748,46.946],[-120.8,46.88],[-120.749,46.786],[-120.907,46.763],[-120.947,46.686],[-120.886,46.69],[-120.957,46.652],[-120.87,46.6],[-120.946,46.52],[-120.914,46.459],[-120.98,46.434],[-120.864,46.322],[-120.885,46.272],[-120.768,46.236],[-120.792,46.2],[-120.747,46.144],[-120.715,46.15],[-120.658,46.054],[-120.515,46.041],[-120.483,46.014],[-120.351,46.021],[-120.4,45.966],[-120.407,45.844],[-120.505,45.852],[-120.572,45.794],[-120.672,45.842],[-120.827,45.842],[-120.872,45.89],[-120.964,45.839],[-120.943,45.805],[-121.042,45.831],[-121.045,45.771],[-121.092,45.719],[-121.202,45.697],[-121.201,45.67],[-121.282,45.615],[-121.29,45.559],[-121.216,45.572],[-121.162,45.518],[-121.214,45.466],[-121.146,45.453],[-121.218,45.374],[-121.193,45.348],[-121.262,45.305],[-121.262,45.226],[-121.324,45.216],[-121.32,45.18],[-121.407,45.162],[-121.37,45.103],[-121.271,45.078],[-121.3,45.042],[-121.392,45.08],[-121.377,45.028],[-121.423,44.989],[-121.361,44.959],[-121.45,44.906],[-121.437,44.786],[-121.37,44.653],[-121.46,44.625],[-121.429,44.59],[-121.421,44.483],[-121.457,44.447],[-121.444,44.386],[-121.474,44.333],[-121.54,44.299],[-121.451,44.149],[-121.321,44.083],[-121.258,44.037],[-121.221,44.051],[-121.123,44.026],[-121.15,43.993],[-121.138,43.909],[-121.099,43.882],[-121.008,43.82],[-120.942,43.841],[-120.858,43.82],[-120.907,43.784],[-120.799,43.756],[-120.813,43.689],[-120.762,43.624],[-120.762,43.569],[-120.839,43.533],[-120.976,43.546],[-121.088,43.463],[-121.16,43.427],[-121.196,43.368],[-121.182,43.236],[-121.24,43.17],[-121.209,43.136],[-121.295,43.094],[-121.212,43.046],[-120.981,43.066],[-120.848,43.028],[-120.792,43.027],[-120.783,42.992],[-120.82,42.908],[-120.798,42.792],[-120.756,42.735],[-120.68,42.699],[-120.591,42.718],[-120.53,42.677],[-120.474,42.502],[-120.428,42.455],[-120.3,42.461],[-120.285,42.411],[-120.171,42.432],[-120.125,42.387],[-120.134,42.348],[-120.091,42.304],[-120.157,42.233],[-120.174,42.166],[-120.137,42.07],[-120.074,42.031],[-120.116,41.937],[-120.182,41.886],[-120.177,41.792],[-120.226,41.696],[-120.189,41.585],[-120.199,41.497],[-120.158,41.425],[-120.141,41.327],[-120.091,41.263],[-120.114,41.214],[-120.06,41.151],[-120.112,41.033],[-120.149,41.04],[-120.2,40.996],[-120.245,40.999],[-120.221,40.924],[-120.31,40.923],[-120.337,40.858],[-120.387,40.899],[-120.472,40.891],[-120.503,40.923],[-120.467,40.98],[-120.459,41.08],[-120.538,41.052],[-120.604,40.931],[-120.74,40.905],[-120.762,40.865],[-120.703,40.79],[-120.663,40.785],[-120.674,40.838],[-120.561,40.809],[-120.507,40.832],[-120.413,40.818],[-120.369,40.753],[-120.312,40.747],[-120.321,40.779],[-120.212,40.787],[-120.149,40.822],[-120.116,40.773],[-120.154,40.728],[-120.161,40.653],[-120.308,40.691],[-120.275,40.63],[-120.326,40.593],[-120.461,40.573],[-120.48,40.498],[-120.527,40.415],[-120.589,40.401],[-120.674,40.426],[-120.667,40.443],[-120.566,40.488],[-120.71,40.572],[-120.717,40.618],[-120.762,40.56],[-120.838,40.568],[-120.837,40.652],[-120.786,40.71],[-120.851,40.83],[-120.9,40.883],[-120.944,40.845],[-121.073,40.832],[-121.18,40.878],[-121.328,40.909],[-121.373,41.007],[-121.459,41.004],[-121.519,41.037],[-121.582,41.128],[-121.516,41.106],[-121.312,41.114],[-121.271,41.088],[-121.247,41.006],[-121.164,41.054],[-121.215,41.123],[-121.199,41.151],[-121.231,41.242],[-121.29,41.25],[-121.35,41.333],[-121.453,41.366],[-121.465,41.42],[-121.42,41.467],[-121.413,41.545],[-121.438,41.626],[-121.48,41.668],[-121.546,41.686],[-121.607,41.675],[-121.666,41.703],[-121.752,41.679],[-121.767,41.72],[-121.813,41.654],[-121.935,41.55],[-121.987,41.621],[-121.952,41.67],[-121.992,41.732],[-122.076,41.757],[-122.088,41.83],[-122.133,41.851],[-122.189,41.949],[-122.261,41.959],[-122.321,41.934],[-122.321,41.845],[-122.276,41.753],[-122.341,41.734],[-122.332,41.638],[-122.196,41.568],[-122.303,41.522],[-122.322,41.475],[-122.42,41.448],[-122.418,41.369],[-122.453,41.433],[-122.581,41.512],[-122.546,41.607],[-122.579,41.641],[-122.687,41.674],[-122.689,41.723],[-122.618,41.776],[-122.525,41.783],[-122.514,41.825],[-122.564,41.955],[-122.469,42.036],[-122.371,42.089],[-122.322,42.167],[-122.354,42.265],[-122.223,42.332],[-122.044,42.241],[-122.025,42.349],[-122.098,42.411],[-122.084,42.516],[-122.085,42.722],[-122.126,42.734],[-122.105,42.807],[-121.961,42.852],[-121.891,42.93],[-121.991,43.103],[-121.951,43.195],[-121.982,43.246],[-121.933,43.28],[-121.976,43.306],[-121.882,43.323],[-121.933,43.362],[-121.981,43.345],[-121.943,43.445],[-121.951,43.546],[-121.91,43.571],[-121.89,43.68],[-121.859,43.756],[-121.882,43.804],[-121.785,43.836],[-121.764,43.898],[-121.677,43.886],[-121.62,43.971],[-121.553,44.009],[-121.577,44.029],[-121.537,44.101],[-121.684,44.148],[-121.746,44.228],[-121.714,44.26],[-121.764,44.313],[-121.738,44.525],[-121.688,44.574],[-121.695,44.606],[-121.754,44.611],[-121.705,44.645],[-121.681,44.623],[-121.648,44.668],[-121.694,44.702],[-121.659,44.728],[-121.651,44.789],[-121.686,44.979],[-121.657,45.017],[-121.58,45.055],[-121.532,45.146],[-121.6,45.177],[-121.509,45.214],[-121.46,45.317],[-121.5,45.384],[-121.462,45.408],[-121.5,45.475],[-121.546,45.445],[-121.642,45.455],[-121.63,45.502],[-121.671,45.569],[-121.639,45.593],[-121.573,45.568],[-121.576,45.625],[-121.643,45.64],[-121.584,45.706],[-121.645,45.712],[-121.759,45.83],[-121.73,45.899],[-121.663,45.944],[-121.644,46.017],[-121.651,46.092],[-121.5,46.117],[-121.413,46.11],[-121.363,46.202],[-121.417,46.312],[-121.34,46.382],[-121.272,46.377],[-121.312,46.442],[-121.264,46.561],[-121.34,46.597],[-121.294,46.701],[-121.205,46.772],[-121.191,46.831],[-121.229,46.806],[-121.249,46.858],[-121.329,46.864],[-121.259,46.938],[-121.373,46.914],[-121.361,46.946],[-121.282,46.982],[-121.181,46.991],[-121.289,47.028],[-121.253,47.091],[-121.075,47.046],[-121.044,47.093],[-121.097,47.156],[-121.124,47.143],[-121.167,47.216],[-121.02,47.146],[-120.829,47.166],[-120.644,47.201],[-120.59,47.255],[-120.6,47.325],[-120.526,47.338],[-120.457,47.31],[-120.378,47.308],[-120.345,47.331],[-120.252,47.312]],[[-121.616,44.386],[-121.614,44.415],[-121.661,44.413],[-121.616,44.386]],[[-121.294,43.756],[-121.301,43.685],[-121.253,43.671],[-121.166,43.712],[-121.199,43.767],[-121.294,43.756]]]}},{"type":"Feature","properties":{"id":333,"n":"Eastern Canadian Forest-Boreal transition","b":4},"geometry":{"type":"MultiPolygon","coordinates":[[[[-80.159,45.263],[-80.176,45.228],[-80.22,45.289],[-80.094,45.338],[-80.045,45.327],[-80.085,45.282],[-80.159,45.263]]],[[[-70.434,47.397],[-70.322,47.426],[-70.399,47.368],[-70.434,47.397]]],[[[-69.983,47.706],[-70.121,47.652],[-70.199,47.569],[-70.24,47.487],[-70.478,47.429],[-70.564,47.317],[-70.588,47.253],[-70.717,47.11],[-70.818,47.051],[-70.865,47.049],[-70.975,47.0],[-71.049,46.949],[-71.334,46.881],[-71.539,46.761],[-71.638,46.734],[-71.726,46.772],[-71.838,46.8],[-71.987,46.769],[-72.105,46.768],[-72.214,46.723],[-72.185,46.636],[-72.32,46.613],[-72.426,46.709],[-72.35,46.733],[-72.309,46.833],[-72.386,46.843],[-72.58,46.779],[-72.658,46.707],[-72.658,46.598],[-72.788,46.534],[-72.942,46.475],[-72.978,46.367],[-73.077,46.297],[-73.139,46.231],[-73.345,46.159],[-73.405,46.209],[-73.366,46.254],[-73.411,46.281],[-73.459,46.206],[-73.652,46.068],[-73.644,46.01],[-73.729,45.955],[-73.779,45.883],[-73.904,45.836],[-73.979,45.779],[-74.11,45.706],[-74.322,45.67],[-74.496,45.675],[-74.772,45.646],[-74.905,45.681],[-74.987,45.654],[-75.077,45.669],[-75.103,45.641],[-75.05,45.612],[-75.243,45.603],[-75.428,45.555],[-75.575,45.495],[-75.636,45.492],[-75.704,45.422],[-75.824,45.354],[-76.022,45.486],[-76.144,45.515],[-76.214,45.507],[-76.214,45.472],[-76.294,45.438],[-76.343,45.442],[-76.439,45.496],[-76.592,45.527],[-76.663,45.563],[-76.714,45.676],[-76.717,45.721],[-76.787,45.757],[-76.773,45.855],[-76.911,45.892],[-76.886,45.809],[-76.953,45.774],[-77.003,45.775],[-77.1,45.832],[-77.171,45.851],[-77.187,45.827],[-77.065,45.704],[-76.952,45.518],[-76.794,45.484],[-76.548,45.387],[-76.419,45.347],[-76.31,45.273],[-76.256,45.181],[-76.345,45.014],[-76.245,44.939],[-76.246,44.821],[-76.289,44.715],[-76.276,44.62],[-76.387,44.514],[-76.533,44.46],[-76.697,44.484],[-76.826,44.462],[-76.958,44.49],[-77.139,44.452],[-77.273,44.465],[-77.388,44.504],[-77.706,44.482],[-77.84,44.507],[-78.001,44.569],[-78.192,44.588],[-78.363,44.593],[-78.645,44.69],[-78.766,44.693],[-79.09,44.674],[-79.188,44.725],[-79.335,44.751],[-79.519,44.765],[-79.714,44.767],[-79.68,44.817],[-79.687,44.869],[-79.746,44.79],[-79.843,44.903],[-79.867,44.954],[-79.917,44.932],[-79.923,44.993],[-80.002,45.021],[-80.006,45.059],[-80.081,45.08],[-80.098,45.116],[-80.017,45.111],[-80.013,45.179],[-80.071,45.202],[-80.109,45.182],[-80.125,45.247],[-80.072,45.261],[-80.03,45.327],[-80.07,45.393],[-80.158,45.398],[-80.207,45.349],[-80.291,45.354],[-80.306,45.419],[-80.38,45.436],[-80.371,45.555],[-80.387,45.6],[-80.488,45.562],[-80.59,45.665],[-80.625,45.764],[-80.727,45.858],[-80.734,45.914],[-80.804,45.953],[-80.845,45.919],[-80.972,45.947],[-81.181,45.929],[-81.186,45.956],[-81.266,45.95],[-81.039,46.196],[-80.737,46.475],[-80.617,46.574],[-80.309,46.806],[-80.176,46.897],[-79.866,47.087],[-79.721,47.167],[-79.413,47.321],[-79.257,47.39],[-78.953,47.511],[-78.789,47.569],[-78.384,47.689],[-78.249,47.655],[-77.76,47.588],[-77.61,47.591],[-77.45,47.627],[-77.328,47.668],[-77.069,47.93],[-77.007,47.945],[-76.966,48.001],[-76.839,48.085],[-76.883,48.096],[-76.682,48.158],[-76.647,48.208],[-76.58,48.166],[-76.577,48.198],[-76.456,48.218],[-76.447,48.308],[-76.341,48.367],[-76.19,48.466],[-76.132,48.545],[-76.111,48.611],[-76.021,48.696],[-75.88,48.711],[-75.74,48.692],[-75.589,48.735],[-75.55,48.805],[-75.416,48.865],[-75.312,48.983],[-75.207,49.012],[-75.168,49.061],[-75.083,49.107],[-74.902,49.293],[-74.826,49.301],[-74.776,49.336],[-74.617,49.352],[-74.551,49.381],[-74.466,49.363],[-74.405,49.437],[-74.362,49.52],[-74.327,49.492],[-74.166,49.469],[-74.131,49.346],[-74.061,49.301],[-73.911,49.256],[-73.75,49.26],[-73.739,49.188],[-73.613,49.218],[-73.592,49.295],[-73.517,49.31],[-73.277,49.255],[-73.295,49.22],[-73.226,49.086],[-73.032,48.902],[-73.004,48.838],[-72.943,48.816],[-72.866,48.723],[-72.757,48.667],[-72.597,48.65],[-72.465,48.612],[-72.327,48.518],[-72.14,48.493],[-71.877,48.328],[-71.678,48.278],[-71.253,48.242],[-70.987,48.162],[-70.842,48.145],[-70.687,48.168],[-70.56,48.205],[-70.431,48.207],[-70.3,48.177],[-70.184,48.205],[-70.132,48.233],[-70.071,48.195],[-70.036,48.122],[-70.061,48.068],[-70.137,48.001],[-70.111,47.944],[-70.054,47.905],[-70.045,47.859],[-69.988,47.832],[-69.988,47.777],[-70.139,47.705],[-70.062,47.694],[-69.993,47.746],[-69.953,47.741],[-69.983,47.706]]]]}},{"type":"Feature","properties":{"id":334,"n":"Eastern Great Lakes lowland forests","b":4},"geometry":{"type":"MultiPolygon","coordinates":[[[[-78.957,42.959],[-78.964,42.961],[-78.959,42.962],[-78.957,42.959]]],[[[-78.948,42.989],[-78.939,42.959],[-79.018,42.995],[-78.997,43.056],[-78.9,43.041],[-78.948,42.989]]],[[[-79.072,43.079],[-79.072,43.084],[-79.061,43.079],[-79.072,43.079]]],[[[-76.356,43.879],[-76.327,43.904],[-76.327,43.882],[-76.356,43.879]]],[[[-76.447,43.89],[-76.411,43.918],[-76.389,43.908],[-76.447,43.89]]],[[[-76.482,43.92],[-76.427,43.942],[-76.461,43.91],[-76.482,43.92]]],[[[-76.332,44.037],[-76.33,44.044],[-76.322,44.031],[-76.332,44.037]]],[[[-76.359,44.034],[-76.385,44.036],[-76.342,44.054],[-76.359,44.034]]],[[[-76.402,44.073],[-76.376,44.066],[-76.394,44.044],[-76.402,44.073]]],[[[-76.301,44.169],[-76.287,44.19],[-76.264,44.179],[-76.301,44.169]]],[[[-76.768,44.102],[-76.802,44.142],[-76.638,44.192],[-76.62,44.177],[-76.697,44.11],[-76.768,44.102]]],[[[-76.354,44.209],[-76.384,44.144],[-76.432,44.11],[-76.51,44.137],[-76.511,44.163],[-76.428,44.217],[-76.325,44.234],[-76.289,44.222],[-76.181,44.238],[-76.234,44.213],[-76.354,44.209]]],[[[-76.079,44.244],[-76.081,44.246],[-76.077,44.246],[-76.079,44.244]]],[[[-76.065,44.252],[-76.062,44.256],[-76.05,44.257],[-76.065,44.252]]],[[[-76.055,44.283],[-76.051,44.294],[-76.043,44.29],[-76.055,44.283]]],[[[-76.307,44.29],[-76.211,44.307],[-76.213,44.282],[-76.354,44.249],[-76.307,44.29]]],[[[-76.153,44.251],[-76.158,44.278],[-76.08,44.305],[-76.081,44.276],[-76.153,44.251]]],[[[-76.011,44.287],[-76.043,44.297],[-75.927,44.359],[-76.011,44.287]]],[[[-75.852,44.434],[-75.85,44.416],[-75.914,44.384],[-75.852,44.434]]],[[[-75.794,44.42],[-75.793,44.434],[-75.784,44.43],[-75.794,44.42]]],[[[-80.242,44.834],[-80.174,44.871],[-80.165,44.778],[-80.242,44.834]]],[[[-81.757,45.309],[-81.705,45.306],[-81.728,45.29],[-81.757,45.309]]],[[[-81.477,45.563],[-81.462,45.55],[-81.487,45.542],[-81.477,45.563]]],[[[-71.112,46.878],[-70.935,46.998],[-70.802,47.026],[-70.894,46.92],[-71.009,46.859],[-71.142,46.846],[-71.112,46.878]]],[[[-70.424,47.172],[-70.511,47.112],[-70.518,47.122],[-70.424,47.172]]],[[[-73.447,43.46],[-73.409,43.555],[-73.448,43.693],[-73.414,43.753],[-73.406,43.825],[-73.44,43.829],[-73.457,43.89],[-73.424,43.933],[-73.484,43.936],[-73.457,43.978],[-73.508,44.0],[-73.524,44.045],[-73.575,44.053],[-73.534,44.122],[-73.491,44.075],[-73.467,44.132],[-73.543,44.19],[-73.52,44.242],[-73.602,44.249],[-73.573,44.376],[-73.508,44.407],[-73.511,44.476],[-73.567,44.478],[-73.614,44.523],[-73.597,44.576],[-73.651,44.672],[-73.736,44.64],[-73.71,44.683],[-73.647,44.703],[-73.577,44.79],[-73.591,44.89],[-73.644,44.915],[-73.75,44.88],[-73.844,44.882],[-73.911,44.841],[-73.971,44.881],[-74.041,44.838],[-74.156,44.845],[-74.216,44.782],[-74.282,44.808],[-74.348,44.805],[-74.498,44.757],[-74.608,44.683],[-74.683,44.65],[-74.755,44.646],[-74.868,44.593],[-74.987,44.51],[-75.017,44.468],[-75.096,44.442],[-75.228,44.319],[-75.297,44.286],[-75.344,44.207],[-75.479,44.14],[-75.54,44.001],[-75.433,43.884],[-75.428,43.792],[-75.369,43.747],[-75.342,43.681],[-75.345,43.624],[-75.282,43.512],[-75.213,43.466],[-75.174,43.404],[-75.032,43.3],[-74.993,43.245],[-74.869,43.2],[-74.817,43.128],[-74.745,43.117],[-74.68,43.04],[-74.584,43.02],[-74.437,43.033],[-74.381,43.09],[-74.3,43.13],[-74.25,43.079],[-74.156,43.088],[-74.053,43.071],[-73.977,43.087],[-73.895,42.993],[-73.977,42.996],[-73.969,42.889],[-74.004,42.862],[-74.023,42.778],[-73.966,42.712],[-73.979,42.64],[-74.014,42.656],[-74.059,42.605],[-74.164,42.609],[-74.283,42.666],[-74.312,42.625],[-74.365,42.672],[-74.463,42.676],[-74.509,42.658],[-74.661,42.738],[-74.689,42.81],[-74.749,42.796],[-74.794,42.822],[-74.892,42.782],[-74.97,42.84],[-75.023,42.818],[-75.094,42.857],[-75.122,42.835],[-75.195,42.861],[-75.26,42.855],[-75.257,42.923],[-75.306,42.961],[-75.387,42.895],[-75.41,42.844],[-75.455,42.91],[-75.507,42.897],[-75.435,42.98],[-75.398,43.07],[-75.431,43.078],[-75.492,43.037],[-75.585,43.055],[-75.605,43.011],[-75.657,43.074],[-75.754,43.039],[-75.949,43.035],[-75.95,42.999],[-76.107,42.979],[-76.168,42.933],[-76.171,42.899],[-76.315,42.964],[-76.39,42.925],[-76.382,42.878],[-76.476,42.843],[-76.499,42.798],[-76.566,42.834],[-76.639,42.753],[-76.62,42.623],[-76.669,42.601],[-76.795,42.68],[-76.83,42.679],[-76.857,42.573],[-76.915,42.556],[-76.952,42.626],[-77.043,42.683],[-77.114,42.805],[-77.145,42.783],[-77.171,42.827],[-77.221,42.822],[-77.293,42.772],[-77.305,42.865],[-77.495,42.813],[-77.508,42.773],[-77.563,42.813],[-77.64,42.779],[-77.723,42.772],[-77.741,42.812],[-77.829,42.765],[-77.786,42.688],[-77.843,42.667],[-77.885,42.714],[-77.959,42.746],[-78.0,42.837],[-78.089,42.902],[-78.116,42.875],[-78.211,42.89],[-78.252,42.851],[-78.371,42.889],[-78.465,42.878],[-78.602,42.74],[-78.661,42.768],[-78.727,42.763],[-78.782,42.688],[-78.858,42.684],[-78.929,42.587],[-78.919,42.488],[-78.943,42.467],[-79.014,42.525],[-79.084,42.524],[-79.184,42.462],[-79.242,42.476],[-79.332,42.422],[-79.474,42.368],[-79.574,42.3],[-79.93,42.167],[-80.071,42.096],[-80.191,42.055],[-80.315,41.983],[-80.51,41.92],[-80.66,41.895],[-80.901,41.801],[-81.136,41.745],[-81.235,41.693],[-81.361,41.649],[-81.411,41.584],[-81.423,41.617],[-81.56,41.55],[-81.641,41.445],[-81.622,41.413],[-81.801,41.447],[-81.848,41.419],[-81.936,41.404],[-82.022,41.345],[-82.108,41.311],[-82.163,41.358],[-82.274,41.371],[-82.386,41.35],[-82.529,41.288],[-82.644,41.205],[-82.768,41.22],[-82.682,41.324],[-82.624,41.345],[-82.557,41.403],[-82.47,41.384],[-82.364,41.427],[-82.265,41.432],[-82.181,41.473],[-82.013,41.516],[-81.914,41.489],[-81.734,41.493],[-81.492,41.629],[-81.377,41.717],[-81.284,41.762],[-81.229,41.767],[-81.004,41.852],[-80.905,41.868],[-80.536,41.973],[-80.292,42.054],[-80.202,42.093],[-80.153,42.148],[-80.133,42.143],[-80.146,42.115],[-79.938,42.205],[-79.68,42.299],[-79.445,42.418],[-79.36,42.483],[-79.249,42.532],[-79.149,42.556],[-79.048,42.691],[-78.92,42.738],[-78.854,42.789],[-78.907,42.934],[-78.941,42.981],[-78.893,43.049],[-78.926,43.066],[-79.07,43.086],[-79.041,43.143],[-79.063,43.264],[-78.841,43.317],[-78.534,43.373],[-78.111,43.376],[-77.957,43.367],[-77.759,43.341],[-77.659,43.282],[-77.543,43.235],[-77.344,43.28],[-77.104,43.289],[-76.942,43.243],[-76.896,43.296],[-76.793,43.31],[-76.682,43.354],[-76.631,43.413],[-76.494,43.473],[-76.41,43.524],[-76.3,43.513],[-76.236,43.531],[-76.197,43.64],[-76.23,43.802],[-76.299,43.855],[-76.217,43.892],[-76.206,43.863],[-76.133,43.897],[-76.139,43.94],[-76.079,43.999],[-76.161,43.959],[-76.205,43.988],[-76.127,44.025],[-76.145,44.059],[-76.264,44.053],[-76.284,44.012],[-76.205,44.029],[-76.25,43.969],[-76.308,44.026],[-76.302,44.059],[-76.361,44.073],[-76.366,44.11],[-76.16,44.219],[-76.089,44.233],[-76.013,44.267],[-75.856,44.383],[-75.804,44.405],[-75.763,44.445],[-75.781,44.515],[-75.94,44.386],[-76.144,44.324],[-76.304,44.298],[-76.34,44.272],[-76.549,44.21],[-76.703,44.21],[-76.912,44.114],[-76.983,44.064],[-77.071,44.082],[-76.994,44.139],[-76.889,44.159],[-76.934,44.185],[-77.058,44.117],[-77.032,44.2],[-77.149,44.164],[-77.238,44.182],[-77.341,44.167],[-77.568,44.1],[-77.572,44.061],[-77.383,44.145],[-77.306,44.136],[-77.313,44.081],[-77.255,44.132],[-77.081,44.17],[-77.054,44.162],[-77.114,44.039],[-77.011,44.039],[-76.939,44.059],[-76.853,44.114],[-76.897,44.041],[-76.967,44.018],[-77.031,43.96],[-76.927,43.935],[-76.852,43.936],[-77.041,43.895],[-77.153,43.846],[-77.228,43.863],[-77.227,43.9],[-77.279,43.9],[-77.251,43.956],[-77.338,43.957],[-77.492,43.928],[-77.578,43.991],[-77.523,43.994],[-77.607,44.039],[-77.872,43.984],[-78.246,43.956],[-78.499,43.901],[-78.591,43.901],[-78.712,43.871],[-78.933,43.871],[-78.981,43.895],[-78.955,43.974],[-79.024,43.982],[-78.939,44.032],[-78.935,44.077],[-78.994,44.079],[-78.989,44.032],[-79.105,43.996],[-79.238,44.022],[-79.417,43.972],[-79.45,43.933],[-79.599,43.894],[-79.717,43.919],[-79.688,43.963],[-79.747,43.95],[-79.862,43.85],[-79.875,43.793],[-79.958,43.809],[-79.939,43.729],[-79.987,43.69],[-79.974,43.615],[-80.058,43.604],[-80.017,43.565],[-80.037,43.526],[-80.021,43.467],[-79.945,43.461],[-79.984,43.416],[-80.089,43.391],[-80.121,43.352],[-80.194,43.36],[-80.245,43.34],[-80.277,43.287],[-80.264,43.235],[-80.356,43.18],[-80.394,43.213],[-80.55,43.154],[-80.643,43.168],[-80.674,43.145],[-80.702,43.193],[-80.776,43.217],[-80.954,43.123],[-80.989,43.161],[-80.989,43.086],[-81.053,43.058],[-81.146,43.23],[-81.258,43.166],[-81.301,43.217],[-81.389,43.227],[-81.429,43.302],[-81.523,43.27],[-81.571,43.344],[-81.712,43.378],[-81.701,43.545],[-81.722,43.678],[-81.716,43.903],[-81.733,44.099],[-81.676,44.133],[-81.615,44.208],[-81.6,44.318],[-81.474,44.413],[-81.408,44.43],[-81.387,44.484],[-81.27,44.605],[-81.281,44.792],[-81.356,44.881],[-81.349,44.954],[-81.38,44.987],[-81.424,44.968],[-81.514,45.098],[-81.624,45.173],[-81.713,45.214],[-81.638,45.263],[-81.461,45.226],[-81.29,45.239],[-81.327,45.138],[-81.256,45.074],[-81.267,45.003],[-81.188,44.989],[-81.195,44.958],[-81.117,44.954],[-81.143,44.897],[-81.058,44.893],[-81.046,44.951],[-80.963,44.944],[-81.013,44.91],[-81.003,44.864],[-81.113,44.78],[-81.127,44.754],[-81.001,44.806],[-80.907,44.795],[-80.881,44.767],[-80.927,44.59],[-80.768,44.71],[-80.627,44.713],[-80.617,44.635],[-80.576,44.603],[-80.497,44.592],[-80.387,44.535],[-80.281,44.529],[-80.104,44.471],[-80.056,44.488],[-79.996,44.553],[-79.988,44.666],[-80.003,44.697],[-80.126,44.747],[-80.118,44.803],[-80.047,44.796],[-80.029,44.844],[-79.953,44.861],[-79.909,44.84],[-79.895,44.761],[-79.792,44.739],[-79.714,44.767],[-79.519,44.765],[-79.335,44.751],[-79.188,44.725],[-79.09,44.674],[-78.766,44.693],[-78.645,44.69],[-78.363,44.593],[-78.192,44.588],[-78.001,44.569],[-77.84,44.507],[-77.706,44.482],[-77.388,44.504],[-77.273,44.465],[-77.139,44.452],[-76.958,44.49],[-76.826,44.462],[-76.697,44.484],[-76.533,44.46],[-76.387,44.514],[-76.276,44.62],[-76.289,44.715],[-76.246,44.821],[-76.245,44.939],[-76.345,45.014],[-76.256,45.181],[-76.31,45.273],[-76.419,45.347],[-76.548,45.387],[-76.794,45.484],[-76.952,45.518],[-77.065,45.704],[-77.187,45.827],[-77.171,45.851],[-77.1,45.832],[-77.003,45.775],[-76.953,45.774],[-76.886,45.809],[-76.911,45.892],[-76.773,45.855],[-76.787,45.757],[-76.717,45.721],[-76.714,45.676],[-76.663,45.563],[-76.592,45.527],[-76.439,45.496],[-76.343,45.442],[-76.294,45.438],[-76.214,45.472],[-76.214,45.507],[-76.144,45.515],[-76.022,45.486],[-75.824,45.354],[-75.704,45.422],[-75.636,45.492],[-75.575,45.495],[-75.428,45.555],[-75.243,45.603],[-75.05,45.612],[-75.103,45.641],[-75.077,45.669],[-74.987,45.654],[-74.905,45.681],[-74.772,45.646],[-74.496,45.675],[-74.322,45.67],[-74.11,45.706],[-73.979,45.779],[-73.904,45.836],[-73.779,45.883],[-73.729,45.955],[-73.644,46.01],[-73.652,46.068],[-73.459,46.206],[-73.411,46.281],[-73.366,46.254],[-73.405,46.209],[-73.345,46.159],[-73.139,46.231],[-73.077,46.297],[-72.978,46.367],[-72.942,46.475],[-72.788,46.534],[-72.658,46.598],[-72.658,46.707],[-72.58,46.779],[-72.386,46.843],[-72.309,46.833],[-72.35,46.733],[-72.426,46.709],[-72.32,46.613],[-72.185,46.636],[-72.214,46.723],[-72.105,46.768],[-71.987,46.769],[-71.838,46.8],[-71.726,46.772],[-71.638,46.734],[-71.539,46.761],[-71.334,46.881],[-71.049,46.949],[-71.204,46.833],[-71.207,46.8],[-71.278,46.741],[-71.131,46.826],[-71.001,46.831],[-70.941,46.872],[-70.765,46.918],[-70.649,46.974],[-70.492,47.016],[-70.441,47.077],[-70.319,47.162],[-70.195,47.309],[-70.071,47.359],[-70.026,47.457],[-69.805,47.597],[-69.769,47.557],[-69.789,47.494],[-69.861,47.467],[-69.947,47.404],[-69.951,47.365],[-70.04,47.307],[-70.175,47.179],[-70.24,47.083],[-70.349,47.029],[-70.381,46.989],[-70.472,46.973],[-70.573,46.907],[-70.585,46.88],[-70.671,46.838],[-70.82,46.728],[-70.848,46.573],[-70.93,46.521],[-71.076,46.457],[-71.054,46.429],[-71.134,46.403],[-71.288,46.423],[-71.445,46.364],[-71.599,46.283],[-71.749,46.178],[-71.87,46.058],[-71.987,45.863],[-72.106,45.833],[-72.256,45.755],[-72.322,45.666],[-72.32,45.564],[-72.483,45.383],[-72.549,45.283],[-72.681,45.232],[-72.877,45.075],[-72.945,44.983],[-72.993,44.884],[-73.056,44.804],[-73.081,44.648],[-73.132,44.561],[-73.123,44.512],[-73.026,44.527],[-73.017,44.441],[-73.119,44.433],[-73.129,44.372],[-73.049,44.286],[-73.039,44.209],[-73.062,44.172],[-73.096,44.24],[-73.073,44.096],[-73.092,43.935],[-73.064,43.915],[-73.055,43.808],[-73.1,43.769],[-73.187,43.812],[-73.196,43.78],[-73.263,43.803],[-73.3,43.786],[-73.293,43.724],[-73.247,43.721],[-73.293,43.658],[-73.292,43.612],[-73.344,43.553],[-73.339,43.457],[-73.358,43.443],[-73.447,43.46]],[[-75.992,43.856],[-76.045,43.65],[-76.013,43.518],[-75.964,43.457],[-75.789,43.356],[-75.715,43.295],[-75.656,43.282],[-75.556,43.34],[-75.445,43.311],[-75.385,43.319],[-75.359,43.362],[-75.249,43.336],[-75.215,43.362],[-75.273,43.447],[-75.352,43.462],[-75.416,43.569],[-75.425,43.655],[-75.579,43.811],[-75.596,43.842],[-75.732,43.93],[-75.867,43.963],[-75.924,43.934],[-75.992,43.856]],[[-80.154,42.121],[-80.153,42.117],[-80.143,42.136],[-80.154,42.121]]]]}},{"type":"Feature","properties":{"id":335,"n":"Gulf of St. Lawrence lowland forests","b":4},"geometry":{"type":"MultiPolygon","coordinates":[[[[-62.579,45.823],[-62.52,45.812],[-62.604,45.803],[-62.579,45.823]]],[[[-63.821,46.624],[-63.727,46.58],[-63.795,46.601],[-63.821,46.624]]],[[[-64.011,46.746],[-63.969,46.7],[-63.837,46.605],[-63.835,46.573],[-63.917,46.492],[-63.836,46.515],[-63.838,46.455],[-63.737,46.433],[-63.704,46.455],[-63.754,46.485],[-63.716,46.559],[-63.664,46.562],[-63.521,46.533],[-63.491,46.514],[-63.55,46.455],[-63.462,46.464],[-63.43,46.497],[-63.323,46.489],[-63.328,46.438],[-63.231,46.397],[-63.096,46.414],[-63.015,46.376],[-62.883,46.426],[-62.823,46.408],[-62.753,46.435],[-62.606,46.404],[-62.587,46.424],[-62.666,46.457],[-62.491,46.473],[-62.381,46.466],[-62.211,46.482],[-61.985,46.458],[-62.006,46.43],[-62.191,46.345],[-62.346,46.345],[-62.42,46.264],[-62.413,46.212],[-62.523,46.2],[-62.541,46.126],[-62.473,46.146],[-62.458,46.087],[-62.509,46.013],[-62.46,46.021],[-62.516,45.972],[-62.669,45.957],[-62.826,45.963],[-62.937,46.053],[-62.996,46.068],[-62.891,46.113],[-62.896,46.142],[-62.965,46.126],[-62.959,46.191],[-63.125,46.196],[-63.107,46.235],[-63.025,46.294],[-63.059,46.293],[-63.129,46.231],[-63.216,46.28],[-63.136,46.191],[-63.257,46.131],[-63.703,46.247],[-63.706,46.273],[-63.818,46.341],[-63.739,46.358],[-63.785,46.388],[-63.926,46.414],[-63.992,46.384],[-64.123,46.401],[-64.146,46.424],[-64.109,46.467],[-64.118,46.516],[-64.074,46.565],[-64.092,46.619],[-64.144,46.588],[-64.207,46.619],[-64.385,46.616],[-64.417,46.654],[-64.402,46.727],[-64.283,46.814],[-64.186,46.939],[-64.066,46.999],[-64.002,47.06],[-63.999,46.952],[-63.98,46.881],[-64.086,46.767],[-64.038,46.707],[-64.011,46.746]]],[[[-61.532,47.548],[-61.497,47.625],[-61.562,47.62],[-61.662,47.56],[-61.756,47.451],[-61.782,47.397],[-61.834,47.401],[-61.951,47.351],[-61.992,47.279],[-61.831,47.24],[-61.847,47.224],[-62.014,47.222],[-62.03,47.244],[-61.966,47.342],[-61.957,47.399],[-61.81,47.467],[-61.724,47.537],[-61.537,47.635],[-61.431,47.639],[-61.394,47.618],[-61.532,47.548]]],[[[-61.508,47.797],[-61.46,47.809],[-61.496,47.78],[-61.508,47.797]]],[[[-62.314,45.626],[-62.422,45.605],[-62.507,45.567],[-62.651,45.563],[-62.742,45.538],[-62.798,45.61],[-62.859,45.552],[-62.855,45.672],[-62.954,45.652],[-63.042,45.613],[-63.125,45.657],[-63.2,45.657],[-63.232,45.628],[-63.431,45.63],[-63.479,45.672],[-63.672,45.651],[-63.801,45.682],[-63.831,45.658],[-63.883,45.693],[-64.01,45.668],[-63.912,45.74],[-63.953,45.779],[-64.072,45.761],[-64.185,45.763],[-64.252,45.821],[-64.142,45.875],[-64.281,45.85],[-64.257,45.948],[-64.357,45.966],[-64.35,45.941],[-64.406,45.876],[-64.441,45.888],[-64.384,45.954],[-64.403,45.987],[-64.462,45.983],[-64.525,45.933],[-64.552,46.032],[-64.586,46.016],[-64.573,45.964],[-64.598,45.898],[-64.63,45.951],[-64.704,45.994],[-64.713,45.979],[-64.703,45.959],[-64.838,45.936],[-64.937,45.949],[-65.104,45.892],[-65.223,45.892],[-65.138,45.983],[-65.278,45.975],[-65.252,46.02],[-65.324,46.044],[-65.384,46.033],[-65.494,45.944],[-65.529,45.946],[-65.635,45.863],[-65.674,45.796],[-65.787,45.703],[-65.813,45.738],[-65.909,45.698],[-66.025,45.669],[-66.018,45.711],[-66.08,45.685],[-66.153,45.7],[-66.151,45.654],[-66.249,45.611],[-66.482,45.533],[-66.483,45.501],[-66.614,45.442],[-66.627,45.503],[-66.707,45.492],[-66.693,45.455],[-66.764,45.459],[-66.722,45.553],[-66.662,45.562],[-66.631,45.626],[-66.695,45.63],[-66.786,45.586],[-66.913,45.615],[-66.932,45.697],[-66.877,45.771],[-66.872,45.862],[-66.826,45.934],[-66.892,46.053],[-66.958,46.074],[-66.928,46.141],[-66.834,46.167],[-66.804,46.205],[-66.875,46.208],[-66.897,46.261],[-66.825,46.281],[-66.645,46.276],[-66.619,46.321],[-66.676,46.316],[-66.644,46.395],[-66.574,46.37],[-66.52,46.425],[-66.426,46.475],[-66.437,46.51],[-66.355,46.648],[-66.25,46.684],[-66.16,46.788],[-66.095,46.82],[-66.06,46.866],[-66.189,46.881],[-65.987,46.91],[-65.876,46.956],[-65.861,47.035],[-65.944,47.083],[-65.936,47.108],[-65.854,47.071],[-65.865,47.138],[-65.838,47.214],[-65.878,47.209],[-65.784,47.31],[-65.701,47.462],[-65.733,47.599],[-65.693,47.638],[-65.709,47.681],[-65.705,47.697],[-65.629,47.65],[-65.494,47.669],[-65.249,47.795],[-65.193,47.814],[-65.02,47.834],[-64.993,47.817],[-65.056,47.768],[-64.972,47.789],[-64.816,47.804],[-64.676,47.713],[-64.796,47.659],[-64.847,47.585],[-64.958,47.312],[-64.981,47.278],[-65.079,47.247],[-65.124,47.203],[-65.356,47.086],[-65.288,47.057],[-65.212,47.085],[-65.228,47.036],[-65.168,47.035],[-65.11,47.074],[-65.035,47.088],[-64.972,47.051],[-64.911,47.08],[-64.817,47.074],[-64.811,46.985],[-64.962,46.843],[-64.828,46.727],[-64.811,46.678],[-64.746,46.702],[-64.719,46.666],[-64.723,46.568],[-64.677,46.486],[-64.721,46.485],[-64.642,46.436],[-64.619,46.335],[-64.562,46.365],[-64.516,46.32],[-64.578,46.274],[-64.564,46.226],[-64.515,46.242],[-64.24,46.229],[-64.136,46.175],[-63.981,46.182],[-63.795,46.134],[-63.811,46.082],[-63.927,46.052],[-64.076,46.054],[-64.1,46.023],[-63.868,45.962],[-63.81,45.892],[-63.678,45.849],[-63.672,45.874],[-63.473,45.876],[-63.418,45.858],[-63.47,45.841],[-63.427,45.813],[-63.33,45.796],[-63.233,45.798],[-63.377,45.762],[-63.305,45.723],[-63.193,45.732],[-63.111,45.762],[-63.098,45.795],[-62.747,45.752],[-62.658,45.725],[-62.632,45.679],[-62.577,45.678],[-62.493,45.605],[-62.447,45.647],[-62.306,45.69],[-62.112,45.783],[-62.314,45.626]]],[[[-64.563,47.787],[-64.658,47.719],[-64.701,47.755],[-64.624,47.793],[-64.709,47.809],[-64.697,47.852],[-64.628,47.884],[-64.572,47.853],[-64.518,47.88],[-64.499,47.935],[-64.585,47.891],[-64.604,47.906],[-64.553,48.0],[-64.493,48.002],[-64.471,47.949],[-64.491,47.88],[-64.563,47.787]]],[[[-65.155,48.043],[-65.329,48.0],[-65.469,48.0],[-65.541,48.057],[-65.713,48.1],[-65.821,48.115],[-65.914,48.189],[-65.976,48.182],[-66.025,48.14],[-66.015,48.201],[-65.958,48.21],[-66.0,48.285],[-65.95,48.296],[-65.794,48.222],[-65.752,48.178],[-65.695,48.182],[-65.58,48.234],[-65.517,48.21],[-65.354,48.212],[-65.232,48.146],[-65.176,48.133],[-65.07,48.162],[-64.953,48.154],[-65.155,48.043]]]]}},{"type":"Feature","properties":{"id":357,"n":"Klamath-Siskiyou forests","b":5},"geometry":{"type":"Polygon","coordinates":[[[-123.348,43.666],[-123.218,43.651],[-123.171,43.616],[-123.232,43.587],[-123.237,43.536],[-123.133,43.468],[-123.059,43.305],[-123.02,43.271],[-123.12,43.21],[-123.114,43.153],[-123.065,43.138],[-123.085,43.1],[-123.027,43.079],[-123.039,42.97],[-122.972,42.994],[-122.966,42.911],[-122.909,42.91],[-122.974,42.808],[-122.93,42.777],[-122.95,42.69],[-122.856,42.664],[-122.834,42.73],[-122.756,42.696],[-122.712,42.75],[-122.628,42.761],[-122.528,42.73],[-122.665,42.644],[-122.616,42.605],[-122.637,42.578],[-122.586,42.494],[-122.538,42.462],[-122.411,42.314],[-122.469,42.324],[-122.597,42.308],[-122.624,42.243],[-122.565,42.253],[-122.515,42.163],[-122.506,42.097],[-122.44,42.08],[-122.371,42.089],[-122.469,42.036],[-122.564,41.955],[-122.514,41.825],[-122.525,41.783],[-122.618,41.776],[-122.689,41.723],[-122.687,41.674],[-122.579,41.641],[-122.546,41.607],[-122.581,41.512],[-122.453,41.433],[-122.418,41.369],[-122.339,41.301],[-122.257,41.254],[-122.164,41.254],[-122.118,41.199],[-121.973,41.175],[-121.881,41.177],[-121.795,41.159],[-121.796,41.127],[-121.886,41.112],[-121.898,41.048],[-121.86,41.052],[-121.86,40.998],[-121.964,40.983],[-121.968,40.902],[-121.916,40.877],[-121.899,40.819],[-121.928,40.768],[-122.002,40.732],[-122.124,40.739],[-122.152,40.715],[-122.289,40.709],[-122.311,40.739],[-122.393,40.699],[-122.436,40.734],[-122.533,40.632],[-122.493,40.596],[-122.559,40.509],[-122.664,40.492],[-122.761,40.457],[-122.803,40.487],[-122.882,40.482],[-122.925,40.442],[-122.942,40.313],[-122.882,40.282],[-122.83,40.177],[-122.771,40.16],[-122.697,40.066],[-122.676,39.971],[-122.695,39.861],[-122.731,39.885],[-122.798,39.877],[-122.688,39.84],[-122.64,39.769],[-122.694,39.762],[-122.855,39.815],[-122.75,39.743],[-122.757,39.658],[-122.709,39.697],[-122.659,39.636],[-122.64,39.523],[-122.695,39.473],[-122.647,39.41],[-122.73,39.339],[-122.589,39.317],[-122.639,39.236],[-122.593,39.215],[-122.705,39.217],[-122.784,39.298],[-122.824,39.311],[-122.783,39.346],[-122.86,39.398],[-122.801,39.458],[-122.851,39.465],[-122.944,39.394],[-122.835,39.29],[-122.811,39.243],[-122.675,39.159],[-122.808,39.154],[-122.898,39.23],[-122.936,39.198],[-123.058,39.286],[-123.09,39.261],[-123.18,39.281],[-123.235,39.335],[-123.245,39.275],[-123.228,39.156],[-123.317,39.159],[-123.369,39.191],[-123.363,39.247],[-123.301,39.27],[-123.388,39.348],[-123.438,39.36],[-123.415,39.426],[-123.455,39.497],[-123.544,39.562],[-123.567,39.613],[-123.549,39.686],[-123.581,39.802],[-123.652,39.837],[-123.686,39.886],[-123.657,39.957],[-123.676,40.022],[-123.781,40.085],[-123.795,40.137],[-123.757,40.205],[-123.792,40.27],[-123.78,40.319],[-123.862,40.38],[-123.828,40.469],[-123.901,40.543],[-123.903,40.603],[-123.937,40.638],[-123.811,40.692],[-123.8,40.721],[-123.717,40.761],[-123.81,40.912],[-123.87,41.07],[-123.814,41.137],[-123.852,41.304],[-123.85,41.368],[-123.912,41.495],[-123.92,41.549],[-123.987,41.676],[-123.998,41.725],[-124.071,41.784],[-124.075,41.881],[-124.013,41.991],[-124.073,42.047],[-124.109,42.039],[-124.133,42.192],[-124.192,42.158],[-124.212,42.109],[-124.276,42.092],[-124.353,42.207],[-124.369,42.252],[-124.279,42.254],[-124.255,42.285],[-124.346,42.295],[-124.304,42.326],[-124.331,42.409],[-124.296,42.484],[-124.228,42.446],[-124.191,42.496],[-124.228,42.544],[-124.133,42.586],[-124.113,42.655],[-123.943,42.729],[-123.901,42.784],[-123.788,42.812],[-123.716,42.792],[-123.648,42.887],[-123.719,42.927],[-123.76,42.995],[-123.736,43.073],[-123.665,43.109],[-123.67,43.146],[-123.588,43.178],[-123.526,43.284],[-123.549,43.327],[-123.526,43.377],[-123.465,43.391],[-123.445,43.496],[-123.385,43.535],[-123.365,43.588],[-123.41,43.608],[-123.397,43.652],[-123.448,43.663],[-123.395,43.719],[-123.368,43.71],[-123.348,43.666]]]}},{"type":"Feature","properties":{"id":393,"n":"Mid-Atlantic US coastal savannas","b":8},"geometry":{"type":"MultiPolygon","coordinates":[[[[-78.541,33.851],[-78.541,33.859],[-78.529,33.857],[-78.541,33.851]]],[[[-78.526,33.865],[-78.546,33.866],[-78.53,33.876],[-78.526,33.865]]],[[[-78.528,33.857],[-78.504,33.883],[-78.487,33.871],[-78.528,33.857]]],[[[-78.502,33.883],[-78.484,33.887],[-78.483,33.878],[-78.502,33.883]]],[[[-78.482,33.888],[-78.47,33.889],[-78.476,33.881],[-78.482,33.888]]],[[[-77.989,33.894],[-77.967,33.897],[-77.969,33.88],[-77.989,33.894]]],[[[-78.473,33.875],[-78.436,33.896],[-78.39,33.897],[-78.473,33.875]]],[[[-78.009,33.868],[-77.967,33.879],[-77.96,33.84],[-78.009,33.868]]],[[[-78.368,33.901],[-78.362,33.909],[-78.259,33.913],[-78.368,33.901]]],[[[-78.016,33.887],[-78.197,33.918],[-78.056,33.919],[-78.016,33.887]]],[[[-77.861,34.14],[-77.836,34.155],[-77.87,34.079],[-77.861,34.14]]],[[[-77.803,34.211],[-77.81,34.22],[-77.796,34.217],[-77.803,34.211]]],[[[-77.808,34.222],[-77.783,34.248],[-77.766,34.243],[-77.808,34.222]]],[[[-77.781,34.25],[-77.765,34.268],[-77.765,34.254],[-77.781,34.25]]],[[[-77.742,34.294],[-77.719,34.287],[-77.765,34.254],[-77.742,34.294]]],[[[-77.732,34.295],[-77.718,34.322],[-77.716,34.3],[-77.732,34.295]]],[[[-77.709,34.299],[-77.681,34.354],[-77.658,34.344],[-77.709,34.299]]],[[[-77.299,34.55],[-77.242,34.596],[-77.234,34.591],[-77.299,34.55]]],[[[-77.226,34.596],[-77.211,34.622],[-77.203,34.613],[-77.226,34.596]]],[[[-77.202,34.614],[-77.207,34.627],[-77.193,34.616],[-77.202,34.614]]],[[[-77.173,34.623],[-77.144,34.642],[-77.118,34.637],[-77.173,34.623]]],[[[-76.569,34.663],[-76.652,34.679],[-76.628,34.684],[-76.569,34.663]]],[[[-76.818,34.697],[-76.803,34.704],[-76.803,34.698],[-76.818,34.697]]],[[[-76.704,34.707],[-76.697,34.711],[-76.69,34.703],[-76.704,34.707]]],[[[-77.094,34.655],[-77.013,34.676],[-76.848,34.691],[-77.094,34.655]]],[[[-76.527,34.684],[-76.582,34.699],[-76.527,34.693],[-76.527,34.684]]],[[[-76.673,34.72],[-76.671,34.717],[-76.674,34.716],[-76.673,34.72]]],[[[-76.69,34.717],[-76.671,34.727],[-76.684,34.708],[-76.69,34.717]]],[[[-76.444,34.732],[-76.443,34.731],[-76.445,34.731],[-76.444,34.732]]],[[[-76.535,34.581],[-76.53,34.614],[-76.484,34.675],[-76.535,34.581]]],[[[-76.31,34.855],[-76.225,34.928],[-76.231,34.916],[-76.31,34.855]]],[[[-76.196,34.959],[-76.188,34.961],[-76.189,34.954],[-76.196,34.959]]],[[[-76.186,34.961],[-76.184,34.964],[-76.184,34.966],[-76.18,34.962],[-76.184,34.962],[-76.183,34.96],[-76.186,34.961]]],[[[-76.176,34.966],[-76.174,34.968],[-76.174,34.966],[-76.176,34.966]]],[[[-76.148,34.993],[-76.149,34.991],[-76.15,34.991],[-76.148,34.993]]],[[[-76.201,34.952],[-76.192,34.95],[-76.204,34.939],[-76.201,34.952]]],[[[-76.14,35.0],[-76.144,35.003],[-76.135,35.005],[-76.14,35.0]]],[[[-76.297,34.924],[-76.382,34.931],[-76.383,34.979],[-76.317,34.957],[-76.352,35.019],[-76.276,34.96],[-76.297,34.924]]],[[[-76.085,35.057],[-76.077,35.063],[-76.078,35.054],[-76.085,35.057]]],[[[-76.124,35.001],[-76.125,35.003],[-76.076,35.036],[-76.124,35.001]]],[[[-76.075,35.07],[-76.069,35.072],[-76.076,35.066],[-76.075,35.07]]],[[[-76.068,35.059],[-76.064,35.073],[-76.054,35.068],[-76.068,35.059]]],[[[-76.014,35.067],[-75.986,35.118],[-75.918,35.125],[-76.014,35.067]]],[[[-75.523,35.274],[-75.524,35.278],[-75.52,35.273],[-75.523,35.274]]],[[[-75.487,35.395],[-75.519,35.256],[-75.535,35.228],[-75.629,35.228],[-75.744,35.19],[-75.598,35.257],[-75.522,35.269],[-75.52,35.273],[-75.518,35.278],[-75.494,35.393],[-75.487,35.522],[-75.46,35.592],[-75.487,35.395]]],[[[-75.618,35.894],[-75.622,35.896],[-75.616,35.899],[-75.618,35.894]]],[[[-75.617,35.827],[-75.724,35.926],[-75.66,35.919],[-75.617,35.827]]],[[[-75.947,35.959],[-75.863,35.973],[-75.919,35.936],[-75.947,35.959]]],[[[-75.973,37.086],[-75.979,37.102],[-75.955,37.098],[-75.973,37.086]]],[[[-75.961,37.119],[-75.947,37.125],[-75.945,37.121],[-75.961,37.119]]],[[[-75.933,37.136],[-75.926,37.14],[-75.926,37.137],[-75.933,37.136]]],[[[-75.863,37.167],[-75.829,37.173],[-75.895,37.118],[-75.863,37.167]]],[[[-79.052,33.547],[-79.113,33.557],[-79.142,33.522],[-79.17,33.56],[-79.191,33.485],[-79.242,33.467],[-79.298,33.49],[-79.3,33.427],[-79.428,33.368],[-79.413,33.343],[-79.331,33.33],[-79.315,33.292],[-79.371,33.23],[-79.453,33.231],[-79.447,33.192],[-79.552,33.065],[-79.636,33.027],[-79.697,32.961],[-79.758,32.968],[-79.875,32.922],[-79.856,33.05],[-79.82,33.097],[-79.886,33.082],[-79.987,33.143],[-79.959,33.08],[-79.978,33.026],[-79.957,32.946],[-80.052,32.96],[-80.04,32.893],[-80.144,32.928],[-80.081,32.83],[-80.154,32.837],[-80.213,32.737],[-80.393,32.69],[-80.424,32.743],[-80.466,32.706],[-80.534,32.732],[-80.526,32.776],[-80.593,32.752],[-80.565,32.678],[-80.643,32.661],[-80.696,32.724],[-80.793,32.693],[-80.696,32.634],[-80.693,32.551],[-80.734,32.554],[-80.777,32.605],[-80.795,32.575],[-80.841,32.63],[-80.846,32.579],[-80.936,32.592],[-80.881,32.49],[-80.903,32.447],[-80.895,32.365],[-80.941,32.293],[-80.873,32.276],[-80.864,32.246],[-81.008,32.208],[-81.05,32.178],[-81.109,32.253],[-81.138,32.495],[-81.195,32.553],[-81.288,32.597],[-81.373,32.723],[-81.377,32.773],[-81.432,32.887],[-81.367,32.903],[-81.308,32.955],[-81.243,32.924],[-81.179,33.03],[-81.127,33.09],[-81.148,33.176],[-81.111,33.25],[-81.023,33.346],[-80.957,33.394],[-80.808,33.451],[-80.696,33.45],[-80.655,33.426],[-80.528,33.405],[-80.453,33.429],[-80.332,33.38],[-80.168,33.391],[-80.146,33.443],[-80.182,33.521],[-80.126,33.678],[-80.178,33.7],[-80.116,33.799],[-80.144,33.821],[-80.185,33.917],[-80.155,33.948],[-80.162,34.017],[-80.131,34.09],[-80.065,34.05],[-80.036,34.093],[-79.966,34.096],[-79.898,34.144],[-79.824,34.147],[-79.817,34.115],[-79.723,34.13],[-79.737,34.093],[-79.66,34.043],[-79.629,34.071],[-79.518,34.014],[-79.451,34.055],[-79.34,34.022],[-79.275,34.121],[-79.182,34.191],[-79.197,34.228],[-79.091,34.215],[-79.065,34.149],[-78.984,34.124],[-78.938,34.143],[-78.85,34.115],[-78.789,34.175],[-78.735,34.194],[-78.674,34.26],[-78.645,34.323],[-78.54,34.4],[-78.497,34.413],[-78.435,34.502],[-78.47,34.568],[-78.523,34.612],[-78.608,34.647],[-78.659,34.705],[-78.756,34.76],[-78.795,34.861],[-78.769,34.962],[-78.801,34.988],[-78.758,35.019],[-78.611,34.893],[-78.554,34.867],[-78.429,34.749],[-78.351,34.752],[-78.235,34.726],[-78.109,34.822],[-78.055,34.846],[-77.969,34.918],[-77.854,34.959],[-77.72,34.951],[-77.666,34.995],[-77.675,35.051],[-77.612,35.092],[-77.645,35.135],[-77.539,35.187],[-77.422,35.352],[-77.407,35.478],[-77.457,35.527],[-77.497,35.632],[-77.441,35.704],[-77.45,35.768],[-77.412,35.816],[-77.426,35.915],[-77.404,35.981],[-77.426,36.013],[-77.389,36.078],[-77.314,36.098],[-77.271,36.175],[-77.313,36.241],[-77.538,36.386],[-77.564,36.427],[-77.486,36.434],[-77.438,36.379],[-77.322,36.399],[-77.224,36.374],[-77.071,36.372],[-77.011,36.419],[-77.093,36.448],[-77.078,36.489],[-77.118,36.519],[-77.074,36.533],[-77.111,36.589],[-77.166,36.588],[-77.179,36.625],[-77.126,36.696],[-77.113,36.842],[-77.058,36.805],[-76.979,36.917],[-76.916,37.032],[-76.839,37.133],[-76.765,37.17],[-76.715,37.148],[-76.664,37.175],[-76.657,37.041],[-76.585,37.028],[-76.513,36.968],[-76.483,36.897],[-76.352,36.885],[-76.312,36.904],[-76.326,36.963],[-76.095,36.909],[-76.034,36.932],[-75.99,36.912],[-75.951,36.765],[-75.878,36.599],[-75.819,36.358],[-75.731,36.138],[-75.565,35.852],[-75.539,35.788],[-75.596,35.854],[-75.601,35.908],[-75.683,36.01],[-75.698,36.06],[-75.737,36.041],[-75.745,36.139],[-75.776,36.231],[-75.821,36.292],[-75.823,36.345],[-75.882,36.487],[-75.878,36.555],[-75.943,36.724],[-75.973,36.712],[-75.993,36.635],[-75.984,36.551],[-75.924,36.568],[-75.913,36.495],[-75.99,36.495],[-75.972,36.525],[-76.05,36.591],[-76.046,36.504],[-75.943,36.361],[-75.924,36.424],[-75.915,36.352],[-75.872,36.246],[-75.799,36.118],[-75.798,36.072],[-75.866,36.126],[-75.876,36.184],[-75.96,36.265],[-75.96,36.201],[-75.924,36.164],[-76.022,36.19],[-76.135,36.293],[-76.218,36.301],[-76.151,36.263],[-76.123,36.21],[-76.077,36.193],[-76.072,36.141],[-76.165,36.124],[-76.205,36.137],[-76.291,36.212],[-76.195,36.105],[-76.252,36.103],[-76.373,36.138],[-76.467,36.196],[-76.373,36.118],[-76.303,36.099],[-76.412,36.08],[-76.46,36.025],[-76.58,36.011],[-76.615,36.057],[-76.678,36.046],[-76.722,36.15],[-76.698,36.272],[-76.742,36.228],[-76.756,36.152],[-76.683,35.99],[-76.719,35.965],[-76.664,35.932],[-76.523,35.945],[-76.399,35.983],[-76.376,35.931],[-76.272,35.972],[-76.148,35.995],[-76.062,35.991],[-76.066,35.907],[-76.013,35.925],[-76.065,35.837],[-76.042,35.672],[-76.021,35.652],[-75.983,35.772],[-75.986,35.89],[-75.809,35.959],[-75.726,35.806],[-75.741,35.773],[-75.716,35.692],[-75.78,35.687],[-75.73,35.626],[-75.775,35.58],[-75.837,35.57],[-75.882,35.633],[-75.881,35.576],[-75.917,35.564],[-75.989,35.484],[-76.013,35.424],[-76.156,35.326],[-76.26,35.376],[-76.269,35.34],[-76.359,35.384],[-76.396,35.432],[-76.484,35.374],[-76.587,35.509],[-76.488,35.505],[-76.451,35.555],[-76.629,35.519],[-76.575,35.388],[-76.71,35.429],[-76.76,35.419],[-76.832,35.448],[-77.056,35.509],[-76.985,35.471],[-76.968,35.433],[-76.925,35.449],[-76.803,35.391],[-76.719,35.375],[-76.656,35.34],[-76.484,35.314],[-76.469,35.28],[-76.498,35.217],[-76.58,35.241],[-76.521,35.199],[-76.581,35.203],[-76.654,35.168],[-76.545,35.149],[-76.569,35.098],[-76.713,35.004],[-76.803,34.965],[-77.037,35.095],[-76.937,34.974],[-76.761,34.916],[-76.63,34.989],[-76.541,34.935],[-76.579,34.991],[-76.46,35.022],[-76.465,35.076],[-76.422,35.026],[-76.447,34.939],[-76.402,34.963],[-76.383,34.931],[-76.314,34.903],[-76.346,34.874],[-76.404,34.887],[-76.418,34.826],[-76.474,34.768],[-76.508,34.786],[-76.516,34.718],[-76.576,34.72],[-76.617,34.787],[-76.627,34.719],[-76.735,34.78],[-76.78,34.754],[-76.709,34.75],[-76.734,34.722],[-76.845,34.729],[-76.94,34.716],[-77.092,34.673],[-77.087,34.718],[-77.134,34.768],[-77.119,34.689],[-77.232,34.616],[-77.316,34.547],[-77.394,34.591],[-77.339,34.638],[-77.401,34.73],[-77.429,34.725],[-77.372,34.627],[-77.447,34.61],[-77.342,34.526],[-77.568,34.415],[-77.531,34.458],[-77.701,34.344],[-77.82,34.211],[-77.858,34.154],[-77.881,34.057],[-77.928,33.945],[-77.927,34.024],[-77.998,33.926],[-78.172,33.929],[-78.362,33.909],[-78.401,33.905],[-78.482,33.888],[-78.54,33.877],[-78.796,33.755],[-78.934,33.644],[-78.996,33.579],[-79.052,33.547]],[[-77.405,34.501],[-77.402,34.508],[-77.426,34.496],[-77.405,34.501]]],[[[-75.851,37.17],[-75.847,37.197],[-75.81,37.194],[-75.851,37.17]]],[[[-76.42,37.223],[-76.413,37.16],[-76.294,37.125],[-76.344,37.1],[-76.27,37.088],[-76.302,37.033],[-76.421,36.964],[-76.465,37.028],[-76.628,37.126],[-76.606,37.159],[-76.629,37.206],[-76.494,37.226],[-76.42,37.223]]],[[[-75.832,37.206],[-75.841,37.222],[-75.802,37.229],[-75.832,37.206]]],[[[-75.835,37.289],[-75.826,37.279],[-75.845,37.274],[-75.835,37.289]]],[[[-75.867,37.195],[-75.911,37.151],[-75.896,37.277],[-75.85,37.264],[-75.867,37.195]]],[[[-75.904,37.294],[-75.9,37.291],[-75.903,37.289],[-75.904,37.294]]],[[[-75.795,37.279],[-75.799,37.251],[-75.808,37.241],[-75.795,37.279]]],[[[-75.905,37.317],[-75.899,37.311],[-75.913,37.29],[-75.905,37.317]]],[[[-75.788,37.334],[-75.774,37.34],[-75.775,37.328],[-75.788,37.334]]],[[[-75.759,37.341],[-75.758,37.33],[-75.764,37.329],[-75.759,37.341]]],[[[-75.725,37.361],[-75.744,37.325],[-75.749,37.327],[-75.725,37.361]]],[[[-75.87,37.301],[-75.879,37.334],[-75.833,37.34],[-75.87,37.301]]],[[[-76.515,37.342],[-76.499,37.402],[-76.414,37.339],[-76.454,37.308],[-76.386,37.298],[-76.386,37.267],[-76.496,37.249],[-76.515,37.342]]],[[[-75.827,37.387],[-75.844,37.399],[-75.82,37.398],[-75.827,37.387]]],[[[-76.493,37.412],[-76.492,37.402],[-76.498,37.403],[-76.493,37.412]]],[[[-75.81,37.419],[-75.789,37.405],[-75.817,37.398],[-75.81,37.419]]],[[[-75.709,37.439],[-75.696,37.448],[-75.695,37.439],[-75.709,37.439]]],[[[-75.695,37.439],[-75.691,37.449],[-75.658,37.462],[-75.72,37.37],[-75.695,37.439]]],[[[-75.717,37.459],[-75.688,37.486],[-75.687,37.458],[-75.717,37.459]]],[[[-76.307,37.495],[-76.294,37.517],[-76.269,37.482],[-76.307,37.495]]],[[[-76.432,37.513],[-76.425,37.506],[-76.36,37.522],[-76.251,37.436],[-76.245,37.386],[-76.276,37.31],[-76.416,37.409],[-76.415,37.369],[-76.491,37.416],[-76.432,37.513]]],[[[-75.654,37.554],[-75.662,37.572],[-75.638,37.56],[-75.654,37.554]]],[[[-75.669,37.484],[-75.652,37.549],[-75.598,37.573],[-75.669,37.484]]],[[[-76.414,37.581],[-76.313,37.546],[-76.427,37.527],[-76.414,37.581]]],[[[-75.669,37.582],[-75.628,37.588],[-75.624,37.572],[-75.669,37.582]]],[[[-75.638,37.594],[-75.639,37.602],[-75.626,37.598],[-75.638,37.594]]],[[[-75.682,37.605],[-75.647,37.616],[-75.646,37.59],[-75.682,37.605]]],[[[-76.407,37.658],[-76.407,37.656],[-76.409,37.656],[-76.407,37.658]]],[[[-75.604,37.681],[-75.597,37.688],[-75.596,37.677],[-75.604,37.681]]],[[[-75.618,37.59],[-75.637,37.644],[-75.588,37.669],[-75.618,37.59]]],[[[-75.609,37.686],[-75.61,37.694],[-75.598,37.689],[-75.609,37.686]]],[[[-75.561,37.74],[-75.582,37.693],[-75.571,37.734],[-75.561,37.74]]],[[[-75.518,37.796],[-75.52,37.823],[-75.5,37.817],[-75.518,37.796]]],[[[-75.998,37.812],[-75.999,37.832],[-75.984,37.821],[-75.998,37.812]]],[[[-75.477,37.854],[-75.463,37.883],[-75.42,37.882],[-75.477,37.854]]],[[[-75.375,37.939],[-75.377,37.936],[-75.385,37.933],[-75.375,37.939]]],[[[-75.429,37.935],[-75.425,37.942],[-75.419,37.936],[-75.429,37.935]]],[[[-75.437,37.939],[-75.447,37.941],[-75.422,37.949],[-75.437,37.939]]],[[[-76.014,37.93],[-76.039,37.969],[-76.018,37.955],[-76.014,37.93]]],[[[-76.025,37.967],[-76.021,37.972],[-76.019,37.966],[-76.025,37.967]]],[[[-76.048,37.979],[-76.037,37.953],[-76.046,37.946],[-76.048,37.979]]],[[[-75.304,37.975],[-75.3,37.98],[-75.299,37.975],[-75.304,37.975]]],[[[-75.383,37.915],[-75.329,37.973],[-75.35,37.919],[-75.383,37.915]]],[[[-75.993,37.964],[-76.019,37.972],[-76.006,37.977],[-75.993,37.964]]],[[[-76.041,37.971],[-76.049,37.997],[-76.023,37.985],[-76.041,37.971]]],[[[-75.982,37.988],[-76.043,38.031],[-75.987,38.024],[-75.982,37.988]]],[[[-76.032,38.075],[-76.035,38.103],[-76.005,38.077],[-76.032,38.075]]],[[[-76.03,38.113],[-76.021,38.133],[-76.012,38.123],[-76.03,38.113]]],[[[-76.476,38.105],[-76.492,38.128],[-76.465,38.108],[-76.476,38.105]]],[[[-76.77,38.158],[-76.714,38.117],[-76.73,38.107],[-76.77,38.158]]],[[[-76.411,37.652],[-76.41,37.653],[-76.41,37.654],[-76.404,37.655],[-76.405,37.661],[-76.364,37.736],[-76.343,37.825],[-76.447,37.88],[-76.326,37.863],[-76.35,37.908],[-76.53,37.975],[-76.58,38.014],[-76.598,38.069],[-76.711,38.079],[-76.727,38.102],[-76.707,38.121],[-76.701,38.16],[-76.611,38.149],[-76.602,38.111],[-76.536,38.073],[-76.552,38.037],[-76.469,38.014],[-76.464,37.986],[-76.339,37.945],[-76.237,37.889],[-76.251,37.833],[-76.311,37.833],[-76.303,37.689],[-76.362,37.609],[-76.418,37.64],[-76.411,37.652]]],[[[-75.933,38.148],[-75.921,38.136],[-75.96,38.137],[-75.939,38.154],[-75.933,38.148]]],[[[-76.791,38.169],[-76.776,38.167],[-76.772,38.16],[-76.791,38.169]]],[[[-76.032,38.149],[-76.088,38.193],[-76.05,38.206],[-76.032,38.149]]],[[[-76.46,38.139],[-76.53,38.134],[-76.558,38.209],[-76.444,38.186],[-76.46,38.139]]],[[[-76.983,38.161],[-77.011,38.2],[-76.99,38.201],[-76.952,38.21],[-76.881,38.175],[-76.983,38.161]]],[[[-76.686,38.233],[-76.647,38.261],[-76.559,38.21],[-76.686,38.233]]],[[[-76.842,38.255],[-76.864,38.27],[-76.838,38.262],[-76.842,38.255]]],[[[-77.026,38.268],[-76.982,38.275],[-76.964,38.212],[-77.011,38.2],[-77.012,38.2],[-77.026,38.268]]],[[[-76.654,38.264],[-76.702,38.262],[-76.709,38.282],[-76.654,38.264]]],[[[-76.752,38.222],[-76.82,38.297],[-76.718,38.285],[-76.752,38.222]]],[[[-76.407,38.174],[-76.36,38.127],[-76.41,38.252],[-76.452,38.287],[-76.373,38.298],[-76.398,38.252],[-76.32,38.137],[-76.321,38.049],[-76.423,38.106],[-76.437,38.187],[-76.407,38.174]]],[[[-75.384,37.894],[-75.336,37.922],[-75.352,37.87],[-75.384,37.894]]],[[[-76.193,38.316],[-76.183,38.336],[-76.173,38.328],[-76.193,38.316]]],[[[-76.511,38.324],[-76.476,38.322],[-76.454,38.289],[-76.511,38.324]]],[[[-76.452,38.323],[-76.43,38.341],[-76.41,38.335],[-76.452,38.323]]],[[[-76.431,38.341],[-76.433,38.34],[-76.434,38.343],[-76.431,38.341]]],[[[-76.172,38.247],[-76.211,38.303],[-76.187,38.295],[-76.172,38.247]]],[[[-76.435,38.343],[-76.444,38.334],[-76.449,38.35],[-76.435,38.343]]],[[[-76.528,38.339],[-76.534,38.347],[-76.532,38.354],[-76.512,38.325],[-76.528,38.339]]],[[[-76.483,38.331],[-76.47,38.373],[-76.45,38.35],[-76.483,38.331]]],[[[-76.535,38.373],[-76.496,38.344],[-76.531,38.355],[-76.535,38.373]]],[[[-76.551,38.383],[-76.536,38.384],[-76.535,38.373],[-76.551,38.383]]],[[[-76.47,38.374],[-76.47,38.373],[-76.481,38.361],[-76.49,38.391],[-76.47,38.374]]],[[[-76.563,38.385],[-76.583,38.388],[-76.561,38.385],[-76.563,38.385]]],[[[-76.509,38.39],[-76.537,38.425],[-76.493,38.394],[-76.509,38.39]]],[[[-76.551,38.408],[-76.598,38.439],[-76.597,38.452],[-76.572,38.432],[-76.541,38.426],[-76.551,38.408]]],[[[-76.845,38.267],[-76.926,38.294],[-76.978,38.342],[-77.03,38.311],[-77.0,38.279],[-77.027,38.27],[-77.078,38.316],[-77.059,38.386],[-77.133,38.342],[-77.25,38.383],[-77.188,38.382],[-77.155,38.44],[-77.022,38.457],[-76.986,38.379],[-76.86,38.308],[-76.845,38.267]]],[[[-76.595,38.395],[-76.676,38.449],[-76.696,38.479],[-76.694,38.495],[-76.585,38.389],[-76.595,38.395]]],[[[-76.694,38.538],[-76.674,38.514],[-76.694,38.497],[-76.694,38.538]]],[[[-75.08,38.616],[-75.075,38.625],[-75.077,38.611],[-75.08,38.616]]],[[[-76.548,38.73],[-76.527,38.728],[-76.533,38.694],[-76.548,38.73]]],[[[-76.646,38.468],[-76.678,38.544],[-76.693,38.544],[-76.716,38.704],[-76.693,38.733],[-76.667,38.61],[-76.633,38.564],[-76.626,38.472],[-76.602,38.458],[-76.646,38.468]]],[[[-76.561,38.759],[-76.573,38.779],[-76.55,38.876],[-76.49,38.843],[-76.554,38.753],[-76.561,38.759]]],[[[-76.548,38.883],[-76.545,38.883],[-76.55,38.88],[-76.548,38.883]]],[[[-76.164,38.886],[-76.167,38.902],[-76.105,38.883],[-76.164,38.886]]],[[[-76.466,39.003],[-76.465,39.003],[-76.454,38.975],[-76.475,38.989],[-76.466,39.003]]],[[[-76.463,39.01],[-76.458,39.005],[-76.465,39.003],[-76.463,39.01]]],[[[-76.403,39.03],[-76.462,39.011],[-76.44,39.032],[-76.411,39.031],[-76.409,39.03],[-76.403,39.03]]],[[[-76.248,38.971],[-76.258,38.919],[-76.316,38.958],[-76.344,38.911],[-76.331,38.865],[-76.376,38.85],[-76.355,38.956],[-76.305,39.027],[-76.248,38.971]]],[[[-76.201,39.014],[-76.243,39.029],[-76.212,39.051],[-76.201,39.014]]],[[[-76.541,39.251],[-76.571,39.276],[-76.54,39.266],[-76.541,39.251]]],[[[-76.536,39.264],[-76.528,39.266],[-76.522,39.305],[-76.487,39.325],[-76.484,39.322],[-76.495,39.303],[-76.425,39.206],[-76.501,39.211],[-76.54,39.266],[-76.536,39.264]]],[[[-76.341,39.31],[-76.361,39.326],[-76.333,39.324],[-76.341,39.31]]],[[[-76.394,39.35],[-76.396,39.377],[-76.365,39.312],[-76.416,39.248],[-76.484,39.32],[-76.394,39.35]]],[[[-76.355,39.4],[-76.373,39.381],[-76.394,39.381],[-76.355,39.4]]],[[[-76.348,39.4],[-76.35,39.396],[-76.351,39.4],[-76.348,39.4]]],[[[-76.353,39.4],[-76.353,39.395],[-76.355,39.4],[-76.353,39.4]]],[[[-76.086,39.539],[-76.121,39.49],[-76.06,39.449],[-76.189,39.386],[-76.228,39.35],[-76.254,39.377],[-76.224,39.427],[-76.247,39.464],[-76.285,39.366],[-76.257,39.338],[-76.282,39.3],[-76.31,39.388],[-76.347,39.4],[-76.249,39.466],[-76.086,39.54],[-76.086,39.539]]],[[[-75.742,39.639],[-75.71,39.688],[-75.649,39.732],[-75.536,39.764],[-75.344,39.877],[-75.239,39.92],[-75.144,40.003],[-74.957,40.079],[-74.841,40.159],[-74.783,40.225],[-74.701,40.159],[-74.815,40.073],[-75.014,40.003],[-75.111,39.94],[-75.106,39.872],[-75.212,39.826],[-75.27,39.779],[-75.363,39.755],[-75.431,39.655],[-75.402,39.575],[-75.415,39.51],[-75.383,39.427],[-75.254,39.387],[-75.152,39.312],[-75.049,39.295],[-75.026,39.328],[-75.074,39.414],[-75.06,39.444],[-74.975,39.35],[-74.875,39.336],[-74.875,39.282],[-74.779,39.213],[-74.89,39.066],[-74.972,38.94],[-74.947,39.02],[-74.893,39.111],[-74.902,39.175],[-75.111,39.212],[-75.136,39.182],[-75.173,39.239],[-75.288,39.291],[-75.326,39.341],[-75.392,39.361],[-75.466,39.439],[-75.536,39.461],[-75.533,39.542],[-75.563,39.562],[-75.593,39.479],[-75.514,39.367],[-75.437,39.311],[-75.396,39.189],[-75.413,39.151],[-75.402,39.067],[-75.342,39.021],[-75.302,38.911],[-75.183,38.802],[-75.13,38.783],[-75.091,38.803],[-75.08,38.695],[-75.137,38.682],[-75.1,38.617],[-75.174,38.596],[-75.096,38.573],[-75.059,38.608],[-75.05,38.475],[-75.121,38.446],[-75.128,38.365],[-75.096,38.328],[-75.151,38.248],[-75.201,38.214],[-75.192,38.256],[-75.245,38.231],[-75.298,38.1],[-75.333,38.107],[-75.376,38.008],[-75.429,37.988],[-75.52,37.823],[-75.567,37.739],[-75.578,37.744],[-75.687,37.607],[-75.669,37.569],[-75.696,37.521],[-75.731,37.549],[-75.743,37.489],[-75.803,37.505],[-75.818,37.407],[-75.858,37.397],[-75.916,37.311],[-75.941,37.135],[-75.971,37.117],[-76.013,37.206],[-76.022,37.301],[-75.98,37.436],[-75.893,37.646],[-75.855,37.665],[-75.831,37.732],[-75.769,37.767],[-75.678,37.878],[-75.731,37.92],[-75.646,37.935],[-75.646,37.964],[-75.784,37.973],[-75.837,37.935],[-75.899,37.975],[-75.86,38.039],[-75.781,38.063],[-75.868,38.064],[-75.839,38.125],[-75.799,38.142],[-75.933,38.148],[-75.952,38.176],[-75.82,38.225],[-75.894,38.228],[-75.92,38.265],[-75.863,38.36],[-75.941,38.305],[-75.941,38.246],[-76.018,38.31],[-75.965,38.323],[-76.013,38.375],[-76.05,38.304],[-76.032,38.217],[-76.224,38.395],[-76.244,38.357],[-76.332,38.475],[-76.329,38.501],[-76.199,38.53],[-76.28,38.574],[-76.24,38.614],[-76.175,38.629],[-76.163,38.596],[-76.09,38.593],[-76.046,38.562],[-75.976,38.587],[-75.97,38.632],[-76.025,38.58],[-76.111,38.638],[-76.147,38.637],[-76.178,38.708],[-76.201,38.673],[-76.239,38.713],[-76.19,38.728],[-76.222,38.771],[-76.34,38.67],[-76.338,38.761],[-76.266,38.852],[-76.175,38.754],[-76.198,38.845],[-76.081,38.886],[-76.167,38.913],[-76.2,38.885],[-76.231,38.971],[-76.164,39.01],[-76.184,39.046],[-76.119,39.109],[-76.193,39.109],[-76.23,39.059],[-76.245,39.131],[-76.278,39.152],[-76.215,39.267],[-76.168,39.295],[-76.11,39.372],[-75.892,39.363],[-76.039,39.387],[-75.967,39.463],[-75.904,39.476],[-75.836,39.569],[-75.843,39.58],[-75.843,39.581],[-75.742,39.639]]]]}},{"type":"Feature","properties":{"id":337,"n":"Mississippi lowland forests","b":4},"geometry":{"type":"Polygon","coordinates":[[[-89.582,37.256],[-89.556,37.3],[-89.49,37.251],[-89.643,37.206],[-89.705,37.118],[-89.615,37.051],[-89.444,37.164],[-89.335,37.187],[-89.25,37.114],[-89.114,37.13],[-89.174,37.059],[-89.15,36.998],[-89.097,36.953],[-89.062,36.934],[-89.1,36.873],[-89.093,36.799],[-89.127,36.705],[-89.098,36.6],[-89.171,36.579],[-89.309,36.471],[-89.306,36.435],[-89.42,36.274],[-89.419,36.224],[-89.379,36.171],[-89.489,36.115],[-89.502,36.065],[-89.429,35.987],[-89.493,35.938],[-89.675,35.76],[-89.738,35.678],[-89.835,35.645],[-89.893,35.603],[-89.835,35.598],[-89.9,35.51],[-89.951,35.494],[-89.967,35.428],[-90.045,35.36],[-90.076,35.302],[-90.05,35.23],[-90.05,35.149],[-90.083,35.071],[-90.127,35.057],[-90.118,35.0],[-90.143,34.904],[-90.194,34.835],[-90.2,34.776],[-90.139,34.779],[-90.214,34.646],[-90.171,34.476],[-90.083,34.399],[-90.026,34.321],[-90.066,34.261],[-90.08,34.079],[-90.063,33.899],[-90.008,33.745],[-90.043,33.708],[-90.05,33.529],[-90.073,33.451],[-90.151,33.358],[-90.143,33.25],[-90.195,33.183],[-90.198,33.101],[-90.292,32.981],[-90.347,32.957],[-90.38,32.878],[-90.446,32.817],[-90.584,32.61],[-90.721,32.561],[-90.781,32.52],[-90.828,32.422],[-90.874,32.366],[-90.942,32.217],[-90.941,32.151],[-90.974,32.096],[-91.048,32.04],[-91.058,31.987],[-91.177,31.911],[-91.22,31.774],[-91.349,31.7],[-91.382,31.646],[-91.388,31.56],[-91.424,31.546],[-91.45,31.389],[-91.354,31.339],[-91.414,31.235],[-91.496,31.176],[-91.55,31.081],[-91.685,31.053],[-92.133,30.986],[-92.125,31.034],[-92.05,31.028],[-92.026,31.056],[-92.048,31.155],[-92.16,31.263],[-92.122,31.371],[-92.156,31.401],[-92.165,31.471],[-92.122,31.555],[-92.008,31.646],[-91.953,31.713],[-91.892,31.721],[-91.826,31.774],[-91.821,31.839],[-91.934,31.923],[-91.969,31.987],[-92.044,32.047],[-92.109,32.13],[-92.168,32.282],[-92.13,32.317],[-92.137,32.385],[-92.195,32.444],[-92.145,32.492],[-92.156,32.573],[-92.131,32.596],[-92.166,32.659],[-92.07,32.738],[-91.981,32.781],[-91.922,32.887],[-91.859,32.895],[-91.776,32.946],[-91.757,32.928],[-91.694,33.013],[-91.691,33.083],[-91.633,33.125],[-91.597,33.289],[-91.547,33.368],[-91.567,33.388],[-91.545,33.474],[-91.559,33.51],[-91.523,33.562],[-91.543,33.683],[-91.606,33.734],[-91.665,33.859],[-91.733,33.913],[-91.782,33.924],[-91.779,33.979],[-91.853,34.017],[-91.851,34.046],[-91.917,34.043],[-91.937,34.089],[-91.986,34.103],[-91.98,34.198],[-92.078,34.322],[-92.116,34.46],[-92.212,34.537],[-92.201,34.557],[-92.253,34.745],[-92.27,34.758],[-92.073,34.943],[-92.005,34.978],[-91.971,35.039],[-92.016,35.07],[-91.911,35.083],[-91.813,35.176],[-91.715,35.22],[-91.7,35.266],[-91.585,35.302],[-91.398,35.487],[-91.497,35.636],[-91.528,35.712],[-91.458,35.696],[-91.392,35.73],[-91.296,35.835],[-91.255,35.96],[-91.094,36.102],[-91.005,36.221],[-90.806,36.414],[-90.777,36.462],[-90.647,36.595],[-90.522,36.666],[-90.49,36.721],[-90.409,36.751],[-90.387,36.803],[-90.352,36.788],[-90.289,36.83],[-90.253,36.89],[-90.247,36.951],[-90.144,37.061],[-90.056,37.093],[-89.988,37.162],[-89.853,37.207],[-89.852,37.238],[-89.777,37.256],[-89.663,37.254],[-89.582,37.256]],[[-90.088,37.015],[-90.207,36.945],[-90.194,36.866],[-90.129,36.861],[-90.08,36.896],[-90.042,36.793],[-90.063,36.647],[-90.092,36.627],[-90.108,36.523],[-90.207,36.509],[-90.219,36.467],[-90.281,36.429],[-90.356,36.421],[-90.414,36.368],[-90.417,36.333],[-90.507,36.245],[-90.615,36.199],[-90.647,36.109],[-90.705,36.013],[-90.759,35.977],[-90.804,35.87],[-90.836,35.837],[-90.806,35.802],[-90.713,35.759],[-90.68,35.696],[-90.714,35.592],[-90.815,35.075],[-90.774,34.967],[-90.705,34.884],[-90.682,34.933],[-90.728,34.989],[-90.679,35.168],[-90.709,35.23],[-90.705,35.314],[-90.675,35.413],[-90.661,35.62],[-90.675,35.788],[-90.558,35.937],[-90.444,36.153],[-90.347,36.239],[-90.28,36.276],[-90.198,36.373],[-90.171,36.435],[-90.118,36.472],[-90.055,36.48],[-90.03,36.54],[-90.049,36.566],[-90.043,36.675],[-89.937,36.782],[-89.908,36.83],[-89.831,36.883],[-89.833,36.944],[-89.87,36.952],[-89.802,37.031],[-89.835,37.087],[-89.912,37.077],[-90.088,37.015]],[[-90.607,34.594],[-90.704,34.76],[-90.725,34.757],[-90.734,34.663],[-90.7,34.579],[-90.611,34.5],[-90.607,34.594]],[[-91.969,32.722],[-92.028,32.648],[-92.007,32.544],[-91.927,32.618],[-91.783,32.882],[-91.801,32.911],[-91.912,32.834],[-91.969,32.722]],[[-91.724,31.817],[-91.729,31.876],[-91.789,31.841],[-91.774,31.791],[-91.724,31.817]]]}},{"type":"Feature","properties":{"id":338,"n":"New England-Acadian forests","b":4},"geometry":{"type":"MultiPolygon","coordinates":[[[[-76.106,40.287],[-76.227,40.314],[-76.152,40.35],[-76.046,40.31],[-76.106,40.287]]],[[[-74.124,42.341],[-74.061,42.3],[-74.008,42.22],[-74.077,42.072],[-74.157,42.055],[-74.122,42.006],[-74.217,41.977],[-74.283,42.0],[-74.253,41.928],[-74.312,41.887],[-74.389,41.891],[-74.457,41.817],[-74.537,41.829],[-74.583,41.809],[-74.655,41.935],[-74.738,41.98],[-74.874,41.959],[-74.892,42.004],[-74.872,42.073],[-74.638,42.148],[-74.517,42.165],[-74.458,42.258],[-74.252,42.231],[-74.206,42.299],[-74.124,42.341]]],[[[-65.618,43.513],[-65.565,43.479],[-65.62,43.412],[-65.659,43.457],[-65.618,43.513]]],[[[-65.305,43.662],[-65.269,43.631],[-65.286,43.618],[-65.305,43.662]]],[[[-70.137,43.662],[-70.148,43.652],[-70.146,43.662],[-70.137,43.662]]],[[[-70.085,43.689],[-70.091,43.676],[-70.099,43.679],[-70.085,43.689]]],[[[-70.173,43.683],[-70.139,43.707],[-70.155,43.682],[-70.173,43.683]]],[[[-70.119,43.686],[-70.097,43.708],[-70.099,43.701],[-70.119,43.686]]],[[[-70.111,43.711],[-70.116,43.702],[-70.122,43.703],[-70.111,43.711]]],[[[-70.158,43.712],[-70.141,43.716],[-70.148,43.709],[-70.158,43.712]]],[[[-70.19,43.719],[-70.19,43.721],[-70.186,43.722],[-70.19,43.719]]],[[[-70.128,43.708],[-70.122,43.749],[-70.097,43.751],[-70.128,43.708]]],[[[-70.123,43.758],[-70.136,43.758],[-70.116,43.765],[-70.123,43.758]]],[[[-69.324,43.758],[-69.313,43.773],[-69.301,43.768],[-69.324,43.758]]],[[[-70.159,43.75],[-70.146,43.774],[-70.127,43.773],[-70.159,43.75]]],[[[-69.719,43.784],[-69.717,43.783],[-69.719,43.782],[-69.719,43.784]]],[[[-69.922,43.78],[-69.912,43.789],[-69.91,43.778],[-69.922,43.78]]],[[[-70.005,43.724],[-69.974,43.776],[-69.955,43.772],[-70.005,43.724]]],[[[-70.073,43.796],[-70.078,43.797],[-70.067,43.804],[-70.073,43.796]]],[[[-69.635,43.804],[-69.633,43.813],[-69.627,43.805],[-69.635,43.804]]],[[[-69.686,43.812],[-69.685,43.816],[-69.682,43.811],[-69.686,43.812]]],[[[-69.886,43.808],[-69.882,43.823],[-69.88,43.815],[-69.886,43.808]]],[[[-69.649,43.821],[-69.649,43.827],[-69.646,43.82],[-69.649,43.821]]],[[[-70.01,43.811],[-70.018,43.817],[-69.999,43.829],[-70.01,43.811]]],[[[-69.566,43.824],[-69.567,43.831],[-69.564,43.831],[-69.566,43.824]]],[[[-68.895,43.821],[-68.894,43.833],[-68.887,43.822],[-68.895,43.821]]],[[[-69.654,43.787],[-69.688,43.826],[-69.654,43.842],[-69.654,43.787]]],[[[-69.714,43.848],[-69.702,43.852],[-69.707,43.836],[-69.714,43.848]]],[[[-69.891,43.781],[-69.917,43.858],[-69.886,43.851],[-69.891,43.781]]],[[[-69.679,43.857],[-69.686,43.86],[-69.682,43.866],[-69.679,43.857]]],[[[-69.552,43.846],[-69.567,43.844],[-69.546,43.864],[-69.552,43.846]]],[[[-69.3,43.869],[-69.286,43.873],[-69.286,43.862],[-69.3,43.869]]],[[[-68.908,43.85],[-68.891,43.876],[-68.883,43.858],[-68.908,43.85]]],[[[-69.315,43.876],[-69.313,43.858],[-69.325,43.861],[-69.315,43.876]]],[[[-69.549,43.888],[-69.552,43.893],[-69.545,43.89],[-69.549,43.888]]],[[[-69.123,43.897],[-69.122,43.867],[-69.134,43.88],[-69.123,43.897]]],[[[-69.323,43.902],[-69.312,43.891],[-69.322,43.895],[-69.323,43.902]]],[[[-69.316,43.919],[-69.309,43.914],[-69.317,43.911],[-69.316,43.919]]],[[[-69.227,43.923],[-69.215,43.922],[-69.221,43.914],[-69.227,43.923]]],[[[-69.268,43.928],[-69.272,43.914],[-69.283,43.919],[-69.268,43.928]]],[[[-69.297,43.941],[-69.293,43.934],[-69.304,43.935],[-69.297,43.941]]],[[[-69.44,43.909],[-69.433,43.952],[-69.421,43.937],[-69.44,43.909]]],[[[-69.309,43.943],[-69.32,43.945],[-69.302,43.952],[-69.309,43.943]]],[[[-75.867,43.963],[-75.732,43.93],[-75.596,43.842],[-75.579,43.811],[-75.425,43.655],[-75.416,43.569],[-75.352,43.462],[-75.273,43.447],[-75.215,43.362],[-75.249,43.336],[-75.359,43.362],[-75.385,43.319],[-75.445,43.311],[-75.556,43.34],[-75.656,43.282],[-75.715,43.295],[-75.789,43.356],[-75.964,43.457],[-76.013,43.518],[-76.045,43.65],[-75.992,43.856],[-75.924,43.934],[-75.867,43.963]]],[[[-69.132,43.976],[-69.134,43.984],[-69.124,43.978],[-69.132,43.976]]],[[[-69.116,43.994],[-69.115,43.993],[-69.117,43.991],[-69.116,43.994]]],[[[-69.149,43.987],[-69.149,43.997],[-69.138,43.994],[-69.149,43.987]]],[[[-69.122,43.995],[-69.128,44.0],[-69.11,44.0],[-69.122,43.995]]],[[[-69.389,43.972],[-69.395,43.998],[-69.38,44.005],[-69.389,43.972]]],[[[-69.055,43.995],[-69.049,44.007],[-69.045,44.005],[-69.055,43.995]]],[[[-60.017,43.942],[-59.825,43.954],[-59.971,43.931],[-60.017,43.942]]],[[[-68.889,44.039],[-68.883,44.033],[-68.894,44.029],[-68.889,44.039]]],[[[-68.835,44.034],[-68.838,44.037],[-68.829,44.04],[-68.835,44.034]]],[[[-68.873,44.043],[-68.851,44.033],[-68.866,44.028],[-68.873,44.043]]],[[[-68.669,44.072],[-68.636,44.081],[-68.65,44.07],[-68.669,44.072]]],[[[-68.906,44.077],[-68.895,44.079],[-68.895,44.068],[-68.906,44.077]]],[[[-68.655,44.007],[-68.626,44.09],[-68.603,44.045],[-68.655,44.007]]],[[[-68.651,44.113],[-68.634,44.104],[-68.65,44.102],[-68.651,44.113]]],[[[-68.332,44.111],[-68.368,44.099],[-68.347,44.128],[-68.332,44.111]]],[[[-68.777,44.065],[-68.863,44.047],[-68.866,44.079],[-68.906,44.089],[-68.82,44.123],[-68.777,44.065]]],[[[-68.682,44.139],[-68.669,44.147],[-68.669,44.138],[-68.682,44.139]]],[[[-68.244,44.143],[-68.253,44.154],[-68.243,44.156],[-68.244,44.143]]],[[[-68.936,44.13],[-68.844,44.185],[-68.822,44.15],[-68.936,44.13]]],[[[-68.393,44.142],[-68.432,44.13],[-68.414,44.188],[-68.393,44.142]]],[[[-68.731,44.202],[-68.726,44.204],[-68.722,44.199],[-68.731,44.202]]],[[[-68.326,44.195],[-68.337,44.206],[-68.326,44.206],[-68.326,44.195]]],[[[-68.487,44.214],[-68.473,44.206],[-68.491,44.203],[-68.487,44.214]]],[[[-68.786,44.214],[-68.767,44.218],[-68.781,44.199],[-68.786,44.214]]],[[[-68.483,44.229],[-68.467,44.23],[-68.475,44.22],[-68.483,44.229]]],[[[-68.586,44.227],[-68.587,44.233],[-68.575,44.23],[-68.586,44.227]]],[[[-68.791,44.239],[-68.781,44.225],[-68.796,44.223],[-68.791,44.239]]],[[[-68.832,44.23],[-68.823,44.244],[-68.819,44.228],[-68.832,44.23]]],[[[-68.761,44.251],[-68.747,44.242],[-68.763,44.24],[-68.761,44.251]]],[[[-68.249,44.235],[-68.277,44.24],[-68.258,44.26],[-68.249,44.235]]],[[[-68.24,44.252],[-68.237,44.266],[-68.211,44.257],[-68.24,44.252]]],[[[-68.966,44.25],[-68.954,44.272],[-68.938,44.26],[-68.966,44.25]]],[[[-68.752,44.262],[-68.754,44.273],[-68.735,44.269],[-68.752,44.262]]],[[[-68.249,44.271],[-68.27,44.275],[-68.249,44.276],[-68.249,44.271]]],[[[-68.95,44.273],[-68.947,44.278],[-68.941,44.266],[-68.95,44.273]]],[[[-68.304,44.277],[-68.304,44.283],[-68.292,44.277],[-68.304,44.277]]],[[[-68.488,44.284],[-68.466,44.271],[-68.488,44.268],[-68.488,44.284]]],[[[-68.679,44.148],[-68.721,44.17],[-68.678,44.276],[-68.609,44.239],[-68.679,44.148]]],[[[-68.455,44.339],[-68.425,44.373],[-68.429,44.329],[-68.455,44.339]]],[[[-68.528,44.326],[-68.51,44.386],[-68.477,44.323],[-68.528,44.326]]],[[[-68.939,44.28],[-68.905,44.315],[-68.911,44.365],[-68.868,44.381],[-68.914,44.245],[-68.939,44.28]]],[[[-66.392,44.244],[-66.329,44.281],[-66.22,44.404],[-66.216,44.374],[-66.324,44.252],[-66.392,44.244]]],[[[-68.147,44.393],[-68.13,44.404],[-68.141,44.378],[-68.147,44.393]]],[[[-68.185,44.369],[-68.174,44.329],[-68.235,44.288],[-68.321,44.288],[-68.291,44.247],[-68.339,44.222],[-68.42,44.274],[-68.431,44.312],[-68.397,44.377],[-68.319,44.445],[-68.249,44.434],[-68.185,44.369]]],[[[-67.877,44.431],[-67.868,44.456],[-67.862,44.421],[-67.877,44.431]]],[[[-67.813,44.512],[-67.794,44.492],[-67.823,44.507],[-67.813,44.512]]],[[[-67.51,44.496],[-67.547,44.508],[-67.522,44.511],[-67.51,44.496]]],[[[-67.585,44.457],[-67.606,44.498],[-67.563,44.472],[-67.585,44.457]]],[[[-67.602,44.508],[-67.621,44.508],[-67.61,44.522],[-67.602,44.508]]],[[[-67.831,44.539],[-67.827,44.521],[-67.839,44.52],[-67.831,44.539]]],[[[-67.517,44.554],[-67.524,44.561],[-67.51,44.554],[-67.517,44.554]]],[[[-67.494,44.556],[-67.518,44.561],[-67.491,44.561],[-67.494,44.556]]],[[[-67.542,44.578],[-67.515,44.587],[-67.519,44.563],[-67.542,44.578]]],[[[-67.299,44.6],[-67.305,44.624],[-67.268,44.615],[-67.299,44.6]]],[[[-63.537,44.626],[-63.491,44.6],[-63.51,44.59],[-63.537,44.626]]],[[[-66.873,44.711],[-66.824,44.782],[-66.784,44.8],[-66.74,44.765],[-66.746,44.684],[-66.918,44.608],[-66.873,44.711]]],[[[-73.483,43.446],[-73.496,43.5],[-73.534,43.418],[-73.602,43.404],[-73.651,43.439],[-73.656,43.385],[-73.717,43.378],[-73.732,43.272],[-73.839,43.287],[-73.919,43.141],[-73.977,43.087],[-74.053,43.071],[-74.156,43.088],[-74.25,43.079],[-74.3,43.13],[-74.381,43.09],[-74.437,43.033],[-74.584,43.02],[-74.68,43.04],[-74.745,43.117],[-74.817,43.128],[-74.869,43.2],[-74.993,43.245],[-75.032,43.3],[-75.174,43.404],[-75.213,43.466],[-75.282,43.512],[-75.345,43.624],[-75.342,43.681],[-75.369,43.747],[-75.428,43.792],[-75.433,43.884],[-75.54,44.001],[-75.479,44.14],[-75.344,44.207],[-75.297,44.286],[-75.228,44.319],[-75.096,44.442],[-75.017,44.468],[-74.987,44.51],[-74.868,44.593],[-74.755,44.646],[-74.683,44.65],[-74.608,44.683],[-74.498,44.757],[-74.348,44.805],[-74.282,44.808],[-74.216,44.782],[-74.156,44.845],[-74.041,44.838],[-73.971,44.881],[-73.911,44.841],[-73.844,44.882],[-73.75,44.88],[-73.644,44.915],[-73.591,44.89],[-73.577,44.79],[-73.647,44.703],[-73.71,44.683],[-73.736,44.64],[-73.651,44.672],[-73.597,44.576],[-73.614,44.523],[-73.567,44.478],[-73.511,44.476],[-73.508,44.407],[-73.573,44.376],[-73.602,44.249],[-73.52,44.242],[-73.543,44.19],[-73.467,44.132],[-73.491,44.075],[-73.534,44.122],[-73.575,44.053],[-73.524,44.045],[-73.508,44.0],[-73.457,43.978],[-73.484,43.936],[-73.424,43.933],[-73.457,43.89],[-73.44,43.829],[-73.406,43.825],[-73.414,43.753],[-73.448,43.693],[-73.409,43.555],[-73.447,43.46],[-73.483,43.446]]],[[[-66.908,44.955],[-66.893,44.912],[-66.936,44.864],[-66.978,44.869],[-66.908,44.955]]],[[[-67.025,44.965],[-66.952,45.029],[-66.954,44.975],[-66.991,44.924],[-67.025,44.965]]],[[[-60.971,45.553],[-60.939,45.488],[-61.011,45.473],[-61.027,45.512],[-61.097,45.518],[-61.141,45.569],[-61.03,45.595],[-60.931,45.597],[-60.906,45.57],[-60.971,45.553]]],[[[-62.029,45.833],[-61.987,45.882],[-61.913,45.882],[-61.938,45.843],[-61.901,45.743],[-61.942,45.643],[-61.926,45.612],[-61.892,45.683],[-61.803,45.649],[-61.81,45.606],[-61.751,45.641],[-61.663,45.639],[-61.585,45.694],[-61.499,45.7],[-61.403,45.629],[-61.392,45.593],[-61.324,45.544],[-61.254,45.524],[-61.24,45.488],[-61.307,45.446],[-61.423,45.425],[-61.497,45.382],[-61.453,45.355],[-61.177,45.359],[-61.002,45.342],[-60.969,45.324],[-61.039,45.289],[-61.075,45.243],[-61.165,45.219],[-61.144,45.272],[-61.203,45.248],[-61.361,45.248],[-61.359,45.192],[-61.477,45.158],[-61.555,45.172],[-61.664,45.138],[-61.671,45.1],[-61.841,45.104],[-61.866,45.046],[-61.947,45.049],[-62.05,45.005],[-61.991,44.984],[-62.072,44.968],[-62.247,44.956],[-62.31,44.916],[-62.421,44.897],[-62.46,44.845],[-62.563,44.852],[-62.804,44.774],[-62.866,44.714],[-62.959,44.724],[-63.05,44.671],[-63.111,44.734],[-63.161,44.678],[-63.242,44.679],[-63.284,44.627],[-63.414,44.644],[-63.452,44.589],[-63.493,44.606],[-63.654,44.722],[-63.664,44.692],[-63.58,44.638],[-63.56,44.553],[-63.525,44.504],[-63.591,44.45],[-63.65,44.431],[-63.647,44.464],[-63.725,44.456],[-63.823,44.496],[-63.917,44.489],[-63.942,44.507],[-63.941,44.63],[-63.923,44.654],[-64.064,44.628],[-64.069,44.586],[-64.011,44.511],[-64.117,44.474],[-64.124,44.539],[-64.208,44.578],[-64.215,44.538],[-64.302,44.562],[-64.309,44.464],[-64.364,44.441],[-64.337,44.405],[-64.232,44.372],[-64.245,44.35],[-64.343,44.361],[-64.302,44.295],[-64.235,44.288],[-64.286,44.257],[-64.355,44.281],[-64.401,44.25],[-64.35,44.182],[-64.404,44.181],[-64.438,44.226],[-64.487,44.158],[-64.532,44.151],[-64.566,44.07],[-64.67,44.046],[-64.666,43.989],[-64.801,43.95],[-64.829,43.911],[-64.801,43.865],[-64.968,43.747],[-65.012,43.767],[-65.056,43.715],[-65.12,43.716],[-65.132,43.683],[-65.194,43.714],[-65.235,43.778],[-65.232,43.701],[-65.263,43.661],[-65.32,43.694],[-65.338,43.771],[-65.359,43.735],[-65.347,43.67],[-65.358,43.569],[-65.425,43.576],[-65.406,43.492],[-65.461,43.546],[-65.478,43.479],[-65.597,43.557],[-65.661,43.485],[-65.732,43.495],[-65.79,43.559],[-65.767,43.669],[-65.798,43.686],[-65.792,43.62],[-65.818,43.608],[-65.822,43.68],[-65.862,43.812],[-65.942,43.839],[-65.987,43.694],[-66.044,43.726],[-66.126,43.741],[-66.164,43.884],[-66.168,44.055],[-66.215,44.085],[-66.183,44.175],[-66.142,44.224],[-66.123,44.339],[-65.976,44.481],[-65.852,44.569],[-65.867,44.587],[-65.981,44.557],[-66.128,44.444],[-66.199,44.373],[-66.201,44.416],[-66.028,44.56],[-65.793,44.689],[-65.76,44.611],[-65.693,44.614],[-65.612,44.679],[-65.468,44.766],[-65.575,44.723],[-65.753,44.67],[-65.747,44.71],[-65.655,44.766],[-65.525,44.822],[-65.414,44.884],[-64.973,45.091],[-64.831,45.151],[-64.463,45.241],[-64.401,45.282],[-64.431,45.32],[-64.337,45.297],[-64.33,45.269],[-64.38,45.202],[-64.388,45.126],[-64.289,45.137],[-64.148,45.043],[-64.124,45.052],[-64.206,45.128],[-64.162,45.191],[-63.791,45.315],[-63.587,45.313],[-63.413,45.349],[-63.618,45.389],[-63.762,45.395],[-63.923,45.372],[-64.082,45.405],[-64.323,45.387],[-64.392,45.366],[-64.543,45.401],[-64.631,45.392],[-64.715,45.354],[-64.71,45.314],[-64.768,45.304],[-64.86,45.349],[-64.949,45.325],[-64.917,45.425],[-64.805,45.497],[-64.706,45.531],[-64.634,45.59],[-64.574,45.607],[-64.462,45.68],[-64.383,45.789],[-64.326,45.823],[-64.287,45.791],[-64.281,45.835],[-64.37,45.851],[-64.502,45.721],[-64.555,45.722],[-64.496,45.802],[-64.598,45.898],[-64.573,45.964],[-64.586,46.016],[-64.552,46.032],[-64.525,45.933],[-64.462,45.983],[-64.403,45.987],[-64.384,45.954],[-64.441,45.888],[-64.406,45.876],[-64.35,45.941],[-64.357,45.966],[-64.257,45.948],[-64.281,45.85],[-64.142,45.875],[-64.252,45.821],[-64.185,45.763],[-64.072,45.761],[-63.953,45.779],[-63.912,45.74],[-64.01,45.668],[-63.883,45.693],[-63.831,45.658],[-63.801,45.682],[-63.672,45.651],[-63.479,45.672],[-63.431,45.63],[-63.232,45.628],[-63.2,45.657],[-63.125,45.657],[-63.042,45.613],[-62.954,45.652],[-62.855,45.672],[-62.859,45.552],[-62.798,45.61],[-62.742,45.538],[-62.651,45.563],[-62.507,45.567],[-62.422,45.605],[-62.314,45.626],[-62.112,45.783],[-62.029,45.833]]],[[[-59.805,46.015],[-59.693,46.045],[-59.718,46.005],[-59.805,46.015]]],[[[-60.396,47.024],[-60.464,46.963],[-60.427,46.882],[-60.36,46.889],[-60.311,46.852],[-60.33,46.761],[-60.369,46.696],[-60.414,46.677],[-60.361,46.624],[-60.421,46.548],[-60.476,46.422],[-60.53,46.38],[-60.56,46.309],[-60.633,46.217],[-60.604,46.22],[-60.554,46.29],[-60.471,46.347],[-60.424,46.344],[-60.431,46.301],[-60.556,46.217],[-60.66,46.126],[-60.841,46.083],[-60.917,46.096],[-60.991,46.023],[-61.087,45.971],[-61.16,45.95],[-61.082,45.947],[-61.017,45.969],[-60.88,46.067],[-60.762,46.085],[-60.835,45.954],[-60.905,45.931],[-61.008,45.928],[-61.121,45.895],[-61.103,45.865],[-60.973,45.9],[-60.934,45.876],[-61.031,45.84],[-61.156,45.774],[-61.182,45.717],[-61.103,45.701],[-60.946,45.777],[-60.864,45.762],[-60.798,45.691],[-60.759,45.715],[-60.746,45.805],[-60.548,45.918],[-60.375,46.04],[-60.447,46.003],[-60.726,45.909],[-60.803,45.942],[-60.798,45.968],[-60.517,46.109],[-60.398,46.211],[-60.34,46.22],[-60.313,46.255],[-60.387,46.248],[-60.54,46.158],[-60.614,46.097],[-60.669,46.082],[-60.564,46.197],[-60.422,46.301],[-60.306,46.341],[-60.263,46.282],[-60.218,46.27],[-60.274,46.201],[-60.217,46.202],[-60.143,46.273],[-60.055,46.259],[-59.845,46.177],[-59.882,46.117],[-59.81,46.133],[-59.91,46.062],[-59.966,46.056],[-59.958,46.024],[-59.836,46.022],[-59.807,45.964],[-59.867,45.959],[-60.034,45.88],[-60.145,45.891],[-60.18,45.856],[-60.132,45.832],[-60.156,45.791],[-60.216,45.771],[-60.243,45.731],[-60.414,45.657],[-60.59,45.631],[-60.714,45.582],[-60.783,45.613],[-60.911,45.637],[-61.036,45.62],[-61.174,45.57],[-61.23,45.608],[-61.303,45.553],[-61.47,45.712],[-61.534,45.932],[-61.561,46.053],[-61.494,46.104],[-61.437,46.195],[-61.283,46.275],[-61.153,46.431],[-61.12,46.447],[-61.044,46.571],[-61.046,46.603],[-60.975,46.675],[-60.902,46.798],[-60.807,46.841],[-60.703,46.922],[-60.676,46.993],[-60.625,47.042],[-60.466,47.02],[-60.396,47.024]]],[[[-69.437,48.055],[-69.429,48.039],[-69.498,48.0],[-69.437,48.055]]],[[[-65.07,48.162],[-65.176,48.133],[-65.232,48.146],[-65.354,48.212],[-65.517,48.21],[-65.58,48.234],[-65.695,48.182],[-65.752,48.178],[-65.794,48.222],[-65.95,48.296],[-66.0,48.285],[-65.958,48.21],[-66.015,48.201],[-66.025,48.14],[-66.061,48.099],[-66.126,48.08],[-66.168,48.106],[-66.244,48.101],[-66.298,48.058],[-66.355,48.1],[-66.445,48.115],[-66.541,48.062],[-66.649,48.041],[-66.686,48.007],[-66.623,48.0],[-66.473,48.056],[-66.381,48.062],[-66.353,48.005],[-66.162,47.968],[-66.082,47.925],[-65.847,47.903],[-65.767,47.86],[-65.716,47.775],[-65.705,47.697],[-65.709,47.681],[-65.693,47.638],[-65.733,47.599],[-65.701,47.462],[-65.784,47.31],[-65.878,47.209],[-65.838,47.214],[-65.865,47.138],[-65.854,47.071],[-65.936,47.108],[-65.944,47.083],[-65.861,47.035],[-65.876,46.956],[-65.987,46.91],[-66.189,46.881],[-66.06,46.866],[-66.095,46.82],[-66.16,46.788],[-66.25,46.684],[-66.355,46.648],[-66.437,46.51],[-66.426,46.475],[-66.52,46.425],[-66.574,46.37],[-66.644,46.395],[-66.676,46.316],[-66.619,46.321],[-66.645,46.276],[-66.825,46.281],[-66.897,46.261],[-66.875,46.208],[-66.804,46.205],[-66.834,46.167],[-66.928,46.141],[-66.958,46.074],[-66.892,46.053],[-66.826,45.934],[-66.872,45.862],[-66.877,45.771],[-66.932,45.697],[-66.913,45.615],[-66.786,45.586],[-66.695,45.63],[-66.631,45.626],[-66.662,45.562],[-66.722,45.553],[-66.764,45.459],[-66.693,45.455],[-66.707,45.492],[-66.627,45.503],[-66.614,45.442],[-66.483,45.501],[-66.482,45.533],[-66.249,45.611],[-66.151,45.654],[-66.153,45.7],[-66.08,45.685],[-66.018,45.711],[-66.025,45.669],[-65.909,45.698],[-65.813,45.738],[-65.787,45.703],[-65.674,45.796],[-65.635,45.863],[-65.529,45.946],[-65.494,45.944],[-65.384,46.033],[-65.324,46.044],[-65.252,46.02],[-65.278,45.975],[-65.138,45.983],[-65.223,45.892],[-65.104,45.892],[-64.937,45.949],[-64.838,45.936],[-64.703,45.959],[-64.713,45.979],[-64.704,45.994],[-64.636,45.893],[-64.573,45.827],[-64.673,45.739],[-64.695,45.684],[-64.778,45.601],[-64.867,45.628],[-64.986,45.553],[-65.183,45.501],[-65.351,45.44],[-65.54,45.348],[-65.629,45.293],[-65.783,45.259],[-65.905,45.194],[-66.014,45.218],[-66.033,45.267],[-66.133,45.213],[-66.154,45.181],[-66.235,45.146],[-66.352,45.129],[-66.473,45.07],[-66.505,45.143],[-66.575,45.128],[-66.659,45.077],[-66.807,45.043],[-66.917,45.063],[-66.918,45.134],[-66.964,45.161],[-67.036,45.163],[-67.088,45.08],[-67.136,45.14],[-67.149,45.205],[-67.186,45.189],[-67.055,44.988],[-67.033,44.94],[-67.137,44.926],[-67.127,44.886],[-67.209,44.919],[-67.15,44.863],[-67.142,44.807],[-67.091,44.88],[-67.032,44.854],[-67.019,44.887],[-66.983,44.811],[-67.154,44.668],[-67.286,44.625],[-67.296,44.706],[-67.386,44.691],[-67.365,44.636],[-67.408,44.595],[-67.491,44.608],[-67.552,44.656],[-67.565,44.532],[-67.641,44.528],[-67.672,44.566],[-67.716,44.497],[-67.759,44.551],[-67.802,44.55],[-67.798,44.595],[-67.861,44.52],[-67.85,44.495],[-67.901,44.395],[-67.911,44.491],[-67.932,44.411],[-67.972,44.473],[-68.028,44.486],[-67.96,44.398],[-68.004,44.412],[-68.059,44.332],[-68.11,44.4],[-68.114,44.481],[-68.251,44.54],[-68.237,44.586],[-68.294,44.566],[-68.268,44.534],[-68.213,44.516],[-68.23,44.464],[-68.356,44.457],[-68.434,44.402],[-68.423,44.497],[-68.473,44.487],[-68.479,44.429],[-68.56,44.404],[-68.567,44.318],[-68.531,44.299],[-68.525,44.228],[-68.626,44.287],[-68.74,44.334],[-68.827,44.312],[-68.82,44.382],[-68.778,44.493],[-68.8,44.528],[-68.824,44.468],[-68.995,44.422],[-68.948,44.355],[-68.959,44.314],[-69.064,44.21],[-69.074,44.046],[-69.172,44.006],[-69.214,43.935],[-69.276,43.949],[-69.217,44.019],[-69.367,43.965],[-69.347,44.044],[-69.376,44.063],[-69.395,44.003],[-69.446,43.967],[-69.46,43.903],[-69.515,43.831],[-69.53,43.906],[-69.558,43.894],[-69.586,43.86],[-69.655,43.847],[-69.697,43.887],[-69.717,43.849],[-69.723,43.782],[-69.855,43.704],[-69.876,43.793],[-69.873,43.877],[-69.934,43.864],[-69.955,43.811],[-70.044,43.738],[-69.946,43.859],[-70.018,43.86],[-70.175,43.761],[-70.184,43.775],[-70.134,43.837],[-70.12,43.914],[-70.202,43.969],[-70.281,43.994],[-70.345,43.956],[-70.358,43.902],[-70.418,43.841],[-70.53,43.761],[-70.591,43.812],[-70.665,43.841],[-70.739,43.79],[-70.701,43.786],[-70.703,43.716],[-70.803,43.66],[-70.751,43.636],[-70.723,43.57],[-70.743,43.521],[-70.836,43.466],[-70.891,43.467],[-70.973,43.415],[-71.015,43.36],[-71.073,43.388],[-71.168,43.269],[-71.152,43.113],[-71.192,43.09],[-71.353,43.189],[-71.342,43.287],[-71.474,43.316],[-71.527,43.307],[-71.625,43.372],[-71.654,43.355],[-71.624,43.276],[-71.733,43.264],[-71.781,43.195],[-71.726,43.101],[-71.668,43.084],[-71.658,43.022],[-71.578,42.983],[-71.597,42.925],[-71.704,42.877],[-71.76,42.761],[-71.765,42.689],[-71.85,42.555],[-71.821,42.5],[-71.891,42.413],[-71.854,42.321],[-71.867,42.281],[-71.95,42.281],[-71.983,42.331],[-71.96,42.447],[-71.981,42.471],[-72.06,42.468],[-72.135,42.401],[-72.186,42.416],[-72.192,42.548],[-72.218,42.607],[-72.301,42.622],[-72.326,42.576],[-72.322,42.343],[-72.391,42.303],[-72.461,42.348],[-72.506,42.467],[-72.565,42.467],[-72.527,42.507],[-72.442,42.669],[-72.434,42.725],[-72.486,42.776],[-72.501,42.841],[-72.538,42.837],[-72.521,42.978],[-72.56,42.963],[-72.561,42.905],[-72.599,42.887],[-72.518,42.735],[-72.467,42.722],[-72.505,42.669],[-72.552,42.673],[-72.639,42.618],[-72.627,42.556],[-72.645,42.464],[-72.636,42.392],[-72.689,42.352],[-72.748,42.232],[-72.824,42.132],[-72.824,41.999],[-72.866,41.916],[-72.883,41.837],[-73.01,41.813],[-73.103,41.73],[-73.214,41.755],[-73.379,41.661],[-73.422,41.594],[-73.459,41.474],[-73.524,41.47],[-73.639,41.389],[-73.794,41.381],[-73.83,41.342],[-73.899,41.325],[-73.968,41.264],[-74.032,41.248],[-74.045,41.215],[-74.348,40.943],[-74.454,40.885],[-74.488,40.789],[-74.593,40.708],[-74.644,40.704],[-74.687,40.753],[-74.774,40.685],[-74.846,40.659],[-74.986,40.659],[-75.059,40.619],[-75.178,40.584],[-75.219,40.536],[-75.305,40.54],[-75.32,40.512],[-75.399,40.524],[-75.467,40.441],[-75.562,40.44],[-75.653,40.323],[-75.72,40.317],[-75.733,40.398],[-75.798,40.396],[-75.812,40.33],[-75.915,40.337],[-75.911,40.424],[-75.701,40.502],[-75.549,40.509],[-75.4,40.61],[-75.353,40.599],[-75.442,40.557],[-75.45,40.523],[-75.323,40.57],[-75.329,40.628],[-75.223,40.67],[-75.189,40.621],[-75.041,40.666],[-74.938,40.72],[-74.927,40.754],[-74.825,40.823],[-74.828,40.866],[-74.938,40.769],[-74.974,40.791],[-75.087,40.716],[-75.132,40.712],[-75.133,40.755],[-75.024,40.853],[-74.912,40.927],[-74.946,40.887],[-74.889,40.843],[-74.712,41.03],[-74.544,41.145],[-74.58,41.171],[-74.542,41.252],[-74.493,41.283],[-74.505,41.197],[-74.425,41.232],[-74.423,41.232],[-74.29,41.252],[-74.259,41.35],[-74.225,41.346],[-74.144,41.417],[-74.096,41.423],[-74.091,41.394],[-73.984,41.448],[-73.95,41.503],[-73.871,41.536],[-73.85,41.515],[-73.702,41.569],[-73.663,41.614],[-73.663,41.715],[-73.748,41.612],[-73.806,41.722],[-73.796,41.79],[-73.758,41.846],[-73.794,41.882],[-73.796,41.977],[-73.774,42.084],[-73.741,42.099],[-73.722,42.169],[-73.665,42.204],[-73.623,42.316],[-73.55,42.386],[-73.564,42.459],[-73.667,42.507],[-73.702,42.605],[-73.668,42.694],[-73.668,42.765],[-73.632,42.839],[-73.586,42.86],[-73.584,42.925],[-73.528,43.042],[-73.525,43.145],[-73.371,43.381],[-73.358,43.443],[-73.339,43.457],[-73.344,43.553],[-73.292,43.612],[-73.293,43.658],[-73.247,43.721],[-73.293,43.724],[-73.3,43.786],[-73.263,43.803],[-73.196,43.78],[-73.187,43.812],[-73.1,43.769],[-73.055,43.808],[-73.064,43.915],[-73.092,43.935],[-73.073,44.096],[-73.096,44.24],[-73.062,44.172],[-73.039,44.209],[-73.049,44.286],[-73.129,44.372],[-73.119,44.433],[-73.017,44.441],[-73.026,44.527],[-73.123,44.512],[-73.132,44.561],[-73.081,44.648],[-73.056,44.804],[-72.993,44.884],[-72.945,44.983],[-72.877,45.075],[-72.681,45.232],[-72.549,45.283],[-72.483,45.383],[-72.32,45.564],[-72.322,45.666],[-72.256,45.755],[-72.106,45.833],[-71.987,45.863],[-71.87,46.058],[-71.749,46.178],[-71.599,46.283],[-71.445,46.364],[-71.288,46.423],[-71.134,46.403],[-71.054,46.429],[-71.076,46.457],[-70.93,46.521],[-70.848,46.573],[-70.82,46.728],[-70.671,46.838],[-70.585,46.88],[-70.573,46.907],[-70.472,46.973],[-70.381,46.989],[-70.349,47.029],[-70.24,47.083],[-70.175,47.179],[-70.04,47.307],[-69.951,47.365],[-69.947,47.404],[-69.861,47.467],[-69.789,47.494],[-69.769,47.557],[-69.805,47.597],[-69.701,47.702],[-69.633,47.741],[-69.547,47.869],[-69.446,48.0],[-69.365,48.021],[-69.119,48.197],[-68.954,48.301],[-68.757,48.365],[-68.538,48.449],[-68.471,48.516],[-68.367,48.548],[-68.176,48.64],[-67.969,48.675],[-67.857,48.733],[-67.601,48.811],[-67.554,48.841],[-67.47,48.851],[-66.998,48.987],[-66.913,49.025],[-66.756,49.072],[-66.48,49.123],[-66.436,49.147],[-66.247,49.189],[-65.976,49.221],[-65.809,49.217],[-65.576,49.249],[-65.334,49.243],[-65.279,49.227],[-65.118,49.221],[-64.953,49.201],[-64.83,49.171],[-64.75,49.132],[-64.616,49.103],[-64.498,49.051],[-64.317,48.943],[-64.22,48.867],[-64.228,48.805],[-64.191,48.749],[-64.304,48.817],[-64.545,48.873],[-64.483,48.818],[-64.431,48.81],[-64.271,48.7],[-64.195,48.62],[-64.282,48.61],[-64.297,48.546],[-64.223,48.527],[-64.227,48.495],[-64.327,48.455],[-64.327,48.412],[-64.48,48.396],[-64.728,48.332],[-64.783,48.204],[-64.942,48.17],[-64.953,48.154],[-65.07,48.162]]]]}},{"type":"Feature","properties":{"id":339,"n":"Northeast US Coastal forests","b":4},"geometry":{"type":"MultiPolygon","coordinates":[[[[-74.052,40.6],[-74.105,40.553],[-74.247,40.496],[-74.219,40.562],[-74.183,40.645],[-74.144,40.639],[-74.08,40.648],[-74.052,40.6]]],[[[-74.047,40.691],[-74.044,40.69],[-74.044,40.688],[-74.047,40.691]]],[[[-74.023,40.684],[-74.02,40.693],[-74.012,40.689],[-74.023,40.684]]],[[[-74.042,40.696],[-74.044,40.698],[-74.038,40.699],[-74.042,40.696]]],[[[-73.945,40.77],[-73.94,40.771],[-73.96,40.753],[-73.945,40.77]]],[[[-73.897,40.797],[-73.897,40.796],[-73.899,40.797],[-73.897,40.797]]],[[[-73.889,40.787],[-73.888,40.798],[-73.871,40.79],[-73.889,40.787]]],[[[-73.926,40.802],[-73.915,40.792],[-73.935,40.783],[-73.926,40.802]]],[[[-73.899,40.802],[-73.897,40.8],[-73.9,40.799],[-73.899,40.802]]],[[[-73.782,40.839],[-73.791,40.848],[-73.788,40.854],[-73.782,40.839]]],[[[-73.772,40.848],[-73.772,40.86],[-73.765,40.855],[-73.772,40.848]]],[[[-73.774,40.883],[-73.77,40.888],[-73.767,40.881],[-73.774,40.883]]],[[[-73.786,40.886],[-73.781,40.889],[-73.783,40.882],[-73.786,40.886]]],[[[-73.666,40.976],[-73.66,40.976],[-73.663,40.966],[-73.666,40.976]]],[[[-72.637,40.969],[-72.884,40.94],[-73.054,40.93],[-73.163,40.859],[-73.272,40.858],[-73.344,40.839],[-73.474,40.724],[-73.501,40.66],[-73.695,40.643],[-73.824,40.674],[-73.922,40.632],[-73.954,40.586],[-74.041,40.63],[-73.996,40.703],[-73.973,40.7],[-73.91,40.791],[-73.848,40.767],[-73.853,40.794],[-73.775,40.787],[-73.73,40.867],[-73.68,40.859],[-73.566,40.916],[-73.504,40.873],[-73.485,40.947],[-73.431,40.906],[-73.295,40.925],[-73.231,40.905],[-73.153,40.929],[-73.158,40.968],[-72.773,40.965],[-72.589,40.985],[-72.637,40.969]]],[[[-73.506,41.036],[-73.507,41.037],[-73.505,41.037],[-73.506,41.036]]],[[[-73.503,41.044],[-73.501,41.05],[-73.497,41.047],[-73.503,41.044]]],[[[-73.384,41.095],[-73.383,41.1],[-73.382,41.096],[-73.384,41.095]]],[[[-72.759,41.244],[-72.759,41.245],[-72.755,41.245],[-72.759,41.244]]],[[[-72.757,41.247],[-72.755,41.249],[-72.755,41.247],[-72.757,41.247]]],[[[-72.752,41.25],[-72.751,41.25],[-72.753,41.249],[-72.752,41.25]]],[[[-72.756,41.251],[-72.755,41.25],[-72.76,41.248],[-72.756,41.251]]],[[[-72.746,41.252],[-72.745,41.25],[-72.746,41.25],[-72.746,41.252]]],[[[-72.743,41.253],[-72.741,41.254],[-72.742,41.252],[-72.743,41.253]]],[[[-72.758,41.254],[-72.755,41.256],[-72.754,41.255],[-72.758,41.254]]],[[[-72.742,41.256],[-72.74,41.256],[-72.741,41.254],[-72.742,41.256]]],[[[-72.763,41.258],[-72.763,41.26],[-72.761,41.259],[-72.763,41.258]]],[[[-72.765,41.264],[-72.765,41.263],[-72.766,41.263],[-72.765,41.264]]],[[[-72.764,41.264],[-72.763,41.264],[-72.763,41.263],[-72.764,41.264]]],[[[-72.331,41.281],[-72.342,41.298],[-72.326,41.29],[-72.331,41.281]]],[[[-71.964,41.324],[-71.962,41.323],[-71.964,41.321],[-71.964,41.324]]],[[[-71.329,41.492],[-71.327,41.493],[-71.327,41.483],[-71.329,41.492]]],[[[-71.331,41.507],[-71.329,41.514],[-71.325,41.507],[-71.331,41.507]]],[[[-71.391,41.454],[-71.385,41.558],[-71.364,41.57],[-71.355,41.481],[-71.391,41.454]]],[[[-70.819,41.625],[-70.817,41.625],[-70.818,41.624],[-70.819,41.625]]],[[[-70.92,41.64],[-70.919,41.639],[-70.92,41.637],[-70.92,41.64]]],[[[-70.911,41.641],[-70.915,41.639],[-70.916,41.643],[-70.911,41.641]]],[[[-71.272,41.637],[-71.286,41.637],[-71.279,41.648],[-71.272,41.637]]],[[[-71.247,41.493],[-71.297,41.485],[-71.324,41.523],[-71.272,41.624],[-71.24,41.619],[-71.247,41.493]]],[[[-71.362,41.651],[-71.367,41.66],[-71.353,41.658],[-71.362,41.651]]],[[[-71.325,41.579],[-71.325,41.624],[-71.304,41.619],[-71.325,41.579]]],[[[-70.948,42.286],[-70.931,42.303],[-70.933,42.288],[-70.948,42.286]]],[[[-71.011,42.31],[-71.017,42.314],[-71.0,42.321],[-71.011,42.31]]],[[[-70.99,42.327],[-70.984,42.328],[-70.988,42.32],[-70.99,42.327]]],[[[-70.959,42.326],[-70.966,42.314],[-70.977,42.31],[-70.959,42.326]]],[[[-70.748,43.066],[-70.743,43.067],[-70.746,43.065],[-70.748,43.066]]],[[[-70.742,43.071],[-70.739,43.071],[-70.741,43.069],[-70.742,43.071]]],[[[-70.724,43.057],[-70.715,43.073],[-70.714,43.057],[-70.724,43.057]]],[[[-70.746,43.076],[-70.741,43.075],[-70.74,43.072],[-70.746,43.076]]],[[[-70.724,43.076],[-70.725,43.077],[-70.723,43.077],[-70.724,43.076]]],[[[-70.748,43.077],[-70.747,43.076],[-70.749,43.076],[-70.748,43.077]]],[[[-70.75,43.081],[-70.756,43.083],[-70.749,43.083],[-70.75,43.081]]],[[[-70.73,43.075],[-70.747,43.081],[-70.724,43.082],[-70.73,43.075]]],[[[-70.431,43.368],[-70.43,43.366],[-70.432,43.366],[-70.431,43.368]]],[[[-73.358,43.443],[-73.371,43.381],[-73.525,43.145],[-73.528,43.042],[-73.584,42.925],[-73.586,42.86],[-73.632,42.839],[-73.668,42.765],[-73.668,42.694],[-73.702,42.605],[-73.667,42.507],[-73.564,42.459],[-73.55,42.386],[-73.623,42.316],[-73.665,42.204],[-73.722,42.169],[-73.741,42.099],[-73.774,42.084],[-73.796,41.977],[-73.794,41.882],[-73.758,41.846],[-73.796,41.79],[-73.806,41.722],[-73.748,41.612],[-73.663,41.715],[-73.663,41.614],[-73.702,41.569],[-73.85,41.515],[-73.871,41.536],[-73.95,41.503],[-73.984,41.448],[-74.091,41.394],[-74.096,41.423],[-74.053,41.486],[-74.073,41.603],[-74.033,41.762],[-74.063,41.846],[-74.05,41.947],[-74.0,41.988],[-73.974,42.145],[-73.92,42.223],[-73.842,42.436],[-73.889,42.465],[-73.888,42.522],[-73.984,42.578],[-73.979,42.64],[-73.966,42.712],[-74.023,42.778],[-74.004,42.862],[-73.969,42.889],[-73.977,42.996],[-73.895,42.993],[-73.977,43.087],[-73.919,43.141],[-73.839,43.287],[-73.732,43.272],[-73.717,43.378],[-73.656,43.385],[-73.651,43.439],[-73.602,43.404],[-73.534,43.418],[-73.496,43.5],[-73.483,43.446],[-73.447,43.46],[-73.358,43.443]]],[[[-70.244,43.538],[-70.235,43.548],[-70.227,43.539],[-70.244,43.538]]],[[[-70.207,43.634],[-70.203,43.647],[-70.19,43.645],[-70.207,43.634]]],[[[-70.212,43.663],[-70.206,43.672],[-70.204,43.667],[-70.212,43.663]]],[[[-70.2,43.652],[-70.187,43.674],[-70.184,43.652],[-70.2,43.652]]],[[[-70.2,43.671],[-70.205,43.682],[-70.188,43.68],[-70.2,43.671]]],[[[-70.233,43.686],[-70.236,43.689],[-70.226,43.69],[-70.233,43.686]]],[[[-74.841,40.159],[-74.957,40.079],[-75.144,40.003],[-75.239,39.92],[-75.344,39.877],[-75.536,39.764],[-75.649,39.732],[-75.71,39.688],[-75.749,39.692],[-75.855,39.638],[-75.899,39.67],[-75.958,39.607],[-76.022,39.641],[-76.058,39.578],[-76.186,39.526],[-76.227,39.488],[-76.356,39.459],[-76.412,39.404],[-76.544,39.402],[-76.599,39.371],[-76.656,39.271],[-76.724,39.214],[-76.788,39.203],[-76.842,39.133],[-76.916,39.108],[-77.082,38.894],[-77.136,38.893],[-77.142,38.842],[-77.188,38.808],[-77.252,38.891],[-77.317,38.944],[-77.35,39.003],[-77.379,38.927],[-77.373,38.883],[-77.419,38.821],[-77.474,38.683],[-77.555,38.567],[-77.698,38.516],[-77.807,38.452],[-77.862,38.388],[-78.021,38.263],[-78.366,38.039],[-78.413,38.023],[-78.549,37.904],[-78.627,37.892],[-78.683,37.841],[-78.73,37.748],[-78.893,37.634],[-78.768,37.791],[-78.855,37.802],[-78.852,37.878],[-78.931,37.874],[-78.856,37.931],[-78.848,38.025],[-78.686,38.11],[-78.702,38.159],[-78.661,38.204],[-78.649,38.14],[-78.592,38.203],[-78.631,38.235],[-78.546,38.25],[-78.562,38.272],[-78.465,38.315],[-78.428,38.391],[-78.315,38.367],[-78.279,38.421],[-78.337,38.468],[-78.26,38.573],[-78.248,38.682],[-78.146,38.733],[-78.124,38.852],[-78.087,38.853],[-78.083,38.907],[-78.028,38.918],[-77.966,38.992],[-77.918,39.012],[-77.836,39.084],[-77.767,39.221],[-77.714,39.297],[-77.731,39.175],[-77.693,39.284],[-77.612,39.447],[-77.569,39.504],[-77.518,39.47],[-77.516,39.38],[-77.582,39.196],[-77.582,39.132],[-77.543,39.259],[-77.422,39.591],[-77.424,39.629],[-77.353,39.687],[-77.391,39.777],[-77.374,39.862],[-77.343,39.905],[-77.238,39.939],[-77.108,40.023],[-77.12,40.043],[-77.001,40.151],[-76.879,40.202],[-76.811,40.199],[-76.676,40.261],[-76.311,40.284],[-76.227,40.314],[-76.106,40.287],[-76.046,40.31],[-75.967,40.296],[-75.915,40.337],[-75.812,40.33],[-75.798,40.396],[-75.733,40.398],[-75.72,40.317],[-75.653,40.323],[-75.562,40.44],[-75.467,40.441],[-75.399,40.524],[-75.32,40.512],[-75.305,40.54],[-75.219,40.536],[-75.178,40.584],[-75.059,40.619],[-74.986,40.659],[-74.846,40.659],[-74.774,40.685],[-74.687,40.753],[-74.644,40.704],[-74.593,40.708],[-74.488,40.789],[-74.454,40.885],[-74.348,40.943],[-74.045,41.215],[-74.032,41.248],[-73.968,41.264],[-73.899,41.325],[-73.83,41.342],[-73.794,41.381],[-73.639,41.389],[-73.524,41.47],[-73.459,41.474],[-73.422,41.594],[-73.379,41.661],[-73.214,41.755],[-73.103,41.73],[-73.01,41.813],[-72.883,41.837],[-72.866,41.916],[-72.824,41.999],[-72.824,42.132],[-72.748,42.232],[-72.689,42.352],[-72.636,42.392],[-72.645,42.464],[-72.627,42.556],[-72.639,42.618],[-72.552,42.673],[-72.505,42.669],[-72.467,42.722],[-72.518,42.735],[-72.599,42.887],[-72.561,42.905],[-72.56,42.963],[-72.521,42.978],[-72.538,42.837],[-72.501,42.841],[-72.486,42.776],[-72.434,42.725],[-72.442,42.669],[-72.527,42.507],[-72.565,42.467],[-72.506,42.467],[-72.461,42.348],[-72.391,42.303],[-72.322,42.343],[-72.326,42.576],[-72.301,42.622],[-72.218,42.607],[-72.192,42.548],[-72.186,42.416],[-72.135,42.401],[-72.06,42.468],[-71.981,42.471],[-71.96,42.447],[-71.983,42.331],[-71.95,42.281],[-71.867,42.281],[-71.854,42.321],[-71.891,42.413],[-71.821,42.5],[-71.85,42.555],[-71.765,42.689],[-71.76,42.761],[-71.704,42.877],[-71.597,42.925],[-71.578,42.983],[-71.658,43.022],[-71.668,43.084],[-71.726,43.101],[-71.781,43.195],[-71.733,43.264],[-71.624,43.276],[-71.654,43.355],[-71.625,43.372],[-71.527,43.307],[-71.474,43.316],[-71.342,43.287],[-71.353,43.189],[-71.192,43.09],[-71.152,43.113],[-71.168,43.269],[-71.073,43.388],[-71.015,43.36],[-70.973,43.415],[-70.891,43.467],[-70.836,43.466],[-70.743,43.521],[-70.723,43.57],[-70.751,43.636],[-70.803,43.66],[-70.703,43.716],[-70.701,43.786],[-70.739,43.79],[-70.665,43.841],[-70.591,43.812],[-70.53,43.761],[-70.418,43.841],[-70.358,43.902],[-70.345,43.956],[-70.281,43.994],[-70.202,43.969],[-70.12,43.914],[-70.134,43.837],[-70.184,43.775],[-70.253,43.678],[-70.207,43.623],[-70.196,43.565],[-70.353,43.535],[-70.384,43.497],[-70.369,43.436],[-70.429,43.389],[-70.44,43.355],[-70.518,43.344],[-70.56,43.314],[-70.595,43.246],[-70.576,43.221],[-70.672,43.071],[-70.693,43.082],[-70.754,43.084],[-70.827,43.127],[-70.75,43.077],[-70.761,43.048],[-70.714,43.042],[-70.794,42.94],[-70.81,42.806],[-70.773,42.711],[-70.812,42.71],[-70.687,42.652],[-70.63,42.693],[-70.596,42.635],[-70.677,42.608],[-70.699,42.577],[-70.88,42.539],[-70.835,42.49],[-70.945,42.459],[-70.99,42.408],[-70.971,42.371],[-71.049,42.302],[-70.964,42.246],[-70.884,42.246],[-70.883,42.31],[-70.853,42.269],[-70.764,42.251],[-70.714,42.2],[-70.722,42.164],[-70.639,42.087],[-70.68,41.978],[-70.784,41.955],[-70.799,41.841],[-70.783,41.767],[-70.728,41.726],[-70.72,41.68],[-70.8,41.631],[-70.903,41.624],[-70.915,41.653],[-70.923,41.647],[-70.929,41.54],[-71.038,41.496],[-71.057,41.56],[-71.098,41.513],[-71.195,41.458],[-71.216,41.547],[-71.199,41.68],[-71.107,41.777],[-71.118,41.819],[-71.145,41.738],[-71.243,41.698],[-71.26,41.643],[-71.281,41.741],[-71.339,41.725],[-71.372,41.79],[-71.406,41.588],[-71.455,41.579],[-71.418,41.536],[-71.418,41.473],[-71.481,41.36],[-71.53,41.377],[-71.715,41.331],[-71.855,41.307],[-71.863,41.331],[-71.962,41.336],[-72.004,41.307],[-72.055,41.326],[-72.112,41.299],[-72.202,41.315],[-72.313,41.278],[-72.333,41.306],[-72.354,41.309],[-72.358,41.268],[-72.448,41.279],[-72.545,41.249],[-72.579,41.271],[-72.664,41.27],[-72.694,41.245],[-72.757,41.269],[-72.894,41.242],[-72.931,41.261],[-73.014,41.205],[-73.177,41.167],[-73.262,41.118],[-73.415,41.099],[-73.433,41.056],[-73.507,41.06],[-73.575,41.004],[-73.642,41.01],[-73.688,40.948],[-73.819,40.885],[-73.824,40.875],[-73.837,40.806],[-73.934,40.809],[-73.971,40.744],[-73.978,40.71],[-74.066,40.698],[-74.071,40.661],[-74.186,40.647],[-74.219,40.562],[-74.257,40.57],[-74.347,40.539],[-74.464,40.441],[-74.544,40.351],[-74.653,40.305],[-74.783,40.225],[-74.841,40.159]],[[-78.677,37.998],[-78.76,37.97],[-78.826,37.898],[-78.765,37.83],[-78.696,37.921],[-78.677,37.998]]]]}},{"type":"Feature","properties":{"id":614,"n":"Northern Mesoamerican Pacific mangroves","b":14},"geometry":{"type":"MultiPolygon","coordinates":[[[[-96.275,15.705],[-96.281,15.67],[-96.321,15.675],[-96.275,15.705]]],[[[-96.659,15.693],[-96.766,15.716],[-96.667,15.726],[-96.564,15.678],[-96.563,15.648],[-96.659,15.693]]],[[[-97.031,15.803],[-96.913,15.797],[-96.887,15.749],[-97.031,15.803]]],[[[-95.757,15.893],[-95.767,15.871],[-95.815,15.86],[-95.757,15.893]]],[[[-97.25,15.918],[-97.212,15.953],[-97.166,15.944],[-97.151,15.891],[-97.25,15.918]]],[[[-97.445,15.925],[-97.426,15.956],[-97.353,15.951],[-97.346,15.92],[-97.445,15.925]]],[[[-95.574,15.947],[-95.588,15.983],[-95.541,15.955],[-95.574,15.947]]],[[[-97.543,15.943],[-97.49,15.983],[-97.5,15.941],[-97.543,15.943]]],[[[-97.641,15.959],[-97.603,15.993],[-97.685,16.009],[-97.593,16.014],[-97.56,15.942],[-97.641,15.959]]],[[[-98.165,16.196],[-98.083,16.19],[-98.081,16.158],[-98.165,16.196]]],[[[-98.286,16.245],[-98.268,16.274],[-98.192,16.257],[-98.187,16.211],[-98.286,16.245]]],[[[-98.442,16.277],[-98.362,16.284],[-98.347,16.256],[-98.442,16.277]]],[[[-98.743,16.522],[-98.705,16.511],[-98.672,16.444],[-98.743,16.522]]],[[[-99.068,16.596],[-99.044,16.61],[-99.015,16.587],[-99.068,16.596]]],[[[-99.213,16.62],[-99.131,16.653],[-99.131,16.607],[-99.213,16.62]]],[[[-99.426,16.677],[-99.297,16.697],[-99.238,16.624],[-99.426,16.677]]],[[[-99.688,16.699],[-99.642,16.724],[-99.633,16.692],[-99.688,16.699]]],[[[-99.834,16.794],[-99.808,16.807],[-99.813,16.777],[-99.834,16.794]]],[[[-100.433,17.056],[-100.374,17.108],[-100.322,17.014],[-100.433,17.056]]],[[[-100.655,17.129],[-100.618,17.158],[-100.531,17.149],[-100.507,17.077],[-100.655,17.129]]],[[[-100.943,17.229],[-100.915,17.245],[-100.843,17.198],[-100.943,17.229]]],[[[-101.464,17.536],[-101.443,17.554],[-101.402,17.558],[-101.286,17.485],[-101.279,17.456],[-101.464,17.536]]],[[[-101.625,17.662],[-101.579,17.657],[-101.578,17.618],[-101.625,17.662]]]]}},{"type":"Feature","properties":{"id":487,"n":"Oaxacan montane forests","b":1},"geometry":{"type":"MultiPolygon","coordinates":[[[[-95.285,16.928],[-95.252,16.821],[-95.257,16.763],[-95.359,16.807],[-95.411,16.797],[-95.461,16.751],[-95.52,16.763],[-95.517,16.808],[-95.451,16.804],[-95.406,16.857],[-95.467,16.88],[-95.507,16.955],[-95.414,16.931],[-95.384,16.981],[-95.38,16.907],[-95.285,16.928]]],[[[-95.51,17.109],[-95.573,17.015],[-95.615,17.002],[-95.556,17.082],[-95.571,17.099],[-95.529,17.119],[-95.51,17.109]]],[[[-95.556,17.196],[-95.504,17.163],[-95.573,17.156],[-95.571,17.099],[-95.664,17.031],[-95.677,16.967],[-95.711,17.011],[-95.692,17.085],[-95.718,17.106],[-95.628,17.143],[-95.556,17.196]]],[[[-96.214,17.313],[-96.313,17.297],[-96.404,17.392],[-96.271,17.43],[-96.231,17.395],[-96.214,17.313]]],[[[-95.966,17.34],[-95.937,17.292],[-95.937,17.197],[-95.864,17.255],[-95.836,17.356],[-95.778,17.364],[-95.773,17.329],[-95.84,17.261],[-95.812,17.214],[-95.882,17.161],[-95.869,17.125],[-95.799,17.143],[-95.783,17.198],[-95.758,17.163],[-95.838,17.111],[-95.822,16.938],[-95.633,16.899],[-95.648,16.846],[-95.744,16.893],[-95.782,16.889],[-95.859,16.935],[-95.869,16.982],[-95.951,16.996],[-95.98,16.973],[-96.05,17.132],[-96.115,17.171],[-96.1,17.25],[-96.131,17.393],[-96.183,17.398],[-96.21,17.476],[-96.265,17.486],[-96.286,17.531],[-96.382,17.511],[-96.497,17.617],[-96.497,17.661],[-96.682,17.714],[-96.771,17.812],[-96.755,17.902],[-96.726,17.922],[-96.748,17.987],[-96.785,17.931],[-96.883,17.932],[-96.808,18.008],[-96.839,18.066],[-96.954,18.076],[-96.996,18.15],[-97.034,18.268],[-96.931,18.345],[-96.971,18.542],[-97.038,18.586],[-97.058,18.634],[-97.055,18.793],[-96.991,18.762],[-96.981,18.709],[-96.922,18.64],[-96.926,18.577],[-96.893,18.555],[-96.914,18.508],[-96.886,18.423],[-96.898,18.373],[-96.808,18.391],[-96.784,18.374],[-96.846,18.305],[-96.849,18.256],[-96.807,18.269],[-96.775,18.333],[-96.744,18.292],[-96.783,18.213],[-96.735,18.136],[-96.695,18.144],[-96.637,18.092],[-96.574,18.067],[-96.688,18.025],[-96.68,17.998],[-96.598,17.995],[-96.541,17.946],[-96.685,17.948],[-96.624,17.907],[-96.649,17.863],[-96.72,17.826],[-96.536,17.714],[-96.526,17.757],[-96.445,17.768],[-96.458,17.706],[-96.381,17.697],[-96.307,17.6],[-96.264,17.636],[-96.206,17.608],[-96.255,17.572],[-96.24,17.543],[-96.156,17.541],[-96.101,17.494],[-96.037,17.48],[-95.938,17.498],[-95.909,17.473],[-95.793,17.455],[-95.788,17.427],[-95.966,17.34]],[[-96.909,18.253],[-96.882,18.298],[-96.911,18.323],[-96.956,18.266],[-96.909,18.253]]],[[[-96.857,18.988],[-96.895,18.954],[-96.973,18.948],[-97.087,18.899],[-97.148,18.902],[-97.195,18.899],[-97.121,19.052],[-97.08,19.067],[-97.107,19.139],[-97.096,19.309],[-97.145,19.365],[-97.042,19.537],[-97.031,19.596],[-96.945,19.637],[-97.002,19.658],[-97.138,19.617],[-97.27,19.762],[-97.278,19.813],[-97.426,19.903],[-97.346,19.955],[-97.283,19.931],[-97.22,19.862],[-97.123,19.824],[-97.037,19.813],[-96.786,19.879],[-96.724,19.812],[-96.691,19.691],[-96.727,19.651],[-96.877,19.604],[-96.905,19.58],[-96.972,19.445],[-96.979,19.397],[-96.924,19.248],[-96.947,19.092],[-96.892,19.071],[-96.857,18.988]]]]}},{"type":"Feature","properties":{"id":362,"n":"Okanogan dry forests","b":5},"geometry":{"type":"Polygon","coordinates":[[[-119.356,49.155],[-119.476,49.228],[-119.336,49.257],[-119.405,49.292],[-119.462,49.285],[-119.479,49.324],[-119.564,49.378],[-119.663,49.392],[-119.755,49.37],[-119.765,49.382],[-120.038,49.438],[-120.103,49.411],[-120.088,49.345],[-120.025,49.213],[-120.038,49.168],[-120.255,49.305],[-120.498,49.252],[-120.536,49.185],[-120.59,49.188],[-120.589,49.228],[-120.672,49.238],[-120.666,49.299],[-120.752,49.402],[-120.812,49.436],[-120.832,49.543],[-120.952,49.496],[-121.097,49.477],[-121.083,49.53],[-121.143,49.629],[-121.177,49.74],[-121.307,49.848],[-121.61,49.913],[-121.787,49.985],[-121.916,50.054],[-122.036,50.133],[-122.226,50.241],[-122.362,50.299],[-122.61,50.446],[-122.715,50.516],[-122.947,50.578],[-122.833,51.013],[-122.558,51.083],[-122.386,51.104],[-122.197,51.108],[-122.072,51.148],[-121.978,51.324],[-121.797,51.307],[-121.673,51.258],[-121.577,51.195],[-121.486,51.018],[-121.339,50.999],[-121.215,51.082],[-121.039,51.093],[-120.897,51.073],[-120.733,51.079],[-120.643,51.144],[-120.605,51.35],[-120.576,51.437],[-120.608,51.541],[-120.627,51.864],[-120.499,51.902],[-120.313,51.896],[-120.133,51.839],[-120.009,51.765],[-119.879,51.708],[-119.738,51.668],[-119.687,51.582],[-119.811,51.511],[-119.909,51.382],[-119.894,51.259],[-119.818,51.022],[-119.746,50.931],[-119.624,50.873],[-119.499,50.942],[-119.334,50.98],[-119.228,50.979],[-119.141,50.951],[-119.099,50.851],[-119.112,50.699],[-119.107,50.604],[-119.067,50.457],[-119.02,50.371],[-118.628,50.257],[-118.523,50.176],[-118.498,50.048],[-118.537,49.919],[-118.616,49.811],[-118.732,49.692],[-118.772,49.604],[-118.678,49.414],[-118.678,49.329],[-118.569,49.243],[-118.355,49.126],[-118.395,49.024],[-118.589,49.012],[-118.714,49.046],[-118.843,49.064],[-119.042,49.108],[-119.191,49.09],[-119.331,49.09],[-119.356,49.155]]]}},{"type":"Feature","properties":{"id":340,"n":"Ozark Highlands mixed forests","b":4},"geometry":{"type":"Polygon","coordinates":[[[-89.777,37.256],[-89.852,37.238],[-89.853,37.207],[-89.988,37.162],[-90.056,37.093],[-90.144,37.061],[-90.247,36.951],[-90.253,36.89],[-90.289,36.83],[-90.352,36.788],[-90.387,36.803],[-90.409,36.751],[-90.49,36.721],[-90.522,36.666],[-90.647,36.595],[-90.777,36.462],[-90.806,36.414],[-91.005,36.221],[-91.094,36.102],[-91.255,35.96],[-91.296,35.835],[-91.392,35.73],[-91.458,35.696],[-91.528,35.712],[-91.497,35.636],[-91.539,35.667],[-91.609,35.664],[-91.734,35.693],[-91.741,35.745],[-91.847,35.732],[-91.916,35.835],[-92.022,35.864],[-92.034,35.81],[-92.106,35.821],[-92.122,35.788],[-92.201,35.851],[-92.321,35.856],[-92.421,35.9],[-92.56,35.901],[-92.586,35.924],[-92.701,35.877],[-92.783,35.904],[-92.841,35.877],[-92.89,35.967],[-93.005,35.877],[-93.005,35.95],[-93.17,35.982],[-93.174,36.035],[-93.238,36.069],[-93.186,36.118],[-93.197,36.219],[-93.277,36.245],[-93.379,36.214],[-93.356,36.285],[-93.452,36.295],[-93.405,36.25],[-93.412,36.194],[-93.546,36.118],[-93.516,36.045],[-93.644,36.133],[-93.707,36.095],[-93.724,36.114],[-93.86,36.089],[-93.871,36.133],[-93.95,36.114],[-93.998,36.141],[-94.089,36.129],[-94.164,36.073],[-94.209,36.064],[-94.253,35.984],[-94.374,35.927],[-94.39,35.863],[-94.444,35.842],[-94.477,35.872],[-94.479,35.793],[-94.563,35.79],[-94.561,35.719],[-94.708,35.703],[-94.74,35.669],[-94.84,35.628],[-94.966,35.659],[-94.857,35.706],[-94.88,35.744],[-95.032,35.722],[-94.949,35.842],[-95.058,35.815],[-94.985,35.89],[-95.03,35.899],[-95.08,35.859],[-95.152,35.895],[-95.04,35.98],[-95.055,35.999],[-95.172,35.967],[-95.172,35.93],[-95.225,35.95],[-95.238,35.995],[-95.298,36.024],[-95.257,36.079],[-95.273,36.151],[-95.215,36.245],[-95.196,36.323],[-95.159,36.374],[-95.179,36.441],[-95.142,36.493],[-95.128,36.582],[-95.009,36.591],[-94.871,36.68],[-94.822,36.727],[-94.815,36.783],[-94.733,37.001],[-94.728,37.074],[-94.679,37.15],[-94.621,37.152],[-94.582,37.261],[-94.543,37.315],[-94.395,37.309],[-94.359,37.348],[-94.247,37.352],[-94.138,37.403],[-94.174,37.431],[-94.144,37.467],[-94.06,37.419],[-93.995,37.436],[-94.002,37.585],[-93.926,37.632],[-93.955,37.659],[-93.931,37.714],[-93.987,37.71],[-94.033,37.663],[-94.051,37.716],[-93.909,37.785],[-93.958,37.826],[-93.894,37.856],[-93.76,37.999],[-93.831,37.96],[-93.939,38.062],[-93.841,38.123],[-93.775,38.053],[-93.735,38.066],[-93.792,38.111],[-93.731,38.12],[-93.7,38.07],[-93.654,38.109],[-93.672,38.174],[-93.591,38.219],[-93.62,38.24],[-93.614,38.303],[-93.516,38.296],[-93.534,38.345],[-93.462,38.374],[-93.406,38.37],[-93.364,38.407],[-93.376,38.325],[-93.339,38.298],[-93.272,38.365],[-93.313,38.387],[-93.298,38.431],[-93.221,38.429],[-93.096,38.481],[-93.094,38.531],[-93.152,38.5],[-93.15,38.587],[-93.294,38.632],[-93.267,38.67],[-93.197,38.681],[-93.125,38.658],[-93.032,38.664],[-93.032,38.692],[-92.988,38.705],[-92.946,38.76],[-92.978,38.81],[-92.929,38.864],[-92.851,38.799],[-92.85,38.866],[-92.811,38.812],[-92.776,38.815],[-92.766,38.877],[-92.711,38.885],[-92.666,38.808],[-92.638,38.853],[-92.59,38.854],[-92.54,38.815],[-92.553,38.782],[-92.735,38.764],[-92.793,38.725],[-92.735,38.705],[-92.669,38.716],[-92.629,38.658],[-92.713,38.616],[-92.703,38.58],[-92.575,38.577],[-92.581,38.532],[-92.505,38.524],[-92.531,38.47],[-92.614,38.437],[-92.536,38.404],[-92.486,38.427],[-92.412,38.404],[-92.363,38.451],[-92.329,38.428],[-92.187,38.483],[-92.098,38.493],[-91.974,38.531],[-91.902,38.582],[-91.796,38.582],[-91.708,38.619],[-91.57,38.643],[-91.473,38.617],[-91.396,38.636],[-91.343,38.575],[-91.231,38.508],[-91.136,38.524],[-91.05,38.462],[-90.884,38.484],[-90.858,38.473],[-90.76,38.52],[-90.677,38.582],[-90.614,38.569],[-90.524,38.62],[-90.47,38.63],[-90.423,38.59],[-90.383,38.494],[-90.343,38.509],[-90.304,38.461],[-90.375,38.33],[-90.375,38.157],[-90.317,38.135],[-90.323,38.097],[-90.193,37.961],[-90.159,37.947],[-90.115,37.865],[-90.035,37.85],[-89.982,37.8],[-89.925,37.704],[-89.982,37.627],[-89.921,37.564],[-89.852,37.531],[-89.82,37.417],[-89.844,37.414],[-89.751,37.317],[-89.761,37.293],[-89.663,37.254],[-89.777,37.256]]]}},{"type":"Feature","properties":{"id":341,"n":"Ozark Mountain forests","b":4},"geometry":{"type":"Polygon","coordinates":[[[-91.398,35.487],[-91.585,35.302],[-91.7,35.266],[-91.715,35.22],[-91.813,35.176],[-91.911,35.083],[-92.016,35.07],[-91.971,35.039],[-92.005,34.978],[-92.073,34.943],[-92.27,34.758],[-92.253,34.745],[-92.292,34.752],[-92.445,34.649],[-92.555,34.61],[-92.649,34.54],[-92.711,34.515],[-92.753,34.461],[-92.903,34.338],[-92.929,34.286],[-93.059,34.201],[-93.164,34.183],[-93.281,34.112],[-93.369,34.096],[-93.421,34.056],[-93.499,34.092],[-93.601,34.09],[-93.608,34.123],[-93.714,34.086],[-93.808,34.127],[-93.865,34.118],[-93.927,34.149],[-93.984,34.126],[-94.118,34.119],[-94.275,34.078],[-94.345,34.086],[-94.466,34.066],[-94.727,34.057],[-95.045,34.087],[-95.166,34.15],[-95.247,34.208],[-95.35,34.184],[-95.453,34.213],[-95.519,34.203],[-95.534,34.234],[-95.739,34.268],[-95.803,34.298],[-95.931,34.299],[-96.015,34.345],[-96.13,34.384],[-96.258,34.315],[-96.354,34.46],[-96.403,34.505],[-96.476,34.498],[-96.505,34.542],[-96.571,34.552],[-96.644,34.597],[-96.653,34.636],[-96.546,34.683],[-96.659,34.732],[-96.574,34.83],[-96.424,34.878],[-96.376,34.907],[-96.335,34.999],[-96.18,35.047],[-96.071,35.223],[-96.014,35.222],[-95.848,35.323],[-95.816,35.288],[-95.717,35.365],[-95.557,35.315],[-95.533,35.282],[-95.45,35.314],[-95.318,35.292],[-95.296,35.318],[-95.225,35.353],[-95.171,35.464],[-95.157,35.551],[-95.186,35.54],[-95.263,35.581],[-95.209,35.595],[-95.141,35.674],[-95.159,35.708],[-95.248,35.688],[-95.287,35.645],[-95.278,35.732],[-95.201,35.76],[-95.2,35.804],[-95.297,35.835],[-95.248,35.869],[-95.277,35.955],[-95.238,35.995],[-95.225,35.95],[-95.172,35.93],[-95.172,35.967],[-95.055,35.999],[-95.04,35.98],[-95.152,35.895],[-95.08,35.859],[-95.03,35.899],[-94.985,35.89],[-95.058,35.815],[-94.949,35.842],[-95.032,35.722],[-94.88,35.744],[-94.857,35.706],[-94.966,35.659],[-94.84,35.628],[-94.74,35.669],[-94.708,35.703],[-94.561,35.719],[-94.563,35.79],[-94.479,35.793],[-94.477,35.872],[-94.444,35.842],[-94.39,35.863],[-94.374,35.927],[-94.253,35.984],[-94.209,36.064],[-94.164,36.073],[-94.089,36.129],[-93.998,36.141],[-93.95,36.114],[-93.871,36.133],[-93.86,36.089],[-93.724,36.114],[-93.707,36.095],[-93.644,36.133],[-93.516,36.045],[-93.546,36.118],[-93.412,36.194],[-93.405,36.25],[-93.452,36.295],[-93.356,36.285],[-93.379,36.214],[-93.277,36.245],[-93.197,36.219],[-93.186,36.118],[-93.238,36.069],[-93.174,36.035],[-93.17,35.982],[-93.005,35.95],[-93.005,35.877],[-92.89,35.967],[-92.841,35.877],[-92.783,35.904],[-92.701,35.877],[-92.586,35.924],[-92.56,35.901],[-92.421,35.9],[-92.321,35.856],[-92.201,35.851],[-92.122,35.788],[-92.106,35.821],[-92.034,35.81],[-92.022,35.864],[-91.916,35.835],[-91.847,35.732],[-91.741,35.745],[-91.734,35.693],[-91.609,35.664],[-91.539,35.667],[-91.497,35.636],[-91.398,35.487]]]}},{"type":"Feature","properties":{"id":398,"n":"Palouse prairie","b":8},"geometry":{"type":"MultiPolygon","coordinates":[[[[-115.842,46.063],[-115.871,46.002],[-115.944,45.961],[-115.962,46.067],[-115.928,46.141],[-115.869,46.126],[-115.842,46.063]]],[[[-116.017,45.962],[-116.077,45.916],[-116.223,45.878],[-116.236,45.84],[-116.356,45.948],[-116.352,45.996],[-116.419,45.954],[-116.449,46.02],[-116.54,46.012],[-116.602,46.085],[-116.66,46.212],[-116.688,46.217],[-116.659,46.238],[-116.598,46.189],[-116.522,46.188],[-116.505,46.316],[-116.427,46.338],[-116.336,46.331],[-116.337,46.389],[-116.391,46.453],[-116.328,46.431],[-116.295,46.35],[-116.302,46.45],[-116.398,46.481],[-116.287,46.472],[-116.251,46.406],[-116.17,46.323],[-116.174,46.295],[-116.071,46.229],[-116.131,46.241],[-116.203,46.19],[-116.199,46.148],[-116.126,46.204],[-116.081,46.2],[-116.089,46.151],[-116.039,46.192],[-116.016,46.109],[-116.135,46.08],[-116.111,46.049],[-116.06,46.082],[-116.008,46.067],[-116.04,46.035],[-115.968,46.005],[-115.968,45.961],[-116.017,45.962]]],[[[-119.35,49.005],[-119.303,49.0],[-119.328,48.945],[-119.39,48.93],[-119.407,48.884],[-119.348,48.786],[-119.218,48.67],[-119.283,48.634],[-119.395,48.662],[-119.342,48.616],[-119.458,48.611],[-119.457,48.586],[-119.304,48.561],[-119.249,48.501],[-119.337,48.495],[-119.47,48.553],[-119.492,48.507],[-119.393,48.432],[-119.368,48.394],[-119.214,48.363],[-119.29,48.331],[-119.357,48.36],[-119.426,48.345],[-119.298,48.23],[-119.241,48.194],[-119.312,48.188],[-119.281,48.127],[-119.186,48.176],[-119.156,48.165],[-118.994,48.176],[-118.985,48.203],[-118.842,48.224],[-118.837,48.164],[-118.87,48.018],[-118.975,47.962],[-118.849,47.97],[-118.73,47.922],[-118.696,47.978],[-118.621,47.938],[-118.538,47.933],[-118.521,47.895],[-118.39,47.85],[-118.345,47.911],[-118.221,47.952],[-118.186,47.935],[-118.055,47.817],[-117.922,47.834],[-117.815,47.884],[-117.765,47.85],[-117.692,47.866],[-117.631,47.801],[-117.555,47.761],[-117.438,47.61],[-117.355,47.536],[-117.219,47.523],[-117.107,47.54],[-117.029,47.482],[-117.003,47.429],[-116.931,47.416],[-116.977,47.372],[-116.959,47.337],[-117.072,47.313],[-116.94,47.311],[-116.862,47.238],[-116.872,47.185],[-116.775,47.11],[-116.781,47.066],[-116.854,47.054],[-116.847,47.095],[-116.947,47.143],[-117.018,47.124],[-116.98,47.067],[-117.013,47.014],[-116.884,47.034],[-116.9,46.988],[-116.766,46.939],[-116.675,46.97],[-116.692,46.919],[-116.901,46.916],[-117.003,46.874],[-117.027,46.802],[-116.934,46.746],[-116.936,46.708],[-116.988,46.692],[-116.901,46.669],[-116.816,46.613],[-116.766,46.533],[-116.727,46.513],[-116.625,46.379],[-116.721,46.302],[-116.731,46.267],[-116.812,46.221],[-116.806,46.202],[-116.903,46.176],[-116.942,46.19],[-117.04,46.078],[-117.109,46.084],[-117.254,46.173],[-117.298,46.161],[-117.346,46.202],[-117.43,46.213],[-117.398,46.244],[-117.418,46.286],[-117.491,46.275],[-117.54,46.357],[-117.573,46.315],[-117.616,46.343],[-117.61,46.273],[-117.674,46.325],[-117.794,46.31],[-117.769,46.276],[-117.838,46.275],[-117.82,46.236],[-117.889,46.234],[-117.921,46.198],[-117.961,46.21],[-117.981,46.152],[-118.152,46.081],[-118.141,46.004],[-118.162,45.91],[-118.155,45.827],[-118.272,45.837],[-118.35,45.811],[-118.392,45.752],[-118.396,45.69],[-118.429,45.647],[-118.558,45.62],[-118.621,45.561],[-118.562,45.556],[-118.58,45.487],[-118.504,45.483],[-118.497,45.416],[-118.548,45.431],[-118.609,45.413],[-118.614,45.372],[-118.714,45.337],[-118.742,45.365],[-118.923,45.329],[-118.945,45.293],[-119.11,45.224],[-119.155,45.263],[-119.306,45.258],[-119.383,45.238],[-119.524,45.132],[-119.853,45.054],[-119.945,45.056],[-120.078,45.023],[-120.18,45.041],[-120.287,45.033],[-120.392,45.049],[-120.389,44.993],[-120.437,44.965],[-120.468,45.047],[-120.508,45.087],[-120.549,44.969],[-120.618,44.944],[-120.632,44.966],[-120.787,44.925],[-120.835,44.884],[-120.927,44.866],[-120.963,44.801],[-121.056,44.806],[-121.058,44.842],[-120.987,44.882],[-120.979,44.914],[-121.062,44.967],[-121.133,44.991],[-121.1,45.025],[-121.218,45.009],[-121.147,45.043],[-121.3,45.042],[-121.271,45.078],[-121.37,45.103],[-121.407,45.162],[-121.32,45.18],[-121.324,45.216],[-121.262,45.226],[-121.262,45.305],[-121.193,45.348],[-121.218,45.374],[-121.146,45.453],[-121.214,45.466],[-121.162,45.518],[-121.216,45.572],[-121.29,45.559],[-121.282,45.615],[-121.201,45.67],[-121.202,45.697],[-121.092,45.719],[-121.045,45.771],[-121.042,45.831],[-120.943,45.805],[-120.964,45.839],[-120.872,45.89],[-120.827,45.842],[-120.672,45.842],[-120.572,45.794],[-120.505,45.852],[-120.407,45.844],[-120.4,45.966],[-120.351,46.021],[-120.483,46.014],[-120.515,46.041],[-120.658,46.054],[-120.715,46.15],[-120.747,46.144],[-120.792,46.2],[-120.768,46.236],[-120.885,46.272],[-120.864,46.322],[-120.98,46.434],[-120.914,46.459],[-120.946,46.52],[-120.87,46.6],[-120.957,46.652],[-120.886,46.69],[-120.947,46.686],[-120.907,46.763],[-120.749,46.786],[-120.8,46.88],[-120.748,46.946],[-120.673,46.952],[-120.772,46.993],[-120.764,47.075],[-120.792,47.154],[-120.644,47.182],[-120.454,47.166],[-120.253,47.102],[-120.22,47.191],[-120.252,47.312],[-120.345,47.331],[-120.421,47.399],[-120.416,47.441],[-120.503,47.518],[-120.412,47.554],[-120.371,47.54],[-120.273,47.599],[-120.271,47.653],[-120.35,47.686],[-120.244,47.699],[-120.235,47.759],[-120.126,47.826],[-120.145,47.85],[-120.019,47.842],[-120.176,47.888],[-120.184,47.95],[-120.051,47.916],[-120.039,47.878],[-119.969,47.848],[-119.978,47.889],[-119.933,47.908],[-119.98,47.949],[-119.909,47.935],[-119.884,47.957],[-119.937,48.036],[-120.064,48.117],[-120.062,48.133],[-120.16,48.257],[-120.25,48.281],[-120.224,48.311],[-120.097,48.318],[-120.148,48.353],[-120.264,48.334],[-120.243,48.42],[-120.306,48.53],[-120.166,48.566],[-120.088,48.464],[-119.998,48.415],[-119.981,48.327],[-120.053,48.267],[-120.038,48.187],[-119.968,48.187],[-119.898,48.158],[-119.809,48.163],[-119.771,48.225],[-119.814,48.279],[-119.792,48.308],[-119.722,48.307],[-119.722,48.337],[-119.652,48.362],[-119.637,48.434],[-119.58,48.446],[-119.661,48.468],[-119.691,48.519],[-119.769,48.541],[-119.734,48.579],[-119.563,48.52],[-119.544,48.577],[-119.592,48.595],[-119.52,48.651],[-119.609,48.837],[-119.543,48.865],[-119.448,48.841],[-119.5,48.914],[-119.512,48.973],[-119.584,48.979],[-119.669,48.934],[-119.71,48.958],[-119.708,49.0],[-119.626,49.038],[-119.619,49.158],[-119.66,49.258],[-119.755,49.37],[-119.663,49.392],[-119.564,49.378],[-119.479,49.324],[-119.462,49.285],[-119.405,49.292],[-119.336,49.257],[-119.476,49.228],[-119.356,49.155],[-119.331,49.09],[-119.35,49.005]]]]}},{"type":"Feature","properties":{"id":494,"n":"Pet\u00e9n-Veracruz moist forests","b":1},"geometry":{"type":"Polygon","coordinates":[[[-94.672,16.745],[-94.691,16.787],[-94.753,16.766],[-94.805,16.751],[-94.818,16.747],[-94.899,16.809],[-94.948,16.796],[-94.984,16.905],[-95.008,16.887],[-94.998,16.815],[-95.108,16.849],[-95.09,16.893],[-95.139,16.961],[-95.297,16.972],[-95.345,17.063],[-95.313,17.11],[-95.394,17.083],[-95.44,17.132],[-95.452,17.212],[-95.492,17.139],[-95.529,17.119],[-95.571,17.099],[-95.573,17.156],[-95.504,17.163],[-95.556,17.196],[-95.628,17.143],[-95.662,17.183],[-95.597,17.2],[-95.644,17.223],[-95.724,17.317],[-95.773,17.329],[-95.778,17.364],[-95.788,17.427],[-95.793,17.455],[-95.909,17.473],[-95.938,17.498],[-96.037,17.48],[-96.101,17.494],[-96.156,17.541],[-96.24,17.543],[-96.255,17.572],[-96.206,17.608],[-96.264,17.636],[-96.307,17.6],[-96.381,17.697],[-96.458,17.706],[-96.445,17.768],[-96.526,17.757],[-96.536,17.714],[-96.72,17.826],[-96.649,17.863],[-96.624,17.907],[-96.685,17.948],[-96.541,17.946],[-96.598,17.995],[-96.68,17.998],[-96.688,18.025],[-96.574,18.067],[-96.637,18.092],[-96.695,18.144],[-96.735,18.136],[-96.783,18.213],[-96.744,18.292],[-96.775,18.333],[-96.807,18.269],[-96.849,18.256],[-96.846,18.305],[-96.784,18.374],[-96.808,18.391],[-96.898,18.373],[-96.886,18.423],[-96.914,18.508],[-96.893,18.555],[-96.926,18.577],[-96.922,18.64],[-96.981,18.709],[-96.991,18.762],[-97.055,18.793],[-97.152,18.832],[-97.148,18.902],[-97.087,18.899],[-96.973,18.948],[-96.895,18.954],[-96.857,18.988],[-96.892,19.071],[-96.865,19.122],[-96.791,19.124],[-96.779,19.051],[-96.741,18.992],[-96.721,18.89],[-96.682,18.826],[-96.558,18.674],[-96.394,18.565],[-96.279,18.527],[-96.214,18.549],[-96.057,18.547],[-96.01,18.592],[-96.048,18.754],[-96.122,18.801],[-96.176,18.766],[-96.182,18.817],[-96.105,18.834],[-96.112,18.908],[-96.05,18.921],[-96.022,18.975],[-96.111,19.052],[-96.099,19.124],[-96.07,19.07],[-95.973,19.059],[-95.951,18.903],[-95.885,18.846],[-95.909,18.809],[-95.87,18.756],[-95.945,18.721],[-95.934,18.653],[-96.06,18.441],[-96.008,18.405],[-96.037,18.367],[-95.996,18.346],[-95.973,18.502],[-95.92,18.473],[-95.883,18.488],[-95.791,18.579],[-95.711,18.608],[-95.681,18.695],[-95.759,18.772],[-95.752,18.802],[-95.652,18.736],[-95.575,18.718],[-95.407,18.706],[-95.408,18.646],[-95.361,18.538],[-95.231,18.418],[-95.2,18.349],[-95.177,18.214],[-95.12,18.129],[-95.059,18.086],[-94.984,18.088],[-94.953,18.013],[-94.897,18.019],[-94.725,17.971],[-94.667,17.972],[-94.597,18.033],[-94.526,17.973],[-94.597,17.94],[-94.581,17.889],[-94.692,17.858],[-94.735,17.788],[-94.646,17.807],[-94.643,17.73],[-94.689,17.659],[-94.649,17.601],[-94.597,17.642],[-94.606,17.707],[-94.543,17.754],[-94.575,17.816],[-94.488,17.84],[-94.535,17.879],[-94.505,17.926],[-94.436,17.857],[-94.424,17.792],[-94.367,17.825],[-94.384,17.9],[-94.447,17.955],[-94.446,18.022],[-94.386,18.071],[-94.416,18.099],[-94.397,18.158],[-94.303,18.166],[-94.086,18.22],[-93.731,18.349],[-93.599,18.407],[-93.476,18.439],[-93.457,18.349],[-93.368,18.185],[-93.195,18.014],[-93.067,17.899],[-92.824,17.746],[-92.665,17.669],[-92.543,17.588],[-92.313,17.609],[-92.147,17.643],[-91.979,17.65],[-91.797,17.596],[-91.492,17.538],[-91.366,17.548],[-91.343,17.587],[-91.382,17.708],[-91.533,17.842],[-91.583,17.918],[-91.578,18.074],[-91.612,18.113],[-91.838,18.102],[-91.847,18.175],[-91.749,18.223],[-91.682,18.221],[-91.428,18.29],[-91.358,17.941],[-91.339,17.809],[-91.3,17.402],[-91.294,17.269],[-91.297,16.861],[-91.308,16.705],[-91.376,16.703],[-91.313,16.66],[-91.349,16.603],[-91.491,16.576],[-91.561,16.691],[-91.561,16.617],[-91.497,16.532],[-91.379,16.505],[-91.339,16.425],[-91.371,16.193],[-91.406,16.027],[-91.492,16.013],[-91.558,16.024],[-91.595,16.149],[-91.684,16.237],[-91.653,16.275],[-91.658,16.36],[-91.723,16.356],[-91.693,16.409],[-91.628,16.396],[-91.598,16.49],[-91.66,16.541],[-91.645,16.564],[-91.559,16.491],[-91.524,16.519],[-91.665,16.609],[-91.762,16.598],[-91.81,16.665],[-91.74,16.636],[-91.654,16.629],[-91.66,16.661],[-91.575,16.628],[-91.658,16.768],[-91.767,16.854],[-91.692,16.845],[-91.595,16.776],[-91.563,16.792],[-91.617,16.88],[-91.857,16.911],[-91.942,16.979],[-91.811,16.999],[-91.749,16.985],[-91.695,16.921],[-91.667,16.944],[-91.713,17.024],[-91.464,16.793],[-91.488,16.838],[-91.462,16.888],[-91.56,16.963],[-91.593,16.961],[-91.69,17.069],[-91.817,17.113],[-91.971,17.104],[-92.065,17.122],[-92.083,17.093],[-92.149,17.091],[-92.186,17.168],[-92.318,17.216],[-92.368,17.182],[-92.438,17.219],[-92.429,17.263],[-92.356,17.246],[-92.248,17.295],[-92.411,17.351],[-92.509,17.3],[-92.497,17.24],[-92.598,17.213],[-92.683,17.353],[-92.703,17.336],[-92.652,17.183],[-92.579,17.11],[-92.712,17.157],[-92.763,17.109],[-92.849,17.273],[-92.89,17.291],[-92.891,17.356],[-92.956,17.37],[-92.937,17.293],[-92.995,17.218],[-93.046,17.241],[-93.029,17.3],[-93.062,17.337],[-93.118,17.254],[-93.159,17.249],[-93.206,17.171],[-93.296,17.111],[-93.363,17.12],[-93.418,17.089],[-93.348,17.035],[-93.214,17.015],[-93.231,16.982],[-93.182,16.911],[-93.124,16.878],[-93.149,16.843],[-93.328,16.84],[-93.403,16.788],[-93.463,16.838],[-93.483,16.794],[-93.55,16.854],[-93.629,16.89],[-93.692,16.769],[-93.787,16.838],[-93.953,16.936],[-94.04,16.858],[-94.11,16.872],[-94.183,16.842],[-94.271,16.924],[-94.234,16.857],[-94.201,16.732],[-94.292,16.82],[-94.296,16.742],[-94.396,16.813],[-94.475,16.793],[-94.515,16.818],[-94.545,16.772],[-94.672,16.745]],[[-95.508,18.652],[-95.624,18.694],[-95.659,18.588],[-95.711,18.528],[-95.652,18.526],[-95.508,18.652]],[[-95.501,17.353],[-95.545,17.336],[-95.502,17.31],[-95.501,17.353]],[[-94.682,16.885],[-94.565,16.893],[-94.581,16.937],[-94.685,16.909],[-94.682,16.885]],[[-91.402,16.633],[-91.452,16.73],[-91.553,16.756],[-91.467,16.671],[-91.402,16.633]]]}},{"type":"Feature","properties":{"id":557,"n":"Sierra Madre de Oaxaca pine-oak forests","b":3},"geometry":{"type":"MultiPolygon","coordinates":[[[[-95.74,16.654],[-95.653,16.656],[-95.663,16.606],[-95.611,16.509],[-95.7,16.419],[-95.769,16.407],[-95.802,16.465],[-95.79,16.525],[-95.844,16.525],[-95.865,16.454],[-95.895,16.535],[-96.009,16.533],[-96.009,16.551],[-95.908,16.578],[-95.882,16.642],[-95.89,16.724],[-95.847,16.754],[-95.732,16.691],[-95.74,16.654]]],[[[-94.397,16.614],[-94.472,16.598],[-94.556,16.647],[-94.604,16.631],[-94.65,16.687],[-94.583,16.688],[-94.696,16.72],[-94.672,16.745],[-94.545,16.772],[-94.464,16.738],[-94.399,16.733],[-94.397,16.614]]],[[[-94.736,16.715],[-94.805,16.751],[-94.753,16.766],[-94.736,16.715]]],[[[-94.842,16.667],[-94.848,16.723],[-94.883,16.742],[-94.906,16.652],[-94.929,16.72],[-94.984,16.732],[-94.998,16.815],[-95.008,16.887],[-94.984,16.905],[-94.948,16.796],[-94.899,16.809],[-94.818,16.747],[-94.842,16.667]]],[[[-94.581,16.937],[-94.565,16.893],[-94.682,16.885],[-94.685,16.909],[-94.581,16.937]]],[[[-95.545,17.336],[-95.501,17.353],[-95.502,17.31],[-95.545,17.336]]],[[[-95.778,17.364],[-95.836,17.356],[-95.864,17.255],[-95.937,17.197],[-95.937,17.292],[-95.966,17.34],[-95.788,17.427],[-95.778,17.364]]],[[[-96.911,18.323],[-96.882,18.298],[-96.909,18.253],[-96.956,18.266],[-96.911,18.323]]],[[[-97.058,18.634],[-97.038,18.586],[-96.971,18.542],[-96.931,18.345],[-97.034,18.268],[-96.996,18.15],[-96.954,18.076],[-96.839,18.066],[-96.808,18.008],[-96.883,17.932],[-96.785,17.931],[-96.748,17.987],[-96.726,17.922],[-96.755,17.902],[-96.771,17.812],[-96.682,17.714],[-96.497,17.661],[-96.497,17.617],[-96.382,17.511],[-96.286,17.531],[-96.265,17.486],[-96.21,17.476],[-96.183,17.398],[-96.131,17.393],[-96.1,17.25],[-96.115,17.171],[-96.05,17.132],[-95.98,16.973],[-95.951,16.996],[-95.869,16.982],[-95.859,16.935],[-95.782,16.889],[-95.744,16.893],[-95.648,16.846],[-95.633,16.899],[-95.822,16.938],[-95.838,17.111],[-95.758,17.163],[-95.783,17.198],[-95.799,17.143],[-95.869,17.125],[-95.882,17.161],[-95.812,17.214],[-95.84,17.261],[-95.773,17.329],[-95.724,17.317],[-95.644,17.223],[-95.597,17.2],[-95.662,17.183],[-95.628,17.143],[-95.718,17.106],[-95.692,17.085],[-95.711,17.011],[-95.677,16.967],[-95.664,17.031],[-95.571,17.099],[-95.556,17.082],[-95.615,17.002],[-95.573,17.015],[-95.51,17.109],[-95.529,17.119],[-95.492,17.139],[-95.452,17.212],[-95.44,17.132],[-95.394,17.083],[-95.313,17.11],[-95.345,17.063],[-95.297,16.972],[-95.139,16.961],[-95.09,16.893],[-95.108,16.849],[-95.166,16.818],[-95.166,16.78],[-95.237,16.727],[-95.374,16.781],[-95.483,16.716],[-95.463,16.657],[-95.559,16.721],[-95.612,16.707],[-95.767,16.751],[-95.772,16.816],[-95.852,16.782],[-95.859,16.847],[-95.917,16.841],[-95.985,16.886],[-95.95,16.807],[-95.993,16.827],[-95.991,16.751],[-96.021,16.712],[-96.118,16.72],[-96.158,16.774],[-96.158,16.949],[-96.206,16.954],[-96.241,16.916],[-96.192,16.782],[-96.235,16.756],[-96.256,16.701],[-96.267,16.781],[-96.305,16.75],[-96.403,16.774],[-96.402,16.706],[-96.355,16.669],[-96.359,16.624],[-96.428,16.615],[-96.531,16.684],[-96.46,16.606],[-96.481,16.585],[-96.43,16.546],[-96.436,16.461],[-96.463,16.442],[-96.595,16.451],[-96.515,16.517],[-96.552,16.586],[-96.671,16.544],[-96.735,16.607],[-96.693,16.676],[-96.635,16.681],[-96.619,16.78],[-96.67,16.869],[-96.728,16.843],[-96.756,16.87],[-96.706,16.913],[-96.716,16.981],[-96.658,17.047],[-96.615,16.998],[-96.622,16.882],[-96.582,16.905],[-96.47,16.864],[-96.426,16.88],[-96.36,16.846],[-96.319,16.941],[-96.406,16.976],[-96.43,17.026],[-96.463,17.014],[-96.519,17.049],[-96.579,17.036],[-96.617,17.067],[-96.597,17.1],[-96.638,17.138],[-96.703,17.123],[-96.797,17.277],[-96.882,17.329],[-96.999,17.34],[-97.036,17.391],[-97.019,17.419],[-96.975,17.458],[-97.015,17.484],[-96.985,17.568],[-96.994,17.667],[-96.946,17.564],[-96.906,17.533],[-96.873,17.447],[-96.809,17.393],[-96.818,17.487],[-96.801,17.52],[-96.821,17.593],[-96.813,17.664],[-96.881,17.722],[-96.944,17.88],[-96.879,18.012],[-96.945,17.989],[-97.051,18.165],[-97.069,18.25],[-97.112,18.251],[-97.144,18.378],[-97.264,18.442],[-97.279,18.496],[-97.33,18.504],[-97.271,18.523],[-97.271,18.577],[-97.386,18.596],[-97.346,18.641],[-97.37,18.686],[-97.331,18.756],[-97.347,18.779],[-97.306,18.839],[-97.318,18.872],[-97.195,18.899],[-97.148,18.902],[-97.152,18.832],[-97.055,18.793],[-97.058,18.634]],[[-96.271,17.43],[-96.404,17.392],[-96.313,17.297],[-96.214,17.313],[-96.231,17.395],[-96.271,17.43]],[[-95.384,16.981],[-95.414,16.931],[-95.507,16.955],[-95.467,16.88],[-95.406,16.857],[-95.451,16.804],[-95.517,16.808],[-95.52,16.763],[-95.461,16.751],[-95.411,16.797],[-95.359,16.807],[-95.257,16.763],[-95.252,16.821],[-95.285,16.928],[-95.38,16.907],[-95.384,16.981]]]]}},{"type":"Feature","properties":{"id":558,"n":"Sierra Madre del Sur pine-oak forests","b":3},"geometry":{"type":"MultiPolygon","coordinates":[[[[-96.689,15.874],[-96.621,15.888],[-96.624,15.844],[-96.689,15.874]]],[[[-96.514,15.832],[-96.59,15.857],[-96.515,15.888],[-96.471,15.848],[-96.514,15.832]]],[[[-95.454,16.276],[-95.495,16.228],[-95.508,16.276],[-95.567,16.267],[-95.565,16.178],[-95.613,16.168],[-95.61,16.223],[-95.65,16.138],[-95.797,16.16],[-95.783,16.185],[-95.688,16.212],[-95.664,16.32],[-95.579,16.312],[-95.588,16.357],[-95.513,16.373],[-95.557,16.324],[-95.454,16.276]]],[[[-98.044,16.541],[-98.09,16.56],[-98.045,16.569],[-98.044,16.541]]],[[[-96.18,16.588],[-96.1,16.624],[-96.048,16.584],[-96.077,16.523],[-96.128,16.527],[-96.18,16.588]]],[[[-99.372,16.878],[-99.382,16.93],[-99.279,16.908],[-99.372,16.878]]],[[[-99.355,16.951],[-99.419,16.949],[-99.436,16.997],[-99.385,17.004],[-99.355,16.951]]],[[[-99.428,17.033],[-99.394,17.071],[-99.34,17.06],[-99.381,17.013],[-99.428,17.033]]],[[[-99.265,17.01],[-99.296,17.053],[-99.259,17.069],[-99.265,17.01]]],[[[-99.669,17.094],[-99.656,17.123],[-99.583,17.123],[-99.669,17.094]]],[[[-100.256,17.164],[-100.198,17.211],[-100.17,17.181],[-100.221,17.108],[-100.256,17.164]]],[[[-100.328,17.286],[-100.303,17.268],[-100.33,17.219],[-100.328,17.286]]],[[[-100.445,17.341],[-100.411,17.309],[-100.444,17.27],[-100.475,17.288],[-100.445,17.341]]],[[[-99.383,17.636],[-99.426,17.564],[-99.413,17.486],[-99.448,17.486],[-99.516,17.561],[-99.511,17.605],[-99.383,17.636]]],[[[-101.572,17.799],[-101.543,17.853],[-101.516,17.784],[-101.572,17.799]]],[[[-99.502,17.877],[-99.392,17.875],[-99.308,17.828],[-99.377,17.724],[-99.399,17.661],[-99.455,17.645],[-99.488,17.733],[-99.529,17.722],[-99.438,17.813],[-99.502,17.877]]],[[[-97.454,18.004],[-97.436,18.041],[-97.38,17.99],[-97.341,18.062],[-97.253,18.041],[-97.267,17.996],[-97.181,17.958],[-97.161,17.878],[-97.122,17.853],[-97.136,17.812],[-97.061,17.815],[-97.041,17.773],[-97.089,17.764],[-97.036,17.665],[-97.025,17.548],[-97.123,17.528],[-97.09,17.467],[-97.019,17.419],[-97.036,17.391],[-96.999,17.34],[-96.989,17.299],[-96.917,17.281],[-96.864,17.216],[-96.876,17.168],[-96.834,17.159],[-96.798,17.099],[-96.832,17.037],[-96.794,16.906],[-96.799,16.805],[-96.824,16.767],[-96.815,16.703],[-96.857,16.636],[-96.791,16.498],[-96.8,16.447],[-96.683,16.342],[-96.552,16.282],[-96.409,16.317],[-96.392,16.356],[-96.344,16.358],[-96.225,16.505],[-96.266,16.578],[-96.256,16.62],[-96.201,16.585],[-96.214,16.525],[-96.097,16.472],[-95.976,16.501],[-95.966,16.448],[-96.004,16.428],[-95.995,16.354],[-96.065,16.316],[-96.007,16.309],[-95.971,16.339],[-95.907,16.322],[-95.82,16.328],[-95.8,16.261],[-95.826,16.233],[-95.969,16.246],[-95.95,16.205],[-95.899,16.221],[-95.868,16.193],[-95.878,16.142],[-95.837,16.104],[-95.789,16.133],[-95.715,16.101],[-95.789,16.101],[-95.76,16.06],[-95.952,16.022],[-96.015,15.99],[-96.055,16.038],[-96.083,15.969],[-96.141,15.942],[-96.246,16.002],[-96.315,15.988],[-96.271,15.961],[-96.33,15.917],[-96.367,15.941],[-96.415,15.914],[-96.531,15.974],[-96.59,15.949],[-96.645,15.977],[-96.714,15.922],[-96.775,15.928],[-96.727,15.956],[-96.663,16.06],[-96.738,16.071],[-96.793,16.033],[-96.786,15.994],[-96.84,16.006],[-96.88,15.965],[-96.969,16.066],[-97.054,16.065],[-97.126,16.001],[-97.16,16.039],[-97.147,16.095],[-97.2,16.134],[-97.241,16.123],[-97.352,16.154],[-97.466,16.157],[-97.52,16.199],[-97.427,16.274],[-97.58,16.322],[-97.585,16.362],[-97.518,16.436],[-97.452,16.424],[-97.463,16.507],[-97.427,16.61],[-97.47,16.642],[-97.469,16.58],[-97.531,16.506],[-97.566,16.61],[-97.528,16.642],[-97.513,16.749],[-97.447,16.857],[-97.421,16.939],[-97.486,16.922],[-97.496,16.849],[-97.539,16.8],[-97.58,16.803],[-97.561,16.734],[-97.667,16.587],[-97.586,16.552],[-97.566,16.493],[-97.621,16.465],[-97.616,16.414],[-97.699,16.341],[-97.779,16.419],[-97.785,16.453],[-97.855,16.452],[-97.821,16.493],[-97.889,16.538],[-98.013,16.545],[-98.018,16.582],[-97.954,16.651],[-97.984,16.727],[-97.896,16.736],[-97.891,16.604],[-97.83,16.541],[-97.775,16.543],[-97.839,16.648],[-97.874,16.752],[-97.964,16.825],[-97.937,16.887],[-97.878,16.907],[-97.941,16.95],[-98.012,16.942],[-98.069,16.872],[-98.094,16.805],[-98.141,16.778],[-98.228,16.839],[-98.289,16.795],[-98.309,16.853],[-98.504,16.831],[-98.412,16.908],[-98.471,16.949],[-98.555,16.829],[-98.626,16.846],[-98.686,16.825],[-98.69,16.899],[-98.753,16.924],[-98.798,16.909],[-98.791,16.82],[-98.862,16.801],[-98.897,16.831],[-99.003,16.831],[-99.079,16.866],[-99.089,16.947],[-99.053,16.894],[-99.002,16.933],[-99.039,16.984],[-99.014,17.031],[-99.126,17.022],[-99.2,17.092],[-99.268,17.122],[-99.168,17.171],[-99.184,17.231],[-99.15,17.283],[-99.138,17.232],[-99.074,17.378],[-99.146,17.408],[-99.146,17.453],[-99.204,17.464],[-99.233,17.521],[-99.29,17.495],[-99.337,17.518],[-99.357,17.49],[-99.38,17.559],[-99.336,17.67],[-99.302,17.657],[-99.274,17.722],[-99.301,17.785],[-99.213,17.845],[-99.242,17.758],[-99.167,17.599],[-99.126,17.616],[-99.179,17.717],[-99.188,17.784],[-99.16,17.818],[-99.111,17.799],[-99.111,17.718],[-99.04,17.839],[-98.987,17.814],[-99.066,17.688],[-98.924,17.718],[-98.915,17.675],[-98.956,17.613],[-98.93,17.581],[-98.848,17.687],[-98.895,17.713],[-98.934,17.794],[-98.878,17.793],[-98.846,17.837],[-98.862,17.877],[-98.953,17.934],[-98.948,17.972],[-98.876,18.011],[-98.816,17.916],[-98.743,17.901],[-98.712,17.934],[-98.687,17.85],[-98.65,17.826],[-98.694,17.782],[-98.66,17.745],[-98.584,17.774],[-98.543,17.666],[-98.657,17.643],[-98.627,17.607],[-98.686,17.508],[-98.647,17.418],[-98.553,17.414],[-98.524,17.331],[-98.458,17.341],[-98.451,17.382],[-98.502,17.387],[-98.482,17.478],[-98.523,17.539],[-98.487,17.603],[-98.491,17.703],[-98.544,17.782],[-98.497,17.838],[-98.395,17.863],[-98.332,17.757],[-98.32,17.813],[-98.348,17.887],[-98.393,17.923],[-98.357,18.0],[-98.272,17.907],[-98.176,17.927],[-98.208,17.755],[-98.199,17.716],[-98.15,17.716],[-98.146,17.661],[-98.197,17.617],[-98.098,17.57],[-98.124,17.507],[-98.1,17.459],[-98.05,17.497],[-98.066,17.586],[-97.964,17.536],[-97.983,17.623],[-97.945,17.656],[-97.861,17.662],[-97.854,17.622],[-97.779,17.594],[-97.738,17.63],[-97.65,17.633],[-97.627,17.59],[-97.577,17.609],[-97.521,17.576],[-97.526,17.615],[-97.458,17.639],[-97.444,17.694],[-97.469,17.748],[-97.493,17.717],[-97.631,17.697],[-97.721,17.746],[-97.742,17.804],[-97.68,17.879],[-97.739,17.898],[-97.84,17.79],[-97.868,17.722],[-97.947,17.704],[-97.947,17.75],[-98.005,17.747],[-98.0,17.704],[-98.042,17.678],[-98.1,17.691],[-98.128,17.741],[-97.984,17.907],[-97.873,17.871],[-97.959,17.961],[-97.938,17.984],[-97.848,17.867],[-97.819,17.892],[-97.87,17.942],[-97.835,17.972],[-97.803,17.99],[-97.775,17.976],[-97.737,18.089],[-97.658,18.118],[-97.586,18.117],[-97.557,18.056],[-97.51,18.109],[-97.454,18.004]],[[-97.332,17.625],[-97.296,17.656],[-97.287,17.724],[-97.356,17.776],[-97.395,17.725],[-97.332,17.625]],[[-97.368,17.563],[-97.337,17.382],[-97.382,17.326],[-97.313,17.253],[-97.355,17.206],[-97.361,17.111],[-97.39,17.06],[-97.452,17.217],[-97.481,17.197],[-97.434,17.115],[-97.438,17.052],[-97.39,17.017],[-97.327,17.069],[-97.244,17.029],[-97.227,17.134],[-97.167,17.171],[-97.231,17.24],[-97.233,17.364],[-97.162,17.399],[-97.139,17.482],[-97.156,17.524],[-97.24,17.549],[-97.308,17.539],[-97.368,17.563]]],[[[-99.347,18.008],[-99.368,18.077],[-99.325,18.151],[-99.286,18.056],[-99.347,18.008]]],[[[-98.511,18.101],[-98.569,17.991],[-98.474,18.054],[-98.48,17.991],[-98.597,17.869],[-98.678,17.968],[-98.652,18.081],[-98.697,18.095],[-98.777,17.987],[-98.836,17.999],[-98.761,18.136],[-98.849,18.047],[-98.899,18.031],[-98.909,18.076],[-98.965,18.131],[-99.014,18.108],[-99.016,18.236],[-98.932,18.15],[-98.865,18.16],[-98.754,18.208],[-98.744,18.156],[-98.668,18.193],[-98.603,18.165],[-98.633,18.113],[-98.574,18.085],[-98.577,18.138],[-98.511,18.101]]],[[[-98.515,18.17],[-98.444,18.161],[-98.42,18.128],[-98.503,18.124],[-98.551,18.183],[-98.523,18.249],[-98.515,18.17]]],[[[-98.374,18.322],[-98.326,18.277],[-98.343,18.236],[-98.42,18.228],[-98.374,18.322]]],[[[-99.255,17.172],[-99.309,17.155],[-99.433,17.165],[-99.502,17.131],[-99.528,17.198],[-99.485,17.273],[-99.596,17.271],[-99.624,17.314],[-99.607,17.354],[-99.704,17.33],[-99.719,17.388],[-99.762,17.371],[-99.701,17.29],[-99.701,17.245],[-99.787,17.242],[-99.716,17.223],[-99.639,17.158],[-99.693,17.14],[-99.713,17.095],[-99.857,17.044],[-99.948,17.086],[-100.074,17.1],[-100.097,17.145],[-100.034,17.225],[-100.112,17.263],[-100.178,17.23],[-100.272,17.278],[-100.324,17.366],[-100.394,17.355],[-100.435,17.389],[-100.529,17.335],[-100.555,17.387],[-100.626,17.43],[-100.644,17.507],[-100.69,17.423],[-100.626,17.397],[-100.645,17.298],[-100.729,17.326],[-100.782,17.27],[-100.804,17.323],[-100.742,17.349],[-100.735,17.446],[-100.843,17.389],[-100.869,17.345],[-100.88,17.413],[-100.939,17.449],[-100.931,17.371],[-100.973,17.36],[-101.012,17.485],[-100.995,17.566],[-100.955,17.579],[-100.981,17.621],[-101.088,17.535],[-101.114,17.459],[-101.148,17.48],[-101.161,17.554],[-101.125,17.59],[-101.17,17.614],[-101.089,17.655],[-101.119,17.713],[-101.17,17.717],[-101.158,17.81],[-101.233,17.857],[-101.299,17.761],[-101.225,17.691],[-101.164,17.685],[-101.149,17.644],[-101.234,17.637],[-101.302,17.693],[-101.331,17.667],[-101.386,17.725],[-101.312,17.731],[-101.333,17.763],[-101.464,17.753],[-101.406,17.789],[-101.442,17.856],[-101.486,17.858],[-101.508,17.948],[-101.491,18.041],[-101.584,18.11],[-101.563,18.137],[-101.613,18.162],[-101.57,18.264],[-101.546,18.371],[-101.496,18.358],[-101.551,18.408],[-101.49,18.409],[-101.458,18.36],[-101.443,18.268],[-101.393,18.269],[-101.427,18.346],[-101.366,18.302],[-101.322,18.232],[-101.256,18.235],[-101.281,18.281],[-101.23,18.272],[-101.162,18.369],[-101.109,18.298],[-101.138,18.235],[-101.076,18.231],[-101.042,18.175],[-100.991,18.195],[-100.931,18.134],[-100.992,18.043],[-101.069,18.017],[-101.059,17.993],[-100.969,17.994],[-100.873,18.035],[-100.843,18.146],[-100.766,18.09],[-100.811,18.052],[-100.834,17.987],[-100.806,17.963],[-100.728,17.975],[-100.724,18.049],[-100.686,17.989],[-100.723,17.947],[-100.631,17.908],[-100.632,17.829],[-100.66,17.78],[-100.573,17.828],[-100.533,17.943],[-100.635,17.992],[-100.617,18.044],[-100.507,17.969],[-100.521,17.855],[-100.545,17.79],[-100.483,17.853],[-100.486,17.943],[-100.458,17.974],[-100.422,17.912],[-100.444,17.766],[-100.405,17.728],[-100.403,17.854],[-100.361,18.046],[-100.276,18.062],[-100.243,17.999],[-100.273,17.988],[-100.24,17.919],[-100.175,17.877],[-100.25,17.826],[-100.206,17.801],[-100.272,17.748],[-100.246,17.704],[-100.269,17.652],[-100.214,17.601],[-100.211,17.669],[-100.162,17.768],[-100.15,17.654],[-100.19,17.584],[-100.156,17.554],[-100.121,17.749],[-100.064,17.743],[-100.06,17.677],[-100.028,17.639],[-99.979,17.655],[-99.928,17.634],[-100.022,17.737],[-100.012,17.802],[-99.969,17.818],[-99.941,17.767],[-99.923,17.9],[-99.879,17.831],[-99.823,17.831],[-99.752,17.893],[-99.686,17.899],[-99.653,17.833],[-99.737,17.811],[-99.694,17.758],[-99.775,17.686],[-99.727,17.703],[-99.707,17.666],[-99.651,17.697],[-99.574,17.61],[-99.559,17.54],[-99.477,17.434],[-99.437,17.41],[-99.473,17.341],[-99.427,17.368],[-99.407,17.424],[-99.353,17.415],[-99.33,17.45],[-99.284,17.39],[-99.327,17.28],[-99.29,17.255],[-99.245,17.347],[-99.192,17.289],[-99.252,17.232],[-99.255,17.172]],[[-100.371,17.534],[-100.514,17.526],[-100.554,17.453],[-100.505,17.423],[-100.492,17.473],[-100.438,17.503],[-100.368,17.493],[-100.371,17.534]]],[[[-98.585,18.389],[-98.641,18.399],[-98.573,18.451],[-98.544,18.389],[-98.489,18.348],[-98.465,18.293],[-98.494,18.259],[-98.585,18.389]]]]}},{"type":"Feature","properties":{"id":399,"n":"Southeast US conifer savannas","b":8},"geometry":{"type":"MultiPolygon","coordinates":[[[[-81.5,30.794],[-81.519,30.806],[-81.499,30.819],[-81.5,30.794]]],[[[-81.524,30.825],[-81.518,30.837],[-81.509,30.831],[-81.524,30.825]]],[[[-81.469,30.926],[-81.508,30.962],[-81.449,30.966],[-81.469,30.926]]],[[[-81.453,30.796],[-81.46,30.743],[-81.486,30.86],[-81.511,30.88],[-81.436,30.932],[-81.408,30.978],[-81.405,30.911],[-81.453,30.796]]],[[[-81.432,31.08],[-81.434,31.086],[-81.407,31.118],[-81.415,31.027],[-81.432,31.08]]],[[[-81.42,31.182],[-81.41,31.172],[-81.427,31.155],[-81.42,31.182]]],[[[-81.432,31.227],[-81.409,31.245],[-81.422,31.191],[-81.432,31.227]]],[[[-81.26,31.259],[-81.337,31.189],[-81.368,31.137],[-81.409,31.136],[-81.381,31.283],[-81.384,31.314],[-81.272,31.292],[-81.26,31.259]]],[[[-81.302,31.322],[-81.337,31.36],[-81.292,31.367],[-81.302,31.322]]],[[[-81.316,31.43],[-81.338,31.448],[-81.306,31.444],[-81.316,31.43]]],[[[-81.328,31.477],[-81.295,31.484],[-81.307,31.456],[-81.328,31.477]]],[[[-81.267,31.385],[-81.309,31.427],[-81.292,31.48],[-81.239,31.527],[-81.177,31.517],[-81.267,31.385]]],[[[-81.138,31.721],[-81.162,31.79],[-81.135,31.852],[-81.037,31.813],[-81.138,31.721]]],[[[-80.875,32.08],[-80.899,32.119],[-80.837,32.147],[-80.875,32.08]]],[[[-80.721,32.16],[-80.812,32.11],[-80.781,32.206],[-80.744,32.239],[-80.729,32.271],[-80.669,32.224],[-80.721,32.16]]],[[[-80.787,32.223],[-80.757,32.277],[-80.741,32.266],[-80.787,32.223]]],[[[-80.664,32.292],[-80.738,32.352],[-80.67,32.352],[-80.664,32.292]]],[[[-80.584,32.274],[-80.556,32.31],[-80.456,32.36],[-80.453,32.324],[-80.584,32.274]]],[[[-80.431,32.402],[-80.431,32.401],[-80.432,32.401],[-80.431,32.402]]],[[[-80.453,32.368],[-80.463,32.388],[-80.432,32.411],[-80.453,32.368]]],[[[-80.543,32.466],[-80.532,32.5],[-80.484,32.46],[-80.543,32.466]]],[[[-80.543,32.455],[-80.48,32.447],[-80.458,32.408],[-80.564,32.355],[-80.543,32.332],[-80.634,32.256],[-80.652,32.421],[-80.672,32.503],[-80.558,32.491],[-80.543,32.455]]],[[[-80.701,32.454],[-80.677,32.381],[-80.745,32.354],[-80.809,32.478],[-80.785,32.493],[-80.761,32.537],[-80.694,32.525],[-80.701,32.454]]],[[[-79.968,32.64],[-79.955,32.656],[-79.913,32.666],[-79.968,32.64]]],[[[-79.852,32.768],[-79.813,32.776],[-79.849,32.753],[-79.852,32.768]]],[[[-79.807,32.775],[-79.756,32.808],[-79.728,32.804],[-79.807,32.775]]],[[[-79.722,32.825],[-79.729,32.842],[-79.7,32.84],[-79.722,32.825]]],[[[-79.405,33.005],[-79.404,33.023],[-79.366,33.012],[-79.405,33.005]]],[[[-79.505,33.028],[-79.489,33.028],[-79.48,33.009],[-79.505,33.028]]],[[[-79.4,33.028],[-79.403,33.059],[-79.364,33.029],[-79.4,33.028]]],[[[-79.351,33.051],[-79.334,33.084],[-79.343,33.047],[-79.351,33.051]]],[[[-90.7,34.579],[-90.734,34.663],[-90.725,34.757],[-90.704,34.76],[-90.607,34.594],[-90.611,34.5],[-90.7,34.579]]],[[[-89.835,37.087],[-89.802,37.031],[-89.87,36.952],[-89.833,36.944],[-89.831,36.883],[-89.908,36.83],[-89.937,36.782],[-90.043,36.675],[-90.049,36.566],[-90.03,36.54],[-90.055,36.48],[-90.118,36.472],[-90.171,36.435],[-90.198,36.373],[-90.28,36.276],[-90.347,36.239],[-90.444,36.153],[-90.558,35.937],[-90.675,35.788],[-90.661,35.62],[-90.675,35.413],[-90.705,35.314],[-90.709,35.23],[-90.679,35.168],[-90.728,34.989],[-90.682,34.933],[-90.705,34.884],[-90.774,34.967],[-90.815,35.075],[-90.714,35.592],[-90.68,35.696],[-90.713,35.759],[-90.806,35.802],[-90.836,35.837],[-90.804,35.87],[-90.759,35.977],[-90.705,36.013],[-90.647,36.109],[-90.615,36.199],[-90.507,36.245],[-90.417,36.333],[-90.414,36.368],[-90.356,36.421],[-90.281,36.429],[-90.219,36.467],[-90.207,36.509],[-90.108,36.523],[-90.092,36.627],[-90.063,36.647],[-90.042,36.793],[-90.08,36.896],[-90.129,36.861],[-90.194,36.866],[-90.207,36.945],[-90.088,37.015],[-89.912,37.077],[-89.835,37.087]]],[[[-76.757,37.191],[-76.773,37.212],[-76.737,37.206],[-76.757,37.191]]],[[[-76.996,37.238],[-76.996,37.241],[-76.994,37.241],[-76.996,37.238]]],[[[-76.436,37.649],[-76.411,37.652],[-76.418,37.64],[-76.436,37.649]]],[[[-76.411,37.653],[-76.41,37.654],[-76.41,37.653],[-76.411,37.653]]],[[[-76.558,38.385],[-76.557,38.383],[-76.561,38.385],[-76.558,38.385]]],[[[-76.503,38.906],[-76.495,38.909],[-76.506,38.9],[-76.503,38.906]]],[[[-76.405,39.032],[-76.403,39.03],[-76.409,39.03],[-76.405,39.032]]],[[[-75.843,39.58],[-75.899,39.515],[-75.997,39.467],[-75.945,39.593],[-76.086,39.54],[-76.249,39.466],[-76.347,39.4],[-76.348,39.4],[-76.351,39.4],[-76.353,39.4],[-76.355,39.4],[-76.394,39.381],[-76.396,39.377],[-76.394,39.35],[-76.484,39.32],[-76.484,39.322],[-76.487,39.325],[-76.522,39.305],[-76.528,39.266],[-76.536,39.264],[-76.54,39.266],[-76.571,39.276],[-76.603,39.266],[-76.521,39.171],[-76.431,39.132],[-76.513,39.068],[-76.411,39.031],[-76.44,39.032],[-76.462,39.011],[-76.463,39.01],[-76.465,39.003],[-76.466,39.003],[-76.475,38.989],[-76.547,39.067],[-76.573,39.036],[-76.476,38.981],[-76.459,38.915],[-76.567,38.955],[-76.509,38.915],[-76.548,38.883],[-76.55,38.88],[-76.55,38.876],[-76.573,38.779],[-76.561,38.759],[-76.554,38.753],[-76.548,38.73],[-76.533,38.694],[-76.512,38.614],[-76.518,38.537],[-76.484,38.474],[-76.381,38.386],[-76.41,38.335],[-76.43,38.341],[-76.431,38.341],[-76.434,38.343],[-76.435,38.343],[-76.449,38.35],[-76.45,38.35],[-76.47,38.373],[-76.47,38.374],[-76.49,38.391],[-76.493,38.394],[-76.537,38.425],[-76.538,38.425],[-76.539,38.425],[-76.541,38.426],[-76.572,38.432],[-76.597,38.452],[-76.602,38.458],[-76.626,38.472],[-76.633,38.564],[-76.667,38.61],[-76.693,38.733],[-76.716,38.704],[-76.693,38.544],[-76.694,38.538],[-76.694,38.497],[-76.694,38.495],[-76.696,38.479],[-76.676,38.449],[-76.595,38.395],[-76.585,38.389],[-76.583,38.388],[-76.563,38.385],[-76.561,38.385],[-76.558,38.382],[-76.551,38.383],[-76.535,38.373],[-76.531,38.355],[-76.532,38.354],[-76.534,38.347],[-76.528,38.339],[-76.512,38.325],[-76.511,38.324],[-76.454,38.289],[-76.452,38.287],[-76.41,38.252],[-76.36,38.127],[-76.407,38.174],[-76.437,38.187],[-76.444,38.186],[-76.558,38.209],[-76.559,38.21],[-76.647,38.261],[-76.654,38.264],[-76.709,38.282],[-76.718,38.285],[-76.82,38.297],[-76.859,38.383],[-76.86,38.308],[-76.986,38.379],[-77.022,38.457],[-77.155,38.44],[-77.188,38.382],[-77.25,38.383],[-77.133,38.342],[-77.059,38.386],[-77.078,38.316],[-77.027,38.27],[-77.026,38.268],[-77.012,38.2],[-77.011,38.2],[-76.983,38.161],[-76.881,38.175],[-76.86,38.171],[-76.858,38.17],[-76.839,38.163],[-76.837,38.163],[-76.829,38.163],[-76.828,38.163],[-76.791,38.169],[-76.772,38.16],[-76.77,38.158],[-76.73,38.107],[-76.727,38.102],[-76.711,38.079],[-76.598,38.069],[-76.58,38.014],[-76.53,37.975],[-76.35,37.908],[-76.326,37.863],[-76.447,37.88],[-76.343,37.825],[-76.364,37.736],[-76.405,37.661],[-76.406,37.66],[-76.407,37.658],[-76.409,37.656],[-76.451,37.649],[-76.457,37.717],[-76.51,37.642],[-76.584,37.771],[-76.726,37.836],[-76.781,37.913],[-76.794,37.895],[-76.721,37.787],[-76.62,37.745],[-76.585,37.663],[-76.532,37.612],[-76.433,37.614],[-76.414,37.581],[-76.427,37.527],[-76.432,37.513],[-76.491,37.416],[-76.493,37.412],[-76.498,37.403],[-76.499,37.402],[-76.515,37.342],[-76.496,37.249],[-76.557,37.297],[-76.737,37.486],[-76.795,37.526],[-76.743,37.44],[-76.661,37.366],[-76.616,37.3],[-76.494,37.226],[-76.629,37.206],[-76.693,37.224],[-76.775,37.213],[-76.874,37.264],[-76.941,37.237],[-77.015,37.313],[-77.079,37.278],[-77.079,37.32],[-77.225,37.325],[-77.201,37.29],[-77.096,37.307],[-77.081,37.272],[-77.013,37.303],[-77.004,37.238],[-76.899,37.199],[-76.801,37.206],[-76.765,37.17],[-76.839,37.133],[-76.916,37.032],[-76.979,36.917],[-77.058,36.805],[-77.113,36.842],[-77.126,36.696],[-77.179,36.625],[-77.166,36.588],[-77.111,36.589],[-77.074,36.533],[-77.118,36.519],[-77.078,36.489],[-77.093,36.448],[-77.011,36.419],[-77.071,36.372],[-77.224,36.374],[-77.322,36.399],[-77.438,36.379],[-77.486,36.434],[-77.564,36.427],[-77.538,36.386],[-77.313,36.241],[-77.271,36.175],[-77.314,36.098],[-77.389,36.078],[-77.426,36.013],[-77.404,35.981],[-77.426,35.915],[-77.412,35.816],[-77.45,35.768],[-77.441,35.704],[-77.497,35.632],[-77.457,35.527],[-77.407,35.478],[-77.422,35.352],[-77.539,35.187],[-77.645,35.135],[-77.612,35.092],[-77.675,35.051],[-77.666,34.995],[-77.72,34.951],[-77.854,34.959],[-77.969,34.918],[-78.055,34.846],[-78.109,34.822],[-78.235,34.726],[-78.351,34.752],[-78.429,34.749],[-78.554,34.867],[-78.611,34.893],[-78.758,35.019],[-78.801,34.988],[-78.769,34.962],[-78.795,34.861],[-78.756,34.76],[-78.659,34.705],[-78.608,34.647],[-78.523,34.612],[-78.47,34.568],[-78.435,34.502],[-78.497,34.413],[-78.54,34.4],[-78.645,34.323],[-78.674,34.26],[-78.735,34.194],[-78.789,34.175],[-78.85,34.115],[-78.938,34.143],[-78.984,34.124],[-79.065,34.149],[-79.091,34.215],[-79.197,34.228],[-79.182,34.191],[-79.275,34.121],[-79.34,34.022],[-79.451,34.055],[-79.518,34.014],[-79.629,34.071],[-79.66,34.043],[-79.737,34.093],[-79.723,34.13],[-79.817,34.115],[-79.824,34.147],[-79.898,34.144],[-79.966,34.096],[-80.036,34.093],[-80.065,34.05],[-80.131,34.09],[-80.162,34.017],[-80.155,33.948],[-80.185,33.917],[-80.144,33.821],[-80.116,33.799],[-80.178,33.7],[-80.126,33.678],[-80.182,33.521],[-80.146,33.443],[-80.168,33.391],[-80.332,33.38],[-80.453,33.429],[-80.528,33.405],[-80.655,33.426],[-80.696,33.45],[-80.808,33.451],[-80.957,33.394],[-81.023,33.346],[-81.111,33.25],[-81.148,33.176],[-81.127,33.09],[-81.179,33.03],[-81.243,32.924],[-81.308,32.955],[-81.367,32.903],[-81.432,32.887],[-81.377,32.773],[-81.373,32.723],[-81.288,32.597],[-81.195,32.553],[-81.138,32.495],[-81.109,32.253],[-81.05,32.178],[-81.008,32.208],[-80.864,32.246],[-80.873,32.276],[-80.941,32.293],[-80.895,32.365],[-80.903,32.447],[-80.881,32.49],[-80.936,32.592],[-80.846,32.579],[-80.841,32.63],[-80.795,32.575],[-80.777,32.605],[-80.734,32.554],[-80.693,32.551],[-80.696,32.634],[-80.793,32.693],[-80.696,32.724],[-80.643,32.661],[-80.565,32.678],[-80.593,32.752],[-80.526,32.776],[-80.534,32.732],[-80.466,32.706],[-80.424,32.743],[-80.393,32.69],[-80.213,32.737],[-80.154,32.837],[-80.081,32.83],[-80.144,32.928],[-80.04,32.893],[-80.052,32.96],[-79.957,32.946],[-79.978,33.026],[-79.959,33.08],[-79.987,33.143],[-79.886,33.082],[-79.82,33.097],[-79.856,33.05],[-79.875,32.922],[-79.758,32.968],[-79.697,32.961],[-79.636,33.027],[-79.552,33.065],[-79.447,33.192],[-79.453,33.231],[-79.371,33.23],[-79.315,33.292],[-79.331,33.33],[-79.413,33.343],[-79.428,33.368],[-79.3,33.427],[-79.298,33.49],[-79.242,33.467],[-79.191,33.485],[-79.17,33.56],[-79.142,33.522],[-79.113,33.557],[-79.052,33.547],[-78.996,33.579],[-79.076,33.491],[-79.139,33.398],[-79.18,33.25],[-79.203,33.303],[-79.293,33.303],[-79.213,33.246],[-79.186,33.178],[-79.264,33.121],[-79.364,33.077],[-79.424,33.075],[-79.416,33.017],[-79.529,33.037],[-79.615,32.963],[-79.583,32.905],[-79.697,32.85],[-79.742,32.871],[-79.794,32.816],[-79.757,32.809],[-79.857,32.767],[-79.906,32.803],[-79.935,32.757],[-79.868,32.733],[-79.918,32.67],[-79.955,32.661],[-80.027,32.61],[-80.196,32.559],[-80.333,32.478],[-80.364,32.496],[-80.507,32.515],[-80.587,32.5],[-80.755,32.545],[-80.812,32.493],[-80.848,32.535],[-80.759,32.278],[-80.794,32.231],[-80.789,32.19],[-80.9,32.12],[-80.91,32.047],[-80.841,32.0],[-80.907,31.945],[-80.992,31.93],[-80.93,31.907],[-80.996,31.857],[-81.086,31.895],[-81.09,31.86],[-81.142,31.858],[-81.183,31.794],[-81.161,31.728],[-81.264,31.765],[-81.164,31.692],[-81.133,31.698],[-81.133,31.623],[-81.179,31.556],[-81.282,31.546],[-81.265,31.515],[-81.331,31.478],[-81.341,31.45],[-81.293,31.37],[-81.334,31.372],[-81.379,31.33],[-81.446,31.207],[-81.433,31.13],[-81.483,31.109],[-81.432,31.08],[-81.462,30.998],[-81.52,30.97],[-81.497,30.922],[-81.531,30.834],[-81.5,30.721],[-81.426,30.7],[-81.443,30.602],[-81.411,30.482],[-81.397,30.372],[-81.801,30.302],[-81.959,30.283],[-82.28,30.258],[-82.44,30.251],[-82.76,30.251],[-82.92,30.258],[-83.241,30.283],[-83.399,30.302],[-83.719,30.355],[-83.874,30.386],[-84.193,30.465],[-84.344,30.509],[-84.661,30.616],[-84.806,30.672],[-85.121,30.809],[-85.259,30.876],[-85.569,31.045],[-85.699,31.123],[-86.002,31.324],[-86.122,31.412],[-86.415,31.649],[-86.524,31.747],[-86.804,32.021],[-86.901,32.126],[-87.162,32.439],[-87.247,32.552],[-87.482,32.903],[-87.554,33.022],[-87.757,33.41],[-87.866,33.667],[-87.914,33.588],[-88.152,33.237],[-88.237,33.124],[-88.5,32.813],[-88.598,32.707],[-88.879,32.434],[-88.989,32.337],[-89.283,32.102],[-89.404,32.014],[-89.706,31.814],[-89.837,31.736],[-90.146,31.57],[-90.285,31.503],[-90.598,31.368],[-90.745,31.312],[-91.06,31.207],[-91.212,31.163],[-91.55,31.081],[-91.496,31.176],[-91.414,31.235],[-91.354,31.339],[-91.45,31.389],[-91.424,31.546],[-91.388,31.56],[-91.382,31.646],[-91.349,31.7],[-91.22,31.774],[-91.177,31.911],[-91.058,31.987],[-91.048,32.04],[-90.974,32.096],[-90.941,32.151],[-90.942,32.217],[-90.874,32.366],[-90.828,32.422],[-90.781,32.52],[-90.721,32.561],[-90.584,32.61],[-90.446,32.817],[-90.38,32.878],[-90.347,32.957],[-90.292,32.981],[-90.198,33.101],[-90.195,33.183],[-90.143,33.25],[-90.151,33.358],[-90.073,33.451],[-90.05,33.529],[-90.043,33.708],[-90.008,33.745],[-90.063,33.899],[-90.08,34.079],[-90.066,34.261],[-90.026,34.321],[-90.083,34.399],[-90.171,34.476],[-90.214,34.646],[-90.139,34.779],[-90.2,34.776],[-90.194,34.835],[-90.143,34.904],[-90.118,35.0],[-90.127,35.057],[-90.083,35.071],[-90.05,35.149],[-90.05,35.23],[-90.076,35.302],[-90.045,35.36],[-89.967,35.428],[-89.951,35.494],[-89.9,35.51],[-89.835,35.598],[-89.893,35.603],[-89.835,35.645],[-89.738,35.678],[-89.675,35.76],[-89.493,35.938],[-89.429,35.987],[-89.502,36.065],[-89.489,36.115],[-89.379,36.171],[-89.419,36.224],[-89.42,36.274],[-89.306,36.435],[-89.309,36.471],[-89.171,36.579],[-89.098,36.6],[-89.127,36.705],[-89.093,36.799],[-89.1,36.873],[-89.062,36.934],[-89.097,36.953],[-89.06,37.094],[-88.98,37.198],[-88.943,37.2],[-88.802,37.16],[-88.744,37.131],[-88.742,37.094],[-88.662,37.106],[-88.616,37.047],[-88.631,37.023],[-88.557,36.932],[-88.447,36.949],[-88.519,36.978],[-88.546,37.044],[-88.433,37.011],[-88.334,37.018],[-88.363,36.949],[-88.275,36.874],[-88.25,36.812],[-88.269,36.76],[-88.233,36.672],[-88.159,36.696],[-88.227,36.599],[-88.242,36.501],[-88.201,36.465],[-88.186,36.405],[-88.055,36.268],[-88.063,36.228],[-88.028,36.151],[-88.044,36.114],[-88.01,36.055],[-88.082,36.013],[-88.091,35.959],[-88.054,35.847],[-88.115,35.805],[-88.129,35.724],[-88.096,35.544],[-88.113,35.465],[-88.061,35.349],[-88.1,35.302],[-88.051,35.221],[-87.955,35.16],[-87.905,35.106],[-87.811,35.13],[-87.734,35.192],[-87.733,35.24],[-87.693,35.247],[-87.724,35.14],[-87.717,35.096],[-87.673,35.079],[-87.678,34.992],[-87.798,34.98],[-87.884,34.898],[-87.994,34.829],[-88.035,34.757],[-88.017,34.704],[-87.961,34.747],[-87.895,34.725],[-87.899,34.638],[-87.865,34.634],[-87.712,34.559],[-87.772,34.479],[-87.806,34.464],[-87.748,34.422],[-87.68,34.388],[-87.678,34.333],[-87.724,34.297],[-87.808,34.294],[-87.77,34.265],[-87.682,34.246],[-87.636,34.277],[-87.569,34.261],[-87.567,34.231],[-87.672,34.166],[-87.731,34.203],[-87.82,34.171],[-87.833,34.112],[-87.772,34.109],[-87.767,33.997],[-87.701,33.934],[-87.688,33.837],[-87.651,33.713],[-87.663,33.579],[-87.566,33.476],[-87.539,33.381],[-87.472,33.215],[-87.397,33.163],[-87.291,33.146],[-87.255,33.138],[-87.186,33.178],[-87.147,33.113],[-87.162,32.999],[-87.129,32.965],[-87.045,32.987],[-86.846,32.973],[-86.711,32.979],[-86.664,32.954],[-86.656,32.899],[-86.578,32.831],[-86.52,32.808],[-86.5,32.749],[-86.392,32.742],[-86.324,32.656],[-86.257,32.617],[-86.182,32.657],[-86.113,32.661],[-86.085,32.613],[-86.015,32.642],[-85.924,32.606],[-85.887,32.536],[-85.827,32.598],[-85.688,32.572],[-85.487,32.621],[-85.458,32.602],[-85.494,32.562],[-85.41,32.531],[-85.356,32.555],[-85.292,32.525],[-85.136,32.553],[-85.056,32.547],[-84.999,32.504],[-84.914,32.514],[-84.792,32.562],[-84.679,32.543],[-84.537,32.63],[-84.409,32.643],[-84.356,32.676],[-84.219,32.655],[-84.157,32.675],[-84.093,32.66],[-84.099,32.698],[-83.928,32.771],[-83.849,32.766],[-83.791,32.813],[-83.749,32.795],[-83.691,32.859],[-83.582,32.856],[-83.574,32.91],[-83.518,32.961],[-83.383,32.964],[-83.362,33.023],[-83.266,33.007],[-83.165,33.033],[-83.124,33.162],[-83.107,33.056],[-83.046,33.085],[-83.091,33.11],[-83.067,33.148],[-83.137,33.231],[-83.111,33.282],[-82.998,33.109],[-82.951,33.105],[-82.911,33.252],[-82.834,33.273],[-82.724,33.247],[-82.746,33.278],[-82.701,33.336],[-82.639,33.307],[-82.6,33.245],[-82.599,33.326],[-82.635,33.333],[-82.588,33.402],[-82.48,33.367],[-82.499,33.406],[-82.484,33.476],[-82.45,33.496],[-82.433,33.56],[-82.392,33.527],[-82.397,33.429],[-82.265,33.419],[-82.14,33.523],[-82.074,33.529],[-82.045,33.482],[-81.99,33.507],[-81.974,33.636],[-81.949,33.635],[-81.868,33.727],[-81.905,33.761],[-81.894,33.811],[-81.726,33.875],[-81.676,33.862],[-81.49,33.945],[-81.475,33.931],[-81.395,33.985],[-81.234,34.009],[-81.222,33.966],[-81.15,34.007],[-81.08,34.02],[-80.999,34.095],[-80.981,34.16],[-81.01,34.209],[-80.971,34.221],[-80.873,34.184],[-80.796,34.222],[-80.873,34.274],[-80.776,34.289],[-80.742,34.314],[-80.648,34.313],[-80.576,34.413],[-80.617,34.434],[-80.571,34.517],[-80.577,34.572],[-80.522,34.553],[-80.576,34.609],[-80.52,34.649],[-80.427,34.63],[-80.415,34.672],[-80.461,34.724],[-80.373,34.779],[-80.235,34.745],[-80.068,34.738],[-80.125,34.845],[-80.0,34.88],[-79.96,34.812],[-79.93,34.834],[-79.924,34.914],[-79.958,34.965],[-79.913,34.984],[-79.807,34.981],[-79.822,35.075],[-79.759,35.162],[-79.784,35.231],[-79.782,35.312],[-79.603,35.364],[-79.558,35.348],[-79.6,35.283],[-79.533,35.289],[-79.441,35.355],[-79.214,35.41],[-79.14,35.377],[-79.093,35.405],[-78.975,35.348],[-78.981,35.389],[-79.087,35.451],[-79.149,35.414],[-79.221,35.448],[-79.024,35.494],[-79.01,35.458],[-78.946,35.43],[-78.909,35.455],[-78.82,35.421],[-78.766,35.507],[-78.845,35.451],[-78.821,35.517],[-78.845,35.544],[-78.865,35.478],[-78.88,35.54],[-78.841,35.65],[-78.816,35.621],[-78.662,35.592],[-78.689,35.661],[-78.562,35.61],[-78.531,35.574],[-78.432,35.558],[-78.457,35.637],[-78.43,35.651],[-78.329,35.588],[-78.325,35.683],[-78.226,35.652],[-78.249,35.691],[-78.2,35.725],[-78.151,35.661],[-78.091,35.738],[-78.128,35.779],[-78.14,35.845],[-78.064,35.895],[-78.132,35.929],[-78.046,36.002],[-77.986,36.092],[-77.944,36.113],[-77.956,36.165],[-77.875,36.16],[-77.854,36.247],[-77.807,36.231],[-77.814,36.274],[-77.782,36.335],[-77.801,36.379],[-77.743,36.391],[-77.782,36.427],[-77.707,36.472],[-77.655,36.474],[-77.699,36.522],[-77.672,36.544],[-77.596,36.689],[-77.568,36.846],[-77.59,36.92],[-77.576,37.012],[-77.522,37.17],[-77.542,37.287],[-77.509,37.375],[-77.534,37.401],[-77.512,37.488],[-77.544,37.555],[-77.516,37.658],[-77.54,37.763],[-77.515,37.827],[-77.525,38.003],[-77.564,38.191],[-77.562,38.282],[-77.522,38.355],[-77.36,38.533],[-77.334,38.597],[-77.29,38.609],[-77.227,38.682],[-77.082,38.894],[-76.916,39.108],[-76.842,39.133],[-76.788,39.203],[-76.724,39.214],[-76.656,39.271],[-76.599,39.371],[-76.544,39.402],[-76.412,39.404],[-76.356,39.459],[-76.227,39.488],[-76.186,39.526],[-76.058,39.578],[-76.022,39.641],[-75.958,39.607],[-75.899,39.67],[-75.855,39.638],[-75.749,39.692],[-75.71,39.688],[-75.742,39.639],[-75.843,39.581],[-75.843,39.58]],[[-81.638,30.544],[-81.674,30.565],[-81.667,30.546],[-81.638,30.544]]]]}},{"type":"Feature","properties":{"id":547,"n":"Southern Pacific dry forests","b":2},"geometry":{"type":"Polygon","coordinates":[[[-101.491,18.041],[-101.508,17.948],[-101.486,17.858],[-101.442,17.856],[-101.406,17.789],[-101.464,17.753],[-101.333,17.763],[-101.312,17.731],[-101.386,17.725],[-101.331,17.667],[-101.302,17.693],[-101.234,17.637],[-101.149,17.644],[-101.164,17.685],[-101.225,17.691],[-101.299,17.761],[-101.233,17.857],[-101.158,17.81],[-101.17,17.717],[-101.119,17.713],[-101.089,17.655],[-101.17,17.614],[-101.125,17.59],[-101.161,17.554],[-101.148,17.48],[-101.114,17.459],[-101.088,17.535],[-100.981,17.621],[-100.955,17.579],[-100.995,17.566],[-101.012,17.485],[-100.973,17.36],[-100.931,17.371],[-100.939,17.449],[-100.88,17.413],[-100.869,17.345],[-100.843,17.389],[-100.735,17.446],[-100.742,17.349],[-100.804,17.323],[-100.782,17.27],[-100.729,17.326],[-100.645,17.298],[-100.626,17.397],[-100.69,17.423],[-100.644,17.507],[-100.626,17.43],[-100.555,17.387],[-100.529,17.335],[-100.435,17.389],[-100.394,17.355],[-100.324,17.366],[-100.272,17.278],[-100.178,17.23],[-100.112,17.263],[-100.034,17.225],[-100.097,17.145],[-100.074,17.1],[-99.948,17.086],[-99.857,17.044],[-99.713,17.095],[-99.693,17.14],[-99.639,17.158],[-99.716,17.223],[-99.787,17.242],[-99.701,17.245],[-99.701,17.29],[-99.762,17.371],[-99.719,17.388],[-99.704,17.33],[-99.607,17.354],[-99.624,17.314],[-99.596,17.271],[-99.485,17.273],[-99.528,17.198],[-99.502,17.131],[-99.433,17.165],[-99.309,17.155],[-99.255,17.172],[-99.252,17.232],[-99.184,17.231],[-99.168,17.171],[-99.268,17.122],[-99.2,17.092],[-99.126,17.022],[-99.014,17.031],[-99.039,16.984],[-99.002,16.933],[-99.053,16.894],[-99.089,16.947],[-99.079,16.866],[-99.003,16.831],[-98.897,16.831],[-98.862,16.801],[-98.791,16.82],[-98.798,16.909],[-98.753,16.924],[-98.69,16.899],[-98.686,16.825],[-98.626,16.846],[-98.555,16.829],[-98.471,16.949],[-98.412,16.908],[-98.504,16.831],[-98.309,16.853],[-98.289,16.795],[-98.228,16.839],[-98.141,16.778],[-98.094,16.805],[-98.069,16.872],[-98.012,16.942],[-97.941,16.95],[-97.878,16.907],[-97.937,16.887],[-97.964,16.825],[-97.874,16.752],[-97.839,16.648],[-97.775,16.543],[-97.83,16.541],[-97.891,16.604],[-97.896,16.736],[-97.984,16.727],[-97.954,16.651],[-98.018,16.582],[-98.013,16.545],[-97.889,16.538],[-97.821,16.493],[-97.855,16.452],[-97.785,16.453],[-97.779,16.419],[-97.699,16.341],[-97.616,16.414],[-97.621,16.465],[-97.566,16.493],[-97.586,16.552],[-97.667,16.587],[-97.561,16.734],[-97.58,16.803],[-97.539,16.8],[-97.496,16.849],[-97.486,16.922],[-97.421,16.939],[-97.447,16.857],[-97.513,16.749],[-97.528,16.642],[-97.566,16.61],[-97.531,16.506],[-97.469,16.58],[-97.47,16.642],[-97.427,16.61],[-97.463,16.507],[-97.452,16.424],[-97.518,16.436],[-97.585,16.362],[-97.58,16.322],[-97.427,16.274],[-97.52,16.199],[-97.466,16.157],[-97.352,16.154],[-97.241,16.123],[-97.2,16.134],[-97.147,16.095],[-97.16,16.039],[-97.126,16.001],[-97.054,16.065],[-96.969,16.066],[-96.88,15.965],[-96.84,16.006],[-96.786,15.994],[-96.793,16.033],[-96.738,16.071],[-96.663,16.06],[-96.727,15.956],[-96.775,15.928],[-96.714,15.922],[-96.645,15.977],[-96.59,15.949],[-96.531,15.974],[-96.415,15.914],[-96.367,15.941],[-96.33,15.917],[-96.271,15.961],[-96.315,15.988],[-96.246,16.002],[-96.141,15.942],[-96.083,15.969],[-96.055,16.038],[-96.015,15.99],[-95.952,16.022],[-95.76,16.06],[-95.789,16.101],[-95.715,16.101],[-95.789,16.133],[-95.837,16.104],[-95.878,16.142],[-95.868,16.193],[-95.899,16.221],[-95.95,16.205],[-95.969,16.246],[-95.826,16.233],[-95.8,16.261],[-95.82,16.328],[-95.907,16.322],[-95.971,16.339],[-96.007,16.309],[-96.065,16.316],[-95.995,16.354],[-96.004,16.428],[-95.966,16.448],[-95.976,16.501],[-96.097,16.472],[-96.214,16.525],[-96.201,16.585],[-96.256,16.62],[-96.266,16.578],[-96.225,16.505],[-96.344,16.358],[-96.392,16.356],[-96.409,16.317],[-96.552,16.282],[-96.683,16.342],[-96.8,16.447],[-96.791,16.498],[-96.857,16.636],[-96.815,16.703],[-96.824,16.767],[-96.799,16.805],[-96.794,16.906],[-96.832,17.037],[-96.798,17.099],[-96.834,17.159],[-96.876,17.168],[-96.864,17.216],[-96.917,17.281],[-96.989,17.299],[-96.999,17.34],[-96.882,17.329],[-96.797,17.277],[-96.703,17.123],[-96.638,17.138],[-96.597,17.1],[-96.617,17.067],[-96.579,17.036],[-96.519,17.049],[-96.463,17.014],[-96.43,17.026],[-96.406,16.976],[-96.319,16.941],[-96.36,16.846],[-96.426,16.88],[-96.47,16.864],[-96.582,16.905],[-96.622,16.882],[-96.615,16.998],[-96.658,17.047],[-96.716,16.981],[-96.706,16.913],[-96.756,16.87],[-96.728,16.843],[-96.67,16.869],[-96.619,16.78],[-96.635,16.681],[-96.693,16.676],[-96.735,16.607],[-96.671,16.544],[-96.552,16.586],[-96.515,16.517],[-96.595,16.451],[-96.463,16.442],[-96.436,16.461],[-96.43,16.546],[-96.481,16.585],[-96.46,16.606],[-96.531,16.684],[-96.428,16.615],[-96.359,16.624],[-96.355,16.669],[-96.402,16.706],[-96.403,16.774],[-96.305,16.75],[-96.267,16.781],[-96.256,16.701],[-96.235,16.756],[-96.192,16.782],[-96.241,16.916],[-96.206,16.954],[-96.158,16.949],[-96.158,16.774],[-96.118,16.72],[-96.021,16.712],[-95.991,16.751],[-95.993,16.827],[-95.95,16.807],[-95.985,16.886],[-95.917,16.841],[-95.859,16.847],[-95.852,16.782],[-95.772,16.816],[-95.767,16.751],[-95.612,16.707],[-95.559,16.721],[-95.463,16.657],[-95.483,16.716],[-95.374,16.781],[-95.237,16.727],[-95.166,16.78],[-95.166,16.818],[-95.108,16.849],[-94.998,16.815],[-94.984,16.732],[-94.929,16.72],[-94.906,16.652],[-94.883,16.742],[-94.848,16.723],[-94.842,16.667],[-94.818,16.747],[-94.805,16.751],[-94.736,16.715],[-94.753,16.766],[-94.691,16.787],[-94.672,16.745],[-94.696,16.72],[-94.583,16.688],[-94.65,16.687],[-94.604,16.631],[-94.556,16.647],[-94.472,16.598],[-94.397,16.614],[-94.399,16.733],[-94.32,16.687],[-94.34,16.61],[-94.303,16.608],[-94.234,16.499],[-94.171,16.514],[-94.177,16.447],[-94.1,16.462],[-94.047,16.422],[-94.034,16.356],[-94.011,16.389],[-93.948,16.39],[-93.934,16.444],[-93.891,16.429],[-93.925,16.315],[-93.825,16.342],[-93.769,16.325],[-93.804,16.291],[-93.729,16.192],[-93.626,16.182],[-93.616,16.104],[-93.56,16.047],[-93.556,15.921],[-93.401,15.772],[-93.55,15.794],[-93.586,15.827],[-93.621,15.799],[-93.769,15.907],[-93.937,15.987],[-93.863,16.025],[-93.888,16.1],[-93.955,16.121],[-93.987,16.1],[-94.107,16.155],[-94.128,16.19],[-94.232,16.183],[-94.343,16.227],[-94.385,16.276],[-94.41,16.22],[-94.445,16.248],[-94.453,16.202],[-94.625,16.229],[-94.564,16.327],[-94.587,16.363],[-94.672,16.357],[-94.769,16.296],[-94.841,16.426],[-94.917,16.415],[-94.973,16.323],[-95.057,16.332],[-95.053,16.255],[-95.078,16.225],[-94.877,16.232],[-94.893,16.21],[-95.077,16.183],[-95.156,16.193],[-95.149,16.161],[-95.23,16.166],[-95.276,16.092],[-95.343,16.072],[-95.368,16.005],[-95.446,15.964],[-95.541,15.955],[-95.588,15.983],[-95.574,15.947],[-95.657,15.91],[-95.757,15.893],[-95.815,15.86],[-95.935,15.819],[-96.231,15.67],[-96.281,15.67],[-96.275,15.705],[-96.321,15.675],[-96.424,15.681],[-96.489,15.645],[-96.563,15.648],[-96.564,15.678],[-96.667,15.726],[-96.766,15.716],[-96.887,15.749],[-96.913,15.797],[-97.031,15.803],[-97.061,15.85],[-97.151,15.891],[-97.166,15.944],[-97.212,15.953],[-97.25,15.918],[-97.346,15.92],[-97.353,15.951],[-97.426,15.956],[-97.445,15.925],[-97.5,15.941],[-97.49,15.983],[-97.543,15.943],[-97.56,15.942],[-97.593,16.014],[-97.685,16.009],[-97.603,15.993],[-97.641,15.959],[-97.795,15.964],[-97.934,16.077],[-98.081,16.158],[-98.083,16.19],[-98.165,16.196],[-98.187,16.211],[-98.192,16.257],[-98.268,16.274],[-98.286,16.245],[-98.347,16.256],[-98.362,16.284],[-98.442,16.277],[-98.569,16.323],[-98.567,16.339],[-98.672,16.444],[-98.705,16.511],[-98.743,16.522],[-98.77,16.545],[-98.871,16.531],[-99.015,16.587],[-99.044,16.61],[-99.068,16.596],[-99.131,16.607],[-99.131,16.653],[-99.213,16.62],[-99.238,16.624],[-99.297,16.697],[-99.426,16.677],[-99.633,16.692],[-99.642,16.724],[-99.688,16.699],[-99.813,16.777],[-99.808,16.807],[-99.834,16.794],[-99.876,16.854],[-99.905,16.821],[-99.964,16.893],[-100.136,16.94],[-100.322,17.014],[-100.374,17.108],[-100.433,17.056],[-100.507,17.077],[-100.531,17.149],[-100.618,17.158],[-100.655,17.129],[-100.843,17.198],[-100.915,17.245],[-100.943,17.229],[-101.014,17.248],[-101.061,17.312],[-101.279,17.456],[-101.286,17.485],[-101.402,17.558],[-101.443,17.554],[-101.507,17.621],[-101.578,17.618],[-101.579,17.657],[-101.625,17.662],[-101.706,17.761],[-101.754,17.794],[-101.798,17.873],[-101.959,17.964],[-102.034,17.982],[-101.995,18.174],[-101.752,18.084],[-101.584,18.11],[-101.491,18.041]],[[-101.543,17.853],[-101.572,17.799],[-101.516,17.784],[-101.543,17.853]],[[-100.444,17.27],[-100.411,17.309],[-100.445,17.341],[-100.475,17.288],[-100.444,17.27]],[[-100.303,17.268],[-100.328,17.286],[-100.33,17.219],[-100.303,17.268]],[[-100.17,17.181],[-100.198,17.211],[-100.256,17.164],[-100.221,17.108],[-100.17,17.181]],[[-99.34,17.06],[-99.394,17.071],[-99.428,17.033],[-99.381,17.013],[-99.34,17.06]],[[-99.296,17.053],[-99.265,17.01],[-99.259,17.069],[-99.296,17.053]],[[-99.436,16.997],[-99.419,16.949],[-99.355,16.951],[-99.385,17.004],[-99.436,16.997]],[[-99.382,16.93],[-99.372,16.878],[-99.279,16.908],[-99.382,16.93]],[[-98.09,16.56],[-98.044,16.541],[-98.045,16.569],[-98.09,16.56]],[[-96.515,15.888],[-96.59,15.857],[-96.514,15.832],[-96.471,15.848],[-96.515,15.888]],[[-96.621,15.888],[-96.689,15.874],[-96.624,15.844],[-96.621,15.888]],[[-95.513,16.373],[-95.588,16.357],[-95.579,16.312],[-95.664,16.32],[-95.688,16.212],[-95.783,16.185],[-95.797,16.16],[-95.65,16.138],[-95.61,16.223],[-95.613,16.168],[-95.565,16.178],[-95.567,16.267],[-95.508,16.276],[-95.495,16.228],[-95.454,16.276],[-95.557,16.324],[-95.513,16.373]],[[-95.847,16.754],[-95.89,16.724],[-95.882,16.642],[-95.908,16.578],[-96.009,16.551],[-96.009,16.533],[-95.895,16.535],[-95.865,16.454],[-95.844,16.525],[-95.79,16.525],[-95.802,16.465],[-95.769,16.407],[-95.7,16.419],[-95.611,16.509],[-95.663,16.606],[-95.653,16.656],[-95.74,16.654],[-95.732,16.691],[-95.847,16.754]],[[-96.077,16.523],[-96.048,16.584],[-96.1,16.624],[-96.18,16.588],[-96.128,16.527],[-96.077,16.523]],[[-93.678,15.877],[-93.678,15.945],[-93.754,15.941],[-93.678,15.877]],[[-99.656,17.123],[-99.669,17.094],[-99.583,17.123],[-99.656,17.123]]]}},{"type":"Feature","properties":{"id":610,"n":"Tehuac\u00e1n Valley matorral","b":13},"geometry":{"type":"MultiPolygon","coordinates":[[[[-97.915,17.991],[-97.935,18.118],[-97.844,18.119],[-97.812,18.08],[-97.846,18.05],[-97.803,17.99],[-97.835,17.972],[-97.915,17.991]]],[[[-97.306,18.839],[-97.347,18.779],[-97.331,18.756],[-97.37,18.686],[-97.346,18.641],[-97.386,18.596],[-97.271,18.577],[-97.271,18.523],[-97.33,18.504],[-97.347,18.479],[-97.209,18.33],[-97.153,18.304],[-97.158,18.153],[-97.236,18.197],[-97.275,18.165],[-97.357,18.159],[-97.383,18.197],[-97.505,18.146],[-97.51,18.109],[-97.557,18.056],[-97.586,18.117],[-97.658,18.118],[-97.693,18.156],[-97.799,18.209],[-97.792,18.297],[-97.887,18.395],[-97.941,18.38],[-97.921,18.436],[-97.967,18.434],[-97.997,18.333],[-98.029,18.345],[-98.079,18.448],[-98.028,18.487],[-97.925,18.562],[-97.86,18.576],[-97.858,18.647],[-97.919,18.749],[-97.925,18.806],[-97.957,18.808],[-97.952,18.746],[-97.987,18.78],[-98.021,18.824],[-97.998,18.86],[-98.042,18.888],[-97.99,18.95],[-97.944,18.969],[-97.903,19.081],[-97.837,19.088],[-97.81,19.061],[-97.696,19.052],[-97.601,19.001],[-97.529,18.924],[-97.548,18.991],[-97.613,19.071],[-97.711,19.13],[-97.823,19.156],[-97.877,19.194],[-97.897,19.244],[-97.963,19.274],[-97.974,19.387],[-98.011,19.433],[-97.886,19.474],[-97.774,19.45],[-97.725,19.418],[-97.728,19.383],[-97.643,19.364],[-97.631,19.4],[-97.737,19.478],[-97.684,19.524],[-97.707,19.552],[-97.668,19.589],[-97.628,19.538],[-97.565,19.547],[-97.512,19.627],[-97.429,19.627],[-97.46,19.579],[-97.403,19.583],[-97.347,19.624],[-97.303,19.622],[-97.254,19.509],[-97.271,19.466],[-97.236,19.437],[-97.296,19.382],[-97.306,19.288],[-97.343,19.232],[-97.438,19.013],[-97.395,18.941],[-97.302,18.911],[-97.318,18.872],[-97.306,18.839]]]]}},{"type":"Feature","properties":{"id":343,"n":"Upper Midwest US forest-savanna transition","b":4},"geometry":{"type":"MultiPolygon","coordinates":[[[[-86.157,45.003],[-86.144,45.038],[-86.092,45.01],[-86.157,45.003]]],[[[-86.0,45.054],[-86.061,45.099],[-86.048,45.159],[-85.977,45.137],[-86.0,45.054]]],[[[-87.38,45.177],[-87.335,45.212],[-87.327,45.158],[-87.38,45.177]]],[[[-87.615,44.837],[-87.426,44.886],[-87.364,44.99],[-87.268,45.083],[-87.243,45.168],[-87.178,45.157],[-87.131,45.193],[-87.114,45.257],[-87.076,45.291],[-86.984,45.296],[-86.984,45.218],[-87.033,45.233],[-87.029,45.146],[-87.084,45.145],[-87.049,45.108],[-87.08,45.058],[-87.123,45.067],[-87.139,45.013],[-87.189,44.969],[-87.177,44.926],[-87.209,44.871],[-87.266,44.848],[-87.318,44.789],[-87.344,44.719],[-87.46,44.563],[-87.539,44.596],[-87.634,44.661],[-87.697,44.752],[-87.615,44.837]]],[[[-86.957,45.304],[-86.956,45.315],[-86.944,45.302],[-86.957,45.304]]],[[[-86.901,45.312],[-86.918,45.317],[-86.919,45.331],[-86.901,45.312]]],[[[-85.204,44.88],[-85.254,44.889],[-85.274,44.789],[-85.509,44.751],[-85.608,44.708],[-85.643,44.657],[-85.894,44.506],[-85.924,44.479],[-85.928,44.384],[-86.065,44.296],[-86.133,44.298],[-86.269,44.256],[-86.274,44.176],[-86.398,44.16],[-86.268,44.346],[-86.251,44.468],[-86.222,44.564],[-86.256,44.691],[-86.077,44.767],[-86.079,44.887],[-86.039,44.919],[-85.98,44.906],[-85.94,44.967],[-85.86,44.938],[-85.805,44.952],[-85.75,45.052],[-85.684,45.094],[-85.621,45.186],[-85.527,45.19],[-85.614,45.129],[-85.566,45.059],[-85.647,44.977],[-85.599,44.99],[-85.604,44.932],[-85.648,44.875],[-85.637,44.773],[-85.595,44.771],[-85.53,44.893],[-85.564,44.895],[-85.521,44.973],[-85.475,44.992],[-85.495,44.866],[-85.556,44.814],[-85.574,44.764],[-85.536,44.748],[-85.411,44.904],[-85.385,44.967],[-85.366,45.109],[-85.392,45.234],[-85.379,45.264],[-85.29,45.316],[-85.198,45.077],[-85.165,44.972],[-85.204,44.88]]],[[[-86.867,45.335],[-86.963,45.341],[-86.95,45.412],[-86.841,45.398],[-86.867,45.335]]],[[[-86.828,45.405],[-86.831,45.426],[-86.805,45.408],[-86.828,45.405]]],[[[-86.758,45.503],[-86.758,45.478],[-86.785,45.487],[-86.758,45.503]]],[[[-86.656,45.585],[-86.627,45.571],[-86.649,45.542],[-86.656,45.585]]],[[[-88.175,44.52],[-88.307,44.384],[-88.39,44.362],[-88.48,44.311],[-88.638,44.245],[-88.731,44.234],[-88.801,44.278],[-88.861,44.265],[-88.879,44.204],[-89.003,44.105],[-89.077,44.074],[-89.112,44.005],[-89.175,43.98],[-89.124,43.892],[-89.106,43.747],[-89.233,43.735],[-89.365,43.678],[-89.493,43.642],[-89.546,43.56],[-89.621,43.509],[-89.538,43.512],[-89.497,43.482],[-89.69,43.38],[-89.605,43.363],[-89.536,43.32],[-89.595,43.244],[-89.585,43.094],[-89.601,43.074],[-89.541,42.936],[-89.544,42.825],[-89.611,42.723],[-89.624,42.653],[-89.678,42.599],[-89.804,42.575],[-89.825,42.503],[-89.888,42.494],[-89.951,42.428],[-90.015,42.398],[-90.019,42.36],[-89.947,42.327],[-89.921,42.286],[-90.013,42.194],[-90.066,42.101],[-90.166,42.087],[-90.362,42.121],[-90.461,42.178],[-90.601,42.301],[-90.694,42.324],[-90.714,42.396],[-90.802,42.38],[-90.834,42.427],[-90.947,42.437],[-91.003,42.48],[-90.984,42.532],[-91.022,42.571],[-91.146,42.577],[-91.242,42.598],[-91.33,42.582],[-91.408,42.658],[-91.531,42.69],[-91.619,42.752],[-91.809,42.835],[-91.789,42.917],[-91.821,42.972],[-91.903,42.998],[-91.876,43.045],[-91.961,43.154],[-91.993,43.238],[-91.921,43.295],[-91.941,43.375],[-92.064,43.435],[-92.241,43.499],[-92.242,43.542],[-92.411,43.595],[-92.498,43.67],[-92.575,43.716],[-92.597,43.824],[-92.658,43.892],[-92.751,43.96],[-92.688,44.025],[-92.757,44.054],[-92.71,44.095],[-92.819,44.159],[-92.868,44.26],[-92.975,44.28],[-92.998,44.476],[-92.774,44.608],[-92.746,44.652],[-92.777,44.732],[-92.581,44.765],[-92.421,44.73],[-92.196,44.765],[-92.145,44.845],[-92.225,44.98],[-92.233,45.04],[-92.323,45.074],[-92.451,45.08],[-92.563,45.107],[-92.662,45.021],[-92.733,45.003],[-92.873,44.915],[-92.938,44.812],[-93.2,44.731],[-93.232,44.696],[-93.23,44.6],[-93.195,44.548],[-93.157,44.418],[-93.206,44.353],[-93.23,44.272],[-93.331,44.267],[-93.404,44.228],[-93.457,44.168],[-93.554,44.139],[-93.762,44.109],[-93.908,44.178],[-94.002,44.247],[-94.031,44.301],[-93.974,44.423],[-94.047,44.477],[-94.057,44.518],[-94.014,44.628],[-94.008,44.705],[-94.025,44.81],[-94.058,44.856],[-94.141,44.916],[-94.218,44.935],[-94.422,44.932],[-94.507,44.959],[-94.515,45.076],[-94.555,45.135],[-94.673,45.182],[-94.814,45.135],[-94.904,45.121],[-95.003,45.166],[-95.336,45.269],[-95.58,45.38],[-95.626,45.503],[-95.741,45.634],[-95.765,45.687],[-95.773,45.843],[-95.91,45.915],[-95.996,45.983],[-95.85,46.236],[-95.581,46.617],[-95.422,46.809],[-95.292,46.838],[-95.212,46.927],[-95.116,46.958],[-94.962,46.932],[-94.839,46.894],[-94.687,46.822],[-94.665,46.769],[-94.695,46.634],[-94.662,46.552],[-94.669,46.358],[-94.696,46.295],[-94.753,46.085],[-94.678,46.044],[-94.568,46.065],[-94.395,46.139],[-94.333,46.127],[-94.302,46.05],[-94.242,46.021],[-94.184,46.03],[-94.096,46.087],[-94.023,46.111],[-93.978,46.062],[-93.973,45.916],[-93.851,45.85],[-93.686,45.855],[-93.566,45.841],[-93.451,45.873],[-93.367,45.931],[-93.318,46.01],[-93.258,46.037],[-93.01,46.057],[-92.934,46.036],[-92.873,45.986],[-92.834,45.801],[-92.889,45.642],[-92.884,45.575],[-92.773,45.568],[-92.733,45.545],[-92.663,45.682],[-92.708,45.758],[-92.581,45.828],[-92.509,45.79],[-92.482,45.852],[-92.454,45.803],[-92.37,45.762],[-92.377,45.724],[-92.319,45.699],[-92.172,45.728],[-92.13,45.784],[-92.046,45.841],[-91.988,45.789],[-91.875,45.801],[-91.779,45.707],[-91.658,45.638],[-91.644,45.584],[-91.571,45.555],[-91.706,45.453],[-91.723,45.386],[-91.607,45.287],[-91.546,45.283],[-91.382,45.181],[-91.349,45.011],[-91.185,45.155],[-91.274,45.026],[-91.201,44.994],[-91.031,44.984],[-90.825,44.994],[-90.709,45.02],[-90.583,45.126],[-90.399,45.178],[-90.312,45.218],[-90.257,45.289],[-90.155,45.306],[-90.119,45.258],[-89.983,45.243],[-89.863,45.208],[-89.754,45.223],[-89.704,45.263],[-89.609,45.265],[-89.546,45.337],[-89.486,45.344],[-89.426,45.404],[-89.325,45.371],[-89.214,45.292],[-89.126,45.256],[-89.009,45.245],[-88.875,45.166],[-88.732,45.127],[-88.667,45.124],[-88.549,45.036],[-88.443,45.009],[-88.249,45.1],[-88.173,45.157],[-88.114,45.135],[-88.094,45.198],[-87.957,45.167],[-87.924,45.091],[-87.8,45.178],[-87.749,45.184],[-87.806,45.02],[-87.955,44.853],[-87.966,44.805],[-87.922,44.786],[-87.983,44.72],[-88.004,44.609],[-88.034,44.569],[-88.175,44.52]],[[-88.009,44.626],[-88.012,44.625],[-88.01,44.621],[-88.009,44.626]]]]}},{"type":"Feature","properties":{"id":402,"n":"Western shortgrass prairie","b":8},"geometry":{"type":"MultiPolygon","coordinates":[[[[-105.143,32.713],[-105.242,32.752],[-105.271,32.844],[-105.22,32.842],[-105.182,32.899],[-105.185,33.041],[-105.155,33.084],[-105.194,33.182],[-105.222,33.325],[-105.312,33.4],[-105.299,33.422],[-105.224,33.415],[-105.174,33.482],[-105.152,33.566],[-105.167,33.633],[-105.219,33.684],[-105.335,33.704],[-105.379,33.728],[-105.413,33.695],[-105.511,33.696],[-105.559,33.763],[-105.573,33.837],[-105.542,33.9],[-105.568,33.951],[-105.651,33.969],[-105.781,33.894],[-105.812,33.802],[-105.865,33.801],[-105.974,33.848],[-106.057,33.847],[-106.162,33.717],[-106.264,33.791],[-106.292,33.979],[-106.337,34.039],[-106.36,34.151],[-106.421,34.165],[-106.568,34.063],[-106.634,34.082],[-106.68,34.067],[-106.732,34.11],[-106.669,34.27],[-106.662,34.274],[-106.557,34.288],[-106.485,34.34],[-106.462,34.393],[-106.343,34.492],[-106.344,34.637],[-106.308,34.725],[-106.243,34.748],[-106.169,34.848],[-106.135,34.926],[-106.133,35.006],[-106.28,35.159],[-106.181,35.174],[-106.117,35.268],[-106.087,35.278],[-106.019,35.291],[-105.906,35.248],[-105.895,35.335],[-105.858,35.39],[-105.884,35.461],[-105.853,35.504],[-105.78,35.54],[-105.657,35.436],[-105.565,35.302],[-105.471,35.297],[-105.513,35.356],[-105.524,35.429],[-105.436,35.435],[-105.354,35.417],[-105.309,35.541],[-105.236,35.529],[-105.264,35.63],[-105.269,35.735],[-105.233,35.859],[-105.167,35.926],[-105.243,35.937],[-105.224,35.999],[-105.176,36.032],[-105.18,36.086],[-105.139,36.081],[-105.109,36.193],[-105.077,36.22],[-105.026,36.134],[-104.992,36.15],[-104.989,36.206],[-104.944,36.208],[-104.899,36.267],[-104.817,36.299],[-104.766,36.28],[-104.764,36.326],[-104.852,36.345],[-104.928,36.328],[-104.994,36.38],[-104.948,36.403],[-105.017,36.482],[-104.911,36.548],[-104.881,36.538],[-104.788,36.6],[-104.775,36.648],[-104.698,36.652],[-104.626,36.698],[-104.611,36.74],[-104.548,36.757],[-104.541,36.803],[-104.484,36.807],[-104.531,36.855],[-104.471,36.866],[-104.423,36.915],[-104.362,36.914],[-104.345,36.865],[-104.284,36.812],[-104.185,36.782],[-104.166,36.838],[-104.07,36.84],[-104.063,36.882],[-103.916,36.861],[-103.922,36.905],[-103.867,36.912],[-103.916,36.948],[-103.901,36.994],[-104.021,36.985],[-104.02,36.965],[-104.135,36.988],[-104.226,37.068],[-104.371,37.1],[-104.531,37.163],[-104.497,37.248],[-104.544,37.28],[-104.595,37.359],[-104.661,37.412],[-104.684,37.504],[-104.792,37.59],[-104.863,37.532],[-104.991,37.484],[-105.068,37.511],[-105.083,37.541],[-105.042,37.593],[-105.057,37.644],[-105.015,37.726],[-104.939,37.821],[-104.921,37.912],[-104.868,37.953],[-104.944,38.028],[-104.935,38.068],[-104.978,38.101],[-104.991,38.165],[-105.095,38.197],[-105.115,38.256],[-105.204,38.306],[-105.263,38.399],[-105.264,38.495],[-105.215,38.52],[-105.127,38.476],[-105.052,38.495],[-104.91,38.495],[-104.863,38.46],[-104.839,38.48],[-104.849,38.59],[-104.821,38.629],[-104.829,38.743],[-104.885,38.866],[-104.838,38.923],[-104.823,38.989],[-104.918,39.187],[-104.952,39.231],[-105.023,39.393],[-105.072,39.447],[-105.127,39.577],[-105.169,39.644],[-105.269,39.883],[-105.29,40.039],[-105.279,40.147],[-105.235,40.222],[-105.196,40.223],[-105.205,40.404],[-105.191,40.446],[-105.143,40.44],[-105.138,40.528],[-105.163,40.687],[-105.162,40.809],[-105.12,40.881],[-105.133,40.968],[-105.096,40.995],[-105.09,41.068],[-105.152,41.099],[-105.169,41.201],[-105.106,41.203],[-105.109,41.319],[-105.144,41.39],[-105.03,41.425],[-104.991,41.466],[-105.022,41.516],[-104.986,41.626],[-104.93,41.68],[-104.959,41.717],[-104.792,41.697],[-104.474,41.645],[-104.312,41.613],[-103.993,41.534],[-103.836,41.489],[-103.517,41.382],[-103.367,41.324],[-103.048,41.185],[-102.906,41.116],[-102.589,40.944],[-102.456,40.864],[-102.144,40.654],[-102.022,40.564],[-101.719,40.316],[-101.609,40.216],[-101.32,39.926],[-101.257,39.856],[-101.316,39.831],[-101.362,39.742],[-101.359,39.67],[-101.296,39.619],[-101.247,39.631],[-101.124,39.696],[-101.049,39.604],[-101.036,39.532],[-100.966,39.5],[-100.871,39.371],[-100.672,39.06],[-100.765,39.039],[-100.829,38.992],[-100.965,38.953],[-101.111,38.936],[-101.289,38.928],[-101.31,38.91],[-101.27,38.855],[-101.208,38.821],[-101.041,38.69],[-100.961,38.662],[-100.784,38.666],[-100.728,38.643],[-100.553,38.616],[-100.444,38.633],[-100.398,38.541],[-100.381,38.431],[-100.392,38.367],[-100.517,38.258],[-100.618,38.202],[-100.642,38.135],[-100.628,38.055],[-100.597,38.034],[-100.489,38.068],[-100.347,38.055],[-100.209,38.061],[-100.149,37.892],[-100.104,37.73],[-100.178,37.701],[-100.226,37.641],[-100.358,37.573],[-100.389,37.543],[-100.36,37.429],[-100.316,37.38],[-100.317,37.34],[-100.265,37.341],[-100.314,37.252],[-100.242,37.252],[-100.177,37.307],[-100.065,37.363],[-100.018,37.344],[-99.985,37.161],[-99.96,36.883],[-99.983,36.847],[-100.086,36.808],[-99.942,36.734],[-99.931,36.546],[-99.941,36.061],[-99.955,35.907],[-99.985,35.819],[-100.0,35.677],[-100.094,35.642],[-100.118,35.677],[-100.181,35.666],[-100.371,35.572],[-100.351,35.518],[-100.373,35.44],[-100.31,35.389],[-100.32,35.352],[-100.395,35.371],[-100.551,35.356],[-100.548,35.305],[-100.632,35.23],[-100.619,35.195],[-100.548,35.167],[-100.4,35.201],[-100.325,35.173],[-100.17,35.208],[-100.081,35.195],[-100.151,34.931],[-100.29,34.97],[-100.367,35.027],[-100.479,35.016],[-100.552,34.981],[-100.619,34.999],[-100.727,34.985],[-100.83,35.006],[-100.901,34.99],[-101.007,35.021],[-101.07,35.002],[-101.006,34.914],[-100.914,34.888],[-100.818,34.818],[-100.709,34.842],[-100.625,34.836],[-100.601,34.877],[-100.519,34.912],[-100.421,34.864],[-100.378,34.885],[-100.301,34.773],[-100.213,34.734],[-100.377,34.318],[-100.435,34.194],[-100.641,33.805],[-100.713,33.686],[-100.952,33.335],[-101.037,33.222],[-101.3,32.911],[-101.398,32.805],[-101.679,32.533],[-101.789,32.435],[-102.083,32.201],[-102.204,32.113],[-102.507,31.913],[-102.638,31.835],[-102.93,31.678],[-102.954,31.719],[-103.045,31.741],[-103.078,31.814],[-103.061,31.861],[-103.095,31.892],[-103.107,31.967],[-103.079,32.014],[-103.09,32.084],[-103.16,32.194],[-103.234,32.177],[-103.317,32.198],[-103.372,32.274],[-103.309,32.309],[-103.339,32.402],[-103.545,32.462],[-103.575,32.445],[-103.668,32.464],[-103.695,32.502],[-103.656,32.607],[-103.79,32.635],[-103.809,32.67],[-103.894,32.702],[-103.944,32.745],[-104.043,32.792],[-104.014,32.893],[-104.037,32.93],[-103.955,33.072],[-103.972,33.142],[-104.038,33.128],[-104.072,33.182],[-104.053,33.244],[-103.967,33.394],[-104.035,33.423],[-104.009,33.513],[-104.092,33.584],[-104.23,33.661],[-104.187,33.774],[-104.307,33.829],[-104.395,33.769],[-104.483,33.797],[-104.614,33.761],[-104.64,33.709],[-104.591,33.592],[-104.621,33.461],[-104.766,33.329],[-104.762,33.27],[-104.712,33.244],[-104.688,33.131],[-104.696,33.079],[-104.612,33.066],[-104.586,33.003],[-104.66,32.964],[-104.743,32.956],[-104.845,32.84],[-104.775,32.749],[-104.872,32.71],[-104.978,32.703],[-105.055,32.641],[-105.092,32.647],[-105.143,32.713]],[[-105.792,34.31],[-105.869,34.239],[-105.753,34.13],[-105.693,34.166],[-105.661,34.256],[-105.755,34.274],[-105.792,34.31]]],[[[-98.384,37.227],[-98.35,37.378],[-98.299,37.325],[-98.384,37.227]]],[[[-98.413,37.058],[-98.392,37.19],[-98.386,37.093],[-98.413,37.058]]]]}},{"type":"Feature","properties":{"id":403,"n":"Willamette Valley oak savanna","b":8},"geometry":{"type":"Polygon","coordinates":[[[-122.747,45.939],[-122.6,45.954],[-122.561,45.907],[-122.516,45.912],[-122.516,45.861],[-122.44,45.766],[-122.455,45.698],[-122.354,45.635],[-122.192,45.622],[-122.2,45.564],[-122.31,45.539],[-122.256,45.449],[-122.293,45.362],[-122.266,45.315],[-122.348,45.283],[-122.375,45.178],[-122.475,45.132],[-122.494,45.087],[-122.559,45.083],[-122.595,45.046],[-122.703,45.007],[-122.694,44.915],[-122.716,44.851],[-122.668,44.815],[-122.582,44.802],[-122.473,44.74],[-122.58,44.757],[-122.611,44.713],[-122.702,44.672],[-122.692,44.591],[-122.727,44.552],[-122.704,44.453],[-122.651,44.381],[-122.714,44.364],[-122.724,44.328],[-122.813,44.293],[-122.869,44.315],[-122.918,44.3],[-123.019,44.177],[-123.006,44.125],[-122.956,44.121],[-122.92,44.187],[-122.826,44.218],[-122.784,44.169],[-122.849,44.151],[-122.794,44.118],[-122.819,44.094],[-122.73,44.101],[-122.71,44.079],[-122.859,44.027],[-122.859,44.007],[-122.763,44.011],[-122.658,43.912],[-122.785,43.889],[-122.764,43.833],[-122.835,43.86],[-122.89,43.92],[-123.002,43.869],[-122.985,43.822],[-122.888,43.79],[-122.899,43.743],[-122.956,43.774],[-122.958,43.693],[-123.041,43.772],[-123.041,43.707],[-123.124,43.606],[-123.171,43.616],[-123.218,43.651],[-123.348,43.666],[-123.368,43.71],[-123.355,43.741],[-123.405,43.785],[-123.391,43.886],[-123.288,43.872],[-123.329,43.937],[-123.484,44.056],[-123.548,44.044],[-123.547,44.073],[-123.404,44.194],[-123.436,44.316],[-123.425,44.417],[-123.494,44.54],[-123.499,44.595],[-123.464,44.609],[-123.478,44.674],[-123.459,44.765],[-123.43,44.803],[-123.457,44.857],[-123.415,44.956],[-123.439,44.991],[-123.522,45.028],[-123.637,45.031],[-123.681,45.08],[-123.581,45.113],[-123.519,45.185],[-123.351,45.222],[-123.37,45.302],[-123.345,45.336],[-123.398,45.368],[-123.322,45.409],[-123.268,45.576],[-123.31,45.665],[-123.164,45.734],[-123.054,45.72],[-123.017,45.682],[-122.934,45.679],[-122.88,45.618],[-122.826,45.597],[-122.689,45.488],[-122.703,45.521],[-122.877,45.664],[-122.905,45.772],[-122.899,45.836],[-122.825,45.882],[-122.879,45.935],[-122.879,46.004],[-122.845,45.995],[-122.768,45.952],[-122.747,45.939]]]}},{"type":"Feature","properties":{"id":361,"n":"Northern Rockies conifer forests","b":5},"geometry":{"type":"MultiPolygon","coordinates":[[[[-115.928,46.141],[-115.962,46.067],[-115.944,45.961],[-115.968,45.961],[-115.968,46.005],[-116.04,46.035],[-116.008,46.067],[-116.06,46.082],[-116.111,46.049],[-116.135,46.08],[-116.016,46.109],[-116.039,46.192],[-116.089,46.151],[-116.081,46.2],[-116.126,46.204],[-116.199,46.148],[-116.203,46.19],[-116.131,46.241],[-116.071,46.229],[-116.174,46.295],[-116.17,46.323],[-116.251,46.406],[-116.287,46.472],[-116.398,46.481],[-116.302,46.45],[-116.295,46.35],[-116.328,46.431],[-116.391,46.453],[-116.337,46.389],[-116.336,46.331],[-116.427,46.338],[-116.505,46.316],[-116.522,46.188],[-116.598,46.189],[-116.659,46.238],[-116.688,46.217],[-116.731,46.267],[-116.721,46.302],[-116.625,46.379],[-116.727,46.513],[-116.766,46.533],[-116.816,46.613],[-116.901,46.669],[-116.988,46.692],[-116.936,46.708],[-116.934,46.746],[-117.027,46.802],[-117.003,46.874],[-116.901,46.916],[-116.692,46.919],[-116.675,46.97],[-116.766,46.939],[-116.9,46.988],[-116.884,47.034],[-117.013,47.014],[-116.98,47.067],[-117.018,47.124],[-116.947,47.143],[-116.847,47.095],[-116.854,47.054],[-116.781,47.066],[-116.775,47.11],[-116.872,47.185],[-116.862,47.238],[-116.94,47.311],[-117.072,47.313],[-116.959,47.337],[-116.977,47.372],[-116.931,47.416],[-117.003,47.429],[-117.029,47.482],[-117.107,47.54],[-117.219,47.523],[-117.355,47.536],[-117.438,47.61],[-117.555,47.761],[-117.631,47.801],[-117.692,47.866],[-117.765,47.85],[-117.815,47.884],[-117.922,47.834],[-118.055,47.817],[-118.186,47.935],[-118.221,47.952],[-118.345,47.911],[-118.39,47.85],[-118.521,47.895],[-118.538,47.933],[-118.621,47.938],[-118.696,47.978],[-118.73,47.922],[-118.849,47.97],[-118.975,47.962],[-118.87,48.018],[-118.837,48.164],[-118.842,48.224],[-118.985,48.203],[-118.994,48.176],[-119.156,48.165],[-119.186,48.176],[-119.281,48.127],[-119.312,48.188],[-119.241,48.194],[-119.298,48.23],[-119.426,48.345],[-119.357,48.36],[-119.29,48.331],[-119.214,48.363],[-119.368,48.394],[-119.393,48.432],[-119.492,48.507],[-119.47,48.553],[-119.337,48.495],[-119.249,48.501],[-119.304,48.561],[-119.457,48.586],[-119.458,48.611],[-119.342,48.616],[-119.395,48.662],[-119.283,48.634],[-119.218,48.67],[-119.348,48.786],[-119.407,48.884],[-119.39,48.93],[-119.328,48.945],[-119.303,49.0],[-119.35,49.005],[-119.331,49.09],[-119.191,49.09],[-119.042,49.108],[-118.843,49.064],[-118.714,49.046],[-118.589,49.012],[-118.395,49.024],[-118.355,49.126],[-118.569,49.243],[-118.678,49.329],[-118.678,49.414],[-118.772,49.604],[-118.732,49.692],[-118.616,49.811],[-118.537,49.919],[-118.498,50.048],[-118.523,50.176],[-118.628,50.257],[-119.02,50.371],[-119.067,50.457],[-119.107,50.604],[-119.112,50.699],[-119.099,50.851],[-119.141,50.951],[-119.228,50.979],[-119.334,50.98],[-119.499,50.942],[-119.624,50.873],[-119.746,50.931],[-119.818,51.022],[-119.894,51.259],[-119.909,51.382],[-119.811,51.511],[-119.687,51.582],[-119.738,51.668],[-119.879,51.708],[-120.009,51.765],[-120.133,51.839],[-120.313,51.896],[-120.499,51.902],[-120.627,51.864],[-120.697,51.845],[-120.829,51.845],[-120.87,51.808],[-120.969,51.791],[-120.888,51.864],[-120.885,51.946],[-120.918,52.019],[-120.99,52.034],[-121.008,52.089],[-121.058,52.119],[-121.011,52.138],[-121.115,52.162],[-121.297,52.23],[-121.045,52.293],[-121.175,52.319],[-121.193,52.357],[-121.105,52.374],[-121.197,52.388],[-121.335,52.373],[-121.436,52.408],[-121.501,52.503],[-121.679,52.43],[-121.827,52.48],[-121.823,52.584],[-121.785,52.638],[-121.642,52.646],[-121.596,52.668],[-121.753,52.676],[-121.753,52.728],[-121.826,52.794],[-121.746,52.884],[-121.434,53.201],[-121.314,53.309],[-120.999,53.566],[-120.754,53.739],[-120.682,53.697],[-120.407,53.698],[-120.407,53.756],[-120.35,53.776],[-120.382,53.81],[-120.307,53.825],[-120.249,53.883],[-120.1,53.912],[-120.111,53.956],[-120.17,53.931],[-120.169,53.975],[-120.287,53.959],[-120.198,54.018],[-120.14,54.106],[-119.935,54.209],[-119.643,54.337],[-119.333,54.454],[-119.216,54.396],[-119.186,54.347],[-119.244,54.332],[-119.286,54.283],[-119.401,54.253],[-119.409,54.228],[-119.289,54.211],[-119.116,54.258],[-119.064,54.249],[-118.963,54.19],[-118.977,54.142],[-118.842,54.143],[-118.757,54.119],[-118.485,54.16],[-118.362,54.127],[-118.308,54.141],[-118.253,54.2],[-118.214,54.205],[-118.078,54.178],[-118.081,54.16],[-118.336,54.054],[-118.457,53.972],[-118.561,53.947],[-118.73,53.956],[-118.826,53.945],[-118.847,53.919],[-118.709,53.906],[-118.628,53.871],[-118.525,53.889],[-118.387,53.887],[-118.143,54.028],[-118.218,53.857],[-118.269,53.813],[-118.366,53.786],[-118.422,53.745],[-118.397,53.712],[-118.002,53.555],[-117.83,53.465],[-117.731,53.389],[-117.87,53.327],[-117.887,53.255],[-117.836,53.224],[-117.596,53.306],[-117.442,53.174],[-117.301,53.141],[-117.152,53.123],[-117.238,53.082],[-117.217,53.051],[-117.141,53.074],[-117.004,53.028],[-116.989,53.077],[-116.815,53.006],[-116.837,52.967],[-116.746,52.913],[-116.739,52.819],[-116.524,52.673],[-116.509,52.624],[-116.428,52.58],[-116.388,52.496],[-116.323,52.491],[-116.266,52.458],[-116.314,52.399],[-116.404,52.39],[-116.384,52.347],[-116.419,52.264],[-116.408,52.231],[-116.317,52.21],[-116.24,52.235],[-115.97,52.131],[-115.714,51.938],[-115.667,51.937],[-115.581,51.895],[-115.452,51.799],[-115.393,51.671],[-115.402,51.611],[-115.292,51.463],[-115.209,51.433],[-115.214,51.382],[-115.155,51.287],[-114.846,50.989],[-114.72,50.955],[-114.71,50.915],[-114.789,50.851],[-114.728,50.79],[-114.729,50.741],[-114.656,50.741],[-114.701,50.647],[-114.696,50.617],[-114.593,50.569],[-114.548,50.511],[-114.535,50.408],[-114.475,50.364],[-114.461,50.306],[-114.28,50.247],[-114.221,50.188],[-114.228,50.093],[-114.107,50.121],[-113.956,50.123],[-113.916,50.1],[-113.954,49.969],[-113.915,49.924],[-113.855,49.806],[-113.917,49.784],[-113.93,49.739],[-113.98,49.743],[-114.024,49.796],[-114.13,49.992],[-114.152,49.983],[-114.177,49.787],[-114.203,49.701],[-114.194,49.635],[-114.111,49.517],[-113.922,49.362],[-113.923,49.308],[-113.873,49.252],[-113.801,49.232],[-113.773,49.185],[-113.666,49.119],[-113.539,49.111],[-113.453,49.071],[-113.44,48.972],[-113.414,48.937],[-113.323,48.903],[-113.375,48.83],[-113.325,48.772],[-113.327,48.684],[-113.243,48.584],[-113.325,48.571],[-113.174,48.527],[-113.267,48.51],[-113.153,48.409],[-113.099,48.328],[-113.025,48.349],[-112.913,48.275],[-112.848,48.206],[-112.796,48.247],[-112.742,48.218],[-112.837,48.174],[-112.707,48.112],[-112.677,47.987],[-112.64,47.943],[-112.641,47.86],[-112.613,47.798],[-112.641,47.766],[-112.656,47.681],[-112.712,47.613],[-112.701,47.586],[-112.614,47.554],[-112.596,47.523],[-112.689,47.451],[-112.665,47.403],[-112.602,47.401],[-112.515,47.346],[-112.468,47.289],[-112.387,47.256],[-112.372,47.183],[-112.439,47.161],[-112.563,47.195],[-112.635,47.236],[-112.723,47.238],[-112.776,47.217],[-112.731,47.286],[-112.82,47.293],[-112.923,47.334],[-113.026,47.257],[-113.123,47.25],[-113.157,47.28],[-113.251,47.306],[-113.265,47.243],[-113.337,47.233],[-113.462,47.281],[-113.441,47.225],[-113.496,47.199],[-113.557,47.265],[-113.577,47.336],[-113.623,47.294],[-113.611,47.205],[-113.654,47.181],[-113.813,47.208],[-113.924,47.199],[-113.989,47.157],[-113.99,47.103],[-114.049,47.064],[-114.055,47.003],[-114.157,47.009],[-114.507,47.164],[-114.566,47.2],[-114.593,47.17],[-114.479,47.075],[-114.383,47.022],[-114.251,47.0],[-114.182,46.898],[-114.101,46.821],[-114.122,46.752],[-114.107,46.688],[-114.317,46.705],[-114.319,46.683],[-114.42,46.733],[-114.479,46.667],[-114.526,46.683],[-114.562,46.654],[-114.625,46.679],[-114.603,46.731],[-114.689,46.742],[-114.715,46.687],[-114.778,46.661],[-114.785,46.571],[-114.849,46.571],[-114.907,46.517],[-115.03,46.522],[-115.062,46.472],[-115.104,46.476],[-115.224,46.416],[-115.37,46.36],[-115.433,46.259],[-115.509,46.284],[-115.601,46.203],[-115.665,46.207],[-115.656,46.162],[-115.706,46.175],[-115.867,46.147],[-115.869,46.126],[-115.928,46.141]]],[[[-120.748,53.743],[-120.712,53.767],[-120.69,53.745],[-120.748,53.743]]]]}}]}