{"type":"FeatureCollection","features":[
{"type":"Feature","properties":{"k":"Af"},"geometry":{"type":"MultiPolygon","coordinates":[[[[-84.4,15.8],[-84.4,15.9],[-84.5,15.9],[-84.5,15.8],[-84.6,15.8],[-84.6,15.9],[-84.8,15.9],[-84.8,16.0],[-85.2,16.0],[-85.2,15.9],[-85.3,15.9],[-85.3,15.6],[-85.2,15.6],[-85.2,15.2],[-85.0,15.2],[-85.0,15.1],[-84.9,15.1],[-84.9,14.7],[-85.0,14.7],[-85.0,14.6],[-84.9,14.6],[-84.9,14.4],[-84.8,14.4],[-84.8,14.3],[-84.7,14.3],[-84.7,14.2],[-84.6,14.2],[-84.6,14.1],[-84.8,14.1],[-84.8,14.0],[-84.3,14.0],[-84.3,14.1],[-84.2,14.1],[-84.2,14.2],[-84.1,14.2],[-84.1,14.1],[-83.9,14.1],[-83.9,14.2],[-84.0,14.2],[-84.0,14.5],[-83.9,14.5],[-83.9,14.6],[-83.7,14.6],[-83.7,14.7],[-83.6,14.7],[-83.6,14.8],[-83.8,14.8],[-83.8,14.9],[-83.7,14.9],[-83.7,15.3],[-83.8,15.3],[-83.8,15.4],[-83.9,15.4],[-83.9,15.3],[-84.0,15.3],[-84.0,15.5],[-84.3,15.5],[-84.3,15.8],[-84.4,15.8]],[[-84.2,14.4],[-84.2,14.6],[-84.1,14.6],[-84.1,14.4],[-84.2,14.4]]],[[[-88.8,16.1],[-88.7,16.1],[-88.7,16.2],[-88.9,16.2],[-88.9,16.3],[-89.0,16.3],[-89.0,16.4],[-88.9,16.4],[-88.9,16.5],[-89.4,16.5],[-89.4,16.6],[-89.5,16.6],[-89.5,16.5],[-90.3,16.5],[-90.3,16.4],[-90.7,16.4],[-90.7,16.3],[-90.9,16.3],[-90.9,16.2],[-91.0,16.2],[-91.0,16.1],[-91.1,16.1],[-91.1,16.0],[-91.2,16.0],[-91.2,16.1],[-91.3,16.1],[-91.3,15.7],[-91.2,15.7],[-91.2,15.6],[-91.1,15.6],[-91.1,15.7],[-91.0,15.7],[-91.0,15.6],[-90.9,15.6],[-90.9,15.5],[-90.7,15.5],[-90.7,15.4],[-90.6,15.4],[-90.6,15.5],[-90.3,15.5],[-90.3,15.6],[-90.2,15.6],[-90.2,15.5],[-90.0,15.5],[-90.0,15.4],[-89.5,15.4],[-89.5,15.5],[-89.2,15.5],[-89.2,15.4],[-89.0,15.4],[-89.0,15.5],[-88.9,15.5],[-88.9,15.6],[-88.5,15.6],[-88.5,15.7],[-88.4,15.7],[-88.4,15.9],[-88.5,15.9],[-88.5,16.0],[-88.7,16.0],[-88.7,15.9],[-88.9,15.9],[-88.9,16.0],[-88.8,16.0],[-88.8,16.1]]],[[[-92.9,17.2],[-92.4,17.2],[-92.4,17.1],[-92.1,17.1],[-92.1,17.0],[-92.0,17.0],[-92.0,17.1],[-91.7,17.1],[-91.7,17.2],[-91.5,17.2],[-91.5,17.4],[-91.7,17.4],[-91.7,17.5],[-92.0,17.5],[-92.0,17.7],[-92.1,17.7],[-92.1,17.8],[-92.7,17.8],[-92.7,17.7],[-93.2,17.7],[-93.2,17.6],[-93.4,17.6],[-93.4,17.5],[-93.6,17.5],[-93.6,17.4],[-93.7,17.4],[-93.7,17.3],[-93.5,17.3],[-93.5,17.2],[-93.0,17.2],[-93.0,17.3],[-92.9,17.3],[-92.9,17.2]]],[[[-96.5,17.9],[-96.5,17.7],[-96.4,17.7],[-96.4,17.8],[-96.1,17.8],[-96.1,17.9],[-96.3,17.9],[-96.3,18.0],[-96.4,18.0],[-96.4,18.1],[-96.6,18.1],[-96.6,18.2],[-96.7,18.2],[-96.7,18.3],[-96.8,18.3],[-96.8,18.1],[-96.7,18.1],[-96.7,18.0],[-96.6,18.0],[-96.6,17.9],[-96.5,17.9]]],[[[-76.3,17.9],[-76.3,17.8],[-76.2,17.8],[-76.2,17.9],[-76.1,17.9],[-76.1,18.0],[-76.2,18.0],[-76.2,18.1],[-76.3,18.1],[-76.3,18.2],[-76.4,18.2],[-76.4,18.3],[-76.8,18.3],[-76.8,18.5],[-77.5,18.5],[-77.5,18.4],[-77.3,18.4],[-77.3,18.3],[-77.2,18.3],[-77.2,18.2],[-76.9,18.2],[-76.9,18.1],[-76.8,18.1],[-76.8,18.0],[-76.7,18.0],[-76.7,17.9],[-76.3,17.9]]],[[[-97.4,20.0],[-97.3,20.0],[-97.3,19.9],[-97.2,19.9],[-97.2,20.1],[-97.4,20.1],[-97.4,20.0]]],[[[-96.9,20.0],[-96.8,20.0],[-96.8,20.1],[-96.9,20.1],[-96.9,20.2],[-97.1,20.2],[-97.1,20.0],[-97.0,20.0],[-97.0,19.9],[-96.9,19.9],[-96.9,20.0]]],[[[-74.3,20.2],[-74.3,20.4],[-74.5,20.4],[-74.5,20.5],[-74.6,20.5],[-74.6,20.6],[-74.7,20.6],[-74.7,20.7],[-75.1,20.7],[-75.1,20.4],[-74.9,20.4],[-74.9,20.3],[-74.8,20.3],[-74.8,20.2],[-74.6,20.2],[-74.6,20.1],[-74.5,20.1],[-74.5,20.2],[-74.3,20.2]]],[[[-75.5,20.7],[-75.5,20.5],[-75.4,20.5],[-75.4,20.6],[-75.3,20.6],[-75.3,20.7],[-75.5,20.7]]],[[[-80.2,26.2],[-80.1,26.2],[-80.1,26.1],[-80.0,26.1],[-80.0,27.1],[-80.1,27.1],[-80.1,27.3],[-80.2,27.3],[-80.2,27.5],[-80.3,27.5],[-80.3,27.6],[-80.4,27.6],[-80.4,27.5],[-80.5,27.5],[-80.5,27.3],[-80.4,27.3],[-80.4,27.1],[-80.3,27.1],[-80.3,26.6],[-80.2,26.6],[-80.2,26.2]]],[[[-61.1,14.0],[-60.8,14.0],[-60.8,14.1],[-60.9,14.1],[-60.9,14.2],[-61.0,14.2],[-61.0,14.1],[-61.1,14.1],[-61.1,14.0]]],[[[-61.1,14.4],[-60.8,14.4],[-60.8,14.8],[-61.0,14.8],[-61.0,14.9],[-61.3,14.9],[-61.3,14.8],[-61.2,14.8],[-61.2,14.6],[-61.1,14.6],[-61.1,14.4]]],[[[-61.4,15.3],[-61.4,15.2],[-61.2,15.2],[-61.2,15.6],[-61.3,15.6],[-61.3,15.7],[-61.5,15.7],[-61.5,15.3],[-61.4,15.3]]],[[[-61.5,16.2],[-61.8,16.2],[-61.8,16.1],[-61.7,16.1],[-61.7,16.0],[-61.5,16.0],[-61.5,16.2]]],[[[-65.6,18.1],[-65.6,18.2],[-65.5,18.2],[-65.5,18.4],[-65.7,18.4],[-65.7,18.5],[-67.0,18.5],[-67.0,18.6],[-67.2,18.6],[-67.2,18.3],[-67.1,18.3],[-67.1,18.2],[-67.0,18.2],[-67.0,18.1],[-66.2,18.1],[-66.2,18.0],[-65.9,18.0],[-65.9,17.9],[-65.8,17.9],[-65.8,18.0],[-65.7,18.0],[-65.7,18.1],[-65.6,18.1]]],[[[-74.0,18.4],[-74.0,18.2],[-73.9,18.2],[-73.9,18.1],[-73.7,18.1],[-73.7,18.2],[-73.8,18.2],[-73.8,18.4],[-73.7,18.4],[-73.7,18.6],[-74.0,18.6],[-74.0,18.7],[-74.3,18.7],[-74.3,18.6],[-74.4,18.6],[-74.4,18.3],[-74.2,18.3],[-74.2,18.4],[-74.0,18.4]]],[[[-68.8,18.5],[-68.4,18.5],[-68.4,18.8],[-68.5,18.8],[-68.5,18.9],[-68.6,18.9],[-68.6,19.0],[-68.8,19.0],[-68.8,19.1],[-69.2,19.1],[-69.2,19.2],[-69.1,19.2],[-69.1,19.4],[-69.6,19.4],[-69.6,19.3],[-69.7,19.3],[-69.7,19.4],[-69.8,19.4],[-69.8,19.7],[-70.3,19.7],[-70.3,19.8],[-70.6,19.8],[-70.6,19.9],[-70.8,19.9],[-70.8,19.7],[-70.9,19.7],[-70.9,19.6],[-70.8,19.6],[-70.8,19.5],[-70.9,19.5],[-70.9,19.4],[-71.1,19.4],[-71.1,19.2],[-70.9,19.2],[-70.9,19.1],[-70.7,19.1],[-70.7,19.0],[-70.5,19.0],[-70.5,18.7],[-70.3,18.7],[-70.3,18.5],[-70.1,18.5],[-70.1,18.6],[-69.9,18.6],[-69.9,18.7],[-69.8,18.7],[-69.8,18.8],[-68.9,18.8],[-68.9,18.7],[-68.8,18.7],[-68.8,18.5]]],[[[-72.4,19.5],[-71.9,19.5],[-71.9,19.8],[-72.3,19.8],[-72.3,19.9],[-72.6,19.9],[-72.6,20.1],[-72.7,20.1],[-72.7,20.0],[-72.8,20.0],[-72.8,19.8],[-72.7,19.8],[-72.7,19.7],[-72.5,19.7],[-72.5,19.6],[-72.4,19.6],[-72.4,19.5]]],[[[-64.9,32.4],[-64.9,32.2],[-64.7,32.2],[-64.7,32.3],[-64.6,32.3],[-64.6,32.4],[-64.9,32.4]]]]}},
{"type":"Feature","properties":{"k":"Am"},"geometry":{"type":"MultiPolygon","coordinates":[[[[-84.1,14.6],[-84.2,14.6],[-84.2,14.4],[-84.1,14.4],[-84.1,14.6]]],[[[-88.3,15.0],[-88.5,15.0],[-88.5,14.9],[-88.4,14.9],[-88.4,14.8],[-88.3,14.8],[-88.3,15.0]]],[[[-88.0,14.7],[-87.7,14.7],[-87.7,14.9],[-87.8,14.9],[-87.8,15.0],[-88.0,15.0],[-88.0,15.1],[-88.1,15.1],[-88.1,15.0],[-88.2,15.0],[-88.2,14.8],[-88.0,14.8],[-88.0,14.7]]],[[[-84.2,15.9],[-84.4,15.9],[-84.4,15.8],[-84.3,15.8],[-84.3,15.5],[-84.0,15.5],[-84.0,15.3],[-83.9,15.3],[-83.9,15.4],[-83.8,15.4],[-83.8,15.3],[-83.7,15.3],[-83.7,14.9],[-83.8,14.9],[-83.8,14.8],[-83.6,14.8],[-83.6,14.7],[-83.7,14.7],[-83.7,14.6],[-83.9,14.6],[-83.9,14.5],[-84.0,14.5],[-84.0,14.2],[-83.9,14.2],[-83.9,14.1],[-84.1,14.1],[-84.1,14.2],[-84.2,14.2],[-84.2,14.1],[-84.3,14.1],[-84.3,14.0],[-83.3,14.0],[-83.3,14.1],[-83.2,14.1],[-83.2,14.7],[-83.3,14.7],[-83.3,14.8],[-83.2,14.8],[-83.2,14.9],[-83.1,14.9],[-83.1,15.1],[-83.3,15.1],[-83.3,15.3],[-83.5,15.3],[-83.5,15.4],[-83.7,15.4],[-83.7,15.5],[-83.9,15.5],[-83.9,15.6],[-84.0,15.6],[-84.0,15.7],[-84.1,15.7],[-84.1,15.8],[-84.2,15.8],[-84.2,15.9]]],[[[-92.5,15.5],[-92.4,15.5],[-92.4,15.6],[-92.5,15.6],[-92.5,15.7],[-92.7,15.7],[-92.7,15.8],[-93.0,15.8],[-93.0,15.9],[-93.1,15.9],[-93.1,15.5],[-93.0,15.5],[-93.0,15.4],[-92.8,15.4],[-92.8,15.3],[-92.7,15.3],[-92.7,15.2],[-92.6,15.2],[-92.6,15.1],[-92.5,15.1],[-92.5,15.0],[-92.4,15.0],[-92.4,14.9],[-92.3,14.9],[-92.3,14.8],[-92.2,14.8],[-92.2,14.7],[-92.1,14.7],[-92.1,14.6],[-92.0,14.6],[-92.0,14.5],[-91.8,14.5],[-91.8,14.4],[-91.7,14.4],[-91.7,14.3],[-91.6,14.3],[-91.6,14.2],[-91.4,14.2],[-91.4,14.1],[-90.9,14.1],[-90.9,14.2],[-90.7,14.2],[-90.7,14.4],[-90.8,14.4],[-90.8,14.5],[-91.0,14.5],[-91.0,14.6],[-91.1,14.6],[-91.1,14.7],[-91.6,14.7],[-91.6,14.8],[-91.8,14.8],[-91.8,14.9],[-91.9,14.9],[-91.9,15.0],[-92.0,15.0],[-92.0,15.1],[-92.2,15.1],[-92.2,15.2],[-92.3,15.2],[-92.3,15.4],[-92.5,15.4],[-92.5,15.5]]],[[[-88.7,15.0],[-88.5,15.0],[-88.5,15.1],[-88.3,15.1],[-88.3,15.2],[-88.6,15.2],[-88.6,15.4],[-88.1,15.4],[-88.1,15.5],[-88.0,15.5],[-88.0,15.6],[-87.8,15.6],[-87.8,15.7],[-87.7,15.7],[-87.7,15.4],[-87.5,15.4],[-87.5,15.3],[-87.6,15.3],[-87.6,15.1],[-87.4,15.1],[-87.4,15.0],[-87.3,15.0],[-87.3,15.3],[-87.2,15.3],[-87.2,15.4],[-87.0,15.4],[-87.0,15.5],[-86.9,15.5],[-86.9,15.6],[-86.8,15.6],[-86.8,15.5],[-86.3,15.5],[-86.3,15.6],[-86.1,15.6],[-86.1,15.5],[-86.2,15.5],[-86.2,15.4],[-86.1,15.4],[-86.1,15.3],[-85.8,15.3],[-85.8,15.5],[-85.7,15.5],[-85.7,15.3],[-85.6,15.3],[-85.6,15.1],[-85.4,15.1],[-85.4,15.0],[-85.5,15.0],[-85.5,14.9],[-85.4,14.9],[-85.4,14.6],[-85.5,14.6],[-85.5,14.5],[-85.4,14.5],[-85.4,14.3],[-85.6,14.3],[-85.6,14.2],[-85.5,14.2],[-85.5,14.0],[-84.8,14.0],[-84.8,14.1],[-84.6,14.1],[-84.6,14.2],[-84.7,14.2],[-84.7,14.3],[-84.8,14.3],[-84.8,14.4],[-84.9,14.4],[-84.9,14.6],[-85.0,14.6],[-85.0,14.7],[-84.9,14.7],[-84.9,15.1],[-85.0,15.1],[-85.0,15.2],[-85.2,15.2],[-85.2,15.6],[-85.3,15.6],[-85.3,15.9],[-85.6,15.9],[-85.6,16.0],[-85.8,16.0],[-85.8,16.1],[-86.1,16.1],[-86.1,16.0],[-86.0,16.0],[-86.0,15.9],[-86.4,15.9],[-86.4,16.0],[-86.5,16.0],[-86.5,15.9],[-86.6,15.9],[-86.6,15.8],[-87.2,15.8],[-87.2,15.9],[-87.6,15.9],[-87.6,16.0],[-87.8,16.0],[-87.8,15.9],[-88.0,15.9],[-88.0,15.8],[-88.3,15.8],[-88.3,15.9],[-88.4,15.9],[-88.4,15.7],[-88.5,15.7],[-88.5,15.6],[-88.9,15.6],[-88.9,15.5],[-89.0,15.5],[-89.0,15.4],[-89.2,15.4],[-89.2,15.5],[-89.5,15.5],[-89.5,15.4],[-89.9,15.4],[-89.9,15.3],[-90.2,15.3],[-90.2,15.2],[-89.3,15.2],[-89.3,15.1],[-89.2,15.1],[-89.2,15.0],[-88.9,15.0],[-88.9,14.9],[-88.8,14.9],[-88.8,15.1],[-88.7,15.1],[-88.7,15.0]]],[[[-91.1,15.3],[-91.1,15.2],[-91.0,15.2],[-91.0,15.1],[-90.9,15.1],[-90.9,15.2],[-90.8,15.2],[-90.8,15.3],[-91.1,15.3]]],[[[-90.6,15.4],[-90.7,15.4],[-90.7,15.2],[-90.4,15.2],[-90.4,15.3],[-90.6,15.3],[-90.6,15.4]]],[[[-86.8,16.0],[-86.8,16.2],[-87.0,16.2],[-87.0,16.0],[-86.8,16.0]]],[[[-86.4,16.4],[-86.6,16.4],[-86.6,16.3],[-86.3,16.3],[-86.3,16.4],[-86.1,16.4],[-86.1,16.5],[-86.4,16.5],[-86.4,16.4]]],[[[-85.8,16.6],[-85.9,16.6],[-85.9,16.5],[-86.0,16.5],[-86.0,16.4],[-85.8,16.4],[-85.8,16.6]]],[[[-96.6,17.7],[-96.5,17.7],[-96.5,17.6],[-96.4,17.6],[-96.4,17.5],[-96.3,17.5],[-96.3,17.3],[-96.2,17.3],[-96.2,17.1],[-96.1,17.1],[-96.1,17.4],[-96.0,17.4],[-96.0,17.2],[-95.9,17.2],[-95.9,16.9],[-95.7,16.9],[-95.7,17.0],[-95.1,17.0],[-95.1,16.9],[-94.8,16.9],[-94.8,16.8],[-94.1,16.8],[-94.1,16.9],[-93.8,16.9],[-93.8,17.0],[-93.6,17.0],[-93.6,16.9],[-93.5,16.9],[-93.5,17.0],[-93.2,17.0],[-93.2,17.2],[-93.5,17.2],[-93.5,17.3],[-93.7,17.3],[-93.7,17.4],[-93.6,17.4],[-93.6,17.5],[-93.4,17.5],[-93.4,17.6],[-93.2,17.6],[-93.2,17.7],[-92.7,17.7],[-92.7,17.8],[-92.1,17.8],[-92.1,17.7],[-92.0,17.7],[-92.0,17.5],[-91.7,17.5],[-91.7,17.4],[-91.5,17.4],[-91.5,17.2],[-91.7,17.2],[-91.7,17.1],[-92.0,17.1],[-92.0,17.0],[-92.1,17.0],[-92.1,17.1],[-92.4,17.1],[-92.4,17.2],[-92.8,17.2],[-92.8,17.0],[-92.7,17.0],[-92.7,16.9],[-92.5,16.9],[-92.5,17.0],[-92.3,17.0],[-92.3,16.9],[-92.1,16.9],[-92.1,16.7],[-91.7,16.7],[-91.7,16.6],[-91.8,16.6],[-91.8,16.4],[-91.7,16.4],[-91.7,16.3],[-91.8,16.3],[-91.8,16.2],[-91.7,16.2],[-91.7,15.8],[-91.5,15.8],[-91.5,15.9],[-91.6,15.9],[-91.6,16.0],[-91.3,16.0],[-91.3,16.1],[-91.2,16.1],[-91.2,16.0],[-91.1,16.0],[-91.1,16.1],[-91.0,16.1],[-91.0,16.2],[-90.9,16.2],[-90.9,16.3],[-90.7,16.3],[-90.7,16.4],[-90.3,16.4],[-90.3,16.5],[-89.5,16.5],[-89.5,16.6],[-89.4,16.6],[-89.4,16.5],[-88.9,16.5],[-88.9,16.4],[-89.0,16.4],[-89.0,16.3],[-88.9,16.3],[-88.9,16.2],[-88.7,16.2],[-88.7,16.1],[-88.6,16.1],[-88.6,16.2],[-88.5,16.2],[-88.5,16.3],[-88.4,16.3],[-88.4,16.5],[-88.3,16.5],[-88.3,16.7],[-88.2,16.7],[-88.2,16.5],[-88.0,16.5],[-88.0,16.6],[-88.1,16.6],[-88.1,16.8],[-88.0,16.8],[-88.0,17.1],[-87.8,17.1],[-87.8,17.3],[-87.7,17.3],[-87.7,17.4],[-87.8,17.4],[-87.8,17.5],[-87.7,17.5],[-87.7,17.6],[-87.9,17.6],[-87.9,17.5],[-88.0,17.5],[-88.0,17.8],[-87.9,17.8],[-87.9,17.9],[-88.1,17.9],[-88.1,17.8],[-88.2,17.8],[-88.2,17.9],[-88.4,17.9],[-88.4,17.8],[-88.6,17.8],[-88.6,17.7],[-88.8,17.7],[-88.8,17.5],[-89.0,17.5],[-89.0,17.4],[-88.9,17.4],[-88.9,17.2],[-89.0,17.2],[-89.0,17.1],[-89.2,17.1],[-89.2,17.2],[-89.3,17.2],[-89.3,17.1],[-89.4,17.1],[-89.4,17.2],[-89.6,17.2],[-89.6,17.4],[-89.7,17.4],[-89.7,17.5],[-89.8,17.5],[-89.8,17.0],[-89.9,17.0],[-89.9,17.1],[-90.1,17.1],[-90.1,17.2],[-90.2,17.2],[-90.2,17.4],[-90.3,17.4],[-90.3,17.6],[-90.5,17.6],[-90.5,17.7],[-90.8,17.7],[-90.8,17.8],[-90.9,17.8],[-90.9,17.7],[-91.1,17.7],[-91.1,17.8],[-91.3,17.8],[-91.3,17.9],[-91.6,17.9],[-91.6,18.0],[-91.9,18.0],[-91.9,18.1],[-92.1,18.1],[-92.1,18.2],[-93.0,18.2],[-93.0,18.3],[-93.7,18.3],[-93.7,18.4],[-93.9,18.4],[-93.9,18.3],[-94.2,18.3],[-94.2,18.2],[-94.6,18.2],[-94.6,18.4],[-94.7,18.4],[-94.7,18.6],[-95.0,18.6],[-95.0,18.7],[-95.1,18.7],[-95.1,18.8],[-95.6,18.8],[-95.6,18.7],[-95.5,18.7],[-95.5,18.5],[-95.4,18.5],[-95.4,18.4],[-95.3,18.4],[-95.3,18.3],[-95.2,18.3],[-95.2,18.2],[-95.0,18.2],[-95.0,18.1],[-94.9,18.1],[-94.9,17.9],[-95.0,17.9],[-95.0,17.7],[-95.4,17.7],[-95.4,17.8],[-95.5,17.8],[-95.5,17.9],[-95.6,17.9],[-95.6,18.0],[-95.7,18.0],[-95.7,18.1],[-95.9,18.1],[-95.9,18.2],[-96.0,18.2],[-96.0,18.3],[-96.2,18.3],[-96.2,18.4],[-96.4,18.4],[-96.4,18.5],[-96.5,18.5],[-96.5,18.7],[-96.6,18.7],[-96.6,18.9],[-96.7,18.9],[-96.7,19.0],[-96.8,19.0],[-96.8,19.2],[-96.9,19.2],[-96.9,19.1],[-97.0,19.1],[-97.0,19.0],[-97.1,19.0],[-97.1,18.9],[-97.2,18.9],[-97.2,18.8],[-97.0,18.8],[-97.0,18.5],[-96.9,18.5],[-96.9,18.0],[-96.8,18.0],[-96.8,17.9],[-96.7,17.9],[-96.7,17.8],[-96.6,17.8],[-96.6,17.7]],[[-96.4,17.7],[-96.5,17.7],[-96.5,17.9],[-96.6,17.9],[-96.6,18.0],[-96.7,18.0],[-96.7,18.1],[-96.8,18.1],[-96.8,18.3],[-96.7,18.3],[-96.7,18.2],[-96.6,18.2],[-96.6,18.1],[-96.4,18.1],[-96.4,18.0],[-96.3,18.0],[-96.3,17.9],[-96.1,17.9],[-96.1,17.8],[-96.4,17.8],[-96.4,17.7]],[[-88.1,16.9],[-88.2,16.9],[-88.2,17.4],[-88.1,17.4],[-88.1,16.9]]],[[[-96.6,19.7],[-96.6,19.9],[-96.5,19.9],[-96.5,20.1],[-96.6,20.1],[-96.6,20.2],[-96.7,20.2],[-96.7,20.3],[-96.8,20.3],[-96.8,20.4],[-96.9,20.4],[-96.9,20.5],[-97.0,20.5],[-97.0,20.6],[-97.1,20.6],[-97.1,20.7],[-97.2,20.7],[-97.2,20.5],[-97.4,20.5],[-97.4,20.4],[-97.7,20.4],[-97.7,20.6],[-97.8,20.6],[-97.8,20.5],[-97.9,20.5],[-97.9,20.2],[-97.8,20.2],[-97.8,20.1],[-97.7,20.1],[-97.7,20.0],[-97.4,20.0],[-97.4,20.1],[-97.2,20.1],[-97.2,19.9],[-97.3,19.9],[-97.3,19.8],[-96.7,19.8],[-96.7,19.7],[-96.6,19.7]],[[-96.8,20.1],[-96.8,20.0],[-96.9,20.0],[-96.9,19.9],[-97.0,19.9],[-97.0,20.0],[-97.1,20.0],[-97.1,20.2],[-96.9,20.2],[-96.9,20.1],[-96.8,20.1]]],[[[-98.5,21.0],[-98.5,20.9],[-98.4,20.9],[-98.4,21.2],[-98.5,21.2],[-98.5,21.3],[-98.6,21.3],[-98.6,21.4],[-98.7,21.4],[-98.7,21.3],[-98.8,21.3],[-98.8,21.5],[-98.9,21.5],[-98.9,21.6],[-99.0,21.6],[-99.0,21.3],[-98.9,21.3],[-98.9,21.1],[-98.6,21.1],[-98.6,21.0],[-98.5,21.0]]],[[[-97.9,21.3],[-97.9,21.1],[-97.8,21.1],[-97.8,21.2],[-97.7,21.2],[-97.7,21.4],[-97.8,21.4],[-97.8,21.3],[-97.9,21.3]]],[[[-84.2,22.7],[-84.2,22.3],[-84.0,22.3],[-84.0,22.2],[-83.9,22.2],[-83.9,22.3],[-83.8,22.3],[-83.8,22.4],[-83.6,22.4],[-83.6,22.6],[-83.3,22.6],[-83.3,22.7],[-83.0,22.7],[-83.0,22.8],[-82.8,22.8],[-82.8,22.9],[-82.9,22.9],[-82.9,23.0],[-83.5,23.0],[-83.5,22.9],[-83.9,22.9],[-83.9,22.8],[-84.1,22.8],[-84.1,22.7],[-84.2,22.7]]],[[[-82.9,14.3],[-82.7,14.3],[-82.7,14.5],[-82.9,14.5],[-82.9,14.3]]],[[[-76.6,17.8],[-76.3,17.8],[-76.3,17.9],[-76.6,17.9],[-76.6,17.8]]],[[[-77.3,18.1],[-76.9,18.1],[-76.9,18.2],[-77.2,18.2],[-77.2,18.3],[-77.3,18.3],[-77.3,18.4],[-77.5,18.4],[-77.5,18.5],[-77.7,18.5],[-77.7,18.6],[-77.9,18.6],[-77.9,18.5],[-78.1,18.5],[-78.1,18.3],[-78.0,18.3],[-78.0,18.1],[-77.7,18.1],[-77.7,18.2],[-77.6,18.2],[-77.6,18.0],[-77.5,18.0],[-77.5,17.9],[-77.4,17.9],[-77.4,18.0],[-77.3,18.0],[-77.3,18.1]]],[[[-74.5,18.3],[-74.4,18.3],[-74.4,18.6],[-74.3,18.6],[-74.3,18.7],[-74.5,18.7],[-74.5,18.3]]],[[[-76.9,19.9],[-76.5,19.9],[-76.5,20.0],[-75.9,20.0],[-75.9,20.1],[-75.8,20.1],[-75.8,20.2],[-76.0,20.2],[-76.0,20.3],[-76.1,20.3],[-76.1,20.2],[-76.2,20.2],[-76.2,20.3],[-76.6,20.3],[-76.6,20.2],[-76.9,20.2],[-76.9,20.1],[-77.0,20.1],[-77.0,20.0],[-76.9,20.0],[-76.9,19.9]]],[[[-74.3,20.2],[-74.5,20.2],[-74.5,20.0],[-74.4,20.0],[-74.4,20.1],[-74.2,20.1],[-74.2,20.4],[-74.3,20.4],[-74.3,20.2]]],[[[-75.0,20.2],[-74.8,20.2],[-74.8,20.3],[-74.9,20.3],[-74.9,20.4],[-75.1,20.4],[-75.1,20.8],[-75.5,20.8],[-75.5,20.9],[-75.6,20.9],[-75.6,20.7],[-75.8,20.7],[-75.8,20.3],[-75.6,20.3],[-75.6,20.4],[-75.5,20.4],[-75.5,20.3],[-75.4,20.3],[-75.4,20.4],[-75.3,20.4],[-75.3,20.3],[-75.0,20.3],[-75.0,20.2]],[[-75.4,20.5],[-75.5,20.5],[-75.5,20.7],[-75.3,20.7],[-75.3,20.6],[-75.4,20.6],[-75.4,20.5]]],[[[-80.2,22.0],[-80.1,22.0],[-80.1,21.9],[-79.9,21.9],[-79.9,22.0],[-79.8,22.0],[-79.8,22.2],[-79.9,22.2],[-79.9,22.1],[-80.2,22.1],[-80.2,22.0]]],[[[-79.7,22.3],[-79.3,22.3],[-79.3,22.4],[-79.4,22.4],[-79.4,22.5],[-79.6,22.5],[-79.6,22.6],[-79.8,22.6],[-79.8,22.7],[-80.0,22.7],[-80.0,22.6],[-79.9,22.6],[-79.9,22.5],[-79.7,22.5],[-79.7,22.3]]],[[[-77.3,26.0],[-77.1,26.0],[-77.1,26.1],[-77.3,26.1],[-77.3,26.0]]],[[[-77.5,27.0],[-77.8,27.0],[-77.8,26.9],[-77.7,26.9],[-77.7,26.8],[-77.5,26.8],[-77.5,26.6],[-77.4,26.6],[-77.4,26.3],[-77.2,26.3],[-77.2,26.2],[-77.1,26.2],[-77.1,26.3],[-76.9,26.3],[-76.9,26.6],[-77.0,26.6],[-77.0,26.7],[-77.3,26.7],[-77.3,26.8],[-77.4,26.8],[-77.4,26.9],[-77.5,26.9],[-77.5,27.0]]],[[[-78.2,26.7],[-78.2,26.6],[-77.9,26.6],[-77.9,26.5],[-77.8,26.5],[-77.8,26.7],[-77.9,26.7],[-77.9,26.8],[-78.4,26.8],[-78.4,26.9],[-78.5,26.9],[-78.5,26.7],[-78.7,26.7],[-78.7,26.6],[-78.8,26.6],[-78.8,26.7],[-79.0,26.7],[-79.0,26.6],[-78.9,26.6],[-78.9,26.5],[-78.8,26.5],[-78.8,26.4],[-78.6,26.4],[-78.6,26.5],[-78.5,26.5],[-78.5,26.6],[-78.4,26.6],[-78.4,26.7],[-78.2,26.7]]],[[[-80.4,27.6],[-80.3,27.6],[-80.3,27.8],[-80.4,27.8],[-80.4,28.0],[-80.5,28.0],[-80.5,28.7],[-80.6,28.7],[-80.6,28.8],[-80.7,28.8],[-80.7,28.9],[-80.8,28.9],[-80.8,28.7],[-80.7,28.7],[-80.7,28.6],[-80.8,28.6],[-80.8,28.1],[-80.9,28.1],[-80.9,27.8],[-81.0,27.8],[-81.0,27.6],[-81.1,27.6],[-81.1,27.5],[-81.2,27.5],[-81.2,27.3],[-81.1,27.3],[-81.1,27.2],[-80.9,27.2],[-80.9,27.3],[-80.8,27.3],[-80.8,27.2],[-80.7,27.2],[-80.7,26.8],[-80.8,26.8],[-80.8,26.7],[-81.0,26.7],[-81.0,26.6],[-81.1,26.6],[-81.1,26.5],[-81.2,26.5],[-81.2,26.3],[-81.3,26.3],[-81.3,25.9],[-81.2,25.9],[-81.2,25.8],[-81.1,25.8],[-81.1,25.7],[-81.0,25.7],[-81.0,25.5],[-80.9,25.5],[-80.9,25.4],[-80.7,25.4],[-80.7,25.3],[-80.5,25.3],[-80.5,25.0],[-80.4,25.0],[-80.4,25.2],[-80.2,25.2],[-80.2,25.4],[-80.1,25.4],[-80.1,26.2],[-80.2,26.2],[-80.2,26.6],[-80.3,26.6],[-80.3,27.1],[-80.4,27.1],[-80.4,27.3],[-80.5,27.3],[-80.5,27.5],[-80.4,27.5],[-80.4,27.6]]],[[[-78.1,27.0],[-77.8,27.0],[-77.8,27.1],[-78.1,27.1],[-78.1,27.0]]],[[[-81.4,27.3],[-81.4,27.2],[-81.6,27.2],[-81.6,27.3],[-81.7,27.3],[-81.7,27.2],[-82.1,27.2],[-82.1,27.3],[-82.4,27.3],[-82.4,27.4],[-82.6,27.4],[-82.6,27.5],[-82.7,27.5],[-82.7,27.6],[-82.8,27.6],[-82.8,27.4],[-82.7,27.4],[-82.7,27.3],[-82.6,27.3],[-82.6,27.1],[-82.5,27.1],[-82.5,26.9],[-82.4,26.9],[-82.4,26.8],[-82.3,26.8],[-82.3,26.7],[-81.6,26.7],[-81.6,26.8],[-81.4,26.8],[-81.4,26.9],[-81.2,26.9],[-81.2,27.2],[-81.3,27.2],[-81.3,27.3],[-81.4,27.3]]],[[[-61.6,16.0],[-61.7,16.0],[-61.7,15.8],[-61.5,15.8],[-61.5,15.9],[-61.6,15.9],[-61.6,16.0]]],[[[-61.4,15.8],[-61.2,15.8],[-61.2,16.0],[-61.4,16.0],[-61.4,15.8]]],[[[-61.8,16.4],[-61.8,16.2],[-61.2,16.2],[-61.2,16.1],[-61.1,16.1],[-61.1,16.2],[-61.0,16.2],[-61.0,16.4],[-61.1,16.4],[-61.1,16.3],[-61.2,16.3],[-61.2,16.4],[-61.8,16.4]]],[[[-62.2,16.9],[-62.2,16.6],[-62.1,16.6],[-62.1,16.9],[-62.2,16.9]]],[[[-62.7,17.5],[-62.8,17.5],[-62.8,17.3],[-62.6,17.3],[-62.6,17.4],[-62.7,17.4],[-62.7,17.5]]],[[[-65.4,18.2],[-65.6,18.2],[-65.6,18.0],[-65.4,18.0],[-65.4,18.2]]],[[[-67.2,18.1],[-67.0,18.1],[-67.0,18.2],[-67.1,18.2],[-67.1,18.3],[-67.2,18.3],[-67.2,18.4],[-67.3,18.4],[-67.3,18.2],[-67.2,18.2],[-67.2,18.1]]],[[[-74.2,18.2],[-74.0,18.2],[-74.0,18.4],[-74.2,18.4],[-74.2,18.2]]],[[[-73.9,18.2],[-74.0,18.2],[-74.0,18.0],[-73.5,18.0],[-73.5,18.1],[-73.6,18.1],[-73.6,18.2],[-73.4,18.2],[-73.4,18.5],[-73.5,18.5],[-73.5,18.6],[-73.7,18.6],[-73.7,18.4],[-73.8,18.4],[-73.8,18.2],[-73.7,18.2],[-73.7,18.1],[-73.9,18.1],[-73.9,18.2]]],[[[-68.7,18.3],[-68.6,18.3],[-68.6,18.4],[-68.5,18.4],[-68.5,18.3],[-68.4,18.3],[-68.4,18.4],[-68.3,18.4],[-68.3,18.7],[-68.4,18.7],[-68.4,18.5],[-68.7,18.5],[-68.7,18.3]]],[[[-70.0,18.4],[-69.6,18.4],[-69.6,18.6],[-69.4,18.6],[-69.4,18.7],[-69.0,18.7],[-69.0,18.6],[-68.8,18.6],[-68.8,18.7],[-68.9,18.7],[-68.9,18.8],[-69.8,18.8],[-69.8,18.7],[-69.9,18.7],[-69.9,18.6],[-70.1,18.6],[-70.1,18.5],[-70.3,18.5],[-70.3,18.7],[-70.5,18.7],[-70.5,18.6],[-70.4,18.6],[-70.4,18.4],[-70.1,18.4],[-70.1,18.3],[-70.0,18.3],[-70.0,18.4]]],[[[-71.1,19.2],[-71.1,19.5],[-71.2,19.5],[-71.2,19.4],[-71.4,19.4],[-71.4,19.5],[-71.7,19.5],[-71.7,19.6],[-71.8,19.6],[-71.8,19.7],[-71.9,19.7],[-71.9,19.5],[-72.4,19.5],[-72.4,19.4],[-72.3,19.4],[-72.3,19.1],[-72.1,19.1],[-72.1,19.3],[-71.9,19.3],[-71.9,19.2],[-71.7,19.2],[-71.7,19.3],[-71.6,19.3],[-71.6,19.2],[-71.5,19.2],[-71.5,19.1],[-71.4,19.1],[-71.4,19.2],[-71.1,19.2]]],[[[-70.8,20.0],[-71.0,20.0],[-71.0,19.8],[-71.1,19.8],[-71.1,19.7],[-70.8,19.7],[-70.8,20.0]]],[[[-71.1,21.4],[-71.2,21.4],[-71.2,21.3],[-71.0,21.3],[-71.0,21.5],[-71.1,21.5],[-71.1,21.4]]]]}},
{"type":"Feature","properties":{"k":"Aw"},"geometry":{"type":"MultiPolygon","coordinates":[[[[-92.0,16.6],[-91.7,16.6],[-91.7,16.7],[-92.0,16.7],[-92.0,16.6]]],[[[-92.3,16.8],[-92.1,16.8],[-92.1,16.9],[-92.3,16.9],[-92.3,16.8]]],[[[-96.6,17.7],[-97.0,17.7],[-97.0,17.6],[-96.9,17.6],[-96.9,17.4],[-96.8,17.4],[-96.8,17.6],[-96.6,17.6],[-96.6,17.7]]],[[[-97.0,18.1],[-97.0,17.9],[-96.9,17.9],[-96.9,18.1],[-97.0,18.1]]],[[[-95.6,18.7],[-95.6,18.8],[-95.7,18.8],[-95.7,18.9],[-95.9,18.9],[-95.9,19.1],[-96.0,19.1],[-96.0,19.3],[-96.2,19.3],[-96.2,19.4],[-96.3,19.4],[-96.3,19.7],[-96.4,19.7],[-96.4,19.9],[-96.6,19.9],[-96.6,19.7],[-96.8,19.7],[-96.8,19.5],[-96.9,19.5],[-96.9,19.4],[-97.1,19.4],[-97.1,19.3],[-96.9,19.3],[-96.9,19.2],[-96.8,19.2],[-96.8,19.0],[-96.7,19.0],[-96.7,18.9],[-96.6,18.9],[-96.6,18.7],[-96.5,18.7],[-96.5,18.5],[-96.4,18.5],[-96.4,18.4],[-96.2,18.4],[-96.2,18.3],[-96.0,18.3],[-96.0,18.2],[-95.9,18.2],[-95.9,18.1],[-95.7,18.1],[-95.7,18.0],[-95.6,18.0],[-95.6,17.9],[-95.5,17.9],[-95.5,17.8],[-95.4,17.8],[-95.4,17.7],[-95.0,17.7],[-95.0,17.9],[-94.9,17.9],[-94.9,18.1],[-95.0,18.1],[-95.0,18.2],[-95.2,18.2],[-95.2,18.3],[-95.3,18.3],[-95.3,18.4],[-95.4,18.4],[-95.4,18.5],[-95.5,18.5],[-95.5,18.7],[-95.6,18.7]]],[[[-81.5,19.3],[-81.4,19.3],[-81.4,19.2],[-81.1,19.2],[-81.1,19.3],[-81.0,19.3],[-81.0,19.4],[-81.5,19.4],[-81.5,19.3]]],[[[-88.0,17.9],[-87.9,17.9],[-87.9,18.0],[-87.8,18.0],[-87.8,18.3],[-87.7,18.3],[-87.7,18.7],[-87.6,18.7],[-87.6,19.0],[-87.5,19.0],[-87.5,19.2],[-87.4,19.2],[-87.4,20.2],[-87.3,20.2],[-87.3,20.4],[-87.2,20.4],[-87.2,20.5],[-87.1,20.5],[-87.1,20.3],[-87.0,20.3],[-87.0,20.2],[-86.9,20.2],[-86.9,20.3],[-86.8,20.3],[-86.8,20.4],[-86.7,20.4],[-86.7,20.6],[-87.0,20.6],[-87.0,20.7],[-86.9,20.7],[-86.9,20.8],[-86.8,20.8],[-86.8,21.0],[-86.7,21.0],[-86.7,21.6],[-86.8,21.6],[-86.8,21.5],[-86.9,21.5],[-86.9,21.6],[-87.1,21.6],[-87.1,21.7],[-87.2,21.7],[-87.2,21.6],[-87.4,21.6],[-87.4,21.5],[-87.6,21.5],[-87.6,21.6],[-87.9,21.6],[-87.9,21.7],[-88.2,21.7],[-88.2,21.6],[-88.7,21.6],[-88.7,21.5],[-88.9,21.5],[-88.9,21.4],[-89.7,21.4],[-89.7,21.3],[-89.9,21.3],[-89.9,21.2],[-90.0,21.2],[-90.0,20.9],[-90.1,20.9],[-90.1,20.8],[-90.3,20.8],[-90.3,20.7],[-90.4,20.7],[-90.4,20.6],[-90.5,20.6],[-90.5,19.9],[-90.7,19.9],[-90.7,19.7],[-90.8,19.7],[-90.8,19.3],[-90.9,19.3],[-90.9,19.2],[-91.1,19.2],[-91.1,19.1],[-91.2,19.1],[-91.2,19.0],[-91.4,19.0],[-91.4,18.9],[-91.5,18.9],[-91.5,18.8],[-91.7,18.8],[-91.7,18.7],[-92.7,18.7],[-92.7,18.6],[-92.8,18.6],[-92.8,18.5],[-93.6,18.5],[-93.6,18.4],[-93.7,18.4],[-93.7,18.3],[-93.0,18.3],[-93.0,18.2],[-92.1,18.2],[-92.1,18.1],[-91.9,18.1],[-91.9,18.0],[-91.6,18.0],[-91.6,17.9],[-91.3,17.9],[-91.3,17.8],[-91.1,17.8],[-91.1,17.7],[-90.9,17.7],[-90.9,17.8],[-90.8,17.8],[-90.8,17.7],[-90.5,17.7],[-90.5,17.6],[-90.3,17.6],[-90.3,17.4],[-90.2,17.4],[-90.2,17.2],[-90.1,17.2],[-90.1,17.1],[-89.9,17.1],[-89.9,17.0],[-89.8,17.0],[-89.8,17.5],[-89.7,17.5],[-89.7,17.4],[-89.6,17.4],[-89.6,17.2],[-89.4,17.2],[-89.4,17.1],[-89.3,17.1],[-89.3,17.2],[-89.2,17.2],[-89.2,17.1],[-89.0,17.1],[-89.0,17.2],[-88.9,17.2],[-88.9,17.4],[-89.0,17.4],[-89.0,17.5],[-88.8,17.5],[-88.8,17.7],[-88.6,17.7],[-88.6,17.8],[-88.4,17.8],[-88.4,17.9],[-88.2,17.9],[-88.2,17.8],[-88.1,17.8],[-88.1,18.1],[-88.0,18.1],[-88.0,17.9]],[[-91.3,18.7],[-91.3,18.6],[-91.5,18.6],[-91.5,18.5],[-91.8,18.5],[-91.8,18.6],[-91.6,18.6],[-91.6,18.7],[-91.3,18.7]],[[-88.1,18.6],[-88.1,18.4],[-88.2,18.4],[-88.2,18.6],[-88.1,18.6]]],[[[-80.1,19.7],[-80.2,19.7],[-80.2,19.6],[-79.8,19.6],[-79.8,19.7],[-79.7,19.7],[-79.7,19.8],[-80.1,19.8],[-80.1,19.7]]],[[[-105.6,20.6],[-105.5,20.6],[-105.5,20.5],[-105.7,20.5],[-105.7,20.2],[-105.6,20.2],[-105.6,20.0],[-105.5,20.0],[-105.5,19.8],[-105.4,19.8],[-105.4,19.7],[-105.3,19.7],[-105.3,19.6],[-105.2,19.6],[-105.2,19.5],[-105.1,19.5],[-105.1,19.3],[-104.9,19.3],[-104.9,19.2],[-104.7,19.2],[-104.7,19.1],[-104.5,19.1],[-104.5,19.0],[-104.3,19.0],[-104.3,18.9],[-104.1,18.9],[-104.1,18.8],[-103.9,18.8],[-103.9,19.0],[-103.8,19.0],[-103.8,18.8],[-103.7,18.8],[-103.7,18.5],[-103.6,18.5],[-103.6,18.3],[-103.5,18.3],[-103.5,18.2],[-103.2,18.2],[-103.2,18.1],[-102.9,18.1],[-102.9,18.0],[-102.5,18.0],[-102.5,17.9],[-101.9,17.9],[-101.9,17.8],[-101.8,17.8],[-101.8,17.7],[-101.7,17.7],[-101.7,17.6],[-101.5,17.6],[-101.5,17.5],[-101.4,17.5],[-101.4,17.4],[-101.2,17.4],[-101.2,17.3],[-101.1,17.3],[-101.1,17.2],[-100.9,17.2],[-100.9,17.1],[-100.6,17.1],[-100.6,17.0],[-100.3,17.0],[-100.3,16.9],[-100.0,16.9],[-100.0,16.8],[-99.9,16.8],[-99.9,16.7],[-99.7,16.7],[-99.7,16.6],[-99.1,16.6],[-99.1,16.5],[-98.8,16.5],[-98.8,16.4],[-98.7,16.4],[-98.7,16.3],[-98.5,16.3],[-98.5,16.2],[-98.2,16.2],[-98.2,16.1],[-98.0,16.1],[-98.0,16.0],[-97.8,16.0],[-97.8,15.9],[-97.2,15.9],[-97.2,15.8],[-97.0,15.8],[-97.0,15.7],[-96.7,15.7],[-96.7,15.6],[-96.2,15.6],[-96.2,15.7],[-96.0,15.7],[-96.0,15.8],[-95.8,15.8],[-95.8,16.0],[-95.7,16.0],[-95.7,16.1],[-95.6,16.1],[-95.6,16.0],[-95.3,16.0],[-95.3,16.1],[-94.9,16.1],[-94.9,16.2],[-94.6,16.2],[-94.6,16.1],[-94.2,16.1],[-94.2,16.0],[-94.0,16.0],[-94.0,15.9],[-93.8,15.9],[-93.8,15.8],[-93.6,15.8],[-93.6,15.7],[-93.5,15.7],[-93.5,15.6],[-93.4,15.6],[-93.4,15.5],[-93.3,15.5],[-93.3,15.4],[-93.2,15.4],[-93.2,15.3],[-93.0,15.3],[-93.0,15.2],[-92.9,15.2],[-92.9,15.1],[-92.8,15.1],[-92.8,15.0],[-92.7,15.0],[-92.7,14.9],[-92.6,14.9],[-92.6,14.7],[-92.5,14.7],[-92.5,14.6],[-92.3,14.6],[-92.3,14.5],[-92.2,14.5],[-92.2,14.4],[-92.1,14.4],[-92.1,14.3],[-92.0,14.3],[-92.0,14.2],[-91.8,14.2],[-91.8,14.1],[-91.7,14.1],[-91.7,14.0],[-85.5,14.0],[-85.5,14.2],[-85.6,14.2],[-85.6,14.3],[-85.4,14.3],[-85.4,14.5],[-85.5,14.5],[-85.5,14.6],[-85.4,14.6],[-85.4,14.9],[-85.5,14.9],[-85.5,15.0],[-85.4,15.0],[-85.4,15.1],[-85.6,15.1],[-85.6,15.3],[-85.7,15.3],[-85.7,15.5],[-85.8,15.5],[-85.8,15.3],[-86.1,15.3],[-86.1,15.4],[-86.2,15.4],[-86.2,15.5],[-86.1,15.5],[-86.1,15.6],[-86.3,15.6],[-86.3,15.5],[-86.8,15.5],[-86.8,15.6],[-86.9,15.6],[-86.9,15.5],[-87.0,15.5],[-87.0,15.4],[-87.2,15.4],[-87.2,15.3],[-87.3,15.3],[-87.3,15.0],[-87.4,15.0],[-87.4,15.1],[-87.6,15.1],[-87.6,15.3],[-87.5,15.3],[-87.5,15.4],[-87.7,15.4],[-87.7,15.7],[-87.8,15.7],[-87.8,15.6],[-88.0,15.6],[-88.0,15.5],[-88.1,15.5],[-88.1,15.4],[-88.6,15.4],[-88.6,15.2],[-88.3,15.2],[-88.3,15.1],[-88.5,15.1],[-88.5,15.0],[-88.7,15.0],[-88.7,15.1],[-88.8,15.1],[-88.8,14.9],[-88.9,14.9],[-88.9,15.0],[-89.2,15.0],[-89.2,15.1],[-89.3,15.1],[-89.3,15.2],[-89.5,15.2],[-89.5,15.1],[-89.8,15.1],[-89.8,15.0],[-90.2,15.0],[-90.2,15.1],[-90.3,15.1],[-90.3,15.2],[-90.8,15.2],[-90.8,15.1],[-90.6,15.1],[-90.6,15.0],[-90.9,15.0],[-90.9,14.9],[-90.8,14.9],[-90.8,14.7],[-90.6,14.7],[-90.6,14.5],[-90.8,14.5],[-90.8,14.4],[-90.7,14.4],[-90.7,14.2],[-90.9,14.2],[-90.9,14.1],[-91.4,14.1],[-91.4,14.2],[-91.6,14.2],[-91.6,14.3],[-91.7,14.3],[-91.7,14.4],[-91.8,14.4],[-91.8,14.5],[-92.0,14.5],[-92.0,14.6],[-92.1,14.6],[-92.1,14.7],[-92.2,14.7],[-92.2,14.8],[-92.3,14.8],[-92.3,14.9],[-92.4,14.9],[-92.4,15.0],[-92.5,15.0],[-92.5,15.1],[-92.6,15.1],[-92.6,15.2],[-92.7,15.2],[-92.7,15.3],[-92.8,15.3],[-92.8,15.4],[-93.0,15.4],[-93.0,15.5],[-93.1,15.5],[-93.1,15.9],[-93.0,15.9],[-93.0,15.8],[-92.7,15.8],[-92.7,15.7],[-92.5,15.7],[-92.5,15.6],[-92.4,15.6],[-92.4,15.5],[-92.3,15.5],[-92.3,15.6],[-92.2,15.6],[-92.2,15.3],[-92.0,15.3],[-92.0,15.4],[-92.1,15.4],[-92.1,15.5],[-92.0,15.5],[-92.0,15.6],[-91.9,15.6],[-91.9,15.5],[-91.8,15.5],[-91.8,15.6],[-91.7,15.6],[-91.7,16.2],[-91.8,16.2],[-91.8,16.3],[-91.9,16.3],[-91.9,16.4],[-92.0,16.4],[-92.0,16.3],[-92.3,16.3],[-92.3,16.4],[-92.4,16.4],[-92.4,16.5],[-92.5,16.5],[-92.5,16.6],[-92.7,16.6],[-92.7,16.7],[-92.8,16.7],[-92.8,16.9],[-92.9,16.9],[-92.9,17.1],[-93.0,17.1],[-93.0,17.2],[-93.2,17.2],[-93.2,17.0],[-93.5,17.0],[-93.5,16.9],[-93.6,16.9],[-93.6,17.0],[-93.8,17.0],[-93.8,16.9],[-94.1,16.9],[-94.1,16.8],[-94.8,16.8],[-94.8,16.9],[-95.1,16.9],[-95.1,17.0],[-95.7,17.0],[-95.7,16.9],[-96.0,16.9],[-96.0,16.8],[-96.1,16.8],[-96.1,16.9],[-96.3,16.9],[-96.3,16.8],[-96.2,16.8],[-96.2,16.7],[-96.1,16.7],[-96.1,16.6],[-96.2,16.6],[-96.2,16.4],[-96.1,16.4],[-96.1,16.3],[-96.0,16.3],[-96.0,16.2],[-96.1,16.2],[-96.1,16.1],[-96.4,16.1],[-96.4,16.0],[-96.6,16.0],[-96.6,16.2],[-96.7,16.2],[-96.7,16.3],[-96.3,16.3],[-96.3,16.4],[-96.7,16.4],[-96.7,16.5],[-96.8,16.5],[-96.8,16.7],[-96.7,16.7],[-96.7,16.9],[-96.9,16.9],[-96.9,16.6],[-97.1,16.6],[-97.1,16.5],[-97.2,16.5],[-97.2,16.6],[-97.3,16.6],[-97.3,16.7],[-97.4,16.7],[-97.4,16.9],[-97.3,16.9],[-97.3,16.8],[-97.2,16.8],[-97.2,17.1],[-97.3,17.1],[-97.3,17.2],[-97.5,17.2],[-97.5,16.8],[-97.7,16.8],[-97.7,17.0],[-97.8,17.0],[-97.8,17.1],[-97.9,17.1],[-97.9,17.2],[-98.4,17.2],[-98.4,17.1],[-98.5,17.1],[-98.5,17.2],[-98.7,17.2],[-98.7,17.3],[-98.8,17.3],[-98.8,17.2],[-98.9,17.2],[-98.9,17.6],[-98.8,17.6],[-98.8,17.4],[-98.6,17.4],[-98.6,17.3],[-98.4,17.3],[-98.4,17.4],[-98.2,17.4],[-98.2,17.5],[-98.1,17.5],[-98.1,17.3],[-98.0,17.3],[-98.0,17.4],[-97.9,17.4],[-97.9,17.6],[-97.8,17.6],[-97.8,17.9],[-98.0,17.9],[-98.0,17.8],[-98.1,17.8],[-98.1,17.7],[-98.2,17.7],[-98.2,18.0],[-98.3,18.0],[-98.3,18.1],[-98.1,18.1],[-98.1,18.3],[-98.0,18.3],[-98.0,18.4],[-97.9,18.4],[-97.9,18.7],[-98.0,18.7],[-98.0,18.8],[-98.1,18.8],[-98.1,18.9],[-98.2,18.9],[-98.2,18.8],[-98.3,18.8],[-98.3,18.9],[-98.6,18.9],[-98.6,18.8],[-98.7,18.8],[-98.7,18.9],[-98.8,18.9],[-98.8,19.0],[-99.3,19.0],[-99.3,18.9],[-99.8,18.9],[-99.8,18.7],[-99.9,18.7],[-99.9,18.8],[-100.0,18.8],[-100.0,19.0],[-100.2,19.0],[-100.2,19.2],[-100.4,19.2],[-100.4,19.5],[-100.6,19.5],[-100.6,19.4],[-100.7,19.4],[-100.7,19.5],[-100.8,19.5],[-100.8,19.6],[-101.1,19.6],[-101.1,19.5],[-101.2,19.5],[-101.2,19.3],[-101.5,19.3],[-101.5,19.2],[-101.6,19.2],[-101.6,19.1],[-101.7,19.1],[-101.7,19.3],[-101.8,19.3],[-101.8,19.4],[-102.0,19.4],[-102.0,19.3],[-102.2,19.3],[-102.2,19.2],[-102.4,19.2],[-102.4,19.6],[-102.5,19.6],[-102.5,19.7],[-103.0,19.7],[-103.0,19.8],[-103.3,19.8],[-103.3,19.7],[-103.4,19.7],[-103.4,19.6],[-103.5,19.6],[-103.5,19.5],[-103.6,19.5],[-103.6,19.4],[-103.7,19.4],[-103.7,19.8],[-103.9,19.8],[-103.9,20.1],[-104.0,20.1],[-104.0,20.4],[-103.9,20.4],[-103.9,20.3],[-103.6,20.3],[-103.6,20.4],[-103.7,20.4],[-103.7,20.6],[-103.6,20.6],[-103.6,20.8],[-103.5,20.8],[-103.5,20.9],[-103.4,20.9],[-103.4,20.5],[-103.3,20.5],[-103.3,20.4],[-103.2,20.4],[-103.2,20.3],[-103.4,20.3],[-103.4,20.2],[-103.1,20.2],[-103.1,20.1],[-103.0,20.1],[-103.0,20.2],[-102.9,20.2],[-102.9,20.1],[-102.7,20.1],[-102.7,20.0],[-102.6,20.0],[-102.6,20.1],[-102.5,20.1],[-102.5,20.0],[-102.3,20.0],[-102.3,20.4],[-102.4,20.4],[-102.4,20.5],[-102.5,20.5],[-102.5,20.4],[-102.6,20.4],[-102.6,20.6],[-102.8,20.6],[-102.8,20.5],[-103.0,20.5],[-103.0,20.7],[-103.2,20.7],[-103.2,20.8],[-103.3,20.8],[-103.3,21.0],[-103.2,21.0],[-103.2,21.1],[-103.3,21.1],[-103.3,21.2],[-103.5,21.2],[-103.5,21.0],[-103.8,21.0],[-103.8,21.2],[-104.0,21.2],[-104.0,21.3],[-104.1,21.3],[-104.1,21.4],[-104.3,21.4],[-104.3,22.0],[-104.5,22.0],[-104.5,22.2],[-104.4,22.2],[-104.4,22.5],[-104.5,22.5],[-104.5,22.6],[-104.6,22.6],[-104.6,22.1],[-104.8,22.1],[-104.8,22.3],[-104.9,22.3],[-104.9,22.5],[-104.8,22.5],[-104.8,22.7],[-104.9,22.7],[-104.9,22.9],[-105.0,22.9],[-105.0,22.5],[-105.1,22.5],[-105.1,22.6],[-105.2,22.6],[-105.2,23.0],[-105.1,23.0],[-105.1,23.1],[-105.2,23.1],[-105.2,23.2],[-105.4,23.2],[-105.4,23.1],[-105.3,23.1],[-105.3,23.0],[-105.5,23.0],[-105.5,23.4],[-105.9,23.4],[-105.9,23.7],[-105.8,23.7],[-105.8,23.8],[-106.2,23.8],[-106.2,23.9],[-106.1,23.9],[-106.1,24.0],[-105.9,24.0],[-105.9,24.1],[-106.3,24.1],[-106.3,24.2],[-106.2,24.2],[-106.2,24.3],[-106.4,24.3],[-106.4,24.2],[-106.5,24.2],[-106.5,24.4],[-106.4,24.4],[-106.4,24.5],[-106.5,24.5],[-106.5,24.6],[-106.3,24.6],[-106.3,24.7],[-106.4,24.7],[-106.4,24.9],[-106.5,24.9],[-106.5,24.7],[-106.6,24.7],[-106.6,24.8],[-106.7,24.8],[-106.7,25.1],[-106.8,25.1],[-106.8,25.2],[-107.0,25.2],[-107.0,25.3],[-107.1,25.3],[-107.1,25.5],[-107.3,25.5],[-107.3,25.4],[-107.4,25.4],[-107.4,25.5],[-107.5,25.5],[-107.5,25.3],[-107.4,25.3],[-107.4,25.2],[-107.3,25.2],[-107.3,25.0],[-107.1,25.0],[-107.1,24.9],[-107.0,24.9],[-107.0,24.6],[-106.9,24.6],[-106.9,24.4],[-107.0,24.4],[-107.0,24.3],[-106.9,24.3],[-106.9,24.2],[-106.7,24.2],[-106.7,24.1],[-106.6,24.1],[-106.6,24.0],[-106.5,24.0],[-106.5,23.9],[-106.6,23.9],[-106.6,23.8],[-106.5,23.8],[-106.5,23.7],[-106.4,23.7],[-106.4,23.2],[-106.3,23.2],[-106.3,23.0],[-106.2,23.0],[-106.2,22.9],[-106.1,22.9],[-106.1,22.8],[-106.0,22.8],[-106.0,22.7],[-105.9,22.7],[-105.9,22.6],[-105.8,22.6],[-105.8,22.4],[-105.7,22.4],[-105.7,21.9],[-105.6,21.9],[-105.6,21.7],[-105.5,21.7],[-105.5,21.5],[-105.3,21.5],[-105.3,21.1],[-105.4,21.1],[-105.4,21.0],[-105.5,21.0],[-105.5,20.8],[-105.6,20.8],[-105.6,20.6]],[[-107.2,25.2],[-107.0,25.2],[-107.0,25.1],[-107.2,25.1],[-107.2,25.2]],[[-103.1,20.5],[-103.0,20.5],[-103.0,20.3],[-103.1,20.3],[-103.1,20.5]],[[-104.0,19.8],[-103.9,19.8],[-103.9,19.6],[-104.0,19.6],[-104.0,19.8]],[[-104.2,19.6],[-104.0,19.6],[-104.0,19.5],[-104.3,19.5],[-104.3,19.7],[-104.2,19.7],[-104.2,19.6]],[[-103.2,19.7],[-103.0,19.7],[-103.0,19.6],[-103.1,19.6],[-103.1,19.5],[-103.2,19.5],[-103.2,19.7]],[[-102.6,19.2],[-102.4,19.2],[-102.4,19.1],[-101.9,19.1],[-101.9,19.0],[-101.8,19.0],[-101.8,18.9],[-101.6,18.9],[-101.6,18.8],[-101.5,18.8],[-101.5,18.5],[-101.7,18.5],[-101.7,18.3],[-101.6,18.3],[-101.6,18.2],[-102.0,18.2],[-102.0,18.4],[-102.1,18.4],[-102.1,18.6],[-102.0,18.6],[-102.0,18.7],[-102.3,18.7],[-102.3,18.8],[-102.4,18.8],[-102.4,18.9],[-102.8,18.9],[-102.8,19.0],[-102.9,19.0],[-102.9,19.3],[-103.0,19.3],[-103.0,19.4],[-102.8,19.4],[-102.8,19.5],[-102.7,19.5],[-102.7,19.3],[-102.6,19.3],[-102.6,19.2]],[[-101.5,18.4],[-101.5,18.5],[-101.4,18.5],[-101.4,18.6],[-101.2,18.6],[-101.2,18.7],[-101.3,18.7],[-101.3,18.8],[-101.4,18.8],[-101.4,18.9],[-101.2,18.9],[-101.2,19.0],[-101.1,19.0],[-101.1,18.8],[-101.0,18.8],[-101.0,18.7],[-101.1,18.7],[-101.1,18.6],[-100.9,18.6],[-100.9,18.5],[-101.3,18.5],[-101.3,18.4],[-101.5,18.4]],[[-99.8,18.5],[-99.8,18.7],[-99.7,18.7],[-99.7,18.5],[-99.8,18.5]],[[-88.5,14.9],[-88.5,15.0],[-88.3,15.0],[-88.3,14.8],[-88.4,14.8],[-88.4,14.9],[-88.5,14.9]],[[-87.8,15.4],[-87.7,15.4],[-87.7,15.2],[-87.8,15.2],[-87.8,15.4]],[[-105.3,20.6],[-105.5,20.6],[-105.5,20.7],[-105.3,20.7],[-105.3,20.6]],[[-104.5,21.9],[-104.4,21.9],[-104.4,21.6],[-104.5,21.6],[-104.5,21.9]],[[-104.5,21.2],[-104.4,21.2],[-104.4,21.1],[-104.6,21.1],[-104.6,21.2],[-104.7,21.2],[-104.7,21.1],[-104.8,21.1],[-104.8,21.5],[-104.7,21.5],[-104.7,21.3],[-104.5,21.3],[-104.5,21.2]],[[-105.0,20.6],[-104.9,20.6],[-104.9,20.8],[-104.6,20.8],[-104.6,20.7],[-104.3,20.7],[-104.3,21.0],[-104.1,21.0],[-104.1,20.8],[-104.0,20.8],[-104.0,20.6],[-104.2,20.6],[-104.2,20.4],[-104.1,20.4],[-104.1,19.9],[-104.4,19.9],[-104.4,19.8],[-104.6,19.8],[-104.6,20.0],[-104.7,20.0],[-104.7,20.2],[-104.9,20.2],[-104.9,20.3],[-105.2,20.3],[-105.2,20.4],[-105.1,20.4],[-105.1,20.5],[-105.0,20.5],[-105.0,20.6]],[[-103.9,20.8],[-103.7,20.8],[-103.7,20.7],[-103.9,20.7],[-103.9,20.8]],[[-103.1,19.2],[-103.3,19.2],[-103.3,19.4],[-103.2,19.4],[-103.2,19.3],[-103.1,19.3],[-103.1,19.2]],[[-103.1,18.9],[-102.9,18.9],[-102.9,18.6],[-103.0,18.6],[-103.0,18.5],[-102.9,18.5],[-102.9,18.4],[-103.1,18.4],[-103.1,18.9]],[[-98.1,18.4],[-98.2,18.4],[-98.2,18.3],[-98.4,18.3],[-98.4,18.4],[-98.3,18.4],[-98.3,18.5],[-98.2,18.5],[-98.2,18.7],[-98.1,18.7],[-98.1,18.4]],[[-99.0,18.1],[-98.9,18.1],[-98.9,17.8],[-99.0,17.8],[-99.0,18.1]],[[-101.1,17.9],[-100.9,17.9],[-100.9,17.8],[-100.8,17.8],[-100.8,17.7],[-101.0,17.7],[-101.0,17.8],[-101.1,17.8],[-101.1,17.9]],[[-100.3,17.6],[-100.0,17.6],[-100.0,17.4],[-100.2,17.4],[-100.2,17.5],[-100.5,17.5],[-100.5,17.6],[-100.6,17.6],[-100.6,17.7],[-100.3,17.7],[-100.3,17.6]],[[-99.6,17.5],[-99.9,17.5],[-99.9,17.7],[-99.8,17.7],[-99.8,17.6],[-99.6,17.6],[-99.6,17.5]],[[-95.3,16.4],[-95.6,16.4],[-95.6,16.3],[-95.8,16.3],[-95.8,16.4],[-95.7,16.4],[-95.7,16.5],[-95.6,16.5],[-95.6,16.6],[-95.4,16.6],[-95.4,16.5],[-95.3,16.5],[-95.3,16.4]],[[-97.1,16.3],[-96.9,16.3],[-96.9,16.2],[-97.1,16.2],[-97.1,16.3]],[[-87.7,14.9],[-87.7,14.7],[-88.0,14.7],[-88.0,14.8],[-88.2,14.8],[-88.2,15.0],[-88.1,15.0],[-88.1,15.1],[-88.0,15.1],[-88.0,15.0],[-87.8,15.0],[-87.8,14.9],[-87.7,14.9]],[[-87.1,15.1],[-87.0,15.1],[-87.0,14.9],[-87.1,14.9],[-87.1,15.1]],[[-90.1,14.6],[-90.0,14.6],[-90.0,14.4],[-90.1,14.4],[-90.1,14.5],[-90.5,14.5],[-90.5,14.6],[-90.2,14.6],[-90.2,14.7],[-90.1,14.7],[-90.1,14.6]],[[-88.4,14.7],[-88.3,14.7],[-88.3,14.5],[-88.1,14.5],[-88.1,14.2],[-88.3,14.2],[-88.3,14.4],[-88.4,14.4],[-88.4,14.7]],[[-88.6,14.5],[-88.7,14.5],[-88.7,14.3],[-88.8,14.3],[-88.8,14.4],[-88.9,14.4],[-88.9,14.5],[-88.8,14.5],[-88.8,14.6],[-88.6,14.6],[-88.6,14.5]],[[-89.1,14.5],[-89.0,14.5],[-89.0,14.3],[-89.1,14.3],[-89.1,14.5]],[[-88.0,14.2],[-87.8,14.2],[-87.8,14.1],[-88.0,14.1],[-88.0,14.2]]],[[[-104.8,20.6],[-104.9,20.6],[-104.9,20.4],[-104.8,20.4],[-104.8,20.6]]],[[[-79.0,20.9],[-79.0,21.0],[-79.1,21.0],[-79.1,21.1],[-79.3,21.1],[-79.3,21.2],[-79.5,21.2],[-79.5,21.1],[-79.4,21.1],[-79.4,21.0],[-79.3,21.0],[-79.3,20.9],[-79.1,20.9],[-79.1,20.8],[-79.0,20.8],[-79.0,20.7],[-78.8,20.7],[-78.8,20.6],[-78.5,20.6],[-78.5,20.5],[-78.3,20.5],[-78.3,20.6],[-78.2,20.6],[-78.2,20.7],[-78.1,20.7],[-78.1,20.5],[-77.8,20.5],[-77.8,20.6],[-77.7,20.6],[-77.7,20.5],[-77.6,20.5],[-77.6,20.6],[-77.3,20.6],[-77.3,20.5],[-77.2,20.5],[-77.2,20.4],[-77.3,20.4],[-77.3,20.3],[-77.4,20.3],[-77.4,20.2],[-77.5,20.2],[-77.5,20.1],[-77.7,20.1],[-77.7,20.0],[-77.8,20.0],[-77.8,19.8],[-77.3,19.8],[-77.3,19.9],[-77.2,19.9],[-77.2,19.8],[-76.9,19.8],[-76.9,20.0],[-77.0,20.0],[-77.0,20.1],[-76.9,20.1],[-76.9,20.2],[-76.6,20.2],[-76.6,20.3],[-76.2,20.3],[-76.2,20.2],[-76.1,20.2],[-76.1,20.3],[-76.0,20.3],[-76.0,20.2],[-75.8,20.2],[-75.8,20.1],[-75.9,20.1],[-75.9,20.0],[-76.5,20.0],[-76.5,19.9],[-75.7,19.9],[-75.7,19.8],[-75.1,19.8],[-75.1,19.9],[-74.8,19.9],[-74.8,20.0],[-74.5,20.0],[-74.5,20.1],[-74.6,20.1],[-74.6,20.2],[-75.0,20.2],[-75.0,20.3],[-75.3,20.3],[-75.3,20.4],[-75.4,20.4],[-75.4,20.3],[-75.5,20.3],[-75.5,20.4],[-75.6,20.4],[-75.6,20.3],[-75.8,20.3],[-75.8,20.7],[-75.6,20.7],[-75.6,20.9],[-75.5,20.9],[-75.5,21.1],[-75.6,21.1],[-75.6,21.2],[-76.2,21.2],[-76.2,21.3],[-76.6,21.3],[-76.6,21.4],[-76.8,21.4],[-76.8,21.5],[-76.9,21.5],[-76.9,21.6],[-77.0,21.6],[-77.0,21.7],[-77.2,21.7],[-77.2,21.8],[-77.4,21.8],[-77.4,21.9],[-77.5,21.9],[-77.5,22.0],[-77.6,22.0],[-77.6,22.1],[-77.7,22.1],[-77.7,22.3],[-77.8,22.3],[-77.8,22.4],[-78.0,22.4],[-78.0,22.5],[-78.3,22.5],[-78.3,22.6],[-78.6,22.6],[-78.6,22.7],[-79.4,22.7],[-79.4,22.8],[-79.5,22.8],[-79.5,22.9],[-79.7,22.9],[-79.7,23.0],[-79.9,23.0],[-79.9,23.1],[-80.1,23.1],[-80.1,23.2],[-80.4,23.2],[-80.4,23.3],[-81.2,23.3],[-81.2,23.2],[-81.4,23.2],[-81.4,23.1],[-81.5,23.1],[-81.5,23.2],[-82.5,23.2],[-82.5,23.1],[-83.1,23.1],[-83.1,23.0],[-82.9,23.0],[-82.9,22.9],[-82.8,22.9],[-82.8,22.8],[-83.0,22.8],[-83.0,22.7],[-83.3,22.7],[-83.3,22.6],[-83.6,22.6],[-83.6,22.4],[-83.8,22.4],[-83.8,22.3],[-83.9,22.3],[-83.9,22.2],[-84.0,22.2],[-84.0,22.3],[-84.2,22.3],[-84.2,22.6],[-84.4,22.6],[-84.4,22.5],[-84.5,22.5],[-84.5,22.1],[-84.6,22.1],[-84.6,22.0],[-85.0,22.0],[-85.0,21.8],[-84.6,21.8],[-84.6,21.7],[-84.4,21.7],[-84.4,21.8],[-84.2,21.8],[-84.2,21.9],[-83.9,21.9],[-83.9,22.1],[-83.4,22.1],[-83.4,22.2],[-83.2,22.2],[-83.2,22.3],[-83.1,22.3],[-83.1,22.4],[-83.0,22.4],[-83.0,22.5],[-82.8,22.5],[-82.8,22.6],[-82.7,22.6],[-82.7,22.5],[-82.5,22.5],[-82.5,22.4],[-82.2,22.4],[-82.2,22.3],[-82.1,22.3],[-82.1,22.2],[-82.0,22.2],[-82.0,22.1],[-81.8,22.1],[-81.8,22.0],[-81.7,22.0],[-81.7,21.9],[-81.6,21.9],[-81.6,22.0],[-81.2,22.0],[-81.2,22.1],[-81.1,22.1],[-81.1,22.0],[-80.4,22.0],[-80.4,21.9],[-80.3,21.9],[-80.3,21.8],[-80.1,21.8],[-80.1,21.7],[-79.9,21.7],[-79.9,21.6],[-79.6,21.6],[-79.6,21.4],[-79.5,21.4],[-79.5,21.5],[-78.9,21.5],[-78.9,21.3],[-78.7,21.3],[-78.7,21.4],[-78.6,21.4],[-78.6,21.1],[-78.5,21.1],[-78.5,20.9],[-78.3,20.9],[-78.3,20.8],[-78.6,20.8],[-78.6,20.9],[-78.7,20.9],[-78.7,20.8],[-78.9,20.8],[-78.9,20.9],[-79.0,20.9]],[[-79.3,22.4],[-79.3,22.3],[-79.7,22.3],[-79.7,22.5],[-79.9,22.5],[-79.9,22.6],[-80.0,22.6],[-80.0,22.7],[-79.8,22.7],[-79.8,22.6],[-79.6,22.6],[-79.6,22.5],[-79.4,22.5],[-79.4,22.4],[-79.3,22.4]],[[-79.3,22.2],[-79.3,22.3],[-79.1,22.3],[-79.1,22.2],[-79.3,22.2]],[[-81.7,22.6],[-81.7,22.5],[-82.3,22.5],[-82.3,22.6],[-81.7,22.6]],[[-78.9,22.5],[-78.9,22.4],[-79.1,22.4],[-79.1,22.5],[-78.9,22.5]],[[-80.1,21.9],[-80.1,22.0],[-80.2,22.0],[-80.2,22.1],[-79.9,22.1],[-79.9,22.2],[-79.8,22.2],[-79.8,22.0],[-79.9,22.0],[-79.9,21.9],[-80.1,21.9]]],[[[-82.9,22.1],[-82.9,22.2],[-83.0,22.2],[-83.0,21.9],[-83.3,21.9],[-83.3,21.8],[-83.2,21.8],[-83.2,21.5],[-83.1,21.5],[-83.1,21.4],[-82.6,21.4],[-82.6,21.5],[-82.0,21.5],[-82.0,21.6],[-81.6,21.6],[-81.6,21.5],[-81.5,21.5],[-81.5,21.6],[-81.1,21.6],[-81.1,21.7],[-82.0,21.7],[-82.0,21.8],[-82.1,21.8],[-82.1,21.7],[-82.2,21.7],[-82.2,21.6],[-82.3,21.6],[-82.3,21.7],[-82.4,21.7],[-82.4,21.8],[-82.5,21.8],[-82.5,21.9],[-82.6,21.9],[-82.6,22.1],[-82.9,22.1]]],[[[-83.7,21.9],[-83.3,21.9],[-83.3,22.0],[-83.7,22.0],[-83.7,21.9]]],[[[-82.9,22.3],[-82.9,22.2],[-82.7,22.2],[-82.7,22.4],[-82.8,22.4],[-82.8,22.3],[-82.9,22.3]]],[[[-97.2,20.7],[-97.1,20.7],[-97.1,20.8],[-97.2,20.8],[-97.2,21.0],[-97.3,21.0],[-97.3,21.2],[-97.4,21.2],[-97.4,21.3],[-97.3,21.3],[-97.3,21.7],[-97.4,21.7],[-97.4,21.8],[-97.5,21.8],[-97.5,21.9],[-97.6,21.9],[-97.6,22.0],[-97.7,22.0],[-97.7,22.3],[-97.8,22.3],[-97.8,22.7],[-97.7,22.7],[-97.7,24.4],[-97.6,24.4],[-97.6,24.8],[-97.5,24.8],[-97.5,25.0],[-97.4,25.0],[-97.4,25.2],[-97.3,25.2],[-97.3,25.4],[-97.2,25.4],[-97.2,25.6],[-97.1,25.6],[-97.1,26.3],[-97.2,26.3],[-97.2,26.7],[-97.3,26.7],[-97.3,26.8],[-97.4,26.8],[-97.4,26.5],[-97.3,26.5],[-97.3,26.3],[-97.4,26.3],[-97.4,26.1],[-97.5,26.1],[-97.5,25.9],[-97.6,25.9],[-97.6,25.7],[-97.7,25.7],[-97.7,25.5],[-97.6,25.5],[-97.6,25.4],[-97.7,25.4],[-97.7,25.1],[-97.8,25.1],[-97.8,25.0],[-97.9,25.0],[-97.9,24.7],[-98.0,24.7],[-98.0,24.2],[-98.1,24.2],[-98.1,23.7],[-98.2,23.7],[-98.2,23.8],[-98.3,23.8],[-98.3,23.9],[-98.5,23.9],[-98.5,24.0],[-98.6,24.0],[-98.6,23.8],[-98.5,23.8],[-98.5,23.6],[-98.3,23.6],[-98.3,23.4],[-98.2,23.4],[-98.2,23.0],[-98.4,23.0],[-98.4,23.1],[-98.6,23.1],[-98.6,23.4],[-98.7,23.4],[-98.7,23.2],[-98.8,23.2],[-98.8,23.4],[-98.9,23.4],[-98.9,23.3],[-99.0,23.3],[-99.0,23.4],[-99.1,23.4],[-99.1,23.2],[-99.2,23.2],[-99.2,22.9],[-99.4,22.9],[-99.4,23.0],[-99.5,23.0],[-99.5,22.7],[-99.4,22.7],[-99.4,22.4],[-99.3,22.4],[-99.3,22.1],[-99.4,22.1],[-99.4,21.7],[-99.5,21.7],[-99.5,21.6],[-99.4,21.6],[-99.4,21.5],[-99.5,21.5],[-99.5,21.4],[-99.4,21.4],[-99.4,21.3],[-99.3,21.3],[-99.3,21.6],[-99.2,21.6],[-99.2,21.7],[-99.1,21.7],[-99.1,21.6],[-98.9,21.6],[-98.9,21.5],[-98.8,21.5],[-98.8,21.3],[-98.7,21.3],[-98.7,21.4],[-98.6,21.4],[-98.6,21.3],[-98.5,21.3],[-98.5,21.2],[-98.4,21.2],[-98.4,20.9],[-98.5,20.9],[-98.5,20.7],[-98.3,20.7],[-98.3,20.6],[-98.2,20.6],[-98.2,20.5],[-98.1,20.5],[-98.1,20.4],[-98.0,20.4],[-98.0,20.3],[-97.9,20.3],[-97.9,20.5],[-97.8,20.5],[-97.8,20.6],[-97.7,20.6],[-97.7,20.4],[-97.4,20.4],[-97.4,20.5],[-97.2,20.5],[-97.2,20.7]],[[-97.8,21.1],[-97.9,21.1],[-97.9,21.3],[-97.8,21.3],[-97.8,21.4],[-97.7,21.4],[-97.7,21.2],[-97.8,21.2],[-97.8,21.1]]],[[[-79.3,25.7],[-79.4,25.7],[-79.4,25.6],[-79.3,25.6],[-79.3,25.4],[-79.2,25.4],[-79.2,25.8],[-79.3,25.8],[-79.3,25.7]]],[[[-107.5,25.7],[-107.7,25.7],[-107.7,25.6],[-107.6,25.6],[-107.6,25.5],[-107.5,25.5],[-107.5,25.7]]],[[[-107.8,25.7],[-107.7,25.7],[-107.7,26.0],[-107.8,26.0],[-107.8,26.1],[-107.9,26.1],[-107.9,26.0],[-108.0,26.0],[-108.0,25.9],[-107.9,25.9],[-107.9,25.8],[-107.8,25.8],[-107.8,25.7]]],[[[-80.5,24.9],[-80.5,25.3],[-80.7,25.3],[-80.7,25.4],[-80.9,25.4],[-80.9,25.5],[-81.0,25.5],[-81.0,25.7],[-81.1,25.7],[-81.1,25.8],[-81.2,25.8],[-81.2,25.9],[-81.3,25.9],[-81.3,26.3],[-81.2,26.3],[-81.2,26.5],[-81.1,26.5],[-81.1,26.6],[-81.0,26.6],[-81.0,26.7],[-80.8,26.7],[-80.8,26.8],[-80.7,26.8],[-80.7,27.2],[-80.8,27.2],[-80.8,27.3],[-80.9,27.3],[-80.9,27.2],[-81.1,27.2],[-81.1,27.3],[-81.2,27.3],[-81.2,27.4],[-81.4,27.4],[-81.4,27.3],[-81.3,27.3],[-81.3,27.2],[-81.2,27.2],[-81.2,26.9],[-81.4,26.9],[-81.4,26.8],[-81.6,26.8],[-81.6,26.7],[-82.3,26.7],[-82.3,26.5],[-82.2,26.5],[-82.2,26.4],[-81.9,26.4],[-81.9,26.1],[-81.8,26.1],[-81.8,25.8],[-81.5,25.8],[-81.5,25.7],[-81.3,25.7],[-81.3,25.5],[-81.2,25.5],[-81.2,25.1],[-81.1,25.1],[-81.1,24.9],[-80.9,24.9],[-80.9,24.8],[-81.2,24.8],[-81.2,24.9],[-81.3,24.9],[-81.3,24.8],[-81.4,24.8],[-81.4,24.9],[-81.5,24.9],[-81.5,24.8],[-81.7,24.8],[-81.7,24.7],[-81.8,24.7],[-81.8,24.6],[-81.9,24.6],[-81.9,24.7],[-82.0,24.7],[-82.0,24.6],[-82.2,24.6],[-82.2,24.5],[-81.5,24.5],[-81.5,24.6],[-81.0,24.6],[-81.0,24.7],[-80.8,24.7],[-80.8,24.8],[-80.6,24.8],[-80.6,24.9],[-80.5,24.9]]],[[[-77.7,18.1],[-78.0,18.1],[-78.0,18.0],[-77.9,18.0],[-77.9,17.9],[-77.8,17.9],[-77.8,17.8],[-77.3,17.8],[-77.3,17.7],[-77.1,17.7],[-77.1,17.8],[-76.9,17.8],[-76.9,17.9],[-76.7,17.9],[-76.7,18.0],[-76.8,18.0],[-76.8,18.1],[-77.3,18.1],[-77.3,18.0],[-77.4,18.0],[-77.4,17.9],[-77.5,17.9],[-77.5,18.0],[-77.6,18.0],[-77.6,18.2],[-77.7,18.2],[-77.7,18.1]]],[[[-78.1,18.1],[-78.0,18.1],[-78.0,18.3],[-78.1,18.3],[-78.1,18.5],[-78.3,18.5],[-78.3,18.4],[-78.4,18.4],[-78.4,18.2],[-78.3,18.2],[-78.3,18.1],[-78.2,18.1],[-78.2,18.2],[-78.1,18.2],[-78.1,18.1]]],[[[-79.0,21.1],[-79.0,21.0],[-78.7,21.0],[-78.7,21.2],[-78.8,21.2],[-78.8,21.1],[-79.0,21.1]]],[[[-75.8,22.1],[-75.6,22.1],[-75.6,22.2],[-75.7,22.2],[-75.7,22.4],[-75.8,22.4],[-75.8,22.5],[-75.9,22.5],[-75.9,22.3],[-75.8,22.3],[-75.8,22.1]]],[[[-75.6,23.0],[-75.6,23.1],[-75.8,23.1],[-75.8,22.9],[-75.7,22.9],[-75.7,23.0],[-75.6,23.0]]],[[[-74.9,23.1],[-74.9,23.2],[-75.0,23.2],[-75.0,23.3],[-75.1,23.3],[-75.1,23.5],[-75.2,23.5],[-75.2,23.7],[-75.4,23.7],[-75.4,23.5],[-75.3,23.5],[-75.3,23.4],[-75.2,23.4],[-75.2,23.2],[-75.3,23.2],[-75.3,23.1],[-75.1,23.1],[-75.1,23.0],[-75.0,23.0],[-75.0,22.9],[-74.9,22.9],[-74.9,22.8],[-74.8,22.8],[-74.8,23.1],[-74.9,23.1]]],[[[-74.7,23.8],[-74.9,23.8],[-74.9,23.7],[-75.0,23.7],[-75.0,23.6],[-74.7,23.6],[-74.7,23.8]]],[[[-75.2,23.8],[-75.0,23.8],[-75.0,23.9],[-75.2,23.9],[-75.2,23.8]]],[[[-77.2,23.9],[-77.1,23.9],[-77.1,24.1],[-77.2,24.1],[-77.2,23.9]]],[[[-74.6,24.2],[-74.6,23.9],[-74.4,23.9],[-74.4,24.2],[-74.6,24.2]]],[[[-77.0,24.2],[-77.0,24.1],[-76.8,24.1],[-76.8,24.2],[-77.0,24.2]]],[[[-76.6,24.5],[-76.7,24.5],[-76.7,24.7],[-76.8,24.7],[-76.8,24.9],[-76.7,24.9],[-76.7,25.0],[-76.9,25.0],[-76.9,24.6],[-76.8,24.6],[-76.8,24.4],[-76.7,24.4],[-76.7,24.3],[-76.6,24.3],[-76.6,24.2],[-76.5,24.2],[-76.5,24.0],[-76.4,24.0],[-76.4,23.9],[-76.3,23.9],[-76.3,23.8],[-76.2,23.8],[-76.2,23.6],[-76.1,23.6],[-76.1,23.4],[-75.5,23.4],[-75.5,23.5],[-75.7,23.5],[-75.7,23.6],[-75.8,23.6],[-75.8,23.7],[-75.9,23.7],[-75.9,23.8],[-76.1,23.8],[-76.1,23.9],[-76.2,23.9],[-76.2,24.0],[-76.3,24.0],[-76.3,24.2],[-76.4,24.2],[-76.4,24.3],[-76.5,24.3],[-76.5,24.4],[-76.6,24.4],[-76.6,24.5]]],[[[-75.8,24.7],[-75.8,24.6],[-75.7,24.6],[-75.7,24.5],[-75.6,24.5],[-75.6,24.3],[-75.5,24.3],[-75.5,24.2],[-75.6,24.2],[-75.6,24.1],[-75.2,24.1],[-75.2,24.2],[-75.3,24.2],[-75.3,24.4],[-75.5,24.4],[-75.5,24.6],[-75.6,24.6],[-75.6,24.7],[-75.8,24.7]]],[[[-77.8,24.9],[-77.9,24.9],[-77.9,25.2],[-78.0,25.2],[-78.0,25.3],[-78.1,25.3],[-78.1,25.4],[-78.2,25.4],[-78.2,25.3],[-78.3,25.3],[-78.3,25.1],[-78.2,25.1],[-78.2,24.9],[-78.3,24.9],[-78.3,24.8],[-78.4,24.8],[-78.4,24.7],[-78.6,24.7],[-78.6,24.6],[-78.5,24.6],[-78.5,24.5],[-78.4,24.5],[-78.4,24.4],[-78.2,24.4],[-78.2,24.3],[-78.1,24.3],[-78.1,24.2],[-78.0,24.2],[-78.0,24.0],[-77.9,24.0],[-77.9,23.7],[-77.8,23.7],[-77.8,23.6],[-77.6,23.6],[-77.6,23.7],[-77.4,23.7],[-77.4,23.8],[-77.5,23.8],[-77.5,24.3],[-77.6,24.3],[-77.6,24.4],[-77.7,24.4],[-77.7,24.8],[-77.8,24.8],[-77.8,24.9]]],[[[-75.8,24.5],[-75.8,24.6],[-76.0,24.6],[-76.0,24.5],[-75.8,24.5]]],[[[-77.5,24.9],[-77.3,24.9],[-77.3,25.0],[-77.1,25.0],[-77.1,25.1],[-77.0,25.1],[-77.0,25.2],[-77.2,25.2],[-77.2,25.1],[-77.6,25.1],[-77.6,25.0],[-77.5,25.0],[-77.5,24.9]]],[[[-76.2,25.3],[-76.3,25.3],[-76.3,25.4],[-76.5,25.4],[-76.5,25.5],[-76.6,25.5],[-76.6,25.6],[-76.9,25.6],[-76.9,25.3],[-76.7,25.3],[-76.7,25.4],[-76.6,25.4],[-76.6,25.3],[-76.4,25.3],[-76.4,25.2],[-76.3,25.2],[-76.3,25.1],[-76.2,25.1],[-76.2,25.0],[-76.4,25.0],[-76.4,24.7],[-76.3,24.7],[-76.3,24.6],[-76.1,24.6],[-76.1,25.2],[-76.2,25.2],[-76.2,25.3]]],[[[-77.9,25.3],[-77.8,25.3],[-77.8,25.4],[-77.7,25.4],[-77.7,25.7],[-77.8,25.7],[-77.8,25.9],[-78.0,25.9],[-78.0,25.8],[-77.9,25.8],[-77.9,25.6],[-77.8,25.6],[-77.8,25.5],[-78.0,25.5],[-78.0,25.4],[-77.9,25.4],[-77.9,25.3]]],[[[-77.3,26.0],[-77.3,26.1],[-77.5,26.1],[-77.5,26.2],[-77.6,26.2],[-77.6,26.0],[-77.4,26.0],[-77.4,25.9],[-77.3,25.9],[-77.3,25.8],[-77.1,25.8],[-77.1,26.0],[-77.3,26.0]]],[[[-77.3,26.3],[-77.3,26.1],[-77.1,26.1],[-77.1,26.2],[-77.2,26.2],[-77.2,26.3],[-77.3,26.3]]],[[[-78.7,26.8],[-78.7,26.7],[-78.5,26.7],[-78.5,26.9],[-78.6,26.9],[-78.6,26.8],[-78.7,26.8]]],[[[-78.0,26.8],[-77.7,26.8],[-77.7,26.9],[-78.0,26.9],[-78.0,26.8]]],[[[-78.2,27.0],[-78.1,27.0],[-78.1,27.1],[-78.3,27.1],[-78.3,26.9],[-78.2,26.9],[-78.2,27.0]]],[[[-61.4,16.4],[-61.4,16.6],[-61.5,16.6],[-61.5,16.5],[-61.6,16.5],[-61.6,16.4],[-61.4,16.4]]],[[[-62.3,16.6],[-62.2,16.6],[-62.2,16.9],[-62.3,16.9],[-62.3,16.6]]],[[[-61.7,17.2],[-61.9,17.2],[-61.9,17.0],[-61.6,17.0],[-61.6,17.1],[-61.7,17.1],[-61.7,17.2]]],[[[-62.5,17.3],[-62.8,17.3],[-62.8,17.2],[-62.7,17.2],[-62.7,17.0],[-62.5,17.0],[-62.5,17.1],[-62.6,17.1],[-62.6,17.2],[-62.5,17.2],[-62.5,17.3]]],[[[-62.9,17.3],[-62.8,17.3],[-62.8,17.5],[-62.9,17.5],[-62.9,17.6],[-63.0,17.6],[-63.0,17.5],[-63.1,17.5],[-63.1,17.4],[-62.9,17.4],[-62.9,17.3]]],[[[-61.8,17.7],[-61.8,17.8],[-61.9,17.8],[-61.9,17.5],[-61.7,17.5],[-61.7,17.7],[-61.8,17.7]]],[[[-64.5,17.8],[-64.9,17.8],[-64.9,17.6],[-64.7,17.6],[-64.7,17.7],[-64.5,17.7],[-64.5,17.8]]],[[[-62.7,18.0],[-63.0,18.0],[-63.0,17.9],[-62.9,17.9],[-62.9,17.8],[-62.8,17.8],[-62.8,17.9],[-62.7,17.9],[-62.7,18.0]]],[[[-66.0,18.0],[-66.2,18.0],[-66.2,18.1],[-67.3,18.1],[-67.3,17.9],[-66.6,17.9],[-66.6,17.8],[-66.5,17.8],[-66.5,17.9],[-66.0,17.9],[-66.0,18.0]]],[[[-68.0,18.2],[-68.0,18.0],[-67.8,18.0],[-67.8,18.2],[-68.0,18.2]]],[[[-63.2,18.0],[-63.0,18.0],[-63.0,18.1],[-62.9,18.1],[-62.9,18.3],[-63.3,18.3],[-63.3,18.2],[-63.2,18.2],[-63.2,18.0]]],[[[-65.3,18.2],[-65.4,18.2],[-65.4,18.1],[-65.2,18.1],[-65.2,18.4],[-65.4,18.4],[-65.4,18.3],[-65.3,18.3],[-65.3,18.2]]],[[[-68.6,18.2],[-68.6,18.3],[-68.7,18.3],[-68.7,18.5],[-68.8,18.5],[-68.8,18.6],[-69.0,18.6],[-69.0,18.7],[-69.4,18.7],[-69.4,18.6],[-69.6,18.6],[-69.6,18.4],[-69.1,18.4],[-69.1,18.3],[-68.8,18.3],[-68.8,18.1],[-68.5,18.1],[-68.5,18.2],[-68.6,18.2]]],[[[-64.3,18.4],[-64.3,18.6],[-64.4,18.6],[-64.4,18.5],[-64.6,18.5],[-64.6,18.4],[-64.7,18.4],[-64.7,18.5],[-65.1,18.5],[-65.1,18.3],[-64.4,18.3],[-64.4,18.4],[-64.3,18.4]]],[[[-64.3,18.7],[-64.3,18.6],[-64.2,18.6],[-64.2,18.8],[-64.5,18.8],[-64.5,18.7],[-64.3,18.7]]],[[[-71.9,18.1],[-71.6,18.1],[-71.6,17.8],[-71.5,17.8],[-71.5,17.7],[-71.6,17.7],[-71.6,17.5],[-71.4,17.5],[-71.4,17.6],[-71.3,17.6],[-71.3,17.8],[-71.2,17.8],[-71.2,17.9],[-71.1,17.9],[-71.1,18.0],[-71.0,18.0],[-71.0,18.2],[-70.8,18.2],[-70.8,18.3],[-70.7,18.3],[-70.7,18.4],[-70.6,18.4],[-70.6,18.1],[-70.5,18.1],[-70.5,18.2],[-70.1,18.2],[-70.1,18.4],[-70.4,18.4],[-70.4,18.6],[-70.7,18.6],[-70.7,18.7],[-70.8,18.7],[-70.8,18.9],[-71.2,18.9],[-71.2,19.1],[-71.5,19.1],[-71.5,19.2],[-71.6,19.2],[-71.6,19.3],[-71.7,19.3],[-71.7,19.2],[-71.9,19.2],[-71.9,19.3],[-72.1,19.3],[-72.1,19.1],[-72.3,19.1],[-72.3,19.4],[-72.4,19.4],[-72.4,19.6],[-72.5,19.6],[-72.5,19.7],[-72.9,19.7],[-72.9,19.8],[-72.8,19.8],[-72.8,20.1],[-73.0,20.1],[-73.0,20.0],[-73.2,20.0],[-73.2,19.9],[-73.4,19.9],[-73.4,19.8],[-73.5,19.8],[-73.5,19.7],[-73.4,19.7],[-73.4,19.6],[-73.0,19.6],[-73.0,19.5],[-72.8,19.5],[-72.8,19.1],[-72.9,19.1],[-72.9,19.0],[-72.8,19.0],[-72.8,18.9],[-73.0,18.9],[-73.0,19.0],[-73.3,19.0],[-73.3,18.8],[-73.1,18.8],[-73.1,18.7],[-72.7,18.7],[-72.7,18.8],[-72.6,18.8],[-72.6,18.7],[-72.4,18.7],[-72.4,18.6],[-72.7,18.6],[-72.7,18.5],[-73.3,18.5],[-73.3,18.6],[-73.5,18.6],[-73.5,18.5],[-73.4,18.5],[-73.4,18.2],[-73.2,18.2],[-73.2,18.1],[-72.5,18.1],[-72.5,18.2],[-71.9,18.2],[-71.9,18.1]],[[-71.5,18.1],[-71.6,18.1],[-71.6,18.2],[-71.8,18.2],[-71.8,18.3],[-71.5,18.3],[-71.5,18.1]],[[-71.8,18.4],[-71.8,18.3],[-72.1,18.3],[-72.1,18.4],[-71.8,18.4]],[[-71.3,18.4],[-71.6,18.4],[-71.6,18.5],[-71.2,18.5],[-71.2,18.3],[-71.3,18.3],[-71.3,18.4]]],[[[-70.9,19.7],[-71.1,19.7],[-71.1,19.8],[-71.0,19.8],[-71.0,20.0],[-71.1,20.0],[-71.1,19.9],[-71.4,19.9],[-71.4,20.0],[-71.6,20.0],[-71.6,19.9],[-71.9,19.9],[-71.9,19.7],[-71.8,19.7],[-71.8,19.6],[-71.7,19.6],[-71.7,19.5],[-71.4,19.5],[-71.4,19.4],[-71.2,19.4],[-71.2,19.5],[-71.1,19.5],[-71.1,19.4],[-70.9,19.4],[-70.9,19.5],[-70.8,19.5],[-70.8,19.6],[-70.9,19.6],[-70.9,19.7]]],[[[-74.2,20.3],[-74.2,20.1],[-74.1,20.1],[-74.1,20.3],[-74.2,20.3]]],[[[-71.6,21.1],[-71.6,21.4],[-71.7,21.4],[-71.7,21.3],[-71.8,21.3],[-71.8,21.1],[-71.6,21.1]]],[[[-73.7,21.2],[-73.7,20.9],[-73.1,20.9],[-73.1,21.0],[-73.0,21.0],[-73.0,21.4],[-72.9,21.4],[-72.9,21.6],[-73.1,21.6],[-73.1,21.3],[-73.2,21.3],[-73.2,21.2],[-73.3,21.2],[-73.3,21.3],[-73.5,21.3],[-73.5,21.2],[-73.7,21.2]]],[[[-71.2,21.6],[-71.2,21.4],[-71.1,21.4],[-71.1,21.6],[-71.2,21.6]]],[[[-71.6,21.6],[-71.6,21.4],[-71.4,21.4],[-71.4,21.8],[-71.6,21.8],[-71.6,21.9],[-71.8,21.9],[-71.8,22.0],[-72.1,22.0],[-72.1,21.9],[-72.4,21.9],[-72.4,21.8],[-72.5,21.8],[-72.5,21.6],[-72.4,21.6],[-72.4,21.7],[-72.1,21.7],[-72.1,21.8],[-72.0,21.8],[-72.0,21.7],[-71.9,21.7],[-71.9,21.6],[-71.8,21.6],[-71.8,21.7],[-71.7,21.7],[-71.7,21.6],[-71.6,21.6]]],[[[-73.2,22.3],[-72.8,22.3],[-72.8,22.2],[-72.7,22.2],[-72.7,22.4],[-72.9,22.4],[-72.9,22.5],[-73.2,22.5],[-73.2,22.3]]],[[[-74.3,22.4],[-74.2,22.4],[-74.2,22.3],[-74.3,22.3],[-74.3,22.2],[-74.5,22.2],[-74.5,22.1],[-74.2,22.1],[-74.2,22.2],[-74.1,22.2],[-74.1,22.3],[-73.9,22.3],[-73.9,22.4],[-73.8,22.4],[-73.8,22.8],[-74.2,22.8],[-74.2,22.9],[-74.4,22.9],[-74.4,22.5],[-74.3,22.5],[-74.3,22.4]],[[-74.1,22.4],[-74.2,22.4],[-74.2,22.6],[-74.1,22.6],[-74.1,22.4]]],[[[-73.7,22.7],[-73.7,22.5],[-73.6,22.5],[-73.6,22.6],[-73.5,22.6],[-73.5,22.5],[-73.4,22.5],[-73.4,22.7],[-73.7,22.7]]],[[[-73.9,23.1],[-73.9,23.0],[-73.6,23.0],[-73.6,23.1],[-73.9,23.1]]]]}},
{"type":"Feature","properties":{"k":"BWh"},"geometry":{"type":"MultiPolygon","coordinates":[[[[-110.9,25.6],[-110.8,25.6],[-110.8,25.5],[-110.7,25.5],[-110.7,25.8],[-110.8,25.8],[-110.8,25.7],[-110.9,25.7],[-110.9,25.6]]],[[[-115.3,28.4],[-115.3,28.2],[-115.4,28.2],[-115.4,28.0],[-115.1,28.0],[-115.1,28.4],[-115.3,28.4]]],[[[-115.7,28.4],[-115.7,28.3],[-115.6,28.3],[-115.6,28.2],[-115.5,28.2],[-115.5,28.4],[-115.7,28.4]]],[[[-115.4,37.1],[-115.4,37.0],[-115.5,37.0],[-115.5,36.8],[-115.6,36.8],[-115.6,37.0],[-115.7,37.0],[-115.7,36.7],[-115.8,36.7],[-115.8,36.6],[-116.0,36.6],[-116.0,36.7],[-115.9,36.7],[-115.9,36.8],[-115.8,36.8],[-115.8,36.9],[-116.1,36.9],[-116.1,36.7],[-116.2,36.7],[-116.2,36.8],[-116.3,36.8],[-116.3,36.9],[-116.6,36.9],[-116.6,36.8],[-116.7,36.8],[-116.7,37.0],[-116.8,37.0],[-116.8,36.9],[-116.9,36.9],[-116.9,36.8],[-117.1,36.8],[-117.1,36.9],[-117.2,36.9],[-117.2,37.0],[-117.3,37.0],[-117.3,37.1],[-117.5,37.1],[-117.5,36.9],[-117.4,36.9],[-117.4,36.5],[-117.6,36.5],[-117.6,36.2],[-117.4,36.2],[-117.4,35.9],[-117.6,35.9],[-117.6,36.0],[-117.7,36.0],[-117.7,36.1],[-117.8,36.1],[-117.8,36.0],[-117.9,36.0],[-117.9,35.6],[-118.0,35.6],[-118.0,35.4],[-118.1,35.4],[-118.1,35.2],[-118.2,35.2],[-118.2,35.0],[-118.3,35.0],[-118.3,34.8],[-118.2,34.8],[-118.2,34.7],[-118.1,34.7],[-118.1,34.6],[-117.5,34.6],[-117.5,34.5],[-117.2,34.5],[-117.2,34.6],[-117.1,34.6],[-117.1,34.7],[-116.7,34.7],[-116.7,34.4],[-116.5,34.4],[-116.5,34.3],[-116.4,34.3],[-116.4,34.1],[-116.2,34.1],[-116.2,34.0],[-116.1,34.0],[-116.1,33.9],[-116.3,33.9],[-116.3,34.0],[-116.6,34.0],[-116.6,33.7],[-116.5,33.7],[-116.5,33.6],[-116.4,33.6],[-116.4,33.1],[-116.2,33.1],[-116.2,33.0],[-116.3,33.0],[-116.3,32.8],[-116.2,32.8],[-116.2,32.6],[-116.0,32.6],[-116.0,32.5],[-115.9,32.5],[-115.9,32.2],[-115.8,32.2],[-115.8,31.9],[-115.7,31.9],[-115.7,31.6],[-115.5,31.6],[-115.5,31.4],[-115.6,31.4],[-115.6,31.5],[-115.7,31.5],[-115.7,31.4],[-115.8,31.4],[-115.8,31.3],[-115.5,31.3],[-115.5,31.1],[-115.4,31.1],[-115.4,31.0],[-115.3,31.0],[-115.3,30.8],[-115.2,30.8],[-115.2,30.5],[-115.3,30.5],[-115.3,30.6],[-115.4,30.6],[-115.4,30.8],[-115.5,30.8],[-115.5,30.7],[-115.7,30.7],[-115.7,30.8],[-115.8,30.8],[-115.8,30.7],[-115.9,30.7],[-115.9,30.8],[-116.0,30.8],[-116.0,30.7],[-116.1,30.7],[-116.1,30.5],[-116.2,30.5],[-116.2,30.4],[-116.1,30.4],[-116.1,30.3],[-115.9,30.3],[-115.9,30.2],[-115.8,30.2],[-115.8,30.0],[-115.9,30.0],[-115.9,29.9],[-115.7,29.9],[-115.7,29.8],[-115.8,29.8],[-115.8,29.7],[-115.7,29.7],[-115.7,29.6],[-115.5,29.6],[-115.5,29.5],[-115.3,29.5],[-115.3,29.4],[-115.1,29.4],[-115.1,29.3],[-114.9,29.3],[-114.9,29.2],[-114.8,29.2],[-114.8,29.1],[-114.7,29.1],[-114.7,29.0],[-114.6,29.0],[-114.6,28.9],[-114.5,28.9],[-114.5,28.8],[-114.4,28.8],[-114.4,28.7],[-114.3,28.7],[-114.3,28.6],[-114.2,28.6],[-114.2,28.5],[-114.1,28.5],[-114.1,28.3],[-114.2,28.3],[-114.2,28.0],[-114.3,28.0],[-114.3,27.9],[-114.5,27.9],[-114.5,27.8],[-114.7,27.8],[-114.7,27.9],[-115.3,27.9],[-115.3,27.8],[-115.1,27.8],[-115.1,27.7],[-115.0,27.7],[-115.0,27.6],[-114.8,27.6],[-114.8,27.5],[-114.7,27.5],[-114.7,27.4],[-114.5,27.4],[-114.5,27.1],[-114.1,27.1],[-114.1,26.9],[-113.8,26.9],[-113.8,26.7],[-113.5,26.7],[-113.5,26.8],[-113.4,26.8],[-113.4,26.7],[-113.3,26.7],[-113.3,26.6],[-113.1,26.6],[-113.1,26.5],[-113.0,26.5],[-113.0,26.4],[-112.8,26.4],[-112.8,26.3],[-112.6,26.3],[-112.6,26.2],[-112.4,26.2],[-112.4,26.0],[-112.2,26.0],[-112.2,25.7],[-112.1,25.7],[-112.1,25.6],[-112.2,25.6],[-112.2,25.1],[-112.3,25.1],[-112.3,24.9],[-112.4,24.9],[-112.4,24.7],[-112.2,24.7],[-112.2,24.5],[-112.0,24.5],[-112.0,24.4],[-111.9,24.4],[-111.9,24.3],[-111.4,24.3],[-111.4,24.2],[-111.2,24.2],[-111.2,24.1],[-111.1,24.1],[-111.1,24.0],[-111.0,24.0],[-111.0,23.9],[-110.8,23.9],[-110.8,23.7],[-110.6,23.7],[-110.6,23.6],[-110.4,23.6],[-110.4,23.5],[-110.3,23.5],[-110.3,23.3],[-110.2,23.3],[-110.2,23.0],[-110.1,23.0],[-110.1,22.8],[-109.8,22.8],[-109.8,22.9],[-109.7,22.9],[-109.7,23.0],[-109.5,23.0],[-109.5,23.1],[-109.4,23.1],[-109.4,23.4],[-109.5,23.4],[-109.5,23.2],[-109.8,23.2],[-109.8,23.0],[-110.0,23.0],[-110.0,23.3],[-110.1,23.3],[-110.1,23.8],[-109.8,23.8],[-109.8,23.6],[-109.7,23.6],[-109.7,23.4],[-109.6,23.4],[-109.6,23.5],[-109.4,23.5],[-109.4,23.6],[-109.5,23.6],[-109.5,23.7],[-109.7,23.7],[-109.7,23.9],[-109.8,23.9],[-109.8,24.4],[-110.0,24.4],[-110.0,24.3],[-110.2,24.3],[-110.2,24.5],[-110.3,24.5],[-110.3,24.6],[-110.5,24.6],[-110.5,24.5],[-110.4,24.5],[-110.4,24.2],[-110.5,24.2],[-110.5,24.3],[-110.6,24.3],[-110.6,24.5],[-110.7,24.5],[-110.7,24.7],[-110.6,24.7],[-110.6,24.8],[-110.5,24.8],[-110.5,25.1],[-110.8,25.1],[-110.8,25.2],[-110.9,25.2],[-110.9,25.4],[-111.0,25.4],[-111.0,25.8],[-111.1,25.8],[-111.1,25.9],[-111.0,25.9],[-111.0,26.1],[-111.2,26.1],[-111.2,26.2],[-111.3,26.2],[-111.3,26.4],[-111.4,26.4],[-111.4,26.7],[-111.5,26.7],[-111.5,26.8],[-111.7,26.8],[-111.7,26.9],[-111.9,26.9],[-111.9,27.1],[-112.0,27.1],[-112.0,27.3],[-112.2,27.3],[-112.2,27.4],[-112.3,27.4],[-112.3,27.6],[-112.4,27.6],[-112.4,27.7],[-112.6,27.7],[-112.6,27.8],[-112.7,27.8],[-112.7,28.2],[-112.8,28.2],[-112.8,28.5],[-112.7,28.5],[-112.7,28.6],[-112.5,28.6],[-112.5,28.8],[-112.4,28.8],[-112.4,28.7],[-112.2,28.7],[-112.2,28.9],[-112.1,28.9],[-112.1,28.8],[-112.0,28.8],[-112.0,28.7],[-111.9,28.7],[-111.9,28.6],[-111.8,28.6],[-111.8,28.4],[-111.6,28.4],[-111.6,28.3],[-111.5,28.3],[-111.5,28.2],[-111.4,28.2],[-111.4,28.1],[-111.3,28.1],[-111.3,28.0],[-111.2,28.0],[-111.2,27.9],[-111.0,27.9],[-111.0,27.8],[-110.8,27.8],[-110.8,27.9],[-110.7,27.9],[-110.7,27.5],[-110.6,27.5],[-110.6,27.4],[-110.7,27.4],[-110.7,27.3],[-110.6,27.3],[-110.6,27.2],[-110.4,27.2],[-110.4,27.1],[-110.1,27.1],[-110.1,27.0],[-110.0,27.0],[-110.0,26.9],[-109.9,26.9],[-109.9,26.7],[-109.8,26.7],[-109.8,26.6],[-109.4,26.6],[-109.4,26.5],[-109.3,26.5],[-109.3,26.9],[-109.4,26.9],[-109.4,27.1],[-109.5,27.1],[-109.5,27.2],[-109.6,27.2],[-109.6,27.4],[-109.7,27.4],[-109.7,27.5],[-109.8,27.5],[-109.8,27.9],[-110.2,27.9],[-110.2,27.8],[-110.3,27.8],[-110.3,28.0],[-110.4,28.0],[-110.4,28.1],[-110.5,28.1],[-110.5,28.2],[-110.4,28.2],[-110.4,28.5],[-110.6,28.5],[-110.6,28.7],[-110.5,28.7],[-110.5,28.8],[-110.6,28.8],[-110.6,29.3],[-110.8,29.3],[-110.8,29.5],[-110.9,29.5],[-110.9,29.3],[-111.0,29.3],[-111.0,29.4],[-111.1,29.4],[-111.1,29.7],[-111.3,29.7],[-111.3,29.8],[-111.4,29.8],[-111.4,30.0],[-111.5,30.0],[-111.5,29.9],[-111.6,29.9],[-111.6,30.0],[-111.7,30.0],[-111.7,30.3],[-111.4,30.3],[-111.4,30.4],[-111.5,30.4],[-111.5,30.6],[-111.7,30.6],[-111.7,30.8],[-111.8,30.8],[-111.8,30.9],[-111.9,30.9],[-111.9,31.0],[-112.0,31.0],[-112.0,31.1],[-112.1,31.1],[-112.1,31.4],[-112.2,31.4],[-112.2,31.6],[-112.0,31.6],[-112.0,31.7],[-111.9,31.7],[-111.9,32.1],[-111.5,32.1],[-111.5,32.2],[-111.3,32.2],[-111.3,32.1],[-110.9,32.1],[-110.9,32.2],[-110.8,32.2],[-110.8,32.3],[-111.0,32.3],[-111.0,32.4],[-111.1,32.4],[-111.1,32.6],[-111.2,32.6],[-111.2,33.0],[-111.1,33.0],[-111.1,33.1],[-111.2,33.1],[-111.2,33.2],[-111.3,33.2],[-111.3,33.4],[-111.5,33.4],[-111.5,33.5],[-111.4,33.5],[-111.4,33.6],[-111.6,33.6],[-111.6,33.8],[-111.7,33.8],[-111.7,33.7],[-111.9,33.7],[-111.9,33.9],[-112.6,33.9],[-112.6,34.0],[-112.7,34.0],[-112.7,34.1],[-112.9,34.1],[-112.9,34.2],[-113.0,34.2],[-113.0,34.3],[-113.1,34.3],[-113.1,34.4],[-113.2,34.4],[-113.2,34.5],[-113.3,34.5],[-113.3,34.6],[-113.5,34.6],[-113.5,34.8],[-113.6,34.8],[-113.6,35.4],[-113.7,35.4],[-113.7,35.5],[-113.8,35.5],[-113.8,35.6],[-113.9,35.6],[-113.9,35.7],[-114.0,35.7],[-114.0,36.0],[-113.8,36.0],[-113.8,36.1],[-113.9,36.1],[-113.9,36.2],[-113.8,36.2],[-113.8,36.5],[-113.7,36.5],[-113.7,36.6],[-113.9,36.6],[-113.9,36.9],[-113.3,36.9],[-113.3,37.2],[-113.8,37.2],[-113.8,37.1],[-113.7,37.1],[-113.7,37.0],[-113.9,37.0],[-113.9,37.3],[-114.1,37.3],[-114.1,37.2],[-114.4,37.2],[-114.4,37.3],[-114.5,37.3],[-114.5,37.2],[-114.6,37.2],[-114.6,37.3],[-114.7,37.3],[-114.7,37.2],[-114.8,37.2],[-114.8,37.1],[-115.0,37.1],[-115.0,37.3],[-115.1,37.3],[-115.1,37.4],[-115.2,37.4],[-115.2,37.2],[-115.1,37.2],[-115.1,37.0],[-115.2,37.0],[-115.2,37.1],[-115.4,37.1]],[[-113.8,35.4],[-113.7,35.4],[-113.7,35.0],[-113.8,35.0],[-113.8,34.7],[-113.9,34.7],[-113.9,34.9],[-114.0,34.9],[-114.0,35.1],[-113.9,35.1],[-113.9,35.2],[-113.8,35.2],[-113.8,35.4]],[[-112.1,30.9],[-111.9,30.9],[-111.9,30.8],[-112.1,30.8],[-112.1,30.9]],[[-112.8,28.6],[-112.8,28.5],[-113.1,28.5],[-113.1,28.8],[-113.0,28.8],[-113.0,28.6],[-112.8,28.6]],[[-115.4,36.6],[-115.4,37.0],[-115.3,37.0],[-115.3,36.9],[-115.1,36.9],[-115.1,36.7],[-115.0,36.7],[-115.0,36.5],[-115.1,36.5],[-115.1,36.4],[-115.3,36.4],[-115.3,36.6],[-115.4,36.6]],[[-117.2,36.0],[-117.2,36.3],[-117.3,36.3],[-117.3,36.4],[-117.2,36.4],[-117.2,36.5],[-117.1,36.5],[-117.1,36.3],[-117.0,36.3],[-117.0,36.0],[-117.2,36.0]],[[-115.8,36.1],[-115.8,36.2],[-115.9,36.2],[-115.9,36.4],[-116.0,36.4],[-116.0,36.5],[-115.5,36.5],[-115.5,36.3],[-115.4,36.3],[-115.4,36.2],[-115.5,36.2],[-115.5,35.9],[-115.6,35.9],[-115.6,36.1],[-115.8,36.1]],[[-115.6,35.3],[-115.6,35.6],[-115.5,35.6],[-115.5,35.3],[-115.6,35.3]],[[-115.1,35.3],[-115.2,35.3],[-115.2,35.6],[-115.1,35.6],[-115.1,35.3]],[[-115.4,35.3],[-115.2,35.3],[-115.2,35.2],[-115.3,35.2],[-115.3,35.1],[-115.5,35.1],[-115.5,35.2],[-115.4,35.2],[-115.4,35.3]],[[-114.6,30.1],[-114.6,30.8],[-114.7,30.8],[-114.7,31.0],[-114.8,31.0],[-114.8,31.6],[-114.4,31.6],[-114.4,31.5],[-114.2,31.5],[-114.2,31.4],[-114.0,31.4],[-114.0,31.5],[-113.7,31.5],[-113.7,31.3],[-113.6,31.3],[-113.6,31.2],[-113.2,31.2],[-113.2,31.0],[-113.1,31.0],[-113.1,30.9],[-113.2,30.9],[-113.2,30.7],[-113.1,30.7],[-113.1,30.5],[-113.0,30.5],[-113.0,30.4],[-112.9,30.4],[-112.9,30.2],[-112.8,30.2],[-112.8,29.9],[-112.7,29.9],[-112.7,29.7],[-112.6,29.7],[-112.6,29.6],[-112.5,29.6],[-112.5,29.3],[-112.4,29.3],[-112.4,29.2],[-112.5,29.2],[-112.5,29.1],[-112.6,29.1],[-112.6,28.8],[-112.7,28.8],[-112.7,28.7],[-112.9,28.7],[-112.9,28.9],[-113.1,28.9],[-113.1,29.0],[-113.0,29.0],[-113.0,29.1],[-113.1,29.1],[-113.1,29.3],[-113.3,29.3],[-113.3,29.5],[-113.4,29.5],[-113.4,29.6],[-113.6,29.6],[-113.6,29.4],[-113.7,29.4],[-113.7,29.5],[-113.9,29.5],[-113.9,29.6],[-114.0,29.6],[-114.0,29.7],[-114.1,29.7],[-114.1,29.8],[-114.3,29.8],[-114.3,30.0],[-114.5,30.0],[-114.5,30.1],[-114.6,30.1]]],[[[-111.1,30.1],[-111.1,30.3],[-111.2,30.3],[-111.2,30.1],[-111.1,30.1]]],[[[-119.2,34.9],[-119.2,35.1],[-119.1,35.1],[-119.1,35.3],[-118.9,35.3],[-118.9,35.5],[-119.2,35.5],[-119.2,35.6],[-119.3,35.6],[-119.3,35.7],[-119.4,35.7],[-119.4,35.8],[-119.3,35.8],[-119.3,35.9],[-119.4,35.9],[-119.4,36.0],[-119.8,36.0],[-119.8,36.2],[-119.7,36.2],[-119.7,36.3],[-119.9,36.3],[-119.9,36.4],[-120.0,36.4],[-120.0,36.5],[-120.2,36.5],[-120.2,36.4],[-120.3,36.4],[-120.3,36.2],[-120.2,36.2],[-120.2,36.1],[-120.1,36.1],[-120.1,35.9],[-120.0,35.9],[-120.0,35.7],[-119.9,35.7],[-119.9,35.4],[-119.8,35.4],[-119.8,35.3],[-119.7,35.3],[-119.7,35.2],[-119.6,35.2],[-119.6,35.1],[-119.5,35.1],[-119.5,35.0],[-119.3,35.0],[-119.3,34.9],[-119.2,34.9]]],[[[-113.7,35.8],[-113.5,35.8],[-113.5,35.9],[-113.7,35.9],[-113.7,35.8]]],[[[-113.4,35.8],[-113.5,35.8],[-113.5,35.7],[-113.3,35.7],[-113.3,36.1],[-113.4,36.1],[-113.4,35.8]]],[[[-118.0,36.6],[-118.0,36.3],[-117.9,36.3],[-117.9,36.4],[-117.8,36.4],[-117.8,36.5],[-117.9,36.5],[-117.9,36.6],[-118.0,36.6]]],[[[-117.8,36.7],[-117.8,36.6],[-117.6,36.6],[-117.6,36.8],[-117.7,36.8],[-117.7,36.9],[-117.9,36.9],[-117.9,36.7],[-117.8,36.7]]],[[[-111.6,36.7],[-111.6,36.9],[-111.7,36.9],[-111.7,36.7],[-111.6,36.7]]],[[[-111.5,37.1],[-111.5,36.9],[-111.4,36.9],[-111.4,37.0],[-111.2,37.0],[-111.2,37.1],[-111.5,37.1]]],[[[-104.6,25.1],[-104.4,25.1],[-104.4,25.2],[-104.5,25.2],[-104.5,25.3],[-104.6,25.3],[-104.6,25.1]]],[[[-110.8,25.4],[-110.8,25.2],[-110.6,25.2],[-110.6,25.4],[-110.8,25.4]]],[[[-108.6,25.3],[-108.6,25.4],[-108.5,25.4],[-108.5,25.5],[-108.6,25.5],[-108.6,25.6],[-108.7,25.6],[-108.7,25.8],[-108.8,25.8],[-108.8,25.9],[-108.9,25.9],[-108.9,26.0],[-109.1,26.0],[-109.1,26.1],[-109.0,26.1],[-109.0,26.2],[-109.1,26.2],[-109.1,26.3],[-109.2,26.3],[-109.2,26.4],[-109.3,26.4],[-109.3,26.3],[-109.4,26.3],[-109.4,26.1],[-109.5,26.1],[-109.5,25.7],[-109.4,25.7],[-109.4,25.6],[-109.2,25.6],[-109.2,25.5],[-109.1,25.5],[-109.1,25.4],[-108.8,25.4],[-108.8,25.3],[-108.6,25.3]]],[[[-104.3,27.7],[-104.3,27.3],[-104.2,27.3],[-104.2,27.7],[-104.3,27.7]]],[[[-102.5,27.7],[-102.4,27.7],[-102.4,28.0],[-102.6,28.0],[-102.6,27.9],[-102.5,27.9],[-102.5,27.7]]],[[[-107.3,32.7],[-107.3,32.6],[-107.4,32.6],[-107.4,32.4],[-107.5,32.4],[-107.5,32.5],[-107.6,32.5],[-107.6,32.4],[-107.9,32.4],[-107.9,32.3],[-108.1,32.3],[-108.1,32.2],[-108.3,32.2],[-108.3,32.1],[-108.1,32.1],[-108.1,32.0],[-108.0,32.0],[-108.0,31.8],[-108.1,31.8],[-108.1,31.7],[-108.3,31.7],[-108.3,31.6],[-108.2,31.6],[-108.2,31.3],[-108.1,31.3],[-108.1,31.0],[-108.0,31.0],[-108.0,30.4],[-107.9,30.4],[-107.9,30.3],[-107.8,30.3],[-107.8,30.2],[-107.7,30.2],[-107.7,30.0],[-107.5,30.0],[-107.5,29.9],[-107.4,29.9],[-107.4,30.0],[-107.3,30.0],[-107.3,29.9],[-107.2,29.9],[-107.2,29.8],[-106.7,29.8],[-106.7,29.7],[-106.6,29.7],[-106.6,29.9],[-106.7,29.9],[-106.7,30.1],[-106.5,30.1],[-106.5,30.2],[-106.4,30.2],[-106.4,30.3],[-106.1,30.3],[-106.1,30.2],[-106.3,30.2],[-106.3,30.0],[-106.2,30.0],[-106.2,29.6],[-106.1,29.6],[-106.1,29.5],[-106.2,29.5],[-106.2,29.4],[-106.3,29.4],[-106.3,29.2],[-106.2,29.2],[-106.2,29.3],[-106.0,29.3],[-106.0,28.6],[-105.9,28.6],[-105.9,28.8],[-105.8,28.8],[-105.8,27.9],[-105.7,27.9],[-105.7,27.8],[-105.6,27.8],[-105.6,27.7],[-105.5,27.7],[-105.5,27.6],[-105.7,27.6],[-105.7,27.5],[-105.5,27.5],[-105.5,27.4],[-105.2,27.4],[-105.2,27.3],[-105.0,27.3],[-105.0,27.4],[-104.9,27.4],[-104.9,27.0],[-104.8,27.0],[-104.8,26.8],[-104.7,26.8],[-104.7,27.0],[-104.6,27.0],[-104.6,27.1],[-104.7,27.1],[-104.7,27.2],[-104.8,27.2],[-104.8,27.5],[-104.7,27.5],[-104.7,27.7],[-104.6,27.7],[-104.6,27.8],[-104.7,27.8],[-104.7,27.9],[-104.8,27.9],[-104.8,28.0],[-104.9,28.0],[-104.9,28.1],[-104.7,28.1],[-104.7,28.2],[-104.8,28.2],[-104.8,28.3],[-104.9,28.3],[-104.9,28.4],[-105.0,28.4],[-105.0,28.5],[-104.8,28.5],[-104.8,28.6],[-104.7,28.6],[-104.7,28.5],[-104.6,28.5],[-104.6,28.7],[-104.5,28.7],[-104.5,28.4],[-104.2,28.4],[-104.2,28.5],[-104.1,28.5],[-104.1,28.4],[-104.0,28.4],[-104.0,28.2],[-104.1,28.2],[-104.1,28.1],[-104.2,28.1],[-104.2,28.2],[-104.3,28.2],[-104.3,28.3],[-104.4,28.3],[-104.4,28.1],[-104.6,28.1],[-104.6,28.0],[-104.5,28.0],[-104.5,27.7],[-104.4,27.7],[-104.4,28.0],[-104.1,28.0],[-104.1,27.9],[-104.0,27.9],[-104.0,27.8],[-103.8,27.8],[-103.8,27.5],[-103.9,27.5],[-103.9,27.6],[-104.0,27.6],[-104.0,27.7],[-104.1,27.7],[-104.1,27.5],[-104.0,27.5],[-104.0,27.4],[-103.9,27.4],[-103.9,27.1],[-104.1,27.1],[-104.1,27.0],[-104.3,27.0],[-104.3,27.3],[-104.4,27.3],[-104.4,26.9],[-104.6,26.9],[-104.6,26.8],[-104.4,26.8],[-104.4,26.7],[-104.6,26.7],[-104.6,26.5],[-104.7,26.5],[-104.7,26.3],[-104.5,26.3],[-104.5,26.1],[-104.4,26.1],[-104.4,26.0],[-104.3,26.0],[-104.3,25.9],[-104.2,25.9],[-104.2,25.8],[-104.1,25.8],[-104.1,25.7],[-103.9,25.7],[-103.9,25.6],[-103.8,25.6],[-103.8,25.4],[-103.9,25.4],[-103.9,25.5],[-104.1,25.5],[-104.1,25.6],[-104.3,25.6],[-104.3,25.3],[-104.2,25.3],[-104.2,25.1],[-104.1,25.1],[-104.1,25.2],[-103.9,25.2],[-103.9,25.0],[-103.7,25.0],[-103.7,24.9],[-103.4,24.9],[-103.4,24.8],[-103.3,24.8],[-103.3,24.7],[-102.9,24.7],[-102.9,24.4],[-102.8,24.4],[-102.8,24.3],[-102.6,24.3],[-102.6,24.2],[-102.5,24.2],[-102.5,24.1],[-102.4,24.1],[-102.4,24.0],[-102.2,24.0],[-102.2,24.1],[-101.9,24.1],[-101.9,24.2],[-102.0,24.2],[-102.0,24.4],[-102.1,24.4],[-102.1,24.5],[-102.2,24.5],[-102.2,24.8],[-102.3,24.8],[-102.3,24.9],[-102.2,24.9],[-102.2,25.0],[-102.1,25.0],[-102.1,25.1],[-101.9,25.1],[-101.9,25.2],[-102.1,25.2],[-102.1,25.3],[-102.2,25.3],[-102.2,25.4],[-102.1,25.4],[-102.1,25.5],[-101.6,25.5],[-101.6,25.6],[-101.4,25.6],[-101.4,25.5],[-101.3,25.5],[-101.3,25.7],[-101.0,25.7],[-101.0,25.6],[-100.9,25.6],[-100.9,25.7],[-100.8,25.7],[-100.8,25.9],[-100.6,25.9],[-100.6,26.0],[-100.8,26.0],[-100.8,26.2],[-100.7,26.2],[-100.7,26.4],[-100.9,26.4],[-100.9,26.5],[-101.0,26.5],[-101.0,26.6],[-101.3,26.6],[-101.3,26.8],[-101.4,26.8],[-101.4,26.9],[-101.3,26.9],[-101.3,27.0],[-101.2,27.0],[-101.2,26.9],[-101.0,26.9],[-101.0,27.0],[-101.1,27.0],[-101.1,27.4],[-101.3,27.4],[-101.3,27.3],[-101.4,27.3],[-101.4,27.4],[-101.6,27.4],[-101.6,27.2],[-101.7,27.2],[-101.7,27.1],[-101.9,27.1],[-101.9,27.0],[-102.0,27.0],[-102.0,27.2],[-102.1,27.2],[-102.1,27.3],[-102.0,27.3],[-102.0,27.4],[-102.2,27.4],[-102.2,27.5],[-102.3,27.5],[-102.3,27.7],[-102.4,27.7],[-102.4,27.2],[-102.3,27.2],[-102.3,27.0],[-102.5,27.0],[-102.5,27.1],[-102.7,27.1],[-102.7,27.6],[-102.8,27.6],[-102.8,28.0],[-103.0,28.0],[-103.0,28.1],[-103.1,28.1],[-103.1,28.3],[-102.9,28.3],[-102.9,28.1],[-102.6,28.1],[-102.6,29.0],[-102.7,29.0],[-102.7,29.1],[-102.8,29.1],[-102.8,29.3],[-102.6,29.3],[-102.6,29.4],[-102.4,29.4],[-102.4,29.6],[-102.0,29.6],[-102.0,29.8],[-102.1,29.8],[-102.1,29.9],[-102.3,29.9],[-102.3,30.0],[-102.4,30.0],[-102.4,30.1],[-102.7,30.1],[-102.7,30.0],[-103.0,30.0],[-103.0,30.1],[-103.4,30.1],[-103.4,29.9],[-103.9,29.9],[-103.9,30.0],[-104.0,30.0],[-104.0,29.9],[-104.1,29.9],[-104.1,29.7],[-104.3,29.7],[-104.3,29.8],[-104.5,29.8],[-104.5,30.1],[-104.6,30.1],[-104.6,30.4],[-104.7,30.4],[-104.7,30.5],[-104.5,30.5],[-104.5,30.4],[-104.4,30.4],[-104.4,30.6],[-104.5,30.6],[-104.5,30.7],[-104.4,30.7],[-104.4,31.0],[-104.2,31.0],[-104.2,30.9],[-104.1,30.9],[-104.1,31.0],[-103.9,31.0],[-103.9,30.9],[-103.6,30.9],[-103.6,30.8],[-103.5,30.8],[-103.5,30.7],[-103.4,30.7],[-103.4,30.5],[-103.2,30.5],[-103.2,30.6],[-103.1,30.6],[-103.1,30.7],[-103.0,30.7],[-103.0,30.9],[-103.1,30.9],[-103.1,31.0],[-103.0,31.0],[-103.0,31.1],[-103.1,31.1],[-103.1,31.2],[-103.0,31.2],[-103.0,31.4],[-103.1,31.4],[-103.1,31.7],[-103.0,31.7],[-103.0,31.9],[-103.1,31.9],[-103.1,32.0],[-103.0,32.0],[-103.0,32.4],[-103.1,32.4],[-103.1,32.6],[-103.5,32.6],[-103.5,32.7],[-103.9,32.7],[-103.9,32.8],[-104.0,32.8],[-104.0,32.9],[-104.1,32.9],[-104.1,33.0],[-104.2,33.0],[-104.2,32.5],[-104.3,32.5],[-104.3,33.1],[-104.6,33.1],[-104.6,33.0],[-104.7,33.0],[-104.7,33.1],[-104.8,33.1],[-104.8,32.9],[-104.7,32.9],[-104.7,32.8],[-104.8,32.8],[-104.8,32.7],[-104.7,32.7],[-104.7,32.5],[-104.6,32.5],[-104.6,32.4],[-104.4,32.4],[-104.4,32.1],[-104.5,32.1],[-104.5,31.9],[-104.6,31.9],[-104.6,31.7],[-104.5,31.7],[-104.5,31.5],[-104.7,31.5],[-104.7,31.6],[-104.8,31.6],[-104.8,31.8],[-104.9,31.8],[-104.9,32.0],[-105.0,32.0],[-105.0,32.4],[-105.3,32.4],[-105.3,32.3],[-105.4,32.3],[-105.4,32.4],[-105.6,32.4],[-105.6,32.3],[-105.7,32.3],[-105.7,32.1],[-105.5,32.1],[-105.5,32.0],[-105.8,32.0],[-105.8,31.8],[-105.9,31.8],[-105.9,31.7],[-106.0,31.7],[-106.0,32.0],[-106.1,32.0],[-106.1,32.3],[-106.0,32.3],[-106.0,32.4],[-105.9,32.4],[-105.9,32.6],[-106.0,32.6],[-106.0,32.9],[-106.1,32.9],[-106.1,33.4],[-106.4,33.4],[-106.4,33.3],[-106.5,33.3],[-106.5,33.2],[-106.6,33.2],[-106.6,32.9],[-106.5,32.9],[-106.5,32.2],[-106.6,32.2],[-106.6,32.7],[-106.7,32.7],[-106.7,32.8],[-106.8,32.8],[-106.8,33.0],[-106.9,33.0],[-106.9,33.4],[-106.7,33.4],[-106.7,33.5],[-106.9,33.5],[-106.9,33.6],[-107.0,33.6],[-107.0,33.7],[-107.1,33.7],[-107.1,33.5],[-107.2,33.5],[-107.2,33.4],[-107.3,33.4],[-107.3,33.2],[-107.4,33.2],[-107.4,33.0],[-107.1,33.0],[-107.1,32.7],[-107.2,32.7],[-107.2,32.8],[-107.3,32.8],[-107.3,32.9],[-107.4,32.9],[-107.4,32.7],[-107.3,32.7]],[[-101.4,26.6],[-101.3,26.6],[-101.3,26.4],[-101.6,26.4],[-101.6,26.5],[-101.7,26.5],[-101.7,26.6],[-101.8,26.6],[-101.8,27.0],[-101.7,27.0],[-101.7,26.9],[-101.6,26.9],[-101.6,26.8],[-101.5,26.8],[-101.5,26.7],[-101.4,26.7],[-101.4,26.6]],[[-107.3,32.4],[-107.3,32.6],[-107.2,32.6],[-107.2,32.5],[-107.1,32.5],[-107.1,32.4],[-107.3,32.4]],[[-104.9,31.2],[-105.1,31.2],[-105.1,31.5],[-104.9,31.5],[-104.9,31.2]],[[-104.3,31.1],[-104.5,31.1],[-104.5,31.2],[-104.3,31.2],[-104.3,31.1]],[[-107.6,30.5],[-107.8,30.5],[-107.8,30.6],[-107.6,30.6],[-107.6,30.5]],[[-104.8,29.8],[-104.9,29.8],[-104.9,30.2],[-104.8,30.2],[-104.8,29.8]],[[-105.4,29.4],[-105.5,29.4],[-105.5,29.6],[-105.4,29.6],[-105.4,29.9],[-105.5,29.9],[-105.5,30.0],[-105.1,30.0],[-105.1,29.9],[-105.0,29.9],[-105.0,29.8],[-105.1,29.8],[-105.1,29.6],[-105.2,29.6],[-105.2,29.5],[-105.4,29.5],[-105.4,29.4]],[[-104.7,29.4],[-104.6,29.4],[-104.6,29.3],[-104.5,29.3],[-104.5,29.2],[-104.7,29.2],[-104.7,29.4]],[[-103.2,29.2],[-103.3,29.2],[-103.3,29.4],[-103.2,29.4],[-103.2,29.2]],[[-104.3,28.9],[-104.4,28.9],[-104.4,29.0],[-104.3,29.0],[-104.3,29.1],[-104.2,29.1],[-104.2,29.3],[-104.0,29.3],[-104.0,29.0],[-103.9,29.0],[-103.9,28.7],[-104.0,28.7],[-104.0,28.6],[-104.2,28.6],[-104.2,28.7],[-104.3,28.7],[-104.3,28.9]],[[-103.4,28.4],[-103.5,28.4],[-103.5,28.5],[-103.7,28.5],[-103.7,28.8],[-103.8,28.8],[-103.8,28.9],[-103.6,28.9],[-103.6,28.7],[-103.5,28.7],[-103.5,28.6],[-103.4,28.6],[-103.4,28.4]],[[-103.3,28.2],[-103.5,28.2],[-103.5,28.3],[-103.3,28.3],[-103.3,28.2]],[[-103.5,27.2],[-103.8,27.2],[-103.8,27.4],[-103.6,27.4],[-103.6,27.8],[-103.7,27.8],[-103.7,28.0],[-103.6,28.0],[-103.6,27.9],[-103.5,27.9],[-103.5,27.2]],[[-104.9,27.6],[-105.0,27.6],[-105.0,27.9],[-104.9,27.9],[-104.9,27.6]],[[-103.0,26.7],[-102.8,26.7],[-102.8,26.6],[-102.9,26.6],[-102.9,26.5],[-103.0,26.5],[-103.0,26.7]],[[-102.0,26.2],[-102.1,26.2],[-102.1,26.3],[-102.2,26.3],[-102.2,26.2],[-102.3,26.2],[-102.3,26.4],[-102.0,26.4],[-102.0,26.2]],[[-101.5,25.8],[-101.6,25.8],[-101.6,25.9],[-101.5,25.9],[-101.5,26.0],[-101.6,26.0],[-101.6,26.2],[-101.4,26.2],[-101.4,25.7],[-101.5,25.7],[-101.5,25.8]]],[[[-108.4,31.7],[-108.3,31.7],[-108.3,32.1],[-108.4,32.1],[-108.4,31.7]]],[[[-108.5,32.1],[-108.4,32.1],[-108.4,32.2],[-108.5,32.2],[-108.5,32.3],[-108.6,32.3],[-108.6,31.7],[-108.5,31.7],[-108.5,32.1]]],[[[-109.0,32.3],[-109.0,32.2],[-108.9,32.2],[-108.9,32.1],[-108.8,32.1],[-108.8,32.3],[-109.0,32.3]]],[[[-109.9,32.9],[-109.9,32.8],[-109.7,32.8],[-109.7,32.6],[-109.6,32.6],[-109.6,32.4],[-109.4,32.4],[-109.4,32.3],[-109.3,32.3],[-109.3,32.2],[-109.1,32.2],[-109.1,32.3],[-109.2,32.3],[-109.2,32.7],[-109.4,32.7],[-109.4,32.9],[-109.8,32.9],[-109.8,33.0],[-109.9,33.0],[-109.9,33.1],[-110.0,33.1],[-110.0,32.9],[-109.9,32.9]]],[[[-104.4,34.1],[-104.4,33.8],[-104.3,33.8],[-104.3,33.9],[-104.2,33.9],[-104.2,34.0],[-104.3,34.0],[-104.3,34.1],[-104.4,34.1]]]]}},
{"type":"Feature","properties":{"k":"BWk"},"geometry":{"type":"MultiPolygon","coordinates":[[[[-118.4,29.2],[-118.4,29.0],[-118.3,29.0],[-118.3,28.8],[-118.2,28.8],[-118.2,29.2],[-118.4,29.2]]],[[[-115.4,30.7],[-115.4,30.6],[-115.3,30.6],[-115.3,30.5],[-115.2,30.5],[-115.2,30.8],[-115.3,30.8],[-115.3,30.7],[-115.4,30.7]]],[[[-115.2,35.6],[-115.2,35.3],[-115.1,35.3],[-115.1,35.6],[-115.2,35.6]]],[[[-117.3,36.3],[-117.1,36.3],[-117.1,36.5],[-117.2,36.5],[-117.2,36.4],[-117.3,36.4],[-117.3,36.3]]],[[[-115.3,36.5],[-115.3,36.4],[-115.1,36.4],[-115.1,36.5],[-115.3,36.5]]],[[[-115.3,37.0],[-115.4,37.0],[-115.4,36.6],[-115.3,36.6],[-115.3,36.7],[-115.2,36.7],[-115.2,36.8],[-115.1,36.8],[-115.1,36.9],[-115.3,36.9],[-115.3,37.0]]],[[[-118.5,37.5],[-118.4,37.5],[-118.4,37.3],[-118.3,37.3],[-118.3,37.6],[-118.4,37.6],[-118.4,37.9],[-118.5,37.9],[-118.5,37.5]]],[[[-117.5,36.9],[-117.5,37.1],[-117.3,37.1],[-117.3,37.0],[-117.2,37.0],[-117.2,36.9],[-117.1,36.9],[-117.1,36.8],[-116.9,36.8],[-116.9,36.9],[-116.8,36.9],[-116.8,37.0],[-116.7,37.0],[-116.7,36.8],[-116.6,36.8],[-116.6,36.9],[-116.3,36.9],[-116.3,36.8],[-116.2,36.8],[-116.2,36.7],[-116.1,36.7],[-116.1,36.9],[-115.8,36.9],[-115.8,36.8],[-115.9,36.8],[-115.9,36.7],[-116.0,36.7],[-116.0,36.6],[-115.8,36.6],[-115.8,36.7],[-115.7,36.7],[-115.7,37.0],[-115.6,37.0],[-115.6,36.8],[-115.5,36.8],[-115.5,37.0],[-115.4,37.0],[-115.4,37.1],[-115.2,37.1],[-115.2,37.0],[-115.1,37.0],[-115.1,37.2],[-115.2,37.2],[-115.2,37.4],[-115.1,37.4],[-115.1,37.6],[-115.0,37.6],[-115.0,37.9],[-115.1,37.9],[-115.1,37.8],[-115.2,37.8],[-115.2,38.1],[-115.5,38.1],[-115.5,38.0],[-115.4,38.0],[-115.4,37.8],[-115.3,37.8],[-115.3,37.6],[-115.6,37.6],[-115.6,37.9],[-115.7,37.9],[-115.7,38.0],[-115.8,38.0],[-115.8,37.9],[-115.9,37.9],[-115.9,38.1],[-115.8,38.1],[-115.8,38.2],[-115.7,38.2],[-115.7,38.3],[-115.6,38.3],[-115.6,38.4],[-115.5,38.4],[-115.5,38.8],[-115.6,38.8],[-115.6,39.0],[-115.8,39.0],[-115.8,38.9],[-115.7,38.9],[-115.7,38.7],[-115.8,38.7],[-115.8,38.6],[-115.9,38.6],[-115.9,38.5],[-116.0,38.5],[-116.0,38.7],[-116.1,38.7],[-116.1,38.6],[-116.3,38.6],[-116.3,38.5],[-116.4,38.5],[-116.4,38.3],[-116.5,38.3],[-116.5,38.4],[-116.7,38.4],[-116.7,38.3],[-116.9,38.3],[-116.9,38.5],[-117.1,38.5],[-117.1,38.8],[-117.0,38.8],[-117.0,39.1],[-116.9,39.1],[-116.9,39.3],[-117.0,39.3],[-117.0,39.2],[-117.1,39.2],[-117.1,39.1],[-117.2,39.1],[-117.2,38.6],[-117.5,38.6],[-117.5,38.7],[-117.6,38.7],[-117.6,39.0],[-117.7,39.0],[-117.7,38.9],[-117.8,38.9],[-117.8,39.5],[-117.9,39.5],[-117.9,39.4],[-118.0,39.4],[-118.0,39.6],[-117.9,39.6],[-117.9,39.7],[-117.8,39.7],[-117.8,39.8],[-117.6,39.8],[-117.6,40.1],[-117.5,40.1],[-117.5,40.2],[-117.8,40.2],[-117.8,40.0],[-118.0,40.0],[-118.0,40.1],[-117.9,40.1],[-117.9,40.5],[-118.0,40.5],[-118.0,40.6],[-117.9,40.6],[-117.9,40.7],[-118.0,40.7],[-118.0,40.9],[-117.8,40.9],[-117.8,41.0],[-117.9,41.0],[-117.9,41.1],[-118.0,41.1],[-118.0,41.0],[-118.1,41.0],[-118.1,41.7],[-118.2,41.7],[-118.2,41.5],[-118.3,41.5],[-118.3,41.6],[-118.5,41.6],[-118.5,41.7],[-118.6,41.7],[-118.6,41.5],[-118.9,41.5],[-118.9,41.3],[-119.0,41.3],[-119.0,41.2],[-119.1,41.2],[-119.1,41.4],[-119.2,41.4],[-119.2,41.0],[-119.4,41.0],[-119.4,40.8],[-119.6,40.8],[-119.6,40.7],[-119.8,40.7],[-119.8,40.6],[-119.9,40.6],[-119.9,40.4],[-119.8,40.4],[-119.8,40.2],[-119.6,40.2],[-119.6,40.5],[-119.5,40.5],[-119.5,40.3],[-119.4,40.3],[-119.4,39.9],[-119.5,39.9],[-119.5,39.8],[-119.4,39.8],[-119.4,39.6],[-119.5,39.6],[-119.5,39.5],[-119.4,39.5],[-119.4,39.4],[-119.5,39.4],[-119.5,39.3],[-119.4,39.3],[-119.4,39.1],[-119.3,39.1],[-119.3,39.0],[-119.4,39.0],[-119.4,38.9],[-119.3,38.9],[-119.3,38.8],[-119.1,38.8],[-119.1,38.7],[-119.0,38.7],[-119.0,38.5],[-118.9,38.5],[-118.9,38.8],[-118.8,38.8],[-118.8,38.6],[-118.7,38.6],[-118.7,38.4],[-118.6,38.4],[-118.6,38.1],[-118.3,38.1],[-118.3,38.0],[-118.2,38.0],[-118.2,37.8],[-118.1,37.8],[-118.1,37.6],[-118.0,37.6],[-118.0,37.4],[-118.1,37.4],[-118.1,37.3],[-118.0,37.3],[-118.0,37.2],[-117.9,37.2],[-117.9,36.9],[-117.7,36.9],[-117.7,36.8],[-117.6,36.8],[-117.6,36.6],[-117.5,36.6],[-117.5,36.5],[-117.4,36.5],[-117.4,36.9],[-117.5,36.9]],[[-117.5,37.3],[-117.5,37.1],[-117.6,37.1],[-117.6,37.3],[-117.5,37.3]],[[-118.3,41.4],[-118.3,41.2],[-118.5,41.2],[-118.5,41.0],[-118.6,41.0],[-118.6,41.3],[-118.5,41.3],[-118.5,41.5],[-118.4,41.5],[-118.4,41.4],[-118.3,41.4]],[[-118.6,40.6],[-118.6,40.8],[-118.5,40.8],[-118.5,40.7],[-118.4,40.7],[-118.4,40.6],[-118.6,40.6]],[[-119.2,40.6],[-119.2,40.4],[-119.3,40.4],[-119.3,40.6],[-119.2,40.6]],[[-118.7,40.6],[-118.7,40.5],[-118.9,40.5],[-118.9,40.6],[-118.7,40.6]],[[-118.3,40.4],[-118.3,40.6],[-118.1,40.6],[-118.1,40.2],[-118.2,40.2],[-118.2,40.4],[-118.3,40.4]],[[-116.4,38.1],[-116.4,37.9],[-116.5,37.9],[-116.5,38.1],[-116.4,38.1]],[[-116.4,37.7],[-116.4,37.9],[-116.3,37.9],[-116.3,37.7],[-116.4,37.7]],[[-117.8,37.8],[-117.8,37.6],[-117.9,37.6],[-117.9,37.8],[-117.8,37.8]],[[-116.0,37.4],[-116.1,37.4],[-116.1,37.6],[-116.0,37.6],[-116.0,37.4]],[[-116.2,37.4],[-116.1,37.4],[-116.1,37.2],[-116.4,37.2],[-116.4,37.4],[-116.3,37.4],[-116.3,37.3],[-116.2,37.3],[-116.2,37.4]],[[-115.7,37.6],[-115.7,37.4],[-115.8,37.4],[-115.8,37.6],[-115.7,37.6]],[[-117.5,37.5],[-117.5,37.4],[-117.7,37.4],[-117.7,37.5],[-117.5,37.5]]],[[[-117.7,40.9],[-117.8,40.9],[-117.8,40.6],[-117.7,40.6],[-117.7,40.9]]],[[[-117.4,40.9],[-117.4,40.8],[-117.1,40.8],[-117.1,40.9],[-117.2,40.9],[-117.2,41.1],[-117.3,41.1],[-117.3,40.9],[-117.4,40.9]]],[[[-117.5,41.0],[-117.5,41.1],[-117.7,41.1],[-117.7,41.0],[-117.5,41.0]]],[[[-117.9,41.3],[-117.9,41.1],[-117.8,41.1],[-117.8,41.3],[-117.9,41.3]]],[[[-118.9,42.0],[-118.9,41.8],[-118.7,41.8],[-118.7,41.9],[-118.8,41.9],[-118.8,42.0],[-118.9,42.0]]],[[[-115.8,42.8],[-115.8,42.7],[-115.7,42.7],[-115.7,43.0],[-116.1,43.0],[-116.1,43.1],[-116.3,43.1],[-116.3,43.0],[-116.2,43.0],[-116.2,42.8],[-116.0,42.8],[-116.0,42.7],[-115.9,42.7],[-115.9,42.8],[-115.8,42.8]]],[[[-120.3,46.4],[-120.3,46.2],[-119.8,46.2],[-119.8,46.0],[-119.7,46.0],[-119.7,46.2],[-119.6,46.2],[-119.6,46.3],[-119.9,46.3],[-119.9,46.4],[-120.3,46.4]]],[[[-119.2,47.0],[-119.3,47.0],[-119.3,46.9],[-119.9,46.9],[-119.9,47.0],[-120.0,47.0],[-120.0,47.1],[-120.1,47.1],[-120.1,46.7],[-120.0,46.7],[-120.0,46.6],[-119.9,46.6],[-119.9,46.5],[-119.7,46.5],[-119.7,46.4],[-119.5,46.4],[-119.5,46.2],[-119.2,46.2],[-119.2,46.1],[-119.0,46.1],[-119.0,46.2],[-119.1,46.2],[-119.1,46.3],[-119.2,46.3],[-119.2,46.5],[-119.3,46.5],[-119.3,46.8],[-119.2,46.8],[-119.2,47.0]]],[[[-106.9,34.8],[-107.0,34.8],[-107.0,34.6],[-107.1,34.6],[-107.1,34.5],[-107.0,34.5],[-107.0,34.0],[-106.9,34.0],[-106.9,33.8],[-107.0,33.8],[-107.0,33.9],[-107.1,33.9],[-107.1,33.8],[-107.3,33.8],[-107.3,33.4],[-107.2,33.4],[-107.2,33.5],[-107.1,33.5],[-107.1,33.7],[-107.0,33.7],[-107.0,33.6],[-106.9,33.6],[-106.9,33.5],[-106.7,33.5],[-106.7,33.6],[-106.6,33.6],[-106.6,33.5],[-106.5,33.5],[-106.5,33.9],[-106.7,33.9],[-106.7,33.8],[-106.8,33.8],[-106.8,34.3],[-106.7,34.3],[-106.7,35.0],[-106.8,35.0],[-106.8,34.6],[-106.9,34.6],[-106.9,34.8]]],[[[-104.7,34.3],[-104.7,34.1],[-104.5,34.1],[-104.5,34.2],[-104.6,34.2],[-104.6,34.3],[-104.7,34.3]]],[[[-107.1,34.2],[-107.1,34.4],[-107.2,34.4],[-107.2,34.2],[-107.1,34.2]]],[[[-107.1,34.8],[-107.0,34.8],[-107.0,34.9],[-106.9,34.9],[-106.9,35.1],[-107.0,35.1],[-107.0,35.0],[-107.3,35.0],[-107.3,34.9],[-107.1,34.9],[-107.1,34.8]]],[[[-110.8,36.3],[-110.8,36.5],[-111.0,36.5],[-111.0,36.4],[-111.2,36.4],[-111.2,36.5],[-111.5,36.5],[-111.5,36.2],[-111.6,36.2],[-111.6,35.9],[-111.5,35.9],[-111.5,35.7],[-111.4,35.7],[-111.4,35.5],[-111.3,35.5],[-111.3,35.4],[-111.2,35.4],[-111.2,35.3],[-111.1,35.3],[-111.1,35.2],[-111.0,35.2],[-111.0,35.1],[-110.9,35.1],[-110.9,35.0],[-110.8,35.0],[-110.8,34.9],[-109.9,34.9],[-109.9,35.0],[-110.1,35.0],[-110.1,35.1],[-110.0,35.1],[-110.0,35.2],[-110.1,35.2],[-110.1,35.3],[-110.2,35.3],[-110.2,35.2],[-110.4,35.2],[-110.4,35.6],[-110.2,35.6],[-110.2,35.7],[-110.4,35.7],[-110.4,35.8],[-110.3,35.8],[-110.3,35.9],[-110.5,35.9],[-110.5,36.0],[-110.6,36.0],[-110.6,35.9],[-110.7,35.9],[-110.7,36.1],[-110.6,36.1],[-110.6,36.2],[-110.7,36.2],[-110.7,36.3],[-110.8,36.3]]],[[[-114.9,37.6],[-115.0,37.6],[-115.0,37.4],[-115.1,37.4],[-115.1,37.3],[-115.0,37.3],[-115.0,37.1],[-114.8,37.1],[-114.8,37.2],[-114.9,37.2],[-114.9,37.3],[-114.8,37.3],[-114.8,37.7],[-114.7,37.7],[-114.7,38.0],[-114.8,38.0],[-114.8,37.9],[-114.9,37.9],[-114.9,37.6]]],[[[-110.1,37.5],[-110.2,37.5],[-110.2,37.6],[-110.3,37.6],[-110.3,38.1],[-110.4,38.1],[-110.4,38.4],[-110.5,38.4],[-110.5,38.5],[-110.1,38.5],[-110.1,38.3],[-110.0,38.3],[-110.0,38.2],[-109.9,38.2],[-109.9,38.5],[-110.0,38.5],[-110.0,38.7],[-109.7,38.7],[-109.7,38.8],[-109.8,38.8],[-109.8,38.9],[-109.9,38.9],[-109.9,39.0],[-110.0,39.0],[-110.0,39.1],[-110.3,39.1],[-110.3,39.3],[-110.4,39.3],[-110.4,39.0],[-110.5,39.0],[-110.5,38.8],[-110.6,38.8],[-110.6,38.7],[-110.8,38.7],[-110.8,38.6],[-110.9,38.6],[-110.9,38.7],[-111.0,38.7],[-111.0,38.5],[-111.1,38.5],[-111.1,38.8],[-111.2,38.8],[-111.2,38.2],[-111.1,38.2],[-111.1,38.0],[-111.0,38.0],[-111.0,38.2],[-110.7,38.2],[-110.7,38.0],[-110.6,38.0],[-110.6,37.8],[-110.8,37.8],[-110.8,37.9],[-111.0,37.9],[-111.0,37.7],[-110.9,37.7],[-110.9,37.5],[-111.0,37.5],[-111.0,37.6],[-111.1,37.6],[-111.1,37.7],[-111.3,37.7],[-111.3,37.6],[-111.2,37.6],[-111.2,37.4],[-111.1,37.4],[-111.1,37.3],[-111.0,37.3],[-111.0,37.1],[-111.1,37.1],[-111.1,37.2],[-111.2,37.2],[-111.2,37.3],[-111.6,37.3],[-111.6,37.2],[-111.9,37.2],[-111.9,37.0],[-111.7,37.0],[-111.7,36.9],[-111.6,36.9],[-111.6,36.8],[-111.4,36.8],[-111.4,36.7],[-111.2,36.7],[-111.2,36.6],[-111.1,36.6],[-111.1,36.8],[-110.9,36.8],[-110.9,37.1],[-110.8,37.1],[-110.8,37.0],[-110.7,37.0],[-110.7,37.1],[-110.6,37.1],[-110.6,37.0],[-110.4,37.0],[-110.4,36.9],[-110.3,36.9],[-110.3,36.7],[-110.1,36.7],[-110.1,36.6],[-109.9,36.6],[-109.9,36.5],[-109.7,36.5],[-109.7,36.0],[-109.5,36.0],[-109.5,36.4],[-109.3,36.4],[-109.3,36.5],[-109.4,36.5],[-109.4,36.7],[-109.3,36.7],[-109.3,36.8],[-109.4,36.8],[-109.4,36.9],[-109.0,36.9],[-109.0,36.7],[-109.1,36.7],[-109.1,36.6],[-108.9,36.6],[-108.9,36.5],[-108.8,36.5],[-108.8,36.3],[-108.7,36.3],[-108.7,36.1],[-108.6,36.1],[-108.6,35.9],[-108.5,35.9],[-108.5,36.0],[-108.3,36.0],[-108.3,36.1],[-108.2,36.1],[-108.2,36.2],[-108.1,36.2],[-108.1,36.3],[-108.3,36.3],[-108.3,36.4],[-108.4,36.4],[-108.4,36.8],[-108.6,36.8],[-108.6,36.9],[-108.9,36.9],[-108.9,37.0],[-109.0,37.0],[-109.0,37.1],[-109.1,37.1],[-109.1,37.2],[-109.2,37.2],[-109.2,37.3],[-109.4,37.3],[-109.4,37.4],[-109.7,37.4],[-109.7,37.3],[-109.9,37.3],[-109.9,37.2],[-110.0,37.2],[-110.0,37.3],[-110.1,37.3],[-110.1,37.5]],[[-110.4,37.5],[-110.2,37.5],[-110.2,37.4],[-110.4,37.4],[-110.4,37.5]],[[-110.8,37.6],[-110.7,37.6],[-110.7,37.4],[-110.8,37.4],[-110.8,37.6]],[[-111.4,36.9],[-111.5,36.9],[-111.5,37.1],[-111.2,37.1],[-111.2,37.0],[-111.4,37.0],[-111.4,36.9]]],[[[-104.1,38.1],[-104.1,38.0],[-104.0,38.0],[-104.0,38.1],[-103.9,38.1],[-103.9,38.2],[-104.2,38.2],[-104.2,38.1],[-104.1,38.1]]],[[[-109.6,38.7],[-109.7,38.7],[-109.7,38.5],[-109.8,38.5],[-109.8,38.2],[-109.7,38.2],[-109.7,38.4],[-109.6,38.4],[-109.6,38.7]]],[[[-113.8,38.7],[-113.8,38.6],[-113.7,38.6],[-113.7,38.5],[-113.6,38.5],[-113.6,38.7],[-113.8,38.7]]],[[[-113.3,39.0],[-113.4,39.0],[-113.4,38.8],[-113.5,38.8],[-113.5,38.4],[-113.3,38.4],[-113.3,38.7],[-113.1,38.7],[-113.1,39.0],[-113.0,39.0],[-113.0,39.1],[-112.7,39.1],[-112.7,39.2],[-112.6,39.2],[-112.6,39.3],[-112.7,39.3],[-112.7,39.7],[-112.8,39.7],[-112.8,39.6],[-112.9,39.6],[-112.9,39.5],[-113.0,39.5],[-113.0,39.4],[-113.2,39.4],[-113.2,39.1],[-113.3,39.1],[-113.3,39.0]]],[[[-109.9,40.1],[-109.9,40.0],[-109.5,40.0],[-109.5,40.1],[-109.6,40.1],[-109.6,40.2],[-109.8,40.2],[-109.8,40.1],[-109.9,40.1]]],[[[-113.5,39.0],[-113.4,39.0],[-113.4,39.6],[-113.3,39.6],[-113.3,39.5],[-113.2,39.5],[-113.2,40.0],[-113.1,40.0],[-113.1,39.9],[-112.9,39.9],[-112.9,40.1],[-112.8,40.1],[-112.8,40.2],[-113.0,40.2],[-113.0,40.3],[-113.1,40.3],[-113.1,40.8],[-113.4,40.8],[-113.4,40.9],[-113.5,40.9],[-113.5,41.4],[-113.9,41.4],[-113.9,41.2],[-114.0,41.2],[-114.0,41.0],[-114.1,41.0],[-114.1,41.1],[-114.2,41.1],[-114.2,41.0],[-114.3,41.0],[-114.3,40.8],[-114.2,40.8],[-114.2,40.3],[-114.0,40.3],[-114.0,40.2],[-113.8,40.2],[-113.8,39.7],[-113.9,39.7],[-113.9,39.6],[-114.0,39.6],[-114.0,39.0],[-113.8,39.0],[-113.8,38.9],[-113.7,38.9],[-113.7,39.1],[-113.9,39.1],[-113.9,39.2],[-113.8,39.2],[-113.8,39.6],[-113.7,39.6],[-113.7,39.3],[-113.6,39.3],[-113.6,39.1],[-113.5,39.1],[-113.5,39.0]],[[-113.4,39.8],[-113.4,39.6],[-113.5,39.6],[-113.5,39.8],[-113.4,39.8]]],[[[-108.0,43.3],[-108.3,43.3],[-108.3,43.2],[-108.2,43.2],[-108.2,43.1],[-108.0,43.1],[-108.0,43.3]]],[[[-108.2,44.7],[-108.3,44.7],[-108.3,44.8],[-108.4,44.8],[-108.4,44.9],[-108.5,44.9],[-108.5,45.0],[-108.7,45.0],[-108.7,44.9],[-108.8,44.9],[-108.8,44.8],[-108.9,44.8],[-108.9,44.9],[-109.0,44.9],[-109.0,44.6],[-108.7,44.6],[-108.7,44.4],[-108.5,44.4],[-108.5,44.2],[-108.4,44.2],[-108.4,44.1],[-108.3,44.1],[-108.3,44.0],[-108.0,44.0],[-108.0,44.1],[-107.9,44.1],[-107.9,44.2],[-108.0,44.2],[-108.0,44.3],[-108.1,44.3],[-108.1,44.4],[-108.3,44.4],[-108.3,44.5],[-108.2,44.5],[-108.2,44.7]]]]}},
{"type":"Feature","properties":{"k":"BSh"},"geometry":{"type":"MultiPolygon","coordinates":[[[[-114.8,18.3],[-114.6,18.3],[-114.6,18.4],[-114.8,18.4],[-114.8,18.3]]],[[[-111.1,18.7],[-110.9,18.7],[-110.9,18.9],[-111.1,18.9],[-111.1,18.7]]],[[[-110.9,19.2],[-110.7,19.2],[-110.7,19.4],[-110.9,19.4],[-110.9,19.2]]],[[[-109.4,23.4],[-109.4,23.5],[-109.6,23.5],[-109.6,23.4],[-109.7,23.4],[-109.7,23.6],[-109.8,23.6],[-109.8,23.8],[-110.1,23.8],[-110.1,23.3],[-110.0,23.3],[-110.0,23.0],[-109.8,23.0],[-109.8,23.2],[-109.5,23.2],[-109.5,23.4],[-109.4,23.4]]],[[[-107.8,27.0],[-108.1,27.0],[-108.1,26.9],[-107.9,26.9],[-107.9,26.8],[-107.7,26.8],[-107.7,27.1],[-107.8,27.1],[-107.8,27.0]]],[[[-109.7,33.1],[-109.9,33.1],[-109.9,33.2],[-110.0,33.2],[-110.0,33.3],[-110.2,33.3],[-110.2,33.5],[-110.4,33.5],[-110.4,33.6],[-110.6,33.6],[-110.6,33.9],[-110.7,33.9],[-110.7,33.8],[-111.1,33.8],[-111.1,33.9],[-111.2,33.9],[-111.2,34.2],[-111.4,34.2],[-111.4,34.3],[-111.6,34.3],[-111.6,34.4],[-111.7,34.4],[-111.7,34.8],[-111.8,34.8],[-111.8,34.9],[-112.1,34.9],[-112.1,34.7],[-112.0,34.7],[-112.0,34.6],[-111.9,34.6],[-111.9,34.4],[-112.0,34.4],[-112.0,34.5],[-112.1,34.5],[-112.1,34.4],[-112.2,34.4],[-112.2,34.3],[-112.3,34.3],[-112.3,34.2],[-112.2,34.2],[-112.2,34.1],[-112.4,34.1],[-112.4,34.3],[-112.6,34.3],[-112.6,34.2],[-112.8,34.2],[-112.8,34.4],[-112.7,34.4],[-112.7,34.5],[-112.9,34.5],[-112.9,34.7],[-113.0,34.7],[-113.0,34.6],[-113.1,34.6],[-113.1,34.7],[-113.2,34.7],[-113.2,34.8],[-113.5,34.8],[-113.5,34.6],[-113.3,34.6],[-113.3,34.5],[-113.2,34.5],[-113.2,34.4],[-113.1,34.4],[-113.1,34.3],[-113.0,34.3],[-113.0,34.2],[-112.9,34.2],[-112.9,34.1],[-112.7,34.1],[-112.7,34.0],[-112.6,34.0],[-112.6,33.9],[-111.9,33.9],[-111.9,33.7],[-111.7,33.7],[-111.7,33.8],[-111.6,33.8],[-111.6,33.6],[-111.4,33.6],[-111.4,33.5],[-111.5,33.5],[-111.5,33.4],[-111.3,33.4],[-111.3,33.2],[-111.2,33.2],[-111.2,33.1],[-111.1,33.1],[-111.1,33.0],[-111.2,33.0],[-111.2,32.6],[-111.1,32.6],[-111.1,32.4],[-111.0,32.4],[-111.0,32.3],[-110.8,32.3],[-110.8,32.2],[-110.9,32.2],[-110.9,32.1],[-111.3,32.1],[-111.3,32.2],[-111.5,32.2],[-111.5,32.1],[-111.9,32.1],[-111.9,31.7],[-112.0,31.7],[-112.0,31.6],[-112.2,31.6],[-112.2,31.4],[-112.1,31.4],[-112.1,31.1],[-112.0,31.1],[-112.0,31.0],[-111.9,31.0],[-111.9,30.9],[-111.8,30.9],[-111.8,30.8],[-111.7,30.8],[-111.7,30.6],[-111.5,30.6],[-111.5,30.4],[-111.4,30.4],[-111.4,30.3],[-111.7,30.3],[-111.7,30.0],[-111.6,30.0],[-111.6,29.9],[-111.5,29.9],[-111.5,30.0],[-111.4,30.0],[-111.4,29.8],[-111.3,29.8],[-111.3,29.7],[-111.1,29.7],[-111.1,29.4],[-111.0,29.4],[-111.0,29.3],[-110.9,29.3],[-110.9,29.5],[-110.8,29.5],[-110.8,29.3],[-110.6,29.3],[-110.6,28.8],[-110.5,28.8],[-110.5,28.7],[-110.6,28.7],[-110.6,28.5],[-110.4,28.5],[-110.4,28.2],[-110.5,28.2],[-110.5,28.1],[-110.4,28.1],[-110.4,28.0],[-110.3,28.0],[-110.3,27.8],[-110.2,27.8],[-110.2,27.9],[-109.8,27.9],[-109.8,27.5],[-109.7,27.5],[-109.7,27.4],[-109.6,27.4],[-109.6,27.2],[-109.5,27.2],[-109.5,27.1],[-109.4,27.1],[-109.4,26.9],[-109.3,26.9],[-109.3,26.4],[-109.2,26.4],[-109.2,26.3],[-109.1,26.3],[-109.1,26.2],[-109.0,26.2],[-109.0,26.1],[-109.1,26.1],[-109.1,26.0],[-108.9,26.0],[-108.9,25.9],[-108.8,25.9],[-108.8,25.8],[-108.7,25.8],[-108.7,25.6],[-108.6,25.6],[-108.6,25.5],[-108.5,25.5],[-108.5,25.4],[-108.6,25.4],[-108.6,25.2],[-108.4,25.2],[-108.4,25.0],[-108.3,25.0],[-108.3,24.9],[-108.2,24.9],[-108.2,24.8],[-108.1,24.8],[-108.1,24.6],[-108.0,24.6],[-108.0,24.5],[-107.8,24.5],[-107.8,24.4],[-107.7,24.4],[-107.7,24.3],[-107.5,24.3],[-107.5,24.2],[-107.4,24.2],[-107.4,24.1],[-107.2,24.1],[-107.2,24.0],[-107.1,24.0],[-107.1,23.9],[-107.0,23.9],[-107.0,23.8],[-106.9,23.8],[-106.9,23.6],[-106.8,23.6],[-106.8,23.5],[-106.7,23.5],[-106.7,23.4],[-106.6,23.4],[-106.6,23.3],[-106.5,23.3],[-106.5,23.1],[-106.3,23.1],[-106.3,23.2],[-106.4,23.2],[-106.4,23.7],[-106.5,23.7],[-106.5,23.8],[-106.6,23.8],[-106.6,23.9],[-106.5,23.9],[-106.5,24.0],[-106.6,24.0],[-106.6,24.1],[-106.7,24.1],[-106.7,24.2],[-106.9,24.2],[-106.9,24.3],[-107.0,24.3],[-107.0,24.4],[-106.9,24.4],[-106.9,24.6],[-107.0,24.6],[-107.0,24.9],[-107.1,24.9],[-107.1,25.0],[-107.3,25.0],[-107.3,25.2],[-107.4,25.2],[-107.4,25.3],[-107.5,25.3],[-107.5,25.5],[-107.6,25.5],[-107.6,25.6],[-107.7,25.6],[-107.7,25.7],[-107.8,25.7],[-107.8,25.8],[-107.9,25.8],[-107.9,25.9],[-108.0,25.9],[-108.0,26.1],[-108.2,26.1],[-108.2,26.4],[-108.3,26.4],[-108.3,26.6],[-108.2,26.6],[-108.2,27.0],[-108.7,27.0],[-108.7,27.1],[-108.8,27.1],[-108.8,27.3],[-108.7,27.3],[-108.7,27.5],[-108.8,27.5],[-108.8,27.8],[-108.9,27.8],[-108.9,27.7],[-109.0,27.7],[-109.0,27.8],[-109.2,27.8],[-109.2,28.5],[-109.3,28.5],[-109.3,28.4],[-109.4,28.4],[-109.4,28.7],[-109.3,28.7],[-109.3,28.8],[-109.2,28.8],[-109.2,28.6],[-109.1,28.6],[-109.1,28.9],[-109.0,28.9],[-109.0,29.0],[-109.1,29.0],[-109.1,29.1],[-109.0,29.1],[-109.0,29.2],[-108.9,29.2],[-108.9,29.1],[-108.8,29.1],[-108.8,28.9],[-108.7,28.9],[-108.7,28.8],[-108.6,28.8],[-108.6,29.0],[-108.7,29.0],[-108.7,29.1],[-108.5,29.1],[-108.5,29.2],[-108.8,29.2],[-108.8,29.3],[-108.7,29.3],[-108.7,29.4],[-108.8,29.4],[-108.8,29.5],[-108.9,29.5],[-108.9,29.7],[-109.0,29.7],[-109.0,29.8],[-109.1,29.8],[-109.1,29.9],[-109.0,29.9],[-109.0,30.0],[-109.2,30.0],[-109.2,30.7],[-109.1,30.7],[-109.1,30.5],[-109.0,30.5],[-109.0,30.2],[-109.1,30.2],[-109.1,30.1],[-108.9,30.1],[-108.9,30.2],[-108.8,30.2],[-108.8,30.4],[-108.7,30.4],[-108.7,30.6],[-108.9,30.6],[-108.9,30.8],[-108.8,30.8],[-108.8,30.7],[-108.4,30.7],[-108.4,30.6],[-108.3,30.6],[-108.3,30.5],[-108.1,30.5],[-108.1,30.1],[-108.0,30.1],[-108.0,30.2],[-107.8,30.2],[-107.8,30.3],[-107.9,30.3],[-107.9,30.4],[-108.0,30.4],[-108.0,31.0],[-108.1,31.0],[-108.1,31.3],[-108.2,31.3],[-108.2,31.6],[-108.3,31.6],[-108.3,31.7],[-108.4,31.7],[-108.4,32.1],[-108.5,32.1],[-108.5,31.7],[-108.6,31.7],[-108.6,32.3],[-108.5,32.3],[-108.5,32.4],[-108.6,32.4],[-108.6,32.6],[-108.7,32.6],[-108.7,32.8],[-109.0,32.8],[-109.0,32.9],[-109.1,32.9],[-109.1,33.0],[-109.2,33.0],[-109.2,33.1],[-109.6,33.1],[-109.6,33.0],[-109.7,33.0],[-109.7,33.1]],[[-111.6,34.2],[-111.4,34.2],[-111.4,33.9],[-111.5,33.9],[-111.5,34.1],[-111.6,34.1],[-111.6,34.2]],[[-110.0,33.1],[-109.9,33.1],[-109.9,33.0],[-109.8,33.0],[-109.8,32.9],[-109.4,32.9],[-109.4,32.7],[-109.2,32.7],[-109.2,32.3],[-109.1,32.3],[-109.1,32.2],[-109.3,32.2],[-109.3,32.3],[-109.4,32.3],[-109.4,32.4],[-109.6,32.4],[-109.6,32.6],[-109.7,32.6],[-109.7,32.8],[-109.9,32.8],[-109.9,32.9],[-110.0,32.9],[-110.0,33.1]],[[-110.1,32.8],[-109.9,32.8],[-109.9,32.6],[-110.0,32.6],[-110.0,32.7],[-110.1,32.7],[-110.1,32.8]],[[-110.2,33.1],[-110.2,33.0],[-110.4,33.0],[-110.4,33.1],[-110.2,33.1]],[[-109.1,32.7],[-109.0,32.7],[-109.0,32.5],[-109.1,32.5],[-109.1,32.7]],[[-110.7,32.6],[-110.7,32.4],[-110.8,32.4],[-110.8,32.6],[-110.7,32.6]],[[-110.3,32.4],[-110.3,32.6],[-110.2,32.6],[-110.2,32.5],[-110.1,32.5],[-110.1,32.4],[-110.3,32.4]],[[-108.9,32.2],[-109.0,32.2],[-109.0,32.3],[-108.8,32.3],[-108.8,32.1],[-108.9,32.1],[-108.9,32.2]],[[-109.3,32.1],[-109.3,31.9],[-109.4,31.9],[-109.4,32.1],[-109.3,32.1]],[[-109.3,31.8],[-109.3,31.9],[-109.2,31.9],[-109.2,31.7],[-109.3,31.7],[-109.3,31.6],[-109.4,31.6],[-109.4,31.8],[-109.3,31.8]],[[-109.0,31.6],[-109.0,31.9],[-108.9,31.9],[-108.9,31.4],[-109.1,31.4],[-109.1,31.6],[-109.0,31.6]],[[-109.1,30.9],[-109.1,31.1],[-109.0,31.1],[-109.0,31.2],[-108.9,31.2],[-108.9,31.3],[-108.8,31.3],[-108.8,31.6],[-108.6,31.6],[-108.6,31.5],[-108.7,31.5],[-108.7,31.1],[-108.8,31.1],[-108.8,31.0],[-108.9,31.0],[-108.9,30.9],[-109.1,30.9]],[[-110.5,31.3],[-110.5,31.5],[-110.4,31.5],[-110.4,31.4],[-110.3,31.4],[-110.3,31.3],[-110.5,31.3]],[[-110.7,31.1],[-110.7,30.9],[-110.8,30.9],[-110.8,31.1],[-110.7,31.1]],[[-110.4,30.9],[-110.4,31.1],[-110.3,31.1],[-110.3,31.0],[-110.2,31.0],[-110.2,30.9],[-110.4,30.9]],[[-110.5,30.9],[-110.5,30.8],[-110.4,30.8],[-110.4,30.5],[-110.5,30.5],[-110.5,30.7],[-110.6,30.7],[-110.6,30.9],[-110.5,30.9]],[[-111.2,30.3],[-111.1,30.3],[-111.1,30.1],[-111.2,30.1],[-111.2,30.3]],[[-109.5,30.1],[-109.5,29.9],[-109.6,29.9],[-109.6,30.1],[-109.5,30.1]]],[[[-107.4,29.8],[-107.3,29.8],[-107.3,30.0],[-107.4,30.0],[-107.4,29.9],[-107.5,29.9],[-107.5,30.0],[-107.7,30.0],[-107.7,29.9],[-107.6,29.9],[-107.6,29.8],[-107.5,29.8],[-107.5,29.7],[-107.4,29.7],[-107.4,29.8]]],[[[-108.3,32.1],[-108.3,31.7],[-108.1,31.7],[-108.1,31.8],[-108.0,31.8],[-108.0,32.0],[-108.1,32.0],[-108.1,32.1],[-108.3,32.1]]],[[[-117.5,33.8],[-117.5,33.7],[-117.7,33.7],[-117.7,33.9],[-118.0,33.9],[-118.0,34.0],[-118.2,34.0],[-118.2,34.1],[-118.5,34.1],[-118.5,33.7],[-118.1,33.7],[-118.1,33.6],[-117.9,33.6],[-117.9,33.5],[-117.8,33.5],[-117.8,33.4],[-117.6,33.4],[-117.6,33.3],[-117.5,33.3],[-117.5,33.2],[-117.4,33.2],[-117.4,33.0],[-117.3,33.0],[-117.3,32.6],[-117.2,32.6],[-117.2,32.5],[-117.3,32.5],[-117.3,32.4],[-117.1,32.4],[-117.1,32.2],[-117.0,32.2],[-117.0,32.1],[-116.9,32.1],[-116.9,31.8],[-116.8,31.8],[-116.8,31.7],[-116.7,31.7],[-116.7,31.4],[-116.5,31.4],[-116.5,31.2],[-116.4,31.2],[-116.4,30.9],[-116.3,30.9],[-116.3,30.8],[-116.1,30.8],[-116.1,30.7],[-116.0,30.7],[-116.0,30.8],[-115.9,30.8],[-115.9,30.7],[-115.8,30.7],[-115.8,30.8],[-115.7,30.8],[-115.7,30.7],[-115.6,30.7],[-115.6,30.9],[-115.7,30.9],[-115.7,31.1],[-115.8,31.1],[-115.8,31.2],[-115.9,31.2],[-115.9,31.4],[-116.0,31.4],[-116.0,31.5],[-116.3,31.5],[-116.3,31.7],[-116.4,31.7],[-116.4,31.8],[-116.1,31.8],[-116.1,32.0],[-116.2,32.0],[-116.2,32.1],[-116.3,32.1],[-116.3,32.2],[-116.4,32.2],[-116.4,32.4],[-116.5,32.4],[-116.5,32.6],[-116.7,32.6],[-116.7,32.7],[-116.8,32.7],[-116.8,32.9],[-116.9,32.9],[-116.9,33.0],[-117.0,33.0],[-117.0,33.2],[-117.1,33.2],[-117.1,33.3],[-117.0,33.3],[-117.0,33.4],[-117.1,33.4],[-117.1,33.5],[-116.9,33.5],[-116.9,33.6],[-117.0,33.6],[-117.0,33.7],[-116.9,33.7],[-116.9,33.8],[-117.0,33.8],[-117.0,33.9],[-117.1,33.9],[-117.1,34.0],[-117.2,34.0],[-117.2,34.2],[-117.3,34.2],[-117.3,34.1],[-117.4,34.1],[-117.4,34.0],[-117.6,34.0],[-117.6,33.8],[-117.5,33.8]],[[-116.5,32.1],[-116.3,32.1],[-116.3,31.9],[-116.5,31.9],[-116.5,32.1]],[[-117.5,33.5],[-117.5,33.7],[-117.4,33.7],[-117.4,33.6],[-117.3,33.6],[-117.3,33.5],[-117.5,33.5]]],[[[-107.2,32.6],[-107.3,32.6],[-107.3,32.4],[-107.1,32.4],[-107.1,32.5],[-107.2,32.5],[-107.2,32.6]]],[[[-107.4,32.9],[-107.3,32.9],[-107.3,33.0],[-107.5,33.0],[-107.5,32.7],[-107.6,32.7],[-107.6,32.6],[-107.7,32.6],[-107.7,32.5],[-107.9,32.5],[-107.9,32.6],[-108.1,32.6],[-108.1,32.5],[-108.2,32.5],[-108.2,32.4],[-108.3,32.4],[-108.3,32.3],[-108.5,32.3],[-108.5,32.2],[-108.4,32.2],[-108.4,32.1],[-108.3,32.1],[-108.3,32.2],[-108.1,32.2],[-108.1,32.3],[-107.9,32.3],[-107.9,32.4],[-107.6,32.4],[-107.6,32.5],[-107.5,32.5],[-107.5,32.4],[-107.4,32.4],[-107.4,32.6],[-107.3,32.6],[-107.3,32.7],[-107.4,32.7],[-107.4,32.9]]],[[[-116.4,32.9],[-116.3,32.9],[-116.3,33.0],[-116.2,33.0],[-116.2,33.1],[-116.4,33.1],[-116.4,33.5],[-116.6,33.5],[-116.6,33.4],[-116.5,33.4],[-116.5,33.0],[-116.4,33.0],[-116.4,32.9]]],[[[-116.4,34.3],[-116.5,34.3],[-116.5,34.1],[-116.7,34.1],[-116.7,34.0],[-116.8,34.0],[-116.8,33.9],[-116.6,33.9],[-116.6,34.0],[-116.4,34.0],[-116.4,34.3]]],[[[-116.7,34.3],[-116.5,34.3],[-116.5,34.4],[-116.7,34.4],[-116.7,34.3]]],[[[-118.5,34.5],[-118.5,34.6],[-118.6,34.6],[-118.6,34.4],[-118.3,34.4],[-118.3,34.5],[-118.5,34.5]]],[[[-117.5,34.6],[-118.1,34.6],[-118.1,34.5],[-117.5,34.5],[-117.5,34.6]]],[[[-117.3,34.4],[-116.7,34.4],[-116.7,34.7],[-116.8,34.7],[-116.8,34.6],[-117.0,34.6],[-117.0,34.5],[-117.1,34.5],[-117.1,34.6],[-117.2,34.6],[-117.2,34.5],[-117.3,34.5],[-117.3,34.4]]],[[[-118.3,34.6],[-118.1,34.6],[-118.1,34.7],[-118.2,34.7],[-118.2,34.8],[-118.3,34.8],[-118.3,34.9],[-118.5,34.9],[-118.5,34.8],[-118.4,34.8],[-118.4,34.7],[-118.3,34.7],[-118.3,34.6]]],[[[-118.5,35.6],[-118.2,35.6],[-118.2,35.7],[-118.5,35.7],[-118.5,35.6]]],[[[-118.7,35.3],[-118.7,35.5],[-118.8,35.5],[-118.8,36.0],[-118.9,36.0],[-118.9,36.2],[-119.0,36.2],[-119.0,36.4],[-119.1,36.4],[-119.1,36.5],[-119.2,36.5],[-119.2,36.6],[-119.3,36.6],[-119.3,36.7],[-119.4,36.7],[-119.4,36.8],[-119.5,36.8],[-119.5,36.9],[-119.7,36.9],[-119.7,37.0],[-119.8,37.0],[-119.8,37.1],[-120.0,37.1],[-120.0,37.2],[-120.1,37.2],[-120.1,37.3],[-120.2,37.3],[-120.2,37.4],[-120.4,37.4],[-120.4,37.5],[-120.6,37.5],[-120.6,37.6],[-120.7,37.6],[-120.7,37.7],[-120.8,37.7],[-120.8,37.8],[-121.0,37.8],[-121.0,37.9],[-121.1,37.9],[-121.1,38.0],[-121.6,38.0],[-121.6,37.8],[-121.5,37.8],[-121.5,37.6],[-121.3,37.6],[-121.3,37.5],[-121.2,37.5],[-121.2,37.2],[-121.1,37.2],[-121.1,37.0],[-121.0,37.0],[-121.0,36.9],[-120.9,36.9],[-120.9,36.8],[-120.8,36.8],[-120.8,36.7],[-120.7,36.7],[-120.7,36.6],[-120.6,36.6],[-120.6,36.5],[-120.5,36.5],[-120.5,36.4],[-120.4,36.4],[-120.4,36.0],[-120.2,36.0],[-120.2,35.8],[-120.1,35.8],[-120.1,35.6],[-120.0,35.6],[-120.0,35.5],[-119.9,35.5],[-119.9,35.7],[-120.0,35.7],[-120.0,35.9],[-120.1,35.9],[-120.1,36.1],[-120.2,36.1],[-120.2,36.2],[-120.3,36.2],[-120.3,36.4],[-120.2,36.4],[-120.2,36.5],[-120.0,36.5],[-120.0,36.4],[-119.9,36.4],[-119.9,36.3],[-119.7,36.3],[-119.7,36.2],[-119.8,36.2],[-119.8,36.0],[-119.4,36.0],[-119.4,35.9],[-119.3,35.9],[-119.3,35.8],[-119.4,35.8],[-119.4,35.7],[-119.3,35.7],[-119.3,35.6],[-119.2,35.6],[-119.2,35.5],[-118.9,35.5],[-118.9,35.3],[-119.1,35.3],[-119.1,35.1],[-119.2,35.1],[-119.2,35.0],[-119.0,35.0],[-119.0,34.9],[-118.8,34.9],[-118.8,35.0],[-118.7,35.0],[-118.7,35.2],[-118.6,35.2],[-118.6,35.3],[-118.7,35.3]]],[[[-103.8,18.5],[-103.7,18.5],[-103.7,18.8],[-103.8,18.8],[-103.8,19.0],[-103.9,19.0],[-103.9,18.7],[-103.8,18.7],[-103.8,18.5]]],[[[-103.6,19.9],[-103.5,19.9],[-103.5,20.0],[-103.4,20.0],[-103.4,20.2],[-103.5,20.2],[-103.5,20.4],[-103.6,20.4],[-103.6,19.9]]],[[[-106.6,21.8],[-106.7,21.8],[-106.7,21.5],[-106.5,21.5],[-106.5,21.6],[-106.6,21.6],[-106.6,21.8]]],[[[-104.1,21.7],[-104.0,21.7],[-104.0,22.0],[-104.1,22.0],[-104.1,21.7]]],[[[-103.8,27.4],[-103.8,27.2],[-103.5,27.2],[-103.5,27.9],[-103.6,27.9],[-103.6,28.0],[-103.7,28.0],[-103.7,27.8],[-103.6,27.8],[-103.6,27.4],[-103.8,27.4]]],[[[-105.0,27.9],[-105.0,27.6],[-104.9,27.6],[-104.9,27.9],[-105.0,27.9]]],[[[-103.5,28.5],[-103.5,28.4],[-103.4,28.4],[-103.4,28.6],[-103.5,28.6],[-103.5,28.7],[-103.6,28.7],[-103.6,28.9],[-103.8,28.9],[-103.8,28.8],[-103.7,28.8],[-103.7,28.5],[-103.5,28.5]]],[[[-104.4,29.0],[-104.4,28.9],[-104.3,28.9],[-104.3,28.7],[-104.2,28.7],[-104.2,28.6],[-104.0,28.6],[-104.0,28.7],[-103.9,28.7],[-103.9,29.0],[-104.0,29.0],[-104.0,29.3],[-104.2,29.3],[-104.2,29.1],[-104.3,29.1],[-104.3,29.0],[-104.4,29.0]]],[[[-104.6,29.3],[-104.6,29.4],[-104.7,29.4],[-104.7,29.2],[-104.5,29.2],[-104.5,29.3],[-104.6,29.3]]],[[[-105.5,29.6],[-105.5,29.4],[-105.4,29.4],[-105.4,29.5],[-105.2,29.5],[-105.2,29.6],[-105.1,29.6],[-105.1,29.8],[-105.0,29.8],[-105.0,29.9],[-105.1,29.9],[-105.1,30.0],[-105.5,30.0],[-105.5,29.9],[-105.4,29.9],[-105.4,29.6],[-105.5,29.6]]],[[[-104.9,30.2],[-104.9,29.8],[-104.8,29.8],[-104.8,30.2],[-104.9,30.2]]],[[[-104.5,31.2],[-104.5,31.1],[-104.3,31.1],[-104.3,31.2],[-104.5,31.2]]],[[[-104.5,31.9],[-104.5,32.1],[-104.6,32.1],[-104.6,32.0],[-104.7,32.0],[-104.7,31.7],[-104.6,31.7],[-104.6,31.9],[-104.5,31.9]]],[[[-105.9,32.1],[-105.9,32.4],[-106.0,32.4],[-106.0,32.3],[-106.1,32.3],[-106.1,32.0],[-106.0,32.0],[-106.0,32.1],[-105.9,32.1]]],[[[-104.7,32.7],[-104.8,32.7],[-104.8,32.4],[-104.7,32.4],[-104.7,32.2],[-104.5,32.2],[-104.5,32.1],[-104.4,32.1],[-104.4,32.4],[-104.6,32.4],[-104.6,32.5],[-104.7,32.5],[-104.7,32.7]]],[[[-107.1,32.9],[-107.3,32.9],[-107.3,32.8],[-107.2,32.8],[-107.2,32.7],[-107.1,32.7],[-107.1,32.9]]],[[[-106.1,33.3],[-106.1,32.9],[-106.0,32.9],[-106.0,32.6],[-105.9,32.6],[-105.9,33.0],[-106.0,33.0],[-106.0,33.3],[-106.1,33.3]]],[[[-106.4,33.4],[-106.1,33.4],[-106.1,33.5],[-106.4,33.5],[-106.4,33.4]]],[[[-104.2,34.0],[-104.2,33.9],[-104.1,33.9],[-104.1,34.1],[-104.3,34.1],[-104.3,34.0],[-104.2,34.0]]],[[[-95.4,16.0],[-95.6,16.0],[-95.6,16.1],[-95.7,16.1],[-95.7,16.0],[-95.8,16.0],[-95.8,15.8],[-95.7,15.8],[-95.7,15.9],[-95.4,15.9],[-95.4,16.0]]],[[[-95.6,16.3],[-95.6,16.4],[-95.3,16.4],[-95.3,16.5],[-95.4,16.5],[-95.4,16.6],[-95.6,16.6],[-95.6,16.5],[-95.7,16.5],[-95.7,16.4],[-95.8,16.4],[-95.8,16.3],[-95.6,16.3]]],[[[-96.7,16.4],[-96.2,16.4],[-96.2,16.6],[-96.1,16.6],[-96.1,16.7],[-96.2,16.7],[-96.2,16.8],[-96.6,16.8],[-96.6,17.1],[-96.7,17.1],[-96.7,17.2],[-96.8,17.2],[-96.8,16.9],[-96.7,16.9],[-96.7,16.7],[-96.8,16.7],[-96.8,16.5],[-96.7,16.5],[-96.7,16.4]]],[[[-96.9,17.9],[-97.0,17.9],[-97.0,17.7],[-96.9,17.7],[-96.9,17.9]]],[[[-71.6,18.1],[-71.9,18.1],[-71.9,18.0],[-71.7,18.0],[-71.7,17.7],[-71.5,17.7],[-71.5,17.8],[-71.6,17.8],[-71.6,18.1]]],[[[-98.9,17.8],[-98.9,18.1],[-99.0,18.1],[-99.0,17.8],[-98.9,17.8]]],[[[-97.3,18.5],[-97.4,18.5],[-97.4,18.4],[-98.0,18.4],[-98.0,18.3],[-98.1,18.3],[-98.1,18.1],[-98.3,18.1],[-98.3,18.0],[-98.2,18.0],[-98.2,17.7],[-98.1,17.7],[-98.1,17.8],[-98.0,17.8],[-98.0,17.9],[-97.8,17.9],[-97.8,17.6],[-97.6,17.6],[-97.6,18.2],[-97.5,18.2],[-97.5,18.0],[-97.4,18.0],[-97.4,17.7],[-97.3,17.7],[-97.3,17.8],[-97.2,17.8],[-97.2,17.9],[-97.0,17.9],[-97.0,18.1],[-97.1,18.1],[-97.1,18.3],[-97.2,18.3],[-97.2,18.4],[-97.3,18.4],[-97.3,18.5]]],[[[-71.6,18.5],[-71.6,18.4],[-71.3,18.4],[-71.3,18.3],[-71.2,18.3],[-71.2,18.5],[-71.6,18.5]]],[[[-98.2,18.3],[-98.2,18.4],[-98.1,18.4],[-98.1,18.7],[-98.2,18.7],[-98.2,18.5],[-98.3,18.5],[-98.3,18.4],[-98.4,18.4],[-98.4,18.3],[-98.2,18.3]]],[[[-97.6,18.5],[-97.4,18.5],[-97.4,18.6],[-97.5,18.6],[-97.5,18.7],[-97.7,18.7],[-97.7,18.6],[-97.6,18.6],[-97.6,18.5]]],[[[-101.4,18.5],[-101.5,18.5],[-101.5,18.4],[-101.3,18.4],[-101.3,18.5],[-100.9,18.5],[-100.9,18.6],[-101.1,18.6],[-101.1,18.7],[-101.0,18.7],[-101.0,18.8],[-101.1,18.8],[-101.1,19.0],[-101.2,19.0],[-101.2,18.9],[-101.4,18.9],[-101.4,18.8],[-101.3,18.8],[-101.3,18.7],[-101.2,18.7],[-101.2,18.6],[-101.4,18.6],[-101.4,18.5]]],[[[-101.7,18.5],[-101.5,18.5],[-101.5,18.8],[-101.6,18.8],[-101.6,18.9],[-101.8,18.9],[-101.8,19.0],[-101.9,19.0],[-101.9,19.1],[-102.4,19.1],[-102.4,19.2],[-102.6,19.2],[-102.6,19.3],[-102.7,19.3],[-102.7,19.5],[-102.8,19.5],[-102.8,19.4],[-103.0,19.4],[-103.0,19.3],[-102.9,19.3],[-102.9,19.0],[-102.8,19.0],[-102.8,18.9],[-102.4,18.9],[-102.4,18.8],[-102.3,18.8],[-102.3,18.7],[-102.0,18.7],[-102.0,18.6],[-102.1,18.6],[-102.1,18.4],[-102.0,18.4],[-102.0,18.2],[-101.6,18.2],[-101.6,18.3],[-101.7,18.3],[-101.7,18.5]]],[[[-99.0,19.6],[-99.0,19.4],[-98.9,19.4],[-98.9,19.6],[-99.0,19.6]]],[[[-90.5,20.9],[-90.5,20.6],[-90.4,20.6],[-90.4,20.7],[-90.3,20.7],[-90.3,20.8],[-90.1,20.8],[-90.1,20.9],[-90.0,20.9],[-90.0,21.2],[-90.2,21.2],[-90.2,21.1],[-90.4,21.1],[-90.4,20.9],[-90.5,20.9]]],[[[-100.0,24.8],[-99.9,24.8],[-99.9,24.9],[-100.0,24.9],[-100.0,25.1],[-100.1,25.1],[-100.1,25.2],[-100.2,25.2],[-100.2,25.1],[-100.3,25.1],[-100.3,25.0],[-100.1,25.0],[-100.1,24.7],[-100.0,24.7],[-100.0,24.8]]],[[[-101.6,25.9],[-101.6,25.8],[-101.5,25.8],[-101.5,25.7],[-101.4,25.7],[-101.4,26.2],[-101.6,26.2],[-101.6,26.0],[-101.5,26.0],[-101.5,25.9],[-101.6,25.9]]],[[[-102.1,26.3],[-102.1,26.2],[-102.0,26.2],[-102.0,26.4],[-102.3,26.4],[-102.3,26.2],[-102.2,26.2],[-102.2,26.3],[-102.1,26.3]]],[[[-102.8,26.6],[-102.8,26.7],[-103.0,26.7],[-103.0,26.5],[-102.9,26.5],[-102.9,26.6],[-102.8,26.6]]],[[[-101.3,26.4],[-101.3,26.6],[-101.4,26.6],[-101.4,26.7],[-101.5,26.7],[-101.5,26.8],[-101.6,26.8],[-101.6,26.9],[-101.7,26.9],[-101.7,27.0],[-101.8,27.0],[-101.8,26.6],[-101.7,26.6],[-101.7,26.5],[-101.6,26.5],[-101.6,26.4],[-101.3,26.4]]],[[[-104.0,30.6],[-104.0,30.5],[-104.1,30.5],[-104.1,30.4],[-104.2,30.4],[-104.2,30.5],[-104.3,30.5],[-104.3,30.9],[-104.4,30.9],[-104.4,30.7],[-104.5,30.7],[-104.5,30.6],[-104.4,30.6],[-104.4,30.4],[-104.5,30.4],[-104.5,30.5],[-104.7,30.5],[-104.7,30.4],[-104.6,30.4],[-104.6,30.1],[-104.5,30.1],[-104.5,29.8],[-104.3,29.8],[-104.3,29.7],[-104.1,29.7],[-104.1,29.9],[-104.0,29.9],[-104.0,30.0],[-103.9,30.0],[-103.9,29.9],[-103.4,29.9],[-103.4,30.1],[-103.0,30.1],[-103.0,30.0],[-102.7,30.0],[-102.7,30.1],[-102.4,30.1],[-102.4,30.0],[-102.3,30.0],[-102.3,29.9],[-102.1,29.9],[-102.1,29.8],[-102.0,29.8],[-102.0,29.6],[-102.4,29.6],[-102.4,29.4],[-102.6,29.4],[-102.6,29.3],[-102.8,29.3],[-102.8,29.1],[-102.7,29.1],[-102.7,29.0],[-102.6,29.0],[-102.6,28.6],[-102.5,28.6],[-102.5,28.3],[-102.6,28.3],[-102.6,28.1],[-102.9,28.1],[-102.9,28.3],[-103.0,28.3],[-103.0,28.0],[-102.8,28.0],[-102.8,27.6],[-102.6,27.6],[-102.6,27.4],[-102.7,27.4],[-102.7,27.2],[-102.5,27.2],[-102.5,27.1],[-102.3,27.1],[-102.3,27.2],[-102.4,27.2],[-102.4,27.7],[-102.3,27.7],[-102.3,27.5],[-102.2,27.5],[-102.2,27.4],[-102.0,27.4],[-102.0,27.3],[-102.1,27.3],[-102.1,27.2],[-102.0,27.2],[-102.0,27.0],[-101.9,27.0],[-101.9,27.1],[-101.7,27.1],[-101.7,27.2],[-101.6,27.2],[-101.6,27.4],[-101.4,27.4],[-101.4,27.3],[-101.3,27.3],[-101.3,27.4],[-101.1,27.4],[-101.1,27.0],[-101.0,27.0],[-101.0,26.9],[-101.2,26.9],[-101.2,27.0],[-101.3,27.0],[-101.3,26.9],[-101.4,26.9],[-101.4,26.8],[-101.3,26.8],[-101.3,26.6],[-101.0,26.6],[-101.0,26.5],[-100.9,26.5],[-100.9,26.4],[-100.7,26.4],[-100.7,26.2],[-100.8,26.2],[-100.8,26.0],[-100.6,26.0],[-100.6,25.9],[-100.8,25.9],[-100.8,25.7],[-100.9,25.7],[-100.9,25.6],[-101.0,25.6],[-101.0,25.7],[-101.3,25.7],[-101.3,25.5],[-101.4,25.5],[-101.4,25.6],[-101.6,25.6],[-101.6,25.5],[-102.1,25.5],[-102.1,25.4],[-102.2,25.4],[-102.2,25.3],[-102.1,25.3],[-102.1,25.2],[-101.9,25.2],[-101.9,25.1],[-102.1,25.1],[-102.1,25.0],[-102.2,25.0],[-102.2,24.9],[-102.3,24.9],[-102.3,24.8],[-102.2,24.8],[-102.2,24.5],[-102.1,24.5],[-102.1,24.4],[-102.0,24.4],[-102.0,24.2],[-101.9,24.2],[-101.9,24.1],[-102.2,24.1],[-102.2,24.0],[-102.4,24.0],[-102.4,24.1],[-102.5,24.1],[-102.5,24.2],[-102.6,24.2],[-102.6,24.3],[-102.8,24.3],[-102.8,24.4],[-102.9,24.4],[-102.9,24.7],[-103.3,24.7],[-103.3,24.8],[-103.4,24.8],[-103.4,24.9],[-103.7,24.9],[-103.7,25.0],[-103.9,25.0],[-103.9,25.2],[-104.1,25.2],[-104.1,25.1],[-104.2,25.1],[-104.2,25.3],[-104.3,25.3],[-104.3,25.6],[-104.1,25.6],[-104.1,25.5],[-103.9,25.5],[-103.9,25.4],[-103.8,25.4],[-103.8,25.6],[-103.9,25.6],[-103.9,25.7],[-104.1,25.7],[-104.1,25.8],[-104.2,25.8],[-104.2,25.9],[-104.3,25.9],[-104.3,26.0],[-104.4,26.0],[-104.4,26.1],[-104.5,26.1],[-104.5,26.3],[-104.7,26.3],[-104.7,26.5],[-104.6,26.5],[-104.6,26.7],[-104.4,26.7],[-104.4,26.8],[-104.6,26.8],[-104.6,26.9],[-104.4,26.9],[-104.4,27.3],[-104.3,27.3],[-104.3,27.0],[-104.1,27.0],[-104.1,27.1],[-103.9,27.1],[-103.9,27.4],[-104.0,27.4],[-104.0,27.5],[-104.1,27.5],[-104.1,27.7],[-104.0,27.7],[-104.0,27.6],[-103.9,27.6],[-103.9,27.5],[-103.8,27.5],[-103.8,27.8],[-104.0,27.8],[-104.0,27.9],[-104.1,27.9],[-104.1,28.0],[-104.4,28.0],[-104.4,27.7],[-104.5,27.7],[-104.5,28.0],[-104.6,28.0],[-104.6,28.1],[-104.4,28.1],[-104.4,28.3],[-104.3,28.3],[-104.3,28.2],[-104.2,28.2],[-104.2,28.1],[-104.1,28.1],[-104.1,28.2],[-104.0,28.2],[-104.0,28.4],[-104.1,28.4],[-104.1,28.5],[-104.2,28.5],[-104.2,28.4],[-104.5,28.4],[-104.5,28.7],[-104.6,28.7],[-104.6,28.5],[-104.7,28.5],[-104.7,28.6],[-104.8,28.6],[-104.8,28.5],[-105.0,28.5],[-105.0,28.4],[-104.9,28.4],[-104.9,28.3],[-104.8,28.3],[-104.8,28.2],[-104.7,28.2],[-104.7,28.1],[-104.9,28.1],[-104.9,28.0],[-104.8,28.0],[-104.8,27.9],[-104.7,27.9],[-104.7,27.8],[-104.6,27.8],[-104.6,27.7],[-104.7,27.7],[-104.7,27.5],[-104.8,27.5],[-104.8,27.2],[-104.7,27.2],[-104.7,27.1],[-104.6,27.1],[-104.6,27.0],[-104.7,27.0],[-104.7,26.8],[-104.8,26.8],[-104.8,27.0],[-104.9,27.0],[-104.9,27.4],[-105.0,27.4],[-105.0,27.3],[-105.2,27.3],[-105.2,27.4],[-105.5,27.4],[-105.5,27.5],[-105.7,27.5],[-105.7,27.6],[-105.5,27.6],[-105.5,27.7],[-105.6,27.7],[-105.6,27.8],[-105.7,27.8],[-105.7,27.9],[-105.8,27.9],[-105.8,28.8],[-105.9,28.8],[-105.9,28.6],[-106.0,28.6],[-106.0,29.3],[-106.2,29.3],[-106.2,29.2],[-106.3,29.2],[-106.3,29.4],[-106.2,29.4],[-106.2,29.5],[-106.1,29.5],[-106.1,29.6],[-106.2,29.6],[-106.2,30.0],[-106.3,30.0],[-106.3,30.2],[-106.1,30.2],[-106.1,30.3],[-106.4,30.3],[-106.4,30.2],[-106.5,30.2],[-106.5,30.0],[-106.7,30.0],[-106.7,29.9],[-106.6,29.9],[-106.6,29.7],[-106.7,29.7],[-106.7,29.6],[-106.6,29.6],[-106.6,29.5],[-106.5,29.5],[-106.5,29.3],[-106.4,29.3],[-106.4,28.7],[-106.3,28.7],[-106.3,28.5],[-106.5,28.5],[-106.5,28.4],[-106.7,28.4],[-106.7,28.2],[-106.6,28.2],[-106.6,28.0],[-106.8,28.0],[-106.8,27.8],[-106.7,27.8],[-106.7,27.6],[-106.9,27.6],[-106.9,27.5],[-106.8,27.5],[-106.8,27.1],[-106.7,27.1],[-106.7,27.5],[-106.6,27.5],[-106.6,27.4],[-106.5,27.4],[-106.5,26.8],[-106.3,26.8],[-106.3,26.6],[-106.2,26.6],[-106.2,26.9],[-105.8,26.9],[-105.8,26.8],[-105.7,26.8],[-105.7,26.2],[-105.8,26.2],[-105.8,26.1],[-105.7,26.1],[-105.7,26.0],[-105.6,26.0],[-105.6,25.8],[-105.5,25.8],[-105.5,25.5],[-105.6,25.5],[-105.6,25.4],[-105.4,25.4],[-105.4,25.3],[-105.6,25.3],[-105.6,25.1],[-105.5,25.1],[-105.5,24.9],[-105.4,24.9],[-105.4,24.8],[-105.2,24.8],[-105.2,24.9],[-105.3,24.9],[-105.3,25.0],[-105.4,25.0],[-105.4,25.2],[-105.2,25.2],[-105.2,25.3],[-105.1,25.3],[-105.1,25.1],[-105.2,25.1],[-105.2,25.0],[-105.1,25.0],[-105.1,24.8],[-105.0,24.8],[-105.0,24.7],[-104.8,24.7],[-104.8,24.2],[-104.9,24.2],[-104.9,24.1],[-104.7,24.1],[-104.7,23.8],[-104.5,23.8],[-104.5,23.4],[-104.6,23.4],[-104.6,23.1],[-104.4,23.1],[-104.4,23.3],[-104.3,23.3],[-104.3,23.6],[-104.2,23.6],[-104.2,23.7],[-104.1,23.7],[-104.1,23.6],[-104.0,23.6],[-104.0,23.5],[-103.8,23.5],[-103.8,23.6],[-103.9,23.6],[-103.9,23.9],[-103.7,23.9],[-103.7,24.0],[-103.9,24.0],[-103.9,24.1],[-104.0,24.1],[-104.0,24.2],[-103.7,24.2],[-103.7,24.1],[-103.6,24.1],[-103.6,24.0],[-103.5,24.0],[-103.5,23.9],[-103.4,23.9],[-103.4,23.5],[-103.1,23.5],[-103.1,23.3],[-103.3,23.3],[-103.3,23.1],[-103.2,23.1],[-103.2,23.0],[-103.1,23.0],[-103.1,23.1],[-103.0,23.1],[-103.0,23.2],[-102.9,23.2],[-102.9,23.1],[-102.8,23.1],[-102.8,22.9],[-102.7,22.9],[-102.7,22.8],[-102.9,22.8],[-102.9,22.9],[-103.0,22.9],[-103.0,22.7],[-103.1,22.7],[-103.1,22.6],[-103.2,22.6],[-103.2,22.5],[-103.3,22.5],[-103.3,22.4],[-103.4,22.4],[-103.4,22.8],[-103.3,22.8],[-103.3,22.9],[-103.6,22.9],[-103.6,22.8],[-103.7,22.8],[-103.7,22.7],[-103.8,22.7],[-103.8,22.8],[-103.9,22.8],[-103.9,23.1],[-104.1,23.1],[-104.1,23.2],[-104.2,23.2],[-104.2,22.6],[-104.1,22.6],[-104.1,22.4],[-104.2,22.4],[-104.2,22.3],[-104.0,22.3],[-104.0,22.4],[-103.9,22.4],[-103.9,22.3],[-103.8,22.3],[-103.8,21.8],[-103.9,21.8],[-103.9,21.7],[-104.0,21.7],[-104.0,21.6],[-103.9,21.6],[-103.9,21.5],[-104.0,21.5],[-104.0,21.2],[-103.8,21.2],[-103.8,21.5],[-103.7,21.5],[-103.7,22.1],[-103.4,22.1],[-103.4,21.9],[-103.3,21.9],[-103.3,21.7],[-103.2,21.7],[-103.2,22.1],[-103.1,22.1],[-103.1,22.3],[-103.0,22.3],[-103.0,21.7],[-103.1,21.7],[-103.1,21.4],[-103.2,21.4],[-103.2,21.1],[-103.1,21.1],[-103.1,21.3],[-103.0,21.3],[-103.0,21.5],[-102.9,21.5],[-102.9,21.6],[-102.7,21.6],[-102.7,21.7],[-102.6,21.7],[-102.6,21.3],[-102.7,21.3],[-102.7,21.2],[-102.6,21.2],[-102.6,21.1],[-102.5,21.1],[-102.5,21.2],[-102.2,21.2],[-102.2,21.1],[-101.9,21.1],[-101.9,20.9],[-102.0,20.9],[-102.0,20.7],[-101.9,20.7],[-101.9,20.6],[-101.8,20.6],[-101.8,20.9],[-101.7,20.9],[-101.7,20.6],[-101.6,20.6],[-101.6,20.5],[-101.7,20.5],[-101.7,20.3],[-101.5,20.3],[-101.5,20.5],[-101.4,20.5],[-101.4,20.3],[-101.3,20.3],[-101.3,20.4],[-101.1,20.4],[-101.1,20.3],[-101.2,20.3],[-101.2,20.2],[-100.6,20.2],[-100.6,20.3],[-100.7,20.3],[-100.7,20.5],[-100.6,20.5],[-100.6,20.4],[-100.0,20.4],[-100.0,20.3],[-99.9,20.3],[-99.9,20.4],[-99.8,20.4],[-99.8,20.3],[-99.6,20.3],[-99.6,20.4],[-99.4,20.4],[-99.4,20.3],[-99.3,20.3],[-99.3,20.2],[-99.4,20.2],[-99.4,20.0],[-99.2,20.0],[-99.2,20.1],[-99.1,20.1],[-99.1,20.2],[-98.9,20.2],[-98.9,20.4],[-98.8,20.4],[-98.8,20.3],[-98.6,20.3],[-98.6,20.4],[-98.5,20.4],[-98.5,20.5],[-98.6,20.5],[-98.6,20.6],[-98.8,20.6],[-98.8,20.7],[-98.9,20.7],[-98.9,20.8],[-99.0,20.8],[-99.0,20.6],[-99.3,20.6],[-99.3,20.7],[-99.2,20.7],[-99.2,20.9],[-99.4,20.9],[-99.4,21.1],[-99.6,21.1],[-99.6,21.2],[-99.7,21.2],[-99.7,21.4],[-99.6,21.4],[-99.6,21.5],[-99.7,21.5],[-99.7,21.8],[-99.6,21.8],[-99.6,22.4],[-99.7,22.4],[-99.7,22.9],[-99.6,22.9],[-99.6,23.3],[-99.3,23.3],[-99.3,23.7],[-99.4,23.7],[-99.4,23.6],[-99.7,23.6],[-99.7,23.7],[-99.9,23.7],[-99.9,23.9],[-100.0,23.9],[-100.0,24.0],[-99.8,24.0],[-99.8,24.2],[-99.9,24.2],[-99.9,24.1],[-100.0,24.1],[-100.0,24.3],[-100.1,24.3],[-100.1,24.4],[-100.2,24.4],[-100.2,24.5],[-100.3,24.5],[-100.3,24.6],[-100.4,24.6],[-100.4,24.5],[-100.6,24.5],[-100.6,24.6],[-100.7,24.6],[-100.7,24.7],[-100.6,24.7],[-100.6,25.1],[-100.9,25.1],[-100.9,25.0],[-100.8,25.0],[-100.8,24.8],[-100.9,24.8],[-100.9,24.9],[-101.0,24.9],[-101.0,25.1],[-101.4,25.1],[-101.4,25.0],[-101.5,25.0],[-101.5,25.1],[-101.7,25.1],[-101.7,25.3],[-101.6,25.3],[-101.6,25.2],[-101.1,25.2],[-101.1,25.3],[-101.0,25.3],[-101.0,25.4],[-100.8,25.4],[-100.8,25.6],[-100.5,25.6],[-100.5,25.5],[-100.4,25.5],[-100.4,25.6],[-100.2,25.6],[-100.2,25.7],[-100.0,25.7],[-100.0,25.6],[-99.9,25.6],[-99.9,25.5],[-99.8,25.5],[-99.8,25.4],[-99.6,25.4],[-99.6,25.3],[-99.5,25.3],[-99.5,25.1],[-99.4,25.1],[-99.4,25.0],[-99.5,25.0],[-99.5,24.6],[-99.4,24.6],[-99.4,24.5],[-99.3,24.5],[-99.3,24.2],[-99.2,24.2],[-99.2,23.6],[-99.0,23.6],[-99.0,23.3],[-98.9,23.3],[-98.9,23.4],[-98.8,23.4],[-98.8,23.2],[-98.7,23.2],[-98.7,23.4],[-98.6,23.4],[-98.6,23.6],[-98.5,23.6],[-98.5,23.8],[-98.6,23.8],[-98.6,24.0],[-98.5,24.0],[-98.5,23.9],[-98.3,23.9],[-98.3,23.8],[-98.2,23.8],[-98.2,23.7],[-98.1,23.7],[-98.1,24.2],[-98.0,24.2],[-98.0,24.7],[-97.9,24.7],[-97.9,25.0],[-97.8,25.0],[-97.8,25.1],[-97.7,25.1],[-97.7,25.4],[-97.6,25.4],[-97.6,25.5],[-97.7,25.5],[-97.7,25.7],[-97.6,25.7],[-97.6,25.9],[-97.5,25.9],[-97.5,26.1],[-97.4,26.1],[-97.4,26.3],[-97.3,26.3],[-97.3,26.5],[-97.9,26.5],[-97.9,26.7],[-98.0,26.7],[-98.0,26.9],[-98.1,26.9],[-98.1,27.0],[-98.2,27.0],[-98.2,27.1],[-98.1,27.1],[-98.1,27.3],[-98.2,27.3],[-98.2,27.5],[-98.3,27.5],[-98.3,27.6],[-98.4,27.6],[-98.4,27.7],[-98.6,27.7],[-98.6,27.9],[-98.5,27.9],[-98.5,28.3],[-98.6,28.3],[-98.6,28.4],[-98.5,28.4],[-98.5,28.5],[-98.7,28.5],[-98.7,28.6],[-98.9,28.6],[-98.9,28.7],[-99.0,28.7],[-99.0,28.8],[-99.1,28.8],[-99.1,29.0],[-99.2,29.0],[-99.2,28.9],[-99.4,28.9],[-99.4,29.0],[-99.3,29.0],[-99.3,29.1],[-99.4,29.1],[-99.4,29.2],[-99.7,29.2],[-99.7,29.3],[-99.9,29.3],[-99.9,29.4],[-100.1,29.4],[-100.1,29.3],[-100.2,29.3],[-100.2,29.4],[-100.3,29.4],[-100.3,29.5],[-100.5,29.5],[-100.5,29.6],[-100.6,29.6],[-100.6,29.7],[-100.7,29.7],[-100.7,30.0],[-100.8,30.0],[-100.8,30.2],[-100.7,30.2],[-100.7,30.3],[-100.5,30.3],[-100.5,30.4],[-100.6,30.4],[-100.6,30.7],[-100.7,30.7],[-100.7,30.8],[-100.8,30.8],[-100.8,31.0],[-100.7,31.0],[-100.7,31.2],[-100.6,31.2],[-100.6,30.9],[-100.5,30.9],[-100.5,31.0],[-100.4,31.0],[-100.4,31.2],[-100.2,31.2],[-100.2,31.3],[-100.1,31.3],[-100.1,31.5],[-100.5,31.5],[-100.5,31.6],[-100.7,31.6],[-100.7,31.7],[-100.8,31.7],[-100.8,31.8],[-100.9,31.8],[-100.9,31.9],[-100.8,31.9],[-100.8,32.0],[-100.7,32.0],[-100.7,31.9],[-100.6,31.9],[-100.6,32.1],[-100.7,32.1],[-100.7,32.5],[-100.8,32.5],[-100.8,32.6],[-100.9,32.6],[-100.9,32.7],[-101.1,32.7],[-101.1,32.8],[-101.2,32.8],[-101.2,33.0],[-101.1,33.0],[-101.1,32.9],[-101.0,32.9],[-101.0,33.1],[-101.1,33.1],[-101.1,33.2],[-100.9,33.2],[-100.9,33.3],[-101.1,33.3],[-101.1,33.7],[-101.3,33.7],[-101.3,33.6],[-101.6,33.6],[-101.6,33.7],[-102.0,33.7],[-102.0,33.6],[-102.1,33.6],[-102.1,33.5],[-102.2,33.5],[-102.2,33.4],[-102.4,33.4],[-102.4,33.3],[-102.6,33.3],[-102.6,33.2],[-102.8,33.2],[-102.8,33.1],[-103.4,33.1],[-103.4,33.0],[-103.6,33.0],[-103.6,32.9],[-103.9,32.9],[-103.9,33.1],[-103.8,33.1],[-103.8,33.3],[-103.9,33.3],[-103.9,33.5],[-104.0,33.5],[-104.0,33.6],[-104.1,33.6],[-104.1,33.8],[-104.2,33.8],[-104.2,33.9],[-104.3,33.9],[-104.3,33.8],[-104.4,33.8],[-104.4,33.9],[-104.5,33.9],[-104.5,33.8],[-104.7,33.8],[-104.7,33.6],[-104.9,33.6],[-104.9,33.3],[-104.8,33.3],[-104.8,33.2],[-104.9,33.2],[-104.9,32.7],[-104.8,32.7],[-104.8,32.8],[-104.7,32.8],[-104.7,32.9],[-104.8,32.9],[-104.8,33.1],[-104.7,33.1],[-104.7,33.0],[-104.6,33.0],[-104.6,33.1],[-104.3,33.1],[-104.3,32.5],[-104.2,32.5],[-104.2,33.0],[-104.1,33.0],[-104.1,32.9],[-104.0,32.9],[-104.0,32.8],[-103.9,32.8],[-103.9,32.7],[-103.5,32.7],[-103.5,32.6],[-103.1,32.6],[-103.1,32.4],[-103.0,32.4],[-103.0,32.0],[-103.1,32.0],[-103.1,31.9],[-103.0,31.9],[-103.0,31.7],[-103.1,31.7],[-103.1,31.4],[-103.0,31.4],[-103.0,31.2],[-103.1,31.2],[-103.1,31.1],[-103.0,31.1],[-103.0,31.0],[-103.1,31.0],[-103.1,30.9],[-103.0,30.9],[-103.0,30.7],[-103.1,30.7],[-103.1,30.6],[-103.2,30.6],[-103.2,30.5],[-103.4,30.5],[-103.4,30.7],[-103.5,30.7],[-103.5,30.8],[-103.6,30.8],[-103.6,30.9],[-103.9,30.9],[-103.9,31.0],[-104.0,31.0],[-104.0,30.8],[-103.9,30.8],[-103.9,30.6],[-104.0,30.6]],[[-98.9,20.5],[-98.9,20.4],[-99.1,20.4],[-99.1,20.5],[-98.9,20.5]],[[-103.3,22.1],[-103.4,22.1],[-103.4,22.3],[-103.3,22.3],[-103.3,22.1]],[[-102.7,22.1],[-102.7,22.8],[-102.6,22.8],[-102.6,22.9],[-102.5,22.9],[-102.5,22.6],[-102.4,22.6],[-102.4,22.3],[-102.5,22.3],[-102.5,21.9],[-102.6,21.9],[-102.6,22.1],[-102.7,22.1]],[[-104.2,27.3],[-104.3,27.3],[-104.3,27.7],[-104.2,27.7],[-104.2,27.3]],[[-102.4,28.0],[-102.4,27.7],[-102.5,27.7],[-102.5,27.9],[-102.6,27.9],[-102.6,28.0],[-102.4,28.0]],[[-104.0,30.4],[-104.0,30.5],[-103.8,30.5],[-103.8,30.3],[-103.9,30.3],[-103.9,30.4],[-104.0,30.4]],[[-103.8,30.2],[-103.8,30.3],[-103.5,30.3],[-103.5,30.2],[-103.8,30.2]],[[-102.2,28.8],[-102.2,29.1],[-102.0,29.1],[-102.0,29.0],[-102.1,29.0],[-102.1,28.8],[-102.2,28.8]],[[-106.5,27.7],[-106.5,27.8],[-106.4,27.8],[-106.4,27.6],[-106.6,27.6],[-106.6,27.7],[-106.5,27.7]],[[-105.5,26.4],[-105.5,26.2],[-105.6,26.2],[-105.6,26.4],[-105.5,26.4]],[[-105.1,26.2],[-105.1,26.0],[-105.2,26.0],[-105.2,26.1],[-105.3,26.1],[-105.3,26.3],[-105.2,26.3],[-105.2,26.2],[-105.1,26.2]],[[-105.1,25.9],[-105.1,26.0],[-104.9,26.0],[-104.9,25.8],[-105.0,25.8],[-105.0,25.9],[-105.1,25.9]],[[-99.8,26.1],[-99.8,25.9],[-99.9,25.9],[-99.9,26.1],[-99.8,26.1]],[[-104.7,25.2],[-104.7,25.1],[-104.8,25.1],[-104.8,25.0],[-105.0,25.0],[-105.0,25.2],[-104.9,25.2],[-104.9,25.3],[-104.8,25.3],[-104.8,25.2],[-104.7,25.2]],[[-104.4,25.2],[-104.4,25.1],[-104.6,25.1],[-104.6,25.3],[-104.5,25.3],[-104.5,25.2],[-104.4,25.2]],[[-98.8,24.8],[-98.8,24.9],[-98.7,24.9],[-98.7,24.8],[-98.6,24.8],[-98.6,24.9],[-98.5,24.9],[-98.5,24.8],[-98.4,24.8],[-98.4,24.7],[-98.5,24.7],[-98.5,24.5],[-98.6,24.5],[-98.6,24.4],[-98.8,24.4],[-98.8,24.5],[-99.1,24.5],[-99.1,24.8],[-98.8,24.8]],[[-104.2,24.7],[-104.2,24.5],[-104.3,24.5],[-104.3,24.7],[-104.2,24.7]],[[-101.4,24.7],[-101.4,24.5],[-101.6,24.5],[-101.6,24.7],[-101.4,24.7]],[[-100.9,24.6],[-100.9,24.5],[-101.1,24.5],[-101.1,24.6],[-100.9,24.6]],[[-101.1,24.4],[-101.1,24.2],[-101.2,24.2],[-101.2,24.4],[-101.1,24.4]],[[-102.8,24.0],[-102.8,24.1],[-102.6,24.1],[-102.6,23.9],[-102.7,23.9],[-102.7,24.0],[-102.8,24.0]],[[-100.2,24.0],[-100.2,23.8],[-100.3,23.8],[-100.3,24.0],[-100.2,24.0]],[[-101.4,23.8],[-101.4,23.6],[-101.6,23.6],[-101.6,23.8],[-101.4,23.8]],[[-101.4,23.3],[-101.4,23.6],[-101.3,23.6],[-101.3,23.5],[-101.2,23.5],[-101.2,23.4],[-101.1,23.4],[-101.1,23.3],[-101.0,23.3],[-101.0,23.2],[-101.1,23.2],[-101.1,23.1],[-101.2,23.1],[-101.2,23.0],[-101.3,23.0],[-101.3,23.2],[-101.5,23.2],[-101.5,23.3],[-101.4,23.3]],[[-100.8,23.8],[-100.8,23.4],[-100.9,23.4],[-100.9,23.8],[-100.8,23.8]],[[-103.5,22.5],[-103.5,22.3],[-103.6,22.3],[-103.6,22.5],[-103.5,22.5]],[[-101.3,22.4],[-101.3,22.3],[-101.4,22.3],[-101.4,22.2],[-101.6,22.2],[-101.6,22.3],[-101.7,22.3],[-101.7,22.5],[-101.6,22.5],[-101.6,22.4],[-101.3,22.4]],[[-101.7,22.2],[-101.7,22.1],[-101.9,22.1],[-101.9,22.2],[-101.7,22.2]],[[-101.0,22.1],[-101.0,21.9],[-101.1,21.9],[-101.1,22.0],[-101.3,22.0],[-101.3,22.1],[-101.2,22.1],[-101.2,22.2],[-101.1,22.2],[-101.1,22.1],[-101.0,22.1]],[[-101.4,22.1],[-101.4,21.9],[-101.5,21.9],[-101.5,22.1],[-101.4,22.1]],[[-100.6,22.1],[-100.6,21.9],[-100.7,21.9],[-100.7,22.1],[-100.6,22.1]],[[-101.4,20.9],[-101.4,21.2],[-101.6,21.2],[-101.6,21.3],[-101.7,21.3],[-101.7,21.5],[-101.5,21.5],[-101.5,21.4],[-101.4,21.4],[-101.4,21.7],[-101.3,21.7],[-101.3,21.9],[-101.2,21.9],[-101.2,21.8],[-101.1,21.8],[-101.1,21.7],[-101.2,21.7],[-101.2,21.6],[-101.3,21.6],[-101.3,21.3],[-101.1,21.3],[-101.1,21.1],[-101.0,21.1],[-101.0,21.0],[-100.9,21.0],[-100.9,20.7],[-101.0,20.7],[-101.0,20.6],[-101.1,20.6],[-101.1,20.7],[-101.2,20.7],[-101.2,20.8],[-101.3,20.8],[-101.3,20.9],[-101.4,20.9]],[[-100.4,21.5],[-100.4,21.4],[-100.7,21.4],[-100.7,21.5],[-100.4,21.5]],[[-100.2,21.0],[-100.2,20.8],[-100.4,20.8],[-100.4,21.0],[-100.2,21.0]],[[-99.6,20.9],[-99.6,21.0],[-99.5,21.0],[-99.5,20.8],[-99.7,20.8],[-99.7,20.9],[-99.6,20.9]],[[-101.6,20.7],[-101.6,20.8],[-101.4,20.8],[-101.4,20.6],[-101.5,20.6],[-101.5,20.7],[-101.6,20.7]],[[-100.9,20.4],[-100.9,20.5],[-100.8,20.5],[-100.8,20.3],[-101.0,20.3],[-101.0,20.4],[-100.9,20.4]]],[[[-101.0,33.8],[-100.7,33.8],[-100.7,34.0],[-100.5,34.0],[-100.5,34.1],[-100.4,34.1],[-100.4,34.2],[-100.3,34.2],[-100.3,34.3],[-100.2,34.3],[-100.2,34.5],[-100.1,34.5],[-100.1,34.7],[-100.2,34.7],[-100.2,34.9],[-100.5,34.9],[-100.5,34.8],[-101.1,34.8],[-101.1,34.7],[-101.2,34.7],[-101.2,34.8],[-101.3,34.8],[-101.3,34.6],[-101.2,34.6],[-101.2,34.5],[-101.1,34.5],[-101.1,34.1],[-101.0,34.1],[-101.0,33.8]]]]}},
{"type":"Feature","properties":{"k":"BSk"},"geometry":{"type":"MultiPolygon","coordinates":[[[[-118.6,33.0],[-118.6,32.8],[-118.3,32.8],[-118.3,32.9],[-118.4,32.9],[-118.4,33.0],[-118.5,33.0],[-118.5,33.1],[-118.7,33.1],[-118.7,33.0],[-118.6,33.0]]],[[[-118.6,33.5],[-118.6,33.4],[-118.5,33.4],[-118.5,33.3],[-118.3,33.3],[-118.3,33.4],[-118.4,33.4],[-118.4,33.5],[-118.6,33.5]]],[[[-117.5,34.5],[-117.5,34.4],[-117.3,34.4],[-117.3,34.5],[-117.5,34.5]]],[[[-118.5,34.6],[-118.5,34.5],[-118.1,34.5],[-118.1,34.6],[-118.5,34.6]]],[[[-116.8,34.6],[-116.8,34.7],[-117.1,34.7],[-117.1,34.5],[-117.0,34.5],[-117.0,34.6],[-116.8,34.6]]],[[[-118.5,34.8],[-118.5,34.9],[-118.7,34.9],[-118.7,34.8],[-118.5,34.8]]],[[[-118.0,35.4],[-118.0,35.6],[-118.3,35.6],[-118.3,35.4],[-118.7,35.4],[-118.7,35.3],[-118.6,35.3],[-118.6,35.2],[-118.5,35.2],[-118.5,35.1],[-118.4,35.1],[-118.4,35.0],[-118.5,35.0],[-118.5,34.9],[-118.3,34.9],[-118.3,35.0],[-118.2,35.0],[-118.2,35.2],[-118.1,35.2],[-118.1,35.4],[-118.0,35.4]]],[[[-119.9,35.4],[-119.9,35.5],[-120.0,35.5],[-120.0,35.6],[-120.1,35.6],[-120.1,35.8],[-120.2,35.8],[-120.2,36.0],[-120.3,36.0],[-120.3,35.9],[-120.4,35.9],[-120.4,35.7],[-120.5,35.7],[-120.5,35.6],[-120.3,35.6],[-120.3,35.5],[-120.2,35.5],[-120.2,35.4],[-120.1,35.4],[-120.1,35.3],[-120.0,35.3],[-120.0,35.2],[-119.9,35.2],[-119.9,35.1],[-120.0,35.1],[-120.0,35.0],[-119.8,35.0],[-119.8,34.9],[-119.4,34.9],[-119.4,35.0],[-119.5,35.0],[-119.5,35.1],[-119.6,35.1],[-119.6,35.2],[-119.7,35.2],[-119.7,35.3],[-119.8,35.3],[-119.8,35.4],[-119.9,35.4]]],[[[-121.0,36.1],[-121.0,36.0],[-120.9,36.0],[-120.9,36.1],[-120.8,36.1],[-120.8,36.2],[-120.9,36.2],[-120.9,36.3],[-121.2,36.3],[-121.2,36.2],[-121.1,36.2],[-121.1,36.1],[-121.0,36.1]]],[[[-120.5,36.3],[-120.5,36.0],[-120.4,36.0],[-120.4,36.3],[-120.5,36.3]]],[[[-117.0,36.3],[-117.2,36.3],[-117.2,36.0],[-117.0,36.0],[-117.0,36.3]]],[[[-118.3,37.3],[-118.4,37.3],[-118.4,37.1],[-118.3,37.1],[-118.3,36.7],[-118.2,36.7],[-118.2,36.6],[-118.1,36.6],[-118.1,36.2],[-118.0,36.2],[-118.0,36.0],[-118.1,36.0],[-118.1,35.9],[-118.0,35.9],[-118.0,35.8],[-118.2,35.8],[-118.2,35.7],[-118.0,35.7],[-118.0,35.6],[-117.9,35.6],[-117.9,36.0],[-117.8,36.0],[-117.8,36.1],[-117.7,36.1],[-117.7,36.0],[-117.6,36.0],[-117.6,35.9],[-117.4,35.9],[-117.4,36.2],[-117.6,36.2],[-117.6,36.5],[-117.5,36.5],[-117.5,36.6],[-117.8,36.6],[-117.8,36.7],[-117.9,36.7],[-117.9,36.5],[-117.8,36.5],[-117.8,36.4],[-117.9,36.4],[-117.9,36.3],[-118.0,36.3],[-118.0,36.8],[-117.9,36.8],[-117.9,37.2],[-118.0,37.2],[-118.0,37.3],[-118.1,37.3],[-118.1,37.4],[-118.2,37.4],[-118.2,37.5],[-118.3,37.5],[-118.3,37.3]],[[-118.1,37.0],[-118.2,37.0],[-118.2,37.1],[-118.0,37.1],[-118.0,36.9],[-118.1,36.9],[-118.1,37.0]]],[[[-120.8,36.8],[-120.9,36.8],[-120.9,36.6],[-120.8,36.6],[-120.8,36.5],[-120.6,36.5],[-120.6,36.6],[-120.7,36.6],[-120.7,36.7],[-120.8,36.7],[-120.8,36.8]]],[[[-121.1,36.8],[-120.9,36.8],[-120.9,36.9],[-121.0,36.9],[-121.0,37.0],[-121.1,37.0],[-121.1,36.8]]],[[[-118.6,37.3],[-118.4,37.3],[-118.4,37.5],[-118.6,37.5],[-118.6,37.3]]],[[[-117.7,37.4],[-117.5,37.4],[-117.5,37.5],[-117.7,37.5],[-117.7,37.4]]],[[[-118.2,37.8],[-118.2,37.6],[-118.1,37.6],[-118.1,37.8],[-118.2,37.8]]],[[[-117.9,37.6],[-117.8,37.6],[-117.8,37.8],[-117.9,37.8],[-117.9,37.6]]],[[[-121.6,37.8],[-121.6,38.0],[-121.8,38.0],[-121.8,37.9],[-121.7,37.9],[-121.7,37.8],[-121.6,37.8]]],[[[-118.2,37.9],[-118.2,38.0],[-118.3,38.0],[-118.3,38.1],[-118.6,38.1],[-118.6,38.4],[-118.7,38.4],[-118.7,38.6],[-118.8,38.6],[-118.8,38.8],[-118.9,38.8],[-118.9,38.5],[-119.0,38.5],[-119.0,38.7],[-119.1,38.7],[-119.1,38.8],[-119.3,38.8],[-119.3,38.9],[-119.4,38.9],[-119.4,38.7],[-119.3,38.7],[-119.3,38.6],[-119.1,38.6],[-119.1,38.5],[-119.2,38.5],[-119.2,38.4],[-119.1,38.4],[-119.1,38.3],[-118.9,38.3],[-118.9,38.2],[-119.0,38.2],[-119.0,38.1],[-118.9,38.1],[-118.9,38.0],[-118.8,38.0],[-118.8,37.9],[-118.7,37.9],[-118.7,37.8],[-118.6,37.8],[-118.6,37.6],[-118.5,37.6],[-118.5,37.9],[-118.2,37.9]]],[[[-118.1,40.6],[-118.3,40.6],[-118.3,40.4],[-118.2,40.4],[-118.2,40.2],[-118.1,40.2],[-118.1,40.6]]],[[[-118.9,40.5],[-118.7,40.5],[-118.7,40.6],[-118.9,40.6],[-118.9,40.5]]],[[[-118.5,40.8],[-118.6,40.8],[-118.6,40.6],[-118.4,40.6],[-118.4,40.7],[-118.5,40.7],[-118.5,40.8]]],[[[-118.5,41.2],[-118.3,41.2],[-118.3,41.4],[-118.4,41.4],[-118.4,41.5],[-118.5,41.5],[-118.5,41.3],[-118.6,41.3],[-118.6,41.0],[-118.5,41.0],[-118.5,41.2]]],[[[-120.6,41.4],[-120.6,41.2],[-120.3,41.2],[-120.3,41.3],[-120.4,41.3],[-120.4,41.5],[-120.5,41.5],[-120.5,41.6],[-120.6,41.6],[-120.6,41.5],[-120.8,41.5],[-120.8,41.4],[-120.6,41.4]]],[[[-121.5,41.8],[-121.5,41.7],[-121.3,41.7],[-121.3,41.6],[-121.1,41.6],[-121.1,41.7],[-121.0,41.7],[-121.0,41.8],[-120.9,41.8],[-120.9,41.9],[-121.3,41.9],[-121.3,42.0],[-121.1,42.0],[-121.1,42.1],[-121.2,42.1],[-121.2,42.2],[-121.6,42.2],[-121.6,42.1],[-121.7,42.1],[-121.7,41.8],[-121.5,41.8]]],[[[-118.2,44.4],[-118.0,44.4],[-118.0,44.5],[-118.2,44.5],[-118.2,44.4]]],[[[-117.9,44.7],[-117.6,44.7],[-117.6,44.8],[-117.4,44.8],[-117.4,44.9],[-117.6,44.9],[-117.6,45.0],[-117.7,45.0],[-117.7,44.9],[-117.9,44.9],[-117.9,44.7]]],[[[-117.2,46.3],[-116.9,46.3],[-116.9,46.5],[-117.0,46.5],[-117.0,46.4],[-117.2,46.4],[-117.2,46.3]]],[[[-119.7,49.7],[-119.7,49.5],[-119.6,49.5],[-119.6,49.7],[-119.7,49.7]]],[[[-115.4,30.9],[-115.6,30.9],[-115.6,30.7],[-115.5,30.7],[-115.5,30.8],[-115.4,30.8],[-115.4,30.7],[-115.3,30.7],[-115.3,31.0],[-115.4,31.0],[-115.4,30.9]]],[[[-110.4,31.5],[-110.5,31.5],[-110.5,31.3],[-110.3,31.3],[-110.3,31.4],[-110.4,31.4],[-110.4,31.5]]],[[[-115.7,30.9],[-115.6,30.9],[-115.6,31.1],[-115.5,31.1],[-115.5,31.3],[-115.8,31.3],[-115.8,31.4],[-115.7,31.4],[-115.7,31.5],[-115.6,31.5],[-115.6,31.4],[-115.5,31.4],[-115.5,31.6],[-115.7,31.6],[-115.7,31.9],[-115.8,31.9],[-115.8,32.0],[-115.9,32.0],[-115.9,31.8],[-116.0,31.8],[-116.0,31.9],[-116.1,31.9],[-116.1,31.8],[-116.4,31.8],[-116.4,31.7],[-116.3,31.7],[-116.3,31.5],[-116.0,31.5],[-116.0,31.4],[-115.9,31.4],[-115.9,31.2],[-115.8,31.2],[-115.8,31.1],[-115.7,31.1],[-115.7,30.9]]],[[[-116.3,31.9],[-116.3,32.1],[-116.5,32.1],[-116.5,31.9],[-116.3,31.9]]],[[[-110.2,32.6],[-110.3,32.6],[-110.3,32.4],[-110.1,32.4],[-110.1,32.5],[-110.2,32.5],[-110.2,32.6]]],[[[-116.4,32.4],[-116.4,32.3],[-116.3,32.3],[-116.3,32.4],[-116.0,32.4],[-116.0,32.3],[-115.9,32.3],[-115.9,32.5],[-116.0,32.5],[-116.0,32.6],[-116.2,32.6],[-116.2,32.8],[-116.3,32.8],[-116.3,32.6],[-116.4,32.6],[-116.4,32.5],[-116.5,32.5],[-116.5,32.4],[-116.4,32.4]]],[[[-109.9,32.6],[-109.9,32.8],[-110.1,32.8],[-110.1,32.7],[-110.0,32.7],[-110.0,32.6],[-109.9,32.6]]],[[[-110.4,33.0],[-110.2,33.0],[-110.2,33.1],[-110.4,33.1],[-110.4,33.0]]],[[[-110.6,33.6],[-110.5,33.6],[-110.5,33.7],[-110.1,33.7],[-110.1,33.8],[-110.2,33.8],[-110.2,34.0],[-110.3,34.0],[-110.3,33.9],[-110.4,33.9],[-110.4,34.1],[-110.5,34.1],[-110.5,33.9],[-110.6,33.9],[-110.6,33.6]]],[[[-116.4,34.1],[-116.4,34.0],[-116.3,34.0],[-116.3,33.9],[-116.1,33.9],[-116.1,34.0],[-116.2,34.0],[-116.2,34.1],[-116.4,34.1]]],[[[-113.8,34.7],[-113.8,35.2],[-113.9,35.2],[-113.9,35.1],[-114.0,35.1],[-114.0,34.9],[-113.9,34.9],[-113.9,34.7],[-113.8,34.7]]],[[[-115.2,35.2],[-115.2,35.3],[-115.4,35.3],[-115.4,35.2],[-115.5,35.2],[-115.5,35.1],[-115.3,35.1],[-115.3,35.2],[-115.2,35.2]]],[[[-115.5,35.6],[-115.6,35.6],[-115.6,35.3],[-115.5,35.3],[-115.5,35.6]]],[[[-115.9,36.2],[-115.8,36.2],[-115.8,36.1],[-115.6,36.1],[-115.6,35.9],[-115.5,35.9],[-115.5,36.2],[-115.4,36.2],[-115.4,36.3],[-115.5,36.3],[-115.5,36.5],[-116.0,36.5],[-116.0,36.4],[-115.9,36.4],[-115.9,36.2]],[[-115.7,36.2],[-115.7,36.3],[-115.8,36.3],[-115.8,36.4],[-115.6,36.4],[-115.6,36.2],[-115.7,36.2]]],[[[-115.3,36.5],[-115.1,36.5],[-115.1,36.8],[-115.2,36.8],[-115.2,36.7],[-115.3,36.7],[-115.3,36.5]]],[[[-116.1,37.2],[-116.1,37.4],[-116.2,37.4],[-116.2,37.3],[-116.3,37.3],[-116.3,37.4],[-116.4,37.4],[-116.4,37.2],[-116.1,37.2]]],[[[-110.2,37.4],[-110.2,37.5],[-110.4,37.5],[-110.4,37.4],[-110.2,37.4]]],[[[-116.3,37.9],[-116.4,37.9],[-116.4,37.7],[-116.3,37.7],[-116.3,37.9]]],[[[-111.2,41.3],[-111.0,41.3],[-111.0,41.6],[-111.1,41.6],[-111.1,41.7],[-111.0,41.7],[-111.0,41.8],[-110.9,41.8],[-110.9,42.1],[-111.0,42.1],[-111.0,41.9],[-111.1,41.9],[-111.1,41.8],[-111.2,41.8],[-111.2,41.3]]],[[[-112.2,40.8],[-112.2,40.7],[-112.3,40.7],[-112.3,40.9],[-112.4,40.9],[-112.4,41.1],[-112.5,41.1],[-112.5,41.4],[-112.4,41.4],[-112.4,41.3],[-112.3,41.3],[-112.3,41.4],[-112.2,41.4],[-112.2,41.6],[-112.1,41.6],[-112.1,41.9],[-112.2,41.9],[-112.2,41.7],[-112.3,41.7],[-112.3,41.6],[-112.4,41.6],[-112.4,41.9],[-112.6,41.9],[-112.6,42.3],[-112.8,42.3],[-112.8,42.7],[-112.6,42.7],[-112.6,42.8],[-112.4,42.8],[-112.4,43.0],[-112.2,43.0],[-112.2,43.1],[-112.1,43.1],[-112.1,43.2],[-112.0,43.2],[-112.0,43.4],[-111.9,43.4],[-111.9,43.6],[-111.8,43.6],[-111.8,43.9],[-111.9,43.9],[-111.9,44.0],[-112.0,44.0],[-112.0,44.1],[-112.1,44.1],[-112.1,44.3],[-112.7,44.3],[-112.7,44.1],[-112.9,44.1],[-112.9,43.9],[-113.0,43.9],[-113.0,44.0],[-113.1,44.0],[-113.1,44.1],[-113.2,44.1],[-113.2,44.2],[-113.3,44.2],[-113.3,44.3],[-113.5,44.3],[-113.5,44.1],[-113.3,44.1],[-113.3,43.9],[-113.5,43.9],[-113.5,44.0],[-113.8,44.0],[-113.8,43.8],[-113.7,43.8],[-113.7,43.9],[-113.6,43.9],[-113.6,43.8],[-113.5,43.8],[-113.5,43.6],[-113.6,43.6],[-113.6,43.5],[-113.5,43.5],[-113.5,43.4],[-114.0,43.4],[-114.0,43.5],[-114.1,43.5],[-114.1,43.4],[-114.2,43.4],[-114.2,43.5],[-114.4,43.5],[-114.4,43.4],[-114.6,43.4],[-114.6,43.3],[-114.7,43.3],[-114.7,43.2],[-115.0,43.2],[-115.0,43.1],[-115.4,43.1],[-115.4,43.2],[-115.6,43.2],[-115.6,43.3],[-115.7,43.3],[-115.7,43.4],[-115.9,43.4],[-115.9,43.5],[-116.0,43.5],[-116.0,43.6],[-116.1,43.6],[-116.1,43.7],[-116.2,43.7],[-116.2,43.8],[-116.3,43.8],[-116.3,44.1],[-116.4,44.1],[-116.4,44.0],[-116.5,44.0],[-116.5,44.1],[-116.6,44.1],[-116.6,44.2],[-116.7,44.2],[-116.7,44.3],[-116.8,44.3],[-116.8,44.4],[-117.2,44.4],[-117.2,44.6],[-117.4,44.6],[-117.4,44.7],[-117.6,44.7],[-117.6,44.6],[-117.5,44.6],[-117.5,44.4],[-117.7,44.4],[-117.7,44.5],[-117.9,44.5],[-117.9,44.4],[-118.0,44.4],[-118.0,44.1],[-118.1,44.1],[-118.1,44.0],[-118.2,44.0],[-118.2,44.1],[-118.3,44.1],[-118.3,44.0],[-118.4,44.0],[-118.4,43.9],[-118.5,43.9],[-118.5,44.0],[-118.7,44.0],[-118.7,43.7],[-119.3,43.7],[-119.3,43.6],[-119.4,43.6],[-119.4,43.7],[-119.6,43.7],[-119.6,43.8],[-119.7,43.8],[-119.7,43.7],[-119.9,43.7],[-119.9,44.0],[-119.8,44.0],[-119.8,44.1],[-119.7,44.1],[-119.7,44.2],[-119.8,44.2],[-119.8,44.3],[-119.9,44.3],[-119.9,44.2],[-120.7,44.2],[-120.7,44.4],[-121.0,44.4],[-121.0,44.5],[-120.9,44.5],[-120.9,44.7],[-120.7,44.7],[-120.7,44.8],[-120.6,44.8],[-120.6,44.7],[-120.4,44.7],[-120.4,44.6],[-120.2,44.6],[-120.2,44.7],[-120.0,44.7],[-120.0,44.8],[-119.7,44.8],[-119.7,44.6],[-119.8,44.6],[-119.8,44.5],[-119.7,44.5],[-119.7,44.4],[-119.6,44.4],[-119.6,44.2],[-119.5,44.2],[-119.5,44.4],[-119.0,44.4],[-119.0,44.5],[-119.5,44.5],[-119.5,44.6],[-119.6,44.6],[-119.6,44.7],[-119.4,44.7],[-119.4,44.9],[-120.1,44.9],[-120.1,44.8],[-120.3,44.8],[-120.3,45.0],[-120.1,45.0],[-120.1,45.2],[-119.7,45.2],[-119.7,45.1],[-119.6,45.1],[-119.6,45.3],[-119.5,45.3],[-119.5,45.4],[-119.2,45.4],[-119.2,45.5],[-118.8,45.5],[-118.8,45.6],[-118.7,45.6],[-118.7,45.7],[-118.8,45.7],[-118.8,45.9],[-118.5,45.9],[-118.5,46.1],[-118.4,46.1],[-118.4,46.4],[-118.2,46.4],[-118.2,46.5],[-117.7,46.5],[-117.7,46.7],[-117.9,46.7],[-117.9,47.4],[-118.0,47.4],[-118.0,47.5],[-118.3,47.5],[-118.3,47.7],[-118.6,47.7],[-118.6,47.8],[-118.7,47.8],[-118.7,47.9],[-118.6,47.9],[-118.6,48.1],[-118.7,48.1],[-118.7,48.0],[-118.9,48.0],[-118.9,48.3],[-119.0,48.3],[-119.0,48.2],[-119.2,48.2],[-119.2,48.3],[-119.3,48.3],[-119.3,48.4],[-119.4,48.4],[-119.4,48.6],[-119.3,48.6],[-119.3,48.8],[-119.4,48.8],[-119.4,49.1],[-119.5,49.1],[-119.5,49.4],[-119.7,49.4],[-119.7,49.3],[-119.6,49.3],[-119.6,49.0],[-119.7,49.0],[-119.7,48.8],[-119.6,48.8],[-119.6,48.4],[-119.8,48.4],[-119.8,48.1],[-120.0,48.1],[-120.0,47.9],[-120.1,47.9],[-120.1,47.7],[-120.2,47.7],[-120.2,47.5],[-120.3,47.5],[-120.3,47.3],[-120.2,47.3],[-120.2,47.1],[-120.4,47.1],[-120.4,47.0],[-120.6,47.0],[-120.6,46.5],[-120.7,46.5],[-120.7,46.3],[-120.5,46.3],[-120.5,46.2],[-120.3,46.2],[-120.3,46.1],[-120.1,46.1],[-120.1,45.9],[-120.2,45.9],[-120.2,45.8],[-120.3,45.8],[-120.3,45.7],[-120.5,45.7],[-120.5,45.5],[-120.7,45.5],[-120.7,45.4],[-120.8,45.4],[-120.8,45.3],[-120.9,45.3],[-120.9,45.2],[-121.1,45.2],[-121.1,45.1],[-121.0,45.1],[-121.0,45.0],[-121.1,45.0],[-121.1,44.9],[-121.2,44.9],[-121.2,44.8],[-121.3,44.8],[-121.3,44.4],[-121.4,44.4],[-121.4,44.1],[-121.3,44.1],[-121.3,44.0],[-121.2,44.0],[-121.2,43.9],[-121.1,43.9],[-121.1,43.8],[-120.8,43.8],[-120.8,43.7],[-120.7,43.7],[-120.7,43.6],[-120.8,43.6],[-120.8,43.5],[-121.1,43.5],[-121.1,43.4],[-121.2,43.4],[-121.2,43.3],[-121.1,43.3],[-121.1,43.2],[-121.2,43.2],[-121.2,43.1],[-120.9,43.1],[-120.9,43.0],[-120.8,43.0],[-120.8,42.7],[-120.6,42.7],[-120.6,42.6],[-120.5,42.6],[-120.5,42.5],[-120.4,42.5],[-120.4,42.4],[-120.2,42.4],[-120.2,42.6],[-120.1,42.6],[-120.1,42.3],[-119.9,42.3],[-119.9,42.2],[-120.0,42.2],[-120.0,42.0],[-119.8,42.0],[-119.8,41.9],[-119.9,41.9],[-119.9,41.5],[-120.0,41.5],[-120.0,41.7],[-120.1,41.7],[-120.1,41.9],[-120.2,41.9],[-120.2,41.4],[-120.1,41.4],[-120.1,41.0],[-120.3,41.0],[-120.3,40.9],[-120.5,40.9],[-120.5,41.0],[-120.6,41.0],[-120.6,40.8],[-120.4,40.8],[-120.4,40.6],[-120.3,40.6],[-120.3,40.5],[-120.1,40.5],[-120.1,40.4],[-120.0,40.4],[-120.0,40.3],[-120.1,40.3],[-120.1,40.1],[-119.9,40.1],[-119.9,40.0],[-119.8,40.0],[-119.8,39.4],[-119.7,39.4],[-119.7,39.5],[-119.6,39.5],[-119.6,39.2],[-119.5,39.2],[-119.5,39.0],[-119.3,39.0],[-119.3,39.1],[-119.4,39.1],[-119.4,39.3],[-119.5,39.3],[-119.5,39.4],[-119.4,39.4],[-119.4,39.5],[-119.5,39.5],[-119.5,39.6],[-119.4,39.6],[-119.4,39.8],[-119.5,39.8],[-119.5,39.9],[-119.4,39.9],[-119.4,40.3],[-119.5,40.3],[-119.5,40.5],[-119.6,40.5],[-119.6,40.2],[-119.8,40.2],[-119.8,40.4],[-119.9,40.4],[-119.9,40.6],[-119.8,40.6],[-119.8,40.7],[-119.6,40.7],[-119.6,40.8],[-119.4,40.8],[-119.4,41.0],[-119.2,41.0],[-119.2,41.4],[-119.1,41.4],[-119.1,41.2],[-119.0,41.2],[-119.0,41.3],[-118.9,41.3],[-118.9,41.5],[-118.6,41.5],[-118.6,41.7],[-118.5,41.7],[-118.5,41.6],[-118.3,41.6],[-118.3,41.5],[-118.2,41.5],[-118.2,41.7],[-118.1,41.7],[-118.1,41.0],[-118.0,41.0],[-118.0,41.1],[-117.9,41.1],[-117.9,41.0],[-117.8,41.0],[-117.8,40.9],[-118.0,40.9],[-118.0,40.7],[-117.9,40.7],[-117.9,40.6],[-118.0,40.6],[-118.0,40.5],[-117.9,40.5],[-117.9,40.1],[-118.0,40.1],[-118.0,40.0],[-117.8,40.0],[-117.8,40.2],[-117.5,40.2],[-117.5,40.1],[-117.6,40.1],[-117.6,39.8],[-117.8,39.8],[-117.8,39.7],[-117.9,39.7],[-117.9,39.6],[-118.0,39.6],[-118.0,39.4],[-117.9,39.4],[-117.9,39.5],[-117.8,39.5],[-117.8,38.9],[-117.7,38.9],[-117.7,39.0],[-117.6,39.0],[-117.6,38.7],[-117.5,38.7],[-117.5,38.6],[-117.2,38.6],[-117.2,39.1],[-117.1,39.1],[-117.1,39.2],[-117.0,39.2],[-117.0,39.3],[-116.9,39.3],[-116.9,39.1],[-117.0,39.1],[-117.0,38.8],[-117.1,38.8],[-117.1,38.5],[-116.9,38.5],[-116.9,38.3],[-116.7,38.3],[-116.7,38.4],[-116.5,38.4],[-116.5,38.3],[-116.4,38.3],[-116.4,38.5],[-116.3,38.5],[-116.3,38.6],[-116.1,38.6],[-116.1,38.7],[-116.0,38.7],[-116.0,38.5],[-115.9,38.5],[-115.9,38.6],[-115.8,38.6],[-115.8,38.7],[-115.7,38.7],[-115.7,38.9],[-115.8,38.9],[-115.8,39.0],[-115.6,39.0],[-115.6,38.8],[-115.5,38.8],[-115.5,38.4],[-115.6,38.4],[-115.6,38.3],[-115.7,38.3],[-115.7,38.2],[-115.8,38.2],[-115.8,38.1],[-115.9,38.1],[-115.9,37.9],[-115.8,37.9],[-115.8,38.0],[-115.7,38.0],[-115.7,37.9],[-115.6,37.9],[-115.6,37.6],[-115.3,37.6],[-115.3,37.8],[-115.4,37.8],[-115.4,38.0],[-115.5,38.0],[-115.5,38.1],[-115.2,38.1],[-115.2,37.8],[-115.1,37.8],[-115.1,37.9],[-115.0,37.9],[-115.0,37.6],[-114.9,37.6],[-114.9,37.9],[-114.8,37.9],[-114.8,38.0],[-114.7,38.0],[-114.7,37.7],[-114.8,37.7],[-114.8,37.3],[-114.9,37.3],[-114.9,37.2],[-114.7,37.2],[-114.7,37.3],[-114.6,37.3],[-114.6,37.2],[-114.5,37.2],[-114.5,37.3],[-114.4,37.3],[-114.4,37.2],[-114.1,37.2],[-114.1,37.3],[-113.9,37.3],[-113.9,37.0],[-113.7,37.0],[-113.7,37.1],[-113.8,37.1],[-113.8,37.2],[-113.3,37.2],[-113.3,36.9],[-113.9,36.9],[-113.9,36.7],[-113.7,36.7],[-113.7,36.5],[-113.8,36.5],[-113.8,36.2],[-113.9,36.2],[-113.9,36.1],[-113.8,36.1],[-113.8,36.0],[-114.0,36.0],[-114.0,35.7],[-113.9,35.7],[-113.9,35.6],[-113.8,35.6],[-113.8,35.5],[-113.7,35.5],[-113.7,35.4],[-113.6,35.4],[-113.6,35.0],[-113.5,35.0],[-113.5,34.8],[-113.2,34.8],[-113.2,34.7],[-113.1,34.7],[-113.1,34.6],[-113.0,34.6],[-113.0,34.7],[-112.9,34.7],[-112.9,34.5],[-112.7,34.5],[-112.7,34.4],[-112.8,34.4],[-112.8,34.2],[-112.6,34.2],[-112.6,34.3],[-112.5,34.3],[-112.5,34.4],[-112.6,34.4],[-112.6,34.6],[-112.3,34.6],[-112.3,34.3],[-112.2,34.3],[-112.2,34.4],[-112.1,34.4],[-112.1,34.5],[-112.0,34.5],[-112.0,34.4],[-111.9,34.4],[-111.9,34.6],[-112.2,34.6],[-112.2,34.8],[-112.1,34.8],[-112.1,34.9],[-112.0,34.9],[-112.0,35.0],[-112.3,35.0],[-112.3,35.2],[-112.4,35.2],[-112.4,35.4],[-112.2,35.4],[-112.2,35.5],[-112.0,35.5],[-112.0,35.6],[-111.8,35.6],[-111.8,35.5],[-111.7,35.5],[-111.7,35.4],[-111.4,35.4],[-111.4,35.1],[-111.3,35.1],[-111.3,35.0],[-111.2,35.0],[-111.2,34.8],[-111.0,34.8],[-111.0,34.7],[-110.8,34.7],[-110.8,34.6],[-110.6,34.6],[-110.6,34.5],[-110.5,34.5],[-110.5,34.4],[-110.4,34.4],[-110.4,34.3],[-109.6,34.3],[-109.6,34.2],[-109.5,34.2],[-109.5,34.1],[-109.2,34.1],[-109.2,34.0],[-109.1,34.0],[-109.1,34.1],[-109.0,34.1],[-109.0,34.2],[-108.9,34.2],[-108.9,34.1],[-108.6,34.1],[-108.6,34.2],[-108.4,34.2],[-108.4,34.1],[-108.3,34.1],[-108.3,34.2],[-108.2,34.2],[-108.2,34.0],[-108.3,34.0],[-108.3,33.9],[-108.4,33.9],[-108.4,33.7],[-108.0,33.7],[-108.0,33.5],[-107.9,33.5],[-107.9,33.6],[-107.8,33.6],[-107.8,33.0],[-107.7,33.0],[-107.7,32.9],[-108.1,32.9],[-108.1,33.0],[-108.4,33.0],[-108.4,33.1],[-108.6,33.1],[-108.6,33.2],[-108.7,33.2],[-108.7,33.5],[-108.8,33.5],[-108.8,33.6],[-108.9,33.6],[-108.9,33.5],[-109.0,33.5],[-109.0,33.3],[-109.1,33.3],[-109.1,33.5],[-109.2,33.5],[-109.2,33.4],[-109.3,33.4],[-109.3,33.1],[-109.2,33.1],[-109.2,33.0],[-109.1,33.0],[-109.1,32.9],[-109.0,32.9],[-109.0,32.8],[-108.7,32.8],[-108.7,32.6],[-108.6,32.6],[-108.6,32.4],[-108.5,32.4],[-108.5,32.3],[-108.3,32.3],[-108.3,32.4],[-108.2,32.4],[-108.2,32.5],[-108.1,32.5],[-108.1,32.6],[-107.9,32.6],[-107.9,32.5],[-107.7,32.5],[-107.7,32.6],[-107.6,32.6],[-107.6,32.7],[-107.5,32.7],[-107.5,33.0],[-107.4,33.0],[-107.4,33.2],[-107.3,33.2],[-107.3,33.8],[-107.1,33.8],[-107.1,33.9],[-107.0,33.9],[-107.0,33.8],[-106.9,33.8],[-106.9,34.0],[-107.0,34.0],[-107.0,34.5],[-107.1,34.5],[-107.1,34.6],[-107.0,34.6],[-107.0,34.8],[-106.9,34.8],[-106.9,34.6],[-106.8,34.6],[-106.8,35.0],[-106.7,35.0],[-106.7,34.3],[-106.8,34.3],[-106.8,33.8],[-106.7,33.8],[-106.7,33.9],[-106.5,33.9],[-106.5,33.5],[-106.6,33.5],[-106.6,33.6],[-106.7,33.6],[-106.7,33.4],[-106.9,33.4],[-106.9,33.0],[-106.8,33.0],[-106.8,32.8],[-106.7,32.8],[-106.7,32.7],[-106.6,32.7],[-106.6,32.2],[-106.5,32.2],[-106.5,32.9],[-106.6,32.9],[-106.6,33.2],[-106.5,33.2],[-106.5,33.3],[-106.4,33.3],[-106.4,33.5],[-106.1,33.5],[-106.1,33.3],[-106.0,33.3],[-106.0,33.0],[-105.9,33.0],[-105.9,33.5],[-105.7,33.5],[-105.7,33.7],[-105.6,33.7],[-105.6,33.4],[-105.5,33.4],[-105.5,32.8],[-105.6,32.8],[-105.6,32.6],[-105.7,32.6],[-105.7,32.7],[-105.9,32.7],[-105.9,32.1],[-106.0,32.1],[-106.0,31.7],[-105.9,31.7],[-105.9,31.8],[-105.8,31.8],[-105.8,32.0],[-105.5,32.0],[-105.5,32.1],[-105.7,32.1],[-105.7,32.3],[-105.6,32.3],[-105.6,32.4],[-105.4,32.4],[-105.4,32.3],[-105.3,32.3],[-105.3,32.4],[-105.0,32.4],[-105.0,32.0],[-104.9,32.0],[-104.9,31.8],[-104.8,31.8],[-104.8,31.6],[-104.7,31.6],[-104.7,31.5],[-104.6,31.5],[-104.6,31.7],[-104.7,31.7],[-104.7,32.0],[-104.6,32.0],[-104.6,32.1],[-104.5,32.1],[-104.5,32.2],[-104.7,32.2],[-104.7,32.4],[-104.8,32.4],[-104.8,32.7],[-104.9,32.7],[-104.9,33.2],[-104.8,33.2],[-104.8,33.3],[-104.9,33.3],[-104.9,33.6],[-104.7,33.6],[-104.7,33.8],[-104.5,33.8],[-104.5,33.9],[-104.4,33.9],[-104.4,34.1],[-104.1,34.1],[-104.1,33.9],[-104.2,33.9],[-104.2,33.8],[-104.1,33.8],[-104.1,33.6],[-104.0,33.6],[-104.0,33.5],[-103.9,33.5],[-103.9,33.3],[-103.8,33.3],[-103.8,33.1],[-103.9,33.1],[-103.9,32.9],[-103.6,32.9],[-103.6,33.0],[-103.4,33.0],[-103.4,33.1],[-102.8,33.1],[-102.8,33.2],[-102.6,33.2],[-102.6,33.3],[-102.4,33.3],[-102.4,33.4],[-102.2,33.4],[-102.2,33.5],[-102.1,33.5],[-102.1,33.6],[-102.0,33.6],[-102.0,33.7],[-101.6,33.7],[-101.6,33.6],[-101.3,33.6],[-101.3,33.7],[-101.1,33.7],[-101.1,33.8],[-101.0,33.8],[-101.0,34.1],[-101.1,34.1],[-101.1,34.5],[-101.2,34.5],[-101.2,34.6],[-101.3,34.6],[-101.3,34.8],[-101.2,34.8],[-101.2,34.7],[-101.1,34.7],[-101.1,34.8],[-100.5,34.8],[-100.5,35.0],[-100.4,35.0],[-100.4,35.2],[-100.5,35.2],[-100.5,35.1],[-100.7,35.1],[-100.7,35.3],[-100.2,35.3],[-100.2,35.5],[-100.3,35.5],[-100.3,35.6],[-100.2,35.6],[-100.2,35.8],[-100.0,35.8],[-100.0,36.0],[-100.2,36.0],[-100.2,36.1],[-100.1,36.1],[-100.1,36.4],[-100.2,36.4],[-100.2,36.8],[-100.3,36.8],[-100.3,36.9],[-100.2,36.9],[-100.2,37.0],[-99.9,37.0],[-99.9,37.1],[-99.8,37.1],[-99.8,37.2],[-100.0,37.2],[-100.0,37.3],[-100.1,37.3],[-100.1,37.4],[-100.0,37.4],[-100.0,37.7],[-99.9,37.7],[-99.9,37.9],[-99.8,37.9],[-99.8,38.0],[-99.9,38.0],[-99.9,38.1],[-100.0,38.1],[-100.0,38.2],[-99.9,38.2],[-99.9,38.4],[-99.5,38.4],[-99.5,38.5],[-100.0,38.5],[-100.0,38.6],[-100.3,38.6],[-100.3,38.7],[-99.7,38.7],[-99.7,38.8],[-100.3,38.8],[-100.3,39.0],[-100.4,39.0],[-100.4,39.1],[-100.3,39.1],[-100.3,39.2],[-100.4,39.2],[-100.4,39.3],[-99.7,39.3],[-99.7,39.4],[-100.1,39.4],[-100.1,39.5],[-100.0,39.5],[-100.0,39.6],[-100.3,39.6],[-100.3,39.8],[-100.4,39.8],[-100.4,39.9],[-100.5,39.9],[-100.5,40.0],[-100.4,40.0],[-100.4,40.2],[-100.3,40.2],[-100.3,40.3],[-100.5,40.3],[-100.5,40.4],[-100.6,40.4],[-100.6,40.5],[-100.8,40.5],[-100.8,40.6],[-100.9,40.6],[-100.9,40.7],[-100.7,40.7],[-100.7,40.8],[-100.8,40.8],[-100.8,40.9],[-100.9,40.9],[-100.9,41.0],[-101.0,41.0],[-101.0,41.1],[-100.7,41.1],[-100.7,41.2],[-101.0,41.2],[-101.0,41.4],[-101.1,41.4],[-101.1,41.5],[-101.2,41.5],[-101.2,41.4],[-101.3,41.4],[-101.3,41.3],[-101.4,41.3],[-101.4,41.5],[-101.5,41.5],[-101.5,41.7],[-101.6,41.7],[-101.6,41.8],[-101.7,41.8],[-101.7,42.0],[-101.8,42.0],[-101.8,42.2],[-101.9,42.2],[-101.9,42.5],[-101.8,42.5],[-101.8,42.8],[-101.7,42.8],[-101.7,42.9],[-101.9,42.9],[-101.9,43.0],[-102.0,43.0],[-102.0,43.1],[-101.8,43.1],[-101.8,43.2],[-102.1,43.2],[-102.1,43.3],[-102.0,43.3],[-102.0,43.4],[-101.9,43.4],[-101.9,43.3],[-101.6,43.3],[-101.6,43.4],[-101.3,43.4],[-101.3,43.5],[-100.9,43.5],[-100.9,43.6],[-100.6,43.6],[-100.6,43.7],[-100.4,43.7],[-100.4,43.8],[-100.8,43.8],[-100.8,43.9],[-100.7,43.9],[-100.7,44.0],[-100.5,44.0],[-100.5,44.1],[-100.3,44.1],[-100.3,44.2],[-100.2,44.2],[-100.2,44.3],[-100.0,44.3],[-100.0,44.4],[-100.2,44.4],[-100.2,44.9],[-100.3,44.9],[-100.3,45.0],[-100.2,45.0],[-100.2,45.3],[-100.1,45.3],[-100.1,45.4],[-100.3,45.4],[-100.3,45.5],[-100.1,45.5],[-100.1,45.6],[-100.3,45.6],[-100.3,45.9],[-100.4,45.9],[-100.4,46.0],[-100.5,46.0],[-100.5,46.4],[-100.6,46.4],[-100.6,46.2],[-100.7,46.2],[-100.7,46.3],[-100.9,46.3],[-100.9,46.4],[-101.1,46.4],[-101.1,46.5],[-101.3,46.5],[-101.3,46.4],[-101.2,46.4],[-101.2,46.3],[-101.3,46.3],[-101.3,46.2],[-101.4,46.2],[-101.4,46.3],[-101.6,46.3],[-101.6,46.5],[-101.5,46.5],[-101.5,46.6],[-101.7,46.6],[-101.7,46.7],[-102.1,46.7],[-102.1,46.8],[-102.4,46.8],[-102.4,46.9],[-102.1,46.9],[-102.1,47.0],[-102.0,47.0],[-102.0,47.2],[-102.6,47.2],[-102.6,47.4],[-102.7,47.4],[-102.7,47.5],[-102.4,47.5],[-102.4,47.6],[-102.8,47.6],[-102.8,47.3],[-102.9,47.3],[-102.9,47.4],[-103.0,47.4],[-103.0,47.6],[-102.9,47.6],[-102.9,47.7],[-102.8,47.7],[-102.8,47.8],[-102.6,47.8],[-102.6,47.9],[-102.4,47.9],[-102.4,47.8],[-102.3,47.8],[-102.3,48.0],[-102.5,48.0],[-102.5,48.1],[-102.7,48.1],[-102.7,48.4],[-102.8,48.4],[-102.8,48.5],[-102.7,48.5],[-102.7,48.6],[-102.9,48.6],[-102.9,48.5],[-103.0,48.5],[-103.0,48.7],[-103.3,48.7],[-103.3,48.8],[-103.2,48.8],[-103.2,49.0],[-103.4,49.0],[-103.4,49.1],[-103.6,49.1],[-103.6,49.0],[-104.1,49.0],[-104.1,49.1],[-104.4,49.1],[-104.4,49.2],[-104.6,49.2],[-104.6,49.4],[-104.9,49.4],[-104.9,49.7],[-105.0,49.7],[-105.0,49.8],[-104.8,49.8],[-104.8,49.9],[-104.7,49.9],[-104.7,50.1],[-104.8,50.1],[-104.8,50.2],[-104.9,50.2],[-104.9,50.4],[-104.8,50.4],[-104.8,50.5],[-105.0,50.5],[-105.0,50.7],[-105.2,50.7],[-105.2,50.8],[-105.4,50.8],[-105.4,50.7],[-105.3,50.7],[-105.3,50.6],[-105.7,50.6],[-105.7,50.7],[-105.8,50.7],[-105.8,50.8],[-105.9,50.8],[-105.9,50.9],[-106.0,50.9],[-106.0,51.0],[-106.2,51.0],[-106.2,51.2],[-106.3,51.2],[-106.3,51.4],[-106.4,51.4],[-106.4,51.6],[-106.5,51.6],[-106.5,51.7],[-106.7,51.7],[-106.7,51.9],[-106.8,51.9],[-106.8,51.7],[-106.9,51.7],[-106.9,51.6],[-107.0,51.6],[-107.0,51.7],[-107.1,51.7],[-107.1,51.6],[-107.2,51.6],[-107.2,51.3],[-107.1,51.3],[-107.1,51.1],[-107.5,51.1],[-107.5,51.0],[-107.6,51.0],[-107.6,51.2],[-107.5,51.2],[-107.5,51.3],[-107.4,51.3],[-107.4,51.5],[-107.7,51.5],[-107.7,51.6],[-107.8,51.6],[-107.8,51.8],[-108.4,51.8],[-108.4,51.9],[-109.0,51.9],[-109.0,52.0],[-109.4,52.0],[-109.4,51.9],[-109.7,51.9],[-109.7,52.0],[-109.8,52.0],[-109.8,51.9],[-110.0,51.9],[-110.0,52.0],[-110.2,52.0],[-110.2,51.9],[-110.4,51.9],[-110.4,52.0],[-110.6,52.0],[-110.6,51.8],[-110.5,51.8],[-110.5,51.7],[-110.7,51.7],[-110.7,51.8],[-111.1,51.8],[-111.1,51.9],[-111.2,51.9],[-111.2,51.8],[-111.3,51.8],[-111.3,51.9],[-111.4,51.9],[-111.4,51.8],[-111.7,51.8],[-111.7,51.5],[-111.9,51.5],[-111.9,51.6],[-112.0,51.6],[-112.0,51.4],[-112.2,51.4],[-112.2,51.3],[-112.3,51.3],[-112.3,51.4],[-112.4,51.4],[-112.4,51.5],[-112.5,51.5],[-112.5,51.4],[-112.6,51.4],[-112.6,51.5],[-112.8,51.5],[-112.8,51.4],[-112.9,51.4],[-112.9,51.3],[-112.4,51.3],[-112.4,51.2],[-112.5,51.2],[-112.5,51.1],[-113.2,51.1],[-113.2,51.0],[-113.4,51.0],[-113.4,50.7],[-113.0,50.7],[-113.0,50.5],[-113.2,50.5],[-113.2,50.4],[-112.9,50.4],[-112.9,50.3],[-113.6,50.3],[-113.6,50.2],[-113.5,50.2],[-113.5,50.1],[-113.4,50.1],[-113.4,50.0],[-113.1,50.0],[-113.1,50.1],[-112.9,50.1],[-112.9,49.9],[-113.1,49.9],[-113.1,49.8],[-113.2,49.8],[-113.2,49.7],[-113.1,49.7],[-113.1,49.4],[-112.7,49.4],[-112.7,49.3],[-112.4,49.3],[-112.4,49.2],[-112.8,49.2],[-112.8,49.1],[-112.9,49.1],[-112.9,48.7],[-112.8,48.7],[-112.8,48.5],[-112.7,48.5],[-112.7,48.1],[-112.6,48.1],[-112.6,47.5],[-112.5,47.5],[-112.5,47.4],[-112.3,47.4],[-112.3,47.2],[-112.1,47.2],[-112.1,47.0],[-112.0,47.0],[-112.0,46.9],[-112.1,46.9],[-112.1,46.8],[-112.0,46.8],[-112.0,46.7],[-112.1,46.7],[-112.1,46.6],[-112.0,46.6],[-112.0,46.5],[-111.7,46.5],[-111.7,46.2],[-112.0,46.2],[-112.0,46.0],[-112.1,46.0],[-112.1,46.1],[-112.2,46.1],[-112.2,46.0],[-112.3,46.0],[-112.3,45.9],[-112.4,45.9],[-112.4,45.7],[-112.6,45.7],[-112.6,45.8],[-112.8,45.8],[-112.8,45.5],[-112.9,45.5],[-112.9,45.3],[-113.1,45.3],[-113.1,45.1],[-113.3,45.1],[-113.3,44.9],[-112.9,44.9],[-112.9,44.8],[-112.8,44.8],[-112.8,44.7],[-112.7,44.7],[-112.7,44.6],[-112.5,44.6],[-112.5,44.9],[-112.7,44.9],[-112.7,45.0],[-112.5,45.0],[-112.5,45.1],[-112.4,45.1],[-112.4,45.2],[-112.3,45.2],[-112.3,45.4],[-112.2,45.4],[-112.2,45.3],[-112.1,45.3],[-112.1,45.5],[-112.2,45.5],[-112.2,45.7],[-112.1,45.7],[-112.1,45.8],[-111.9,45.8],[-111.9,45.7],[-111.8,45.7],[-111.8,45.6],[-111.6,45.6],[-111.6,45.7],[-111.5,45.7],[-111.5,45.8],[-111.4,45.8],[-111.4,46.0],[-111.3,46.0],[-111.3,46.4],[-111.4,46.4],[-111.4,46.5],[-111.5,46.5],[-111.5,46.6],[-111.6,46.6],[-111.6,46.7],[-111.7,46.7],[-111.7,46.8],[-111.9,46.8],[-111.9,47.0],[-111.8,47.0],[-111.8,47.1],[-111.7,47.1],[-111.7,47.2],[-111.6,47.2],[-111.6,47.0],[-111.5,47.0],[-111.5,47.1],[-111.4,47.1],[-111.4,47.2],[-111.2,47.2],[-111.2,47.4],[-111.0,47.4],[-111.0,47.5],[-110.9,47.5],[-110.9,47.7],[-110.6,47.7],[-110.6,47.8],[-110.5,47.8],[-110.5,47.7],[-110.4,47.7],[-110.4,47.6],[-110.3,47.6],[-110.3,47.5],[-110.2,47.5],[-110.2,47.4],[-110.4,47.4],[-110.4,47.3],[-110.3,47.3],[-110.3,47.2],[-110.2,47.2],[-110.2,47.0],[-110.1,47.0],[-110.1,46.9],[-110.0,46.9],[-110.0,46.8],[-109.9,46.8],[-109.9,46.7],[-110.0,46.7],[-110.0,46.6],[-110.4,46.6],[-110.4,46.4],[-110.2,46.4],[-110.2,46.3],[-110.0,46.3],[-110.0,46.0],[-110.1,46.0],[-110.1,45.8],[-109.7,45.8],[-109.7,45.9],[-109.6,45.9],[-109.6,45.7],[-109.5,45.7],[-109.5,45.8],[-109.1,45.8],[-109.1,45.7],[-109.0,45.7],[-109.0,45.8],[-108.8,45.8],[-108.8,45.9],[-108.0,45.9],[-108.0,45.8],[-107.9,45.8],[-107.9,45.9],[-107.8,45.9],[-107.8,45.8],[-107.6,45.8],[-107.6,45.9],[-107.5,45.9],[-107.5,46.0],[-107.4,46.0],[-107.4,45.8],[-107.3,45.8],[-107.3,45.9],[-106.9,45.9],[-106.9,45.8],[-106.8,45.8],[-106.8,45.7],[-106.5,45.7],[-106.5,45.4],[-106.4,45.4],[-106.4,45.5],[-106.2,45.5],[-106.2,45.3],[-106.1,45.3],[-106.1,45.4],[-106.0,45.4],[-106.0,45.0],[-106.1,45.0],[-106.1,44.8],[-106.2,44.8],[-106.2,44.6],[-106.3,44.6],[-106.3,44.5],[-106.4,44.5],[-106.4,44.4],[-106.5,44.4],[-106.5,44.3],[-106.8,44.3],[-106.8,43.9],[-106.9,43.9],[-106.9,43.7],[-107.0,43.7],[-107.0,43.6],[-106.8,43.6],[-106.8,43.4],[-106.9,43.4],[-106.9,43.3],[-107.1,43.3],[-107.1,43.2],[-107.3,43.2],[-107.3,43.3],[-107.4,43.3],[-107.4,43.4],[-107.6,43.4],[-107.6,43.6],[-107.5,43.6],[-107.5,43.7],[-107.3,43.7],[-107.3,43.9],[-107.4,43.9],[-107.4,44.2],[-107.5,44.2],[-107.5,44.4],[-107.7,44.4],[-107.7,44.6],[-107.8,44.6],[-107.8,44.7],[-108.0,44.7],[-108.0,44.8],[-108.1,44.8],[-108.1,44.9],[-108.2,44.9],[-108.2,45.1],[-108.6,45.1],[-108.6,45.2],[-108.8,45.2],[-108.8,45.3],[-108.9,45.3],[-108.9,45.4],[-109.0,45.4],[-109.0,45.3],[-109.1,45.3],[-109.1,45.1],[-109.2,45.1],[-109.2,44.9],[-109.3,44.9],[-109.3,44.7],[-109.1,44.7],[-109.1,44.6],[-109.2,44.6],[-109.2,44.5],[-109.3,44.5],[-109.3,44.4],[-109.1,44.4],[-109.1,44.2],[-109.2,44.2],[-109.2,44.1],[-109.1,44.1],[-109.1,44.0],[-109.0,44.0],[-109.0,43.9],[-108.9,43.9],[-108.9,43.7],[-108.6,43.7],[-108.6,43.6],[-108.5,43.6],[-108.5,43.5],[-108.8,43.5],[-108.8,43.6],[-109.3,43.6],[-109.3,43.7],[-109.5,43.7],[-109.5,43.6],[-109.6,43.6],[-109.6,43.4],[-109.5,43.4],[-109.5,43.3],[-109.2,43.3],[-109.2,43.2],[-109.1,43.2],[-109.1,43.1],[-109.0,43.1],[-109.0,42.9],[-108.9,42.9],[-108.9,42.8],[-108.8,42.8],[-108.8,42.7],[-108.7,42.7],[-108.7,42.6],[-108.5,42.6],[-108.5,42.5],[-108.4,42.5],[-108.4,42.3],[-108.6,42.3],[-108.6,42.2],[-108.8,42.2],[-108.8,42.1],[-108.9,42.1],[-108.9,42.2],[-109.0,42.2],[-109.0,42.3],[-109.1,42.3],[-109.1,42.4],[-109.2,42.4],[-109.2,42.5],[-109.4,42.5],[-109.4,42.6],[-109.5,42.6],[-109.5,42.7],[-109.7,42.7],[-109.7,42.8],[-109.8,42.8],[-109.8,42.7],[-110.1,42.7],[-110.1,42.6],[-110.2,42.6],[-110.2,42.5],[-110.3,42.5],[-110.3,42.3],[-110.4,42.3],[-110.4,42.0],[-110.5,42.0],[-110.5,41.9],[-110.8,41.9],[-110.8,41.3],[-110.7,41.3],[-110.7,41.2],[-110.6,41.2],[-110.6,41.3],[-110.4,41.3],[-110.4,41.2],[-109.9,41.2],[-109.9,41.0],[-109.8,41.0],[-109.8,40.9],[-109.2,40.9],[-109.2,40.7],[-109.1,40.7],[-109.1,40.6],[-110.1,40.6],[-110.1,40.5],[-110.4,40.5],[-110.4,40.4],[-110.7,40.4],[-110.7,40.3],[-110.9,40.3],[-110.9,40.2],[-110.6,40.2],[-110.6,40.1],[-110.4,40.1],[-110.4,40.0],[-110.3,40.0],[-110.3,39.7],[-110.1,39.7],[-110.1,39.5],[-110.4,39.5],[-110.4,39.6],[-110.5,39.6],[-110.5,39.7],[-110.8,39.7],[-110.8,39.8],[-110.9,39.8],[-110.9,39.7],[-111.0,39.7],[-111.0,39.4],[-111.1,39.4],[-111.1,39.3],[-111.2,39.3],[-111.2,39.1],[-111.3,39.1],[-111.3,38.9],[-111.4,38.9],[-111.4,38.6],[-111.5,38.6],[-111.5,38.5],[-111.8,38.5],[-111.8,38.8],[-111.7,38.8],[-111.7,39.1],[-111.6,39.1],[-111.6,39.3],[-111.5,39.3],[-111.5,39.6],[-111.7,39.6],[-111.7,39.7],[-111.8,39.7],[-111.8,39.9],[-111.7,39.9],[-111.7,40.0],[-111.6,40.0],[-111.6,40.1],[-111.7,40.1],[-111.7,40.2],[-111.8,40.2],[-111.8,40.4],[-111.9,40.4],[-111.9,40.8],[-111.8,40.8],[-111.8,40.9],[-112.1,40.9],[-112.1,40.8],[-112.2,40.8]],[[-101.7,41.7],[-101.6,41.7],[-101.6,41.5],[-101.7,41.5],[-101.7,41.7]],[[-107.0,34.9],[-107.0,34.8],[-107.1,34.8],[-107.1,34.9],[-107.3,34.9],[-107.3,35.0],[-107.0,35.0],[-107.0,35.1],[-106.9,35.1],[-106.9,34.9],[-107.0,34.9]],[[-117.8,40.6],[-117.8,40.9],[-117.7,40.9],[-117.7,40.6],[-117.8,40.6]],[[-117.8,41.1],[-117.9,41.1],[-117.9,41.3],[-117.8,41.3],[-117.8,41.1]],[[-121.0,44.9],[-121.0,45.0],[-120.7,45.0],[-120.7,44.9],[-121.0,44.9]],[[-119.8,46.2],[-120.3,46.2],[-120.3,46.4],[-119.9,46.4],[-119.9,46.3],[-119.6,46.3],[-119.6,46.2],[-119.7,46.2],[-119.7,46.0],[-119.8,46.0],[-119.8,46.2]],[[-113.3,43.7],[-113.3,43.9],[-113.2,43.9],[-113.2,43.8],[-113.1,43.8],[-113.1,43.7],[-113.3,43.7]],[[-112.9,42.3],[-112.8,42.3],[-112.8,42.1],[-112.9,42.1],[-112.9,42.2],[-113.0,42.2],[-113.0,42.3],[-113.1,42.3],[-113.1,42.6],[-113.0,42.6],[-113.0,42.5],[-112.9,42.5],[-112.9,42.3]],[[-112.2,40.6],[-112.2,40.7],[-112.1,40.7],[-112.1,40.6],[-112.0,40.6],[-112.0,40.4],[-112.1,40.4],[-112.1,40.3],[-112.3,40.3],[-112.3,40.6],[-112.2,40.6]],[[-112.8,50.6],[-112.8,50.7],[-112.6,50.7],[-112.6,50.6],[-112.7,50.6],[-112.7,50.5],[-112.9,50.5],[-112.9,50.6],[-112.8,50.6]],[[-107.4,50.5],[-107.4,50.6],[-107.2,50.6],[-107.2,50.7],[-107.1,50.7],[-107.1,50.5],[-107.4,50.5]],[[-107.0,50.6],[-107.0,50.7],[-106.8,50.7],[-106.8,50.6],[-107.0,50.6]],[[-107.8,50.6],[-107.8,50.5],[-108.0,50.5],[-108.0,50.6],[-107.8,50.6]],[[-107.8,50.2],[-107.8,50.5],[-107.7,50.5],[-107.7,50.3],[-107.6,50.3],[-107.6,50.2],[-107.4,50.2],[-107.4,50.1],[-107.5,50.1],[-107.5,50.0],[-107.6,50.0],[-107.6,49.9],[-107.9,49.9],[-107.9,49.8],[-108.1,49.8],[-108.1,49.6],[-108.0,49.6],[-108.0,49.4],[-108.1,49.4],[-108.1,49.5],[-108.3,49.5],[-108.3,49.3],[-108.6,49.3],[-108.6,49.4],[-108.8,49.4],[-108.8,49.3],[-109.3,49.3],[-109.3,49.2],[-109.5,49.2],[-109.5,49.3],[-109.7,49.3],[-109.7,49.4],[-109.8,49.4],[-109.8,49.5],[-109.9,49.5],[-109.9,49.4],[-110.0,49.4],[-110.0,49.5],[-110.4,49.5],[-110.4,49.4],[-110.5,49.4],[-110.5,49.5],[-110.7,49.5],[-110.7,49.6],[-110.8,49.6],[-110.8,49.8],[-110.0,49.8],[-110.0,49.9],[-109.5,49.9],[-109.5,50.0],[-109.4,50.0],[-109.4,50.1],[-109.3,50.1],[-109.3,50.0],[-109.1,50.0],[-109.1,50.1],[-108.9,50.1],[-108.9,50.2],[-108.4,50.2],[-108.4,50.1],[-108.3,50.1],[-108.3,50.2],[-108.0,50.2],[-108.0,50.3],[-107.9,50.3],[-107.9,50.2],[-107.8,50.2]],[[-105.7,50.3],[-105.7,50.2],[-106.0,50.2],[-106.0,50.4],[-105.9,50.4],[-105.9,50.3],[-105.7,50.3]],[[-111.4,49.8],[-111.4,49.7],[-111.2,49.7],[-111.2,49.4],[-111.3,49.4],[-111.3,49.3],[-111.5,49.3],[-111.5,49.7],[-111.6,49.7],[-111.6,49.8],[-111.4,49.8]],[[-107.9,49.5],[-107.9,49.6],[-107.6,49.6],[-107.6,49.5],[-107.9,49.5]],[[-107.3,49.2],[-107.3,49.3],[-107.5,49.3],[-107.5,49.4],[-107.2,49.4],[-107.2,49.2],[-107.3,49.2]],[[-106.8,49.2],[-106.8,49.3],[-106.3,49.3],[-106.3,49.2],[-106.8,49.2]],[[-109.3,48.2],[-109.3,48.1],[-109.4,48.1],[-109.4,48.0],[-109.5,48.0],[-109.5,48.1],[-109.9,48.1],[-109.9,48.2],[-109.8,48.2],[-109.8,48.4],[-109.7,48.4],[-109.7,48.3],[-109.6,48.3],[-109.6,48.4],[-109.5,48.4],[-109.5,48.3],[-109.1,48.3],[-109.1,48.1],[-109.2,48.1],[-109.2,48.2],[-109.3,48.2]],[[-108.7,47.9],[-108.7,48.0],[-108.5,48.0],[-108.5,47.9],[-108.7,47.9]],[[-119.4,47.4],[-119.4,47.2],[-119.5,47.2],[-119.5,47.4],[-119.4,47.4]],[[-109.5,46.7],[-109.5,46.6],[-109.6,46.6],[-109.6,46.7],[-109.7,46.7],[-109.7,47.0],[-109.6,47.0],[-109.6,47.2],[-109.5,47.2],[-109.5,47.3],[-109.0,47.3],[-109.0,47.2],[-109.1,47.2],[-109.1,47.0],[-108.9,47.0],[-108.9,46.8],[-109.0,46.8],[-109.0,46.7],[-109.3,46.7],[-109.3,46.6],[-109.4,46.6],[-109.4,46.7],[-109.5,46.7]],[[-119.3,46.9],[-119.3,47.0],[-119.2,47.0],[-119.2,46.8],[-119.3,46.8],[-119.3,46.5],[-119.2,46.5],[-119.2,46.3],[-119.1,46.3],[-119.1,46.2],[-119.0,46.2],[-119.0,46.1],[-119.2,46.1],[-119.2,46.2],[-119.5,46.2],[-119.5,46.4],[-119.7,46.4],[-119.7,46.5],[-119.9,46.5],[-119.9,46.6],[-120.0,46.6],[-120.0,46.7],[-120.1,46.7],[-120.1,47.1],[-120.0,47.1],[-120.0,47.0],[-119.9,47.0],[-119.9,46.9],[-119.3,46.9]],[[-100.7,45.8],[-100.7,45.9],[-100.9,45.9],[-100.9,45.8],[-101.0,45.8],[-101.0,46.0],[-101.1,46.0],[-101.1,46.1],[-101.0,46.1],[-101.0,46.2],[-100.9,46.2],[-100.9,46.1],[-100.8,46.1],[-100.8,46.0],[-100.6,46.0],[-100.6,45.9],[-100.5,45.9],[-100.5,45.8],[-100.7,45.8]],[[-101.1,45.3],[-101.1,45.2],[-101.3,45.2],[-101.3,45.3],[-101.4,45.3],[-101.4,45.4],[-101.3,45.4],[-101.3,45.5],[-101.2,45.5],[-101.2,45.6],[-100.7,45.6],[-100.7,45.5],[-100.5,45.5],[-100.5,45.4],[-101.0,45.4],[-101.0,45.3],[-101.1,45.3]],[[-100.6,45.3],[-100.6,45.0],[-101.2,45.0],[-101.2,44.9],[-101.4,44.9],[-101.4,45.1],[-101.0,45.1],[-101.0,45.2],[-100.7,45.2],[-100.7,45.3],[-100.6,45.3]],[[-108.3,44.8],[-108.3,44.7],[-108.2,44.7],[-108.2,44.5],[-108.3,44.5],[-108.3,44.4],[-108.1,44.4],[-108.1,44.3],[-108.0,44.3],[-108.0,44.2],[-107.9,44.2],[-107.9,44.1],[-108.0,44.1],[-108.0,44.0],[-108.3,44.0],[-108.3,44.1],[-108.4,44.1],[-108.4,44.2],[-108.5,44.2],[-108.5,44.4],[-108.7,44.4],[-108.7,44.6],[-109.0,44.6],[-109.0,44.9],[-108.9,44.9],[-108.9,44.8],[-108.8,44.8],[-108.8,44.9],[-108.7,44.9],[-108.7,45.0],[-108.5,45.0],[-108.5,44.9],[-108.4,44.9],[-108.4,44.8],[-108.3,44.8]],[[-104.0,43.9],[-104.3,43.9],[-104.3,44.0],[-104.4,44.0],[-104.4,44.2],[-104.5,44.2],[-104.5,44.3],[-104.6,44.3],[-104.6,44.4],[-104.7,44.4],[-104.7,44.6],[-104.8,44.6],[-104.8,44.8],[-104.6,44.8],[-104.6,44.7],[-104.5,44.7],[-104.5,44.8],[-104.3,44.8],[-104.3,44.7],[-104.2,44.7],[-104.2,44.6],[-104.1,44.6],[-104.1,44.7],[-103.8,44.7],[-103.8,44.8],[-103.7,44.8],[-103.7,44.9],[-103.6,44.9],[-103.6,45.0],[-103.3,45.0],[-103.3,44.9],[-103.2,44.9],[-103.2,44.8],[-103.1,44.8],[-103.1,44.6],[-103.2,44.6],[-103.2,44.4],[-103.3,44.4],[-103.3,43.7],[-103.4,43.7],[-103.4,43.5],[-103.7,43.5],[-103.7,43.6],[-103.9,43.6],[-103.9,43.8],[-104.0,43.8],[-104.0,43.9]],[[-120.6,44.0],[-120.6,44.1],[-120.2,44.1],[-120.2,44.0],[-120.4,44.0],[-120.4,43.9],[-120.5,43.9],[-120.5,44.0],[-120.6,44.0]],[[-106.4,43.2],[-106.4,43.3],[-106.2,43.3],[-106.2,43.5],[-106.3,43.5],[-106.3,43.6],[-105.9,43.6],[-105.9,43.7],[-106.0,43.7],[-106.0,43.8],[-105.8,43.8],[-105.8,43.7],[-105.7,43.7],[-105.7,43.6],[-105.8,43.6],[-105.8,43.2],[-105.7,43.2],[-105.7,43.1],[-105.6,43.1],[-105.6,43.0],[-105.7,43.0],[-105.7,42.9],[-106.0,42.9],[-106.0,43.0],[-106.1,43.0],[-106.1,42.9],[-106.2,42.9],[-106.2,43.0],[-106.3,43.0],[-106.3,43.1],[-106.4,43.1],[-106.4,43.0],[-106.5,43.0],[-106.5,43.2],[-106.4,43.2]],[[-108.1,43.4],[-108.1,43.6],[-107.9,43.6],[-107.9,43.4],[-108.1,43.4]],[[-116.1,41.5],[-116.2,41.5],[-116.2,41.9],[-116.1,41.9],[-116.1,42.3],[-116.2,42.3],[-116.2,42.4],[-116.6,42.4],[-116.6,42.5],[-116.8,42.5],[-116.8,42.4],[-117.0,42.4],[-117.0,42.7],[-117.1,42.7],[-117.1,42.8],[-117.0,42.8],[-117.0,43.0],[-117.1,43.0],[-117.1,43.1],[-117.2,43.1],[-117.2,43.2],[-117.0,43.2],[-117.0,43.3],[-116.8,43.3],[-116.8,43.2],[-116.7,43.2],[-116.7,43.0],[-116.6,43.0],[-116.6,42.9],[-116.5,42.9],[-116.5,42.8],[-116.3,42.8],[-116.3,42.6],[-116.2,42.6],[-116.2,42.5],[-116.1,42.5],[-116.1,42.4],[-116.0,42.4],[-116.0,42.2],[-115.9,42.2],[-115.9,42.0],[-115.3,42.0],[-115.3,42.1],[-115.2,42.1],[-115.2,42.2],[-114.8,42.2],[-114.8,41.8],[-115.2,41.8],[-115.2,41.7],[-115.3,41.7],[-115.3,41.6],[-115.4,41.6],[-115.4,41.5],[-115.7,41.5],[-115.7,41.4],[-115.8,41.4],[-115.8,41.5],[-115.9,41.5],[-115.9,41.3],[-116.0,41.3],[-116.0,41.2],[-116.1,41.2],[-116.1,41.5]],[[-116.5,41.5],[-116.2,41.5],[-116.2,41.3],[-116.3,41.3],[-116.3,41.2],[-116.2,41.2],[-116.2,41.0],[-116.3,41.0],[-116.3,41.1],[-116.4,41.1],[-116.4,41.3],[-116.5,41.3],[-116.5,41.5]],[[-108.3,43.2],[-108.3,43.3],[-108.0,43.3],[-108.0,43.1],[-108.2,43.1],[-108.2,43.2],[-108.3,43.2]],[[-115.7,42.7],[-115.8,42.7],[-115.8,42.8],[-115.9,42.8],[-115.9,42.7],[-116.0,42.7],[-116.0,42.8],[-116.2,42.8],[-116.2,43.0],[-116.3,43.0],[-116.3,43.1],[-116.1,43.1],[-116.1,43.0],[-115.7,43.0],[-115.7,42.7]],[[-118.6,42.5],[-118.9,42.5],[-118.9,42.6],[-118.7,42.6],[-118.7,42.7],[-118.8,42.7],[-118.8,42.8],[-118.7,42.8],[-118.7,42.9],[-118.5,42.9],[-118.5,43.0],[-118.4,43.0],[-118.4,42.8],[-118.5,42.8],[-118.5,42.6],[-118.6,42.6],[-118.6,42.5]],[[-107.1,42.8],[-107.1,42.7],[-107.5,42.7],[-107.5,42.9],[-107.4,42.9],[-107.4,42.8],[-107.1,42.8]],[[-105.7,41.1],[-105.5,41.1],[-105.5,40.8],[-105.4,40.8],[-105.4,40.7],[-105.3,40.7],[-105.3,40.6],[-105.2,40.6],[-105.2,40.5],[-105.3,40.5],[-105.3,40.3],[-105.1,40.3],[-105.1,40.2],[-105.0,40.2],[-105.0,39.8],[-104.8,39.8],[-104.8,39.6],[-104.9,39.6],[-104.9,39.5],[-104.8,39.5],[-104.8,39.2],[-104.7,39.2],[-104.7,39.1],[-104.6,39.1],[-104.6,39.0],[-104.9,39.0],[-104.9,38.6],[-105.2,38.6],[-105.2,38.7],[-105.3,38.7],[-105.3,39.2],[-105.4,39.2],[-105.4,39.1],[-105.5,39.1],[-105.5,39.0],[-105.6,39.0],[-105.6,39.1],[-105.9,39.1],[-105.9,38.9],[-105.7,38.9],[-105.7,38.8],[-105.6,38.8],[-105.6,38.4],[-105.2,38.4],[-105.2,38.3],[-105.1,38.3],[-105.1,38.2],[-105.0,38.2],[-105.0,38.1],[-104.8,38.1],[-104.8,37.9],[-104.7,37.9],[-104.7,37.8],[-104.6,37.8],[-104.6,37.7],[-104.5,37.7],[-104.5,37.5],[-104.6,37.5],[-104.6,37.3],[-104.7,37.3],[-104.7,37.2],[-104.8,37.2],[-104.8,37.0],[-104.7,37.0],[-104.7,36.9],[-105.0,36.9],[-105.0,36.2],[-105.1,36.2],[-105.1,36.1],[-105.2,36.1],[-105.2,36.0],[-105.3,36.0],[-105.3,35.6],[-105.4,35.6],[-105.4,35.5],[-105.6,35.5],[-105.6,35.4],[-105.5,35.4],[-105.5,35.3],[-105.7,35.3],[-105.7,35.2],[-105.8,35.2],[-105.8,35.4],[-105.9,35.4],[-105.9,36.1],[-105.8,36.1],[-105.8,36.3],[-105.6,36.3],[-105.6,36.5],[-105.7,36.5],[-105.7,36.7],[-105.6,36.7],[-105.6,36.9],[-105.5,36.9],[-105.5,37.2],[-105.4,37.2],[-105.4,37.5],[-105.5,37.5],[-105.5,37.6],[-105.6,37.6],[-105.6,37.7],[-105.5,37.7],[-105.5,37.8],[-105.6,37.8],[-105.6,38.0],[-105.8,38.0],[-105.8,38.2],[-105.9,38.2],[-105.9,38.3],[-106.0,38.3],[-106.0,38.2],[-106.1,38.2],[-106.1,38.1],[-106.2,38.1],[-106.2,38.0],[-106.3,38.0],[-106.3,37.6],[-106.2,37.6],[-106.2,37.3],[-106.1,37.3],[-106.1,37.0],[-106.0,37.0],[-106.0,36.9],[-105.9,36.9],[-105.9,36.8],[-105.8,36.8],[-105.8,36.6],[-105.9,36.6],[-105.9,36.5],[-106.1,36.5],[-106.1,36.4],[-106.2,36.4],[-106.2,36.3],[-106.6,36.3],[-106.6,36.2],[-106.3,36.2],[-106.3,35.8],[-106.4,35.8],[-106.4,35.7],[-106.7,35.7],[-106.7,35.8],[-106.8,35.8],[-106.8,35.7],[-106.9,35.7],[-106.9,36.1],[-107.0,36.1],[-107.0,36.2],[-107.1,36.2],[-107.1,36.4],[-107.2,36.4],[-107.2,36.5],[-107.3,36.5],[-107.3,36.9],[-107.4,36.9],[-107.4,37.1],[-108.1,37.1],[-108.1,37.2],[-108.2,37.2],[-108.2,37.1],[-108.4,37.1],[-108.4,37.2],[-108.6,37.2],[-108.6,37.3],[-108.5,37.3],[-108.5,37.4],[-108.6,37.4],[-108.6,37.5],[-108.7,37.5],[-108.7,37.4],[-108.8,37.4],[-108.8,37.7],[-108.9,37.7],[-108.9,37.8],[-108.7,37.8],[-108.7,37.9],[-108.6,37.9],[-108.6,38.0],[-108.4,38.0],[-108.4,38.4],[-108.6,38.4],[-108.6,38.5],[-108.7,38.5],[-108.7,38.6],[-108.8,38.6],[-108.8,38.8],[-109.0,38.8],[-109.0,39.0],[-108.6,39.0],[-108.6,38.7],[-108.5,38.7],[-108.5,38.6],[-108.4,38.6],[-108.4,38.5],[-108.1,38.5],[-108.1,38.4],[-107.9,38.4],[-107.9,38.3],[-107.7,38.3],[-107.7,38.6],[-107.8,38.6],[-107.8,38.7],[-107.6,38.7],[-107.6,38.8],[-107.5,38.8],[-107.5,38.9],[-107.9,38.9],[-107.9,39.0],[-108.0,39.0],[-108.0,38.9],[-108.2,38.9],[-108.2,39.0],[-108.3,39.0],[-108.3,39.1],[-108.1,39.1],[-108.1,39.4],[-108.4,39.4],[-108.4,39.3],[-108.6,39.3],[-108.6,39.4],[-108.7,39.4],[-108.7,39.5],[-109.1,39.5],[-109.1,39.4],[-109.4,39.4],[-109.4,39.3],[-109.5,39.3],[-109.5,39.2],[-109.6,39.2],[-109.6,39.1],[-109.8,39.1],[-109.8,39.2],[-109.9,39.2],[-109.9,39.5],[-110.0,39.5],[-110.0,39.6],[-109.2,39.6],[-109.2,39.7],[-108.9,39.7],[-108.9,39.9],[-108.8,39.9],[-108.8,39.8],[-108.7,39.8],[-108.7,40.1],[-108.4,40.1],[-108.4,40.0],[-108.3,40.0],[-108.3,40.1],[-108.2,40.1],[-108.2,40.3],[-108.5,40.3],[-108.5,40.4],[-108.1,40.4],[-108.1,40.7],[-108.0,40.7],[-108.0,40.9],[-107.6,40.9],[-107.6,41.1],[-107.5,41.1],[-107.5,41.6],[-107.3,41.6],[-107.3,41.5],[-107.0,41.5],[-107.0,41.4],[-106.7,41.4],[-106.7,41.8],[-106.6,41.8],[-106.6,42.0],[-106.5,42.0],[-106.5,41.9],[-106.4,41.9],[-106.4,41.8],[-106.0,41.8],[-106.0,41.7],[-105.8,41.7],[-105.8,41.9],[-105.9,41.9],[-105.9,42.0],[-106.0,42.0],[-106.0,42.1],[-106.1,42.1],[-106.1,42.2],[-106.2,42.2],[-106.2,42.0],[-106.4,42.0],[-106.4,42.1],[-106.8,42.1],[-106.8,42.4],[-106.7,42.4],[-106.7,42.5],[-106.6,42.5],[-106.6,42.4],[-106.4,42.4],[-106.4,42.5],[-106.3,42.5],[-106.3,42.6],[-106.4,42.6],[-106.4,42.8],[-106.2,42.8],[-106.2,42.7],[-106.1,42.7],[-106.1,42.8],[-105.6,42.8],[-105.6,42.5],[-105.5,42.5],[-105.5,42.3],[-105.4,42.3],[-105.4,42.2],[-105.5,42.2],[-105.5,41.7],[-105.4,41.7],[-105.4,41.6],[-105.6,41.6],[-105.6,41.7],[-105.7,41.7],[-105.7,41.6],[-105.8,41.6],[-105.8,41.2],[-105.7,41.2],[-105.7,41.1]],[[-105.4,41.1],[-105.5,41.1],[-105.5,41.4],[-105.4,41.4],[-105.4,41.1]],[[-119.8,42.4],[-119.8,42.5],[-119.6,42.5],[-119.6,42.4],[-119.8,42.4]],[[-113.7,42.0],[-113.9,42.0],[-113.9,42.2],[-113.7,42.2],[-113.7,42.4],[-113.6,42.4],[-113.6,42.1],[-113.7,42.1],[-113.7,42.0]],[[-114.0,42.0],[-113.9,42.0],[-113.9,41.9],[-113.6,41.9],[-113.6,41.8],[-114.0,41.8],[-114.0,42.0]],[[-107.8,42.2],[-107.8,42.4],[-107.6,42.4],[-107.6,42.2],[-107.8,42.2]],[[-114.1,42.3],[-114.1,42.0],[-114.4,42.0],[-114.4,42.2],[-114.5,42.2],[-114.5,42.3],[-114.1,42.3]],[[-107.4,42.2],[-107.4,42.3],[-107.2,42.3],[-107.2,42.2],[-107.4,42.2]],[[-118.1,42.1],[-118.1,42.2],[-117.9,42.2],[-117.9,42.1],[-118.1,42.1]],[[-107.1,42.1],[-107.1,42.2],[-106.9,42.2],[-106.9,42.1],[-107.1,42.1]],[[-118.7,41.8],[-118.9,41.8],[-118.9,42.0],[-118.8,42.0],[-118.8,41.9],[-118.7,41.9],[-118.7,41.8]],[[-113.5,41.9],[-113.5,42.0],[-113.3,42.0],[-113.3,41.9],[-113.5,41.9]],[[-117.4,41.8],[-117.4,41.7],[-117.6,41.7],[-117.6,41.9],[-117.3,41.9],[-117.3,41.8],[-117.4,41.8]],[[-114.7,41.6],[-114.7,41.8],[-114.6,41.8],[-114.6,41.6],[-114.7,41.6]],[[-115.1,41.4],[-115.1,41.6],[-115.0,41.6],[-115.0,41.4],[-115.1,41.4]],[[-113.4,39.6],[-113.4,39.0],[-113.5,39.0],[-113.5,39.1],[-113.6,39.1],[-113.6,39.3],[-113.7,39.3],[-113.7,39.6],[-113.8,39.6],[-113.8,39.2],[-113.9,39.2],[-113.9,39.1],[-113.7,39.1],[-113.7,38.9],[-113.8,38.9],[-113.8,39.0],[-114.0,39.0],[-114.0,39.6],[-113.9,39.6],[-113.9,39.7],[-113.8,39.7],[-113.8,40.2],[-114.0,40.2],[-114.0,40.3],[-114.2,40.3],[-114.2,40.8],[-114.3,40.8],[-114.3,41.0],[-114.2,41.0],[-114.2,41.1],[-114.1,41.1],[-114.1,41.0],[-114.0,41.0],[-114.0,41.2],[-113.9,41.2],[-113.9,41.4],[-113.5,41.4],[-113.5,40.9],[-113.4,40.9],[-113.4,40.8],[-113.1,40.8],[-113.1,40.3],[-113.0,40.3],[-113.0,40.2],[-112.8,40.2],[-112.8,40.1],[-112.9,40.1],[-112.9,39.9],[-113.1,39.9],[-113.1,40.0],[-113.2,40.0],[-113.2,39.5],[-113.3,39.5],[-113.3,39.6],[-113.4,39.6]],[[-113.9,39.9],[-113.9,39.7],[-114.1,39.7],[-114.1,39.8],[-114.0,39.8],[-114.0,39.9],[-113.9,39.9]],[[-113.4,38.8],[-113.4,39.0],[-113.3,39.0],[-113.3,39.1],[-113.2,39.1],[-113.2,39.4],[-113.0,39.4],[-113.0,39.5],[-112.9,39.5],[-112.9,39.6],[-112.8,39.6],[-112.8,39.7],[-112.7,39.7],[-112.7,39.3],[-112.6,39.3],[-112.6,39.2],[-112.7,39.2],[-112.7,39.1],[-113.0,39.1],[-113.0,39.0],[-113.1,39.0],[-113.1,38.7],[-113.3,38.7],[-113.3,38.4],[-113.5,38.4],[-113.5,38.8],[-113.4,38.8]],[[-109.3,41.1],[-109.3,41.0],[-109.4,41.0],[-109.4,41.2],[-109.2,41.2],[-109.2,41.1],[-109.3,41.1]],[[-117.7,41.1],[-117.5,41.1],[-117.5,41.0],[-117.7,41.0],[-117.7,41.1]],[[-117.1,40.8],[-117.4,40.8],[-117.4,40.9],[-117.3,40.9],[-117.3,41.1],[-117.2,41.1],[-117.2,40.9],[-117.1,40.9],[-117.1,40.8]],[[-109.1,40.9],[-109.1,41.1],[-108.9,41.1],[-108.9,41.0],[-108.8,41.0],[-108.8,40.8],[-108.9,40.8],[-108.9,40.9],[-109.1,40.9]],[[-115.1,40.8],[-115.3,40.8],[-115.3,41.0],[-115.2,41.0],[-115.2,40.9],[-115.1,40.9],[-115.1,40.8]],[[-115.5,40.8],[-115.3,40.8],[-115.3,40.6],[-115.4,40.6],[-115.4,40.4],[-115.5,40.4],[-115.5,40.2],[-115.6,40.2],[-115.6,40.7],[-115.5,40.7],[-115.5,40.8]],[[-112.6,40.2],[-112.6,40.5],[-112.7,40.5],[-112.7,40.6],[-112.5,40.6],[-112.5,40.2],[-112.6,40.2]],[[-108.9,40.5],[-108.9,40.6],[-108.6,40.6],[-108.6,40.3],[-109.0,40.3],[-109.0,40.4],[-108.7,40.4],[-108.7,40.5],[-108.9,40.5]],[[-116.0,40.3],[-116.0,40.5],[-115.9,40.5],[-115.9,40.3],[-116.0,40.3]],[[-115.1,40.2],[-115.3,40.2],[-115.3,40.3],[-115.1,40.3],[-115.1,40.2]],[[-115.4,40.2],[-115.3,40.2],[-115.3,40.0],[-115.4,40.0],[-115.4,40.2]],[[-109.5,40.0],[-109.9,40.0],[-109.9,40.1],[-109.8,40.1],[-109.8,40.2],[-109.6,40.2],[-109.6,40.1],[-109.5,40.1],[-109.5,40.0]],[[-112.0,40.0],[-112.0,39.7],[-112.1,39.7],[-112.1,39.9],[-112.3,39.9],[-112.3,39.8],[-112.4,39.8],[-112.4,39.9],[-112.6,39.9],[-112.6,40.1],[-112.5,40.1],[-112.5,40.0],[-112.2,40.0],[-112.2,40.1],[-112.1,40.1],[-112.1,40.0],[-112.0,40.0]],[[-116.4,39.8],[-116.4,39.9],[-116.2,39.9],[-116.2,39.8],[-116.4,39.8]],[[-117.0,39.6],[-117.0,39.8],[-116.9,39.8],[-116.9,39.6],[-117.0,39.6]],[[-114.6,39.6],[-114.6,39.4],[-114.5,39.4],[-114.5,39.3],[-114.6,39.3],[-114.6,39.2],[-114.8,39.2],[-114.8,39.3],[-114.7,39.3],[-114.7,39.6],[-114.6,39.6]],[[-114.1,39.3],[-114.1,39.2],[-114.3,39.2],[-114.3,39.5],[-114.2,39.5],[-114.2,39.3],[-114.1,39.3]],[[-111.7,39.4],[-111.7,39.3],[-111.9,39.3],[-111.9,39.5],[-111.8,39.5],[-111.8,39.4],[-111.7,39.4]],[[-112.2,38.7],[-112.4,38.7],[-112.4,38.9],[-112.2,38.9],[-112.2,39.2],[-112.1,39.2],[-112.1,39.3],[-112.0,39.3],[-112.0,39.1],[-112.1,39.1],[-112.1,38.8],[-112.2,38.8],[-112.2,38.7]],[[-112.5,38.7],[-112.4,38.7],[-112.4,38.5],[-112.3,38.5],[-112.3,38.2],[-112.4,38.2],[-112.4,38.0],[-112.5,38.0],[-112.5,38.2],[-112.6,38.2],[-112.6,38.6],[-112.5,38.6],[-112.5,38.7]],[[-112.6,38.0],[-112.5,38.0],[-112.5,37.5],[-112.4,37.5],[-112.4,37.7],[-112.3,37.7],[-112.3,38.1],[-112.1,38.1],[-112.1,37.7],[-112.2,37.7],[-112.2,37.4],[-112.3,37.4],[-112.3,37.3],[-112.8,37.3],[-112.8,37.2],[-113.0,37.2],[-113.0,37.4],[-113.1,37.4],[-113.1,37.6],[-113.0,37.6],[-113.0,37.8],[-112.8,37.8],[-112.8,37.9],[-112.6,37.9],[-112.6,38.0]],[[-109.7,38.8],[-109.7,38.7],[-110.0,38.7],[-110.0,38.5],[-109.9,38.5],[-109.9,38.2],[-110.0,38.2],[-110.0,38.3],[-110.1,38.3],[-110.1,38.5],[-110.5,38.5],[-110.5,38.4],[-110.4,38.4],[-110.4,38.1],[-110.3,38.1],[-110.3,37.6],[-110.2,37.6],[-110.2,37.5],[-110.1,37.5],[-110.1,37.3],[-110.0,37.3],[-110.0,37.2],[-109.9,37.2],[-109.9,37.3],[-109.7,37.3],[-109.7,37.4],[-109.4,37.4],[-109.4,37.3],[-109.2,37.3],[-109.2,37.2],[-109.1,37.2],[-109.1,37.1],[-109.0,37.1],[-109.0,37.0],[-108.9,37.0],[-108.9,36.9],[-108.6,36.9],[-108.6,36.8],[-108.4,36.8],[-108.4,36.4],[-108.3,36.4],[-108.3,36.3],[-108.1,36.3],[-108.1,36.2],[-108.2,36.2],[-108.2,36.1],[-108.3,36.1],[-108.3,36.0],[-108.5,36.0],[-108.5,35.9],[-108.6,35.9],[-108.6,36.1],[-108.7,36.1],[-108.7,36.3],[-108.8,36.3],[-108.8,36.5],[-108.9,36.5],[-108.9,36.6],[-109.1,36.6],[-109.1,36.7],[-109.0,36.7],[-109.0,36.9],[-109.4,36.9],[-109.4,36.8],[-109.3,36.8],[-109.3,36.7],[-109.4,36.7],[-109.4,36.5],[-109.3,36.5],[-109.3,36.4],[-109.5,36.4],[-109.5,36.0],[-109.7,36.0],[-109.7,36.5],[-109.9,36.5],[-109.9,36.6],[-110.1,36.6],[-110.1,36.7],[-110.3,36.7],[-110.3,36.9],[-110.4,36.9],[-110.4,37.0],[-110.6,37.0],[-110.6,37.1],[-110.7,37.1],[-110.7,37.0],[-110.8,37.0],[-110.8,37.1],[-110.9,37.1],[-110.9,36.8],[-111.1,36.8],[-111.1,36.6],[-111.2,36.6],[-111.2,36.7],[-111.4,36.7],[-111.4,36.8],[-111.6,36.8],[-111.6,36.7],[-111.7,36.7],[-111.7,36.6],[-111.8,36.6],[-111.8,36.8],[-111.7,36.8],[-111.7,37.0],[-111.9,37.0],[-111.9,37.2],[-111.6,37.2],[-111.6,37.3],[-111.2,37.3],[-111.2,37.2],[-111.1,37.2],[-111.1,37.1],[-111.0,37.1],[-111.0,37.3],[-111.1,37.3],[-111.1,37.4],[-111.2,37.4],[-111.2,37.6],[-111.3,37.6],[-111.3,37.7],[-111.1,37.7],[-111.1,37.6],[-111.0,37.6],[-111.0,37.5],[-110.9,37.5],[-110.9,37.7],[-111.0,37.7],[-111.0,37.9],[-110.8,37.9],[-110.8,37.8],[-110.6,37.8],[-110.6,38.0],[-110.7,38.0],[-110.7,38.2],[-111.0,38.2],[-111.0,38.0],[-111.1,38.0],[-111.1,38.2],[-111.2,38.2],[-111.2,38.8],[-111.1,38.8],[-111.1,38.5],[-111.0,38.5],[-111.0,38.7],[-110.9,38.7],[-110.9,38.6],[-110.8,38.6],[-110.8,38.7],[-110.6,38.7],[-110.6,38.8],[-110.5,38.8],[-110.5,39.0],[-110.4,39.0],[-110.4,39.3],[-110.3,39.3],[-110.3,39.1],[-110.0,39.1],[-110.0,39.0],[-109.9,39.0],[-109.9,38.9],[-109.8,38.9],[-109.8,38.8],[-109.7,38.8]],[[-109.7,38.5],[-109.7,38.7],[-109.6,38.7],[-109.6,38.4],[-109.7,38.4],[-109.7,38.2],[-109.8,38.2],[-109.8,38.5],[-109.7,38.5]],[[-114.4,38.9],[-114.4,39.1],[-114.3,39.1],[-114.3,39.0],[-114.2,39.0],[-114.2,38.8],[-114.3,38.8],[-114.3,38.9],[-114.4,38.9]],[[-114.7,38.8],[-114.7,39.0],[-114.6,39.0],[-114.6,38.8],[-114.7,38.8]],[[-113.7,38.6],[-113.8,38.6],[-113.8,38.7],[-113.6,38.7],[-113.6,38.5],[-113.7,38.5],[-113.7,38.6]],[[-112.0,38.6],[-112.0,38.7],[-111.9,38.7],[-111.9,38.5],[-112.0,38.5],[-112.0,38.2],[-112.1,38.2],[-112.1,38.6],[-112.0,38.6]],[[-109.3,38.3],[-109.3,38.6],[-109.0,38.6],[-109.0,38.3],[-109.3,38.3]],[[-114.3,38.2],[-114.3,38.1],[-114.4,38.1],[-114.4,38.4],[-114.2,38.4],[-114.2,38.2],[-114.3,38.2]],[[-111.3,38.2],[-111.3,38.0],[-111.5,38.0],[-111.5,37.9],[-111.8,37.9],[-111.8,37.7],[-112.0,37.7],[-112.0,38.0],[-111.9,38.0],[-111.9,38.4],[-111.8,38.4],[-111.8,38.3],[-111.7,38.3],[-111.7,38.2],[-111.6,38.2],[-111.6,38.3],[-111.5,38.3],[-111.5,38.2],[-111.3,38.2]],[[-113.9,38.1],[-113.9,38.3],[-113.8,38.3],[-113.8,38.1],[-113.9,38.1]],[[-104.0,38.0],[-104.1,38.0],[-104.1,38.1],[-104.2,38.1],[-104.2,38.2],[-103.9,38.2],[-103.9,38.1],[-104.0,38.1],[-104.0,38.0]],[[-114.1,37.9],[-114.1,38.1],[-114.0,38.1],[-114.0,37.9],[-114.1,37.9]],[[-109.5,37.7],[-109.5,38.0],[-109.3,38.0],[-109.3,37.7],[-109.5,37.7]],[[-109.6,37.9],[-109.6,37.8],[-109.7,37.8],[-109.7,37.6],[-109.9,37.6],[-109.9,37.7],[-110.0,37.7],[-110.0,37.8],[-109.9,37.8],[-109.9,37.9],[-109.6,37.9]],[[-113.5,37.5],[-113.5,37.6],[-113.3,37.6],[-113.3,37.5],[-113.4,37.5],[-113.4,37.4],[-113.6,37.4],[-113.6,37.5],[-113.5,37.5]],[[-104.5,37.0],[-104.5,37.1],[-104.3,37.1],[-104.3,37.0],[-104.2,37.0],[-104.2,36.9],[-104.4,36.9],[-104.4,37.0],[-104.5,37.0]],[[-112.1,36.9],[-112.1,36.5],[-112.0,36.5],[-112.0,36.2],[-112.2,36.2],[-112.2,36.3],[-112.3,36.3],[-112.3,36.4],[-112.5,36.4],[-112.5,36.6],[-112.3,36.6],[-112.3,36.8],[-112.2,36.8],[-112.2,36.9],[-112.1,36.9]],[[-111.0,36.5],[-110.8,36.5],[-110.8,36.3],[-110.7,36.3],[-110.7,36.2],[-110.6,36.2],[-110.6,36.1],[-110.7,36.1],[-110.7,35.9],[-110.6,35.9],[-110.6,36.0],[-110.5,36.0],[-110.5,35.9],[-110.3,35.9],[-110.3,35.8],[-110.4,35.8],[-110.4,35.7],[-110.2,35.7],[-110.2,35.6],[-110.4,35.6],[-110.4,35.2],[-110.2,35.2],[-110.2,35.3],[-110.1,35.3],[-110.1,35.2],[-110.0,35.2],[-110.0,35.1],[-110.1,35.1],[-110.1,35.0],[-109.9,35.0],[-109.9,34.9],[-110.8,34.9],[-110.8,35.0],[-110.9,35.0],[-110.9,35.1],[-111.0,35.1],[-111.0,35.2],[-111.1,35.2],[-111.1,35.3],[-111.2,35.3],[-111.2,35.4],[-111.3,35.4],[-111.3,35.5],[-111.4,35.5],[-111.4,35.7],[-111.5,35.7],[-111.5,35.9],[-111.6,35.9],[-111.6,36.2],[-111.5,36.2],[-111.5,36.5],[-111.2,36.5],[-111.2,36.4],[-111.0,36.4],[-111.0,36.5]],[[-109.0,36.1],[-109.0,36.3],[-108.9,36.3],[-108.9,36.1],[-109.0,36.1]],[[-113.5,35.7],[-113.5,35.8],[-113.4,35.8],[-113.4,36.1],[-113.3,36.1],[-113.3,35.7],[-113.5,35.7]],[[-113.5,35.9],[-113.5,35.8],[-113.7,35.8],[-113.7,35.9],[-113.5,35.9]],[[-112.0,36.0],[-112.0,35.9],[-112.2,35.9],[-112.2,36.1],[-112.1,36.1],[-112.1,36.0],[-112.0,36.0]],[[-112.0,35.8],[-112.0,35.9],[-111.8,35.9],[-111.8,35.8],[-112.0,35.8]],[[-107.4,35.4],[-107.4,35.3],[-107.5,35.3],[-107.5,35.2],[-107.7,35.2],[-107.7,35.3],[-107.6,35.3],[-107.6,35.4],[-107.5,35.4],[-107.5,35.5],[-107.3,35.5],[-107.3,35.4],[-107.4,35.4]],[[-108.2,35.3],[-108.2,35.2],[-108.1,35.2],[-108.1,35.0],[-108.2,35.0],[-108.2,35.1],[-108.3,35.1],[-108.3,35.2],[-108.5,35.2],[-108.5,35.4],[-108.3,35.4],[-108.3,35.3],[-108.2,35.3]],[[-113.0,34.8],[-113.0,35.0],[-112.9,35.0],[-112.9,34.8],[-113.0,34.8]],[[-106.3,34.9],[-106.3,34.7],[-106.4,34.7],[-106.4,35.0],[-106.2,35.0],[-106.2,34.9],[-106.3,34.9]],[[-107.2,34.4],[-107.1,34.4],[-107.1,34.2],[-107.2,34.2],[-107.2,34.4]],[[-104.5,34.1],[-104.7,34.1],[-104.7,34.3],[-104.6,34.3],[-104.6,34.2],[-104.5,34.2],[-104.5,34.1]]],[[[-112.3,41.9],[-112.2,41.9],[-112.2,42.2],[-112.4,42.2],[-112.4,42.1],[-112.3,42.1],[-112.3,41.9]]],[[[-114.0,44.0],[-113.8,44.0],[-113.8,44.1],[-113.9,44.1],[-113.9,44.2],[-114.0,44.2],[-114.0,44.0]]],[[[-113.4,44.8],[-113.6,44.8],[-113.6,44.6],[-113.3,44.6],[-113.3,44.5],[-113.2,44.5],[-113.2,44.7],[-113.4,44.7],[-113.4,44.8]]],[[[-113.7,44.8],[-113.6,44.8],[-113.6,45.2],[-113.7,45.2],[-113.7,45.3],[-113.9,45.3],[-113.9,45.2],[-114.0,45.2],[-114.0,44.9],[-114.1,44.9],[-114.1,44.8],[-114.2,44.8],[-114.2,44.7],[-114.3,44.7],[-114.3,44.6],[-114.5,44.6],[-114.5,44.5],[-114.4,44.5],[-114.4,44.2],[-114.3,44.2],[-114.3,44.1],[-114.2,44.1],[-114.2,44.3],[-113.6,44.3],[-113.6,44.5],[-113.7,44.5],[-113.7,44.6],[-113.9,44.6],[-113.9,45.1],[-113.8,45.1],[-113.8,45.0],[-113.7,45.0],[-113.7,44.8]]],[[[-112.8,46.5],[-112.8,46.2],[-112.7,46.2],[-112.7,46.5],[-112.8,46.5]]],[[[-114.1,46.2],[-114.1,46.5],[-114.2,46.5],[-114.2,46.2],[-114.1,46.2]]],[[[-112.9,51.2],[-112.9,51.3],[-113.2,51.3],[-113.2,51.2],[-112.9,51.2]]],[[[-103.9,23.0],[-103.9,22.8],[-103.8,22.8],[-103.8,23.0],[-103.9,23.0]]],[[[-103.8,23.5],[-104.0,23.5],[-104.0,23.6],[-104.1,23.6],[-104.1,23.7],[-104.2,23.7],[-104.2,23.6],[-104.3,23.6],[-104.3,23.5],[-104.2,23.5],[-104.2,23.2],[-104.1,23.2],[-104.1,23.1],[-103.7,23.1],[-103.7,23.0],[-103.6,23.0],[-103.6,23.1],[-103.5,23.1],[-103.5,22.9],[-103.3,22.9],[-103.3,22.8],[-103.4,22.8],[-103.4,22.4],[-103.3,22.4],[-103.3,22.7],[-103.2,22.7],[-103.2,22.6],[-103.1,22.6],[-103.1,22.7],[-103.0,22.7],[-103.0,22.9],[-102.9,22.9],[-102.9,22.8],[-102.7,22.8],[-102.7,22.9],[-102.8,22.9],[-102.8,23.1],[-102.9,23.1],[-102.9,23.2],[-103.0,23.2],[-103.0,23.1],[-103.1,23.1],[-103.1,23.0],[-103.2,23.0],[-103.2,23.1],[-103.3,23.1],[-103.3,23.3],[-103.1,23.3],[-103.1,23.5],[-103.4,23.5],[-103.4,23.9],[-103.5,23.9],[-103.5,24.0],[-103.6,24.0],[-103.6,24.1],[-103.7,24.1],[-103.7,24.2],[-104.0,24.2],[-104.0,24.1],[-103.9,24.1],[-103.9,24.0],[-103.7,24.0],[-103.7,23.9],[-103.9,23.9],[-103.9,23.6],[-103.8,23.6],[-103.8,23.5]],[[-104.1,23.5],[-104.0,23.5],[-104.0,23.4],[-103.9,23.4],[-103.9,23.2],[-104.0,23.2],[-104.0,23.3],[-104.1,23.3],[-104.1,23.5]]],[[[-104.7,23.9],[-104.7,24.1],[-104.8,24.1],[-104.8,24.0],[-104.9,24.0],[-104.9,23.9],[-104.7,23.9]]],[[[-104.8,24.7],[-104.9,24.7],[-104.9,24.5],[-104.8,24.5],[-104.8,24.7]]],[[[-105.2,24.6],[-105.2,24.8],[-105.4,24.8],[-105.4,24.7],[-105.3,24.7],[-105.3,24.5],[-105.2,24.5],[-105.2,24.4],[-105.1,24.4],[-105.1,24.6],[-105.2,24.6]]],[[[-105.2,24.9],[-105.2,24.8],[-105.1,24.8],[-105.1,25.0],[-105.2,25.0],[-105.2,25.1],[-105.1,25.1],[-105.1,25.3],[-105.2,25.3],[-105.2,25.2],[-105.4,25.2],[-105.4,25.0],[-105.3,25.0],[-105.3,24.9],[-105.2,24.9]]],[[[-104.8,25.1],[-104.7,25.1],[-104.7,25.2],[-104.8,25.2],[-104.8,25.3],[-104.9,25.3],[-104.9,25.2],[-105.0,25.2],[-105.0,25.0],[-104.8,25.0],[-104.8,25.1]]],[[[-104.9,26.0],[-105.1,26.0],[-105.1,25.9],[-105.0,25.9],[-105.0,25.8],[-104.9,25.8],[-104.9,26.0]]],[[[-105.6,25.2],[-105.6,25.3],[-105.4,25.3],[-105.4,25.4],[-105.6,25.4],[-105.6,25.5],[-105.5,25.5],[-105.5,25.8],[-105.6,25.8],[-105.6,26.0],[-105.7,26.0],[-105.7,26.1],[-105.8,26.1],[-105.8,26.2],[-105.7,26.2],[-105.7,26.8],[-105.8,26.8],[-105.8,26.9],[-106.2,26.9],[-106.2,26.6],[-106.1,26.6],[-106.1,26.8],[-106.0,26.8],[-106.0,26.6],[-105.9,26.6],[-105.9,26.5],[-105.8,26.5],[-105.8,26.3],[-105.9,26.3],[-105.9,25.7],[-105.8,25.7],[-105.8,25.5],[-105.9,25.5],[-105.9,25.3],[-105.8,25.3],[-105.8,25.2],[-105.6,25.2]]],[[[-105.2,26.0],[-105.1,26.0],[-105.1,26.2],[-105.2,26.2],[-105.2,26.3],[-105.3,26.3],[-105.3,26.1],[-105.2,26.1],[-105.2,26.0]]],[[[-106.7,27.5],[-106.7,27.2],[-106.6,27.2],[-106.6,27.5],[-106.7,27.5]]],[[[-106.4,27.8],[-106.5,27.8],[-106.5,27.7],[-106.6,27.7],[-106.6,27.6],[-106.4,27.6],[-106.4,27.8]]],[[[-107.8,30.0],[-107.8,30.2],[-108.0,30.2],[-108.0,30.1],[-108.1,30.1],[-108.1,30.5],[-108.3,30.5],[-108.3,30.6],[-108.4,30.6],[-108.4,30.7],[-108.8,30.7],[-108.8,30.8],[-108.9,30.8],[-108.9,30.6],[-108.5,30.6],[-108.5,30.4],[-108.6,30.4],[-108.6,30.3],[-108.5,30.3],[-108.5,30.2],[-108.4,30.2],[-108.4,30.0],[-108.1,30.0],[-108.1,29.7],[-108.0,29.7],[-108.0,29.6],[-107.9,29.6],[-107.9,29.5],[-108.1,29.5],[-108.1,29.4],[-108.0,29.4],[-108.0,29.2],[-108.2,29.2],[-108.2,29.1],[-108.1,29.1],[-108.1,29.0],[-108.2,29.0],[-108.2,28.8],[-108.1,28.8],[-108.1,28.7],[-108.0,28.7],[-108.0,28.5],[-107.8,28.5],[-107.8,28.4],[-107.6,28.4],[-107.6,28.3],[-107.5,28.3],[-107.5,28.2],[-107.3,28.2],[-107.3,28.1],[-107.2,28.1],[-107.2,27.7],[-107.4,27.7],[-107.4,27.6],[-107.3,27.6],[-107.3,27.5],[-107.0,27.5],[-107.0,27.4],[-106.9,27.4],[-106.9,27.3],[-106.8,27.3],[-106.8,27.5],[-106.9,27.5],[-106.9,27.6],[-106.7,27.6],[-106.7,27.8],[-106.8,27.8],[-106.8,28.0],[-106.6,28.0],[-106.6,28.2],[-106.7,28.2],[-106.7,28.4],[-106.5,28.4],[-106.5,28.5],[-106.3,28.5],[-106.3,28.7],[-106.4,28.7],[-106.4,29.3],[-106.5,29.3],[-106.5,29.5],[-106.6,29.5],[-106.6,29.6],[-106.7,29.6],[-106.7,29.7],[-106.9,29.7],[-106.9,29.8],[-107.0,29.8],[-107.0,29.6],[-107.1,29.6],[-107.1,29.8],[-107.2,29.8],[-107.2,29.9],[-107.3,29.9],[-107.3,29.8],[-107.4,29.8],[-107.4,29.7],[-107.5,29.7],[-107.5,29.8],[-107.6,29.8],[-107.6,29.9],[-107.7,29.9],[-107.7,30.0],[-107.8,30.0]],[[-107.0,27.7],[-107.0,27.9],[-106.9,27.9],[-106.9,27.7],[-107.0,27.7]]],[[[-103.5,30.3],[-103.8,30.3],[-103.8,30.2],[-103.5,30.2],[-103.5,30.3]]],[[[-103.9,30.3],[-103.8,30.3],[-103.8,30.5],[-104.0,30.5],[-104.0,30.4],[-103.9,30.4],[-103.9,30.3]]],[[[-104.1,30.5],[-104.0,30.5],[-104.0,30.6],[-103.9,30.6],[-103.9,30.8],[-104.0,30.8],[-104.0,31.0],[-104.1,31.0],[-104.1,30.9],[-104.2,30.9],[-104.2,31.0],[-104.4,31.0],[-104.4,30.9],[-104.3,30.9],[-104.3,30.5],[-104.2,30.5],[-104.2,30.4],[-104.1,30.4],[-104.1,30.5]]],[[[-109.0,31.1],[-109.1,31.1],[-109.1,30.9],[-108.9,30.9],[-108.9,31.0],[-108.8,31.0],[-108.8,31.1],[-108.7,31.1],[-108.7,31.5],[-108.6,31.5],[-108.6,31.6],[-108.8,31.6],[-108.8,31.3],[-108.9,31.3],[-108.9,31.2],[-109.0,31.2],[-109.0,31.1]]],[[[-105.0,31.2],[-104.9,31.2],[-104.9,31.5],[-105.1,31.5],[-105.1,31.4],[-105.0,31.4],[-105.0,31.2]]],[[[-108.9,31.9],[-109.0,31.9],[-109.0,31.6],[-109.1,31.6],[-109.1,31.4],[-108.9,31.4],[-108.9,31.9]]],[[[-109.2,31.9],[-109.3,31.9],[-109.3,31.8],[-109.4,31.8],[-109.4,31.6],[-109.3,31.6],[-109.3,31.7],[-109.2,31.7],[-109.2,31.9]]],[[[-109.4,31.9],[-109.3,31.9],[-109.3,32.1],[-109.4,32.1],[-109.4,31.9]]],[[[-107.3,33.0],[-107.3,32.9],[-107.1,32.9],[-107.1,33.0],[-107.3,33.0]]],[[[-109.6,33.1],[-109.4,33.1],[-109.4,33.4],[-109.5,33.4],[-109.5,33.3],[-109.6,33.3],[-109.6,33.2],[-109.7,33.2],[-109.7,33.3],[-109.9,33.3],[-109.9,33.4],[-110.0,33.4],[-110.0,33.5],[-110.1,33.5],[-110.1,33.6],[-110.4,33.6],[-110.4,33.5],[-110.2,33.5],[-110.2,33.3],[-110.0,33.3],[-110.0,33.2],[-109.9,33.2],[-109.9,33.1],[-109.7,33.1],[-109.7,33.0],[-109.6,33.0],[-109.6,33.1]]],[[[-108.0,33.3],[-108.0,33.5],[-108.1,33.5],[-108.1,33.6],[-108.2,33.6],[-108.2,33.3],[-108.3,33.3],[-108.3,33.2],[-108.1,33.2],[-108.1,33.3],[-108.0,33.3]]],[[[-105.6,38.3],[-105.6,38.4],[-105.8,38.4],[-105.8,38.3],[-105.6,38.3]]],[[[-107.6,39.6],[-107.9,39.6],[-107.9,39.5],[-107.6,39.5],[-107.6,39.6]]],[[[-105.2,50.9],[-105.2,50.8],[-105.1,50.8],[-105.1,51.0],[-105.2,51.0],[-105.2,51.1],[-105.3,51.1],[-105.3,51.0],[-105.4,51.0],[-105.4,50.9],[-105.2,50.9]]],[[[-108.9,52.2],[-108.9,52.0],[-108.8,52.0],[-108.8,52.2],[-108.9,52.2]]],[[[-98.0,19.8],[-98.0,19.9],[-98.2,19.9],[-98.2,20.0],[-98.1,20.0],[-98.1,20.1],[-98.2,20.1],[-98.2,20.2],[-98.3,20.2],[-98.3,20.3],[-98.4,20.3],[-98.4,20.4],[-98.6,20.4],[-98.6,20.2],[-98.8,20.2],[-98.8,20.4],[-98.9,20.4],[-98.9,20.2],[-99.1,20.2],[-99.1,20.1],[-99.2,20.1],[-99.2,20.0],[-99.3,20.0],[-99.3,19.9],[-99.2,19.9],[-99.2,19.7],[-99.1,19.7],[-99.1,19.8],[-99.0,19.8],[-99.0,19.6],[-98.9,19.6],[-98.9,19.4],[-98.8,19.4],[-98.8,19.5],[-98.7,19.5],[-98.7,19.6],[-98.4,19.6],[-98.4,19.5],[-98.1,19.5],[-98.1,19.7],[-98.3,19.7],[-98.3,19.8],[-98.0,19.8]]],[[[-99.0,20.7],[-99.3,20.7],[-99.3,20.6],[-99.0,20.6],[-99.0,20.7]]],[[[-100.4,20.8],[-100.2,20.8],[-100.2,21.0],[-100.4,21.0],[-100.4,20.8]]],[[[-100.7,21.4],[-100.4,21.4],[-100.4,21.5],[-100.7,21.5],[-100.7,21.4]]],[[[-101.3,21.5],[-101.3,21.6],[-101.2,21.6],[-101.2,21.7],[-101.1,21.7],[-101.1,21.8],[-101.2,21.8],[-101.2,21.9],[-101.3,21.9],[-101.3,21.7],[-101.4,21.7],[-101.4,21.5],[-101.3,21.5]]],[[[-100.7,21.9],[-100.6,21.9],[-100.6,22.1],[-100.7,22.1],[-100.7,21.9]]],[[[-101.1,21.9],[-101.0,21.9],[-101.0,22.1],[-101.1,22.1],[-101.1,22.2],[-101.2,22.2],[-101.2,22.1],[-101.3,22.1],[-101.3,22.0],[-101.1,22.0],[-101.1,21.9]]],[[[-101.9,22.1],[-101.7,22.1],[-101.7,22.2],[-101.9,22.2],[-101.9,22.1]]],[[[-101.4,22.3],[-101.3,22.3],[-101.3,22.4],[-101.6,22.4],[-101.6,22.5],[-101.7,22.5],[-101.7,22.3],[-101.6,22.3],[-101.6,22.2],[-101.4,22.2],[-101.4,22.3]]],[[[-102.6,22.8],[-102.7,22.8],[-102.7,22.4],[-102.5,22.4],[-102.5,22.3],[-102.4,22.3],[-102.4,22.6],[-102.5,22.6],[-102.5,22.9],[-102.6,22.9],[-102.6,22.8]]],[[[-101.3,23.6],[-101.4,23.6],[-101.4,23.3],[-101.5,23.3],[-101.5,23.2],[-101.3,23.2],[-101.3,23.0],[-101.2,23.0],[-101.2,23.1],[-101.1,23.1],[-101.1,23.2],[-101.0,23.2],[-101.0,23.3],[-101.1,23.3],[-101.1,23.4],[-101.2,23.4],[-101.2,23.5],[-101.3,23.5],[-101.3,23.6]]],[[[-100.9,23.4],[-100.8,23.4],[-100.8,23.8],[-100.9,23.8],[-100.9,23.4]]],[[[-101.6,23.6],[-101.4,23.6],[-101.4,23.8],[-101.6,23.8],[-101.6,23.6]]],[[[-102.6,24.1],[-102.8,24.1],[-102.8,24.0],[-102.7,24.0],[-102.7,23.9],[-102.6,23.9],[-102.6,24.1]]],[[[-101.2,24.2],[-101.1,24.2],[-101.1,24.4],[-101.2,24.4],[-101.2,24.2]]],[[[-101.6,24.5],[-101.4,24.5],[-101.4,24.7],[-101.6,24.7],[-101.6,24.5]]],[[[-100.3,24.9],[-100.3,25.0],[-100.4,25.0],[-100.4,25.1],[-100.5,25.1],[-100.5,25.4],[-100.7,25.4],[-100.7,25.5],[-100.6,25.5],[-100.6,25.6],[-100.8,25.6],[-100.8,25.4],[-101.0,25.4],[-101.0,25.3],[-101.1,25.3],[-101.1,25.2],[-101.6,25.2],[-101.6,25.3],[-101.7,25.3],[-101.7,25.1],[-101.5,25.1],[-101.5,25.0],[-101.4,25.0],[-101.4,25.1],[-101.0,25.1],[-101.0,24.9],[-100.9,24.9],[-100.9,24.8],[-100.8,24.8],[-100.8,25.0],[-100.9,25.0],[-100.9,25.1],[-100.6,25.1],[-100.6,24.7],[-100.7,24.7],[-100.7,24.6],[-100.6,24.6],[-100.6,24.5],[-100.4,24.5],[-100.4,24.6],[-100.3,24.6],[-100.3,24.5],[-100.2,24.5],[-100.2,24.4],[-100.1,24.4],[-100.1,24.3],[-99.9,24.3],[-99.9,24.4],[-100.0,24.4],[-100.0,24.7],[-100.1,24.7],[-100.1,24.9],[-100.3,24.9]]],[[[-102.3,27.1],[-102.5,27.1],[-102.5,27.0],[-102.3,27.0],[-102.3,27.1]]],[[[-102.7,27.1],[-102.5,27.1],[-102.5,27.2],[-102.7,27.2],[-102.7,27.1]]],[[[-102.7,27.6],[-102.7,27.4],[-102.6,27.4],[-102.6,27.6],[-102.7,27.6]]],[[[-102.6,28.6],[-102.6,28.3],[-102.5,28.3],[-102.5,28.6],[-102.6,28.6]]],[[[-102.0,29.1],[-102.2,29.1],[-102.2,28.8],[-102.1,28.8],[-102.1,29.0],[-102.0,29.0],[-102.0,29.1]]],[[[-100.4,40.7],[-100.7,40.7],[-100.7,40.6],[-100.5,40.6],[-100.5,40.5],[-100.3,40.5],[-100.3,40.6],[-100.4,40.6],[-100.4,40.7]]],[[[-100.0,44.0],[-100.0,43.9],[-99.8,43.9],[-99.8,44.0],[-100.0,44.0]]],[[[-99.9,44.3],[-100.0,44.3],[-100.0,44.1],[-99.8,44.1],[-99.8,44.2],[-99.9,44.2],[-99.9,44.3]]],[[[-101.9,47.6],[-102.2,47.6],[-102.2,47.5],[-101.9,47.5],[-101.9,47.6]]]]}},
{"type":"Feature","properties":{"k":"Csa"},"geometry":{"type":"MultiPolygon","coordinates":[[[[-123.1,41.7],[-123.0,41.7],[-123.0,41.5],[-122.9,41.5],[-122.9,41.3],[-122.7,41.3],[-122.7,41.4],[-122.8,41.4],[-122.8,41.6],[-122.6,41.6],[-122.6,41.4],[-122.4,41.4],[-122.4,41.1],[-122.5,41.1],[-122.5,41.0],[-122.6,41.0],[-122.6,41.2],[-122.7,41.2],[-122.7,41.1],[-122.8,41.1],[-122.8,40.9],[-122.9,40.9],[-122.9,40.8],[-123.0,40.8],[-123.0,40.9],[-123.2,40.9],[-123.2,40.8],[-123.3,40.8],[-123.3,40.7],[-123.1,40.7],[-123.1,40.6],[-123.3,40.6],[-123.3,40.5],[-123.2,40.5],[-123.2,40.4],[-123.0,40.4],[-123.0,40.3],[-122.9,40.3],[-122.9,40.2],[-122.8,40.2],[-122.8,40.1],[-122.7,40.1],[-122.7,39.9],[-122.9,39.9],[-122.9,39.8],[-122.8,39.8],[-122.8,39.7],[-122.7,39.7],[-122.7,39.3],[-122.8,39.3],[-122.8,39.5],[-123.0,39.5],[-123.0,39.7],[-123.1,39.7],[-123.1,39.8],[-123.0,39.8],[-123.0,39.9],[-123.2,39.9],[-123.2,40.1],[-123.3,40.1],[-123.3,40.2],[-123.4,40.2],[-123.4,40.1],[-123.5,40.1],[-123.5,40.2],[-123.6,40.2],[-123.6,40.3],[-123.8,40.3],[-123.8,40.2],[-123.7,40.2],[-123.7,40.1],[-123.6,40.1],[-123.6,40.0],[-123.5,40.0],[-123.5,39.8],[-123.4,39.8],[-123.4,39.6],[-123.3,39.6],[-123.3,39.4],[-123.2,39.4],[-123.2,39.3],[-123.3,39.3],[-123.3,39.1],[-123.2,39.1],[-123.2,38.8],[-123.1,38.8],[-123.1,38.7],[-123.0,38.7],[-123.0,38.6],[-122.9,38.6],[-122.9,38.5],[-122.8,38.5],[-122.8,38.4],[-122.6,38.4],[-122.6,38.3],[-122.5,38.3],[-122.5,38.1],[-122.3,38.1],[-122.3,38.0],[-122.1,38.0],[-122.1,37.9],[-122.0,37.9],[-122.0,37.7],[-121.9,37.7],[-121.9,37.6],[-122.0,37.6],[-122.0,37.4],[-121.9,37.4],[-121.9,37.3],[-121.8,37.3],[-121.8,37.2],[-121.7,37.2],[-121.7,37.1],[-121.6,37.1],[-121.6,37.0],[-121.5,37.0],[-121.5,36.9],[-121.4,36.9],[-121.4,36.7],[-121.3,36.7],[-121.3,36.6],[-121.2,36.6],[-121.2,36.5],[-121.4,36.5],[-121.4,36.3],[-121.3,36.3],[-121.3,36.0],[-121.2,36.0],[-121.2,35.9],[-121.1,35.9],[-121.1,35.8],[-121.0,35.8],[-121.0,35.7],[-120.8,35.7],[-120.8,35.5],[-120.7,35.5],[-120.7,35.4],[-120.6,35.4],[-120.6,35.3],[-120.5,35.3],[-120.5,35.2],[-120.4,35.2],[-120.4,35.1],[-120.3,35.1],[-120.3,35.0],[-120.2,35.0],[-120.2,34.9],[-120.3,34.9],[-120.3,34.8],[-120.2,34.8],[-120.2,34.6],[-119.9,34.6],[-119.9,34.5],[-120.0,34.5],[-120.0,34.4],[-119.8,34.4],[-119.8,34.3],[-119.7,34.3],[-119.7,34.4],[-119.6,34.4],[-119.6,34.3],[-119.4,34.3],[-119.4,34.2],[-119.3,34.2],[-119.3,34.1],[-119.1,34.1],[-119.1,34.0],[-118.5,34.0],[-118.5,34.1],[-118.2,34.1],[-118.2,34.0],[-118.0,34.0],[-118.0,33.9],[-117.7,33.9],[-117.7,33.7],[-117.5,33.7],[-117.5,33.8],[-117.6,33.8],[-117.6,34.0],[-117.4,34.0],[-117.4,34.1],[-117.3,34.1],[-117.3,34.2],[-117.2,34.2],[-117.2,34.0],[-117.1,34.0],[-117.1,33.9],[-117.0,33.9],[-117.0,33.8],[-116.9,33.8],[-116.9,33.7],[-117.0,33.7],[-117.0,33.6],[-116.9,33.6],[-116.9,33.5],[-117.1,33.5],[-117.1,33.4],[-117.0,33.4],[-117.0,33.3],[-117.1,33.3],[-117.1,33.2],[-117.0,33.2],[-117.0,33.0],[-116.9,33.0],[-116.9,32.9],[-116.8,32.9],[-116.8,32.7],[-116.7,32.7],[-116.7,32.6],[-116.5,32.6],[-116.5,32.5],[-116.4,32.5],[-116.4,32.6],[-116.3,32.6],[-116.3,32.9],[-116.4,32.9],[-116.4,33.0],[-116.5,33.0],[-116.5,33.4],[-116.6,33.4],[-116.6,33.5],[-116.4,33.5],[-116.4,33.6],[-116.5,33.6],[-116.5,33.7],[-116.6,33.7],[-116.6,33.9],[-116.8,33.9],[-116.8,34.0],[-116.9,34.0],[-116.9,34.1],[-117.0,34.1],[-117.0,34.2],[-117.1,34.2],[-117.1,34.3],[-116.7,34.3],[-116.7,34.4],[-117.5,34.4],[-117.5,34.5],[-118.3,34.5],[-118.3,34.4],[-118.6,34.4],[-118.6,34.6],[-118.3,34.6],[-118.3,34.7],[-118.4,34.7],[-118.4,34.8],[-118.7,34.8],[-118.7,34.9],[-118.5,34.9],[-118.5,35.0],[-118.4,35.0],[-118.4,35.1],[-118.5,35.1],[-118.5,35.2],[-118.7,35.2],[-118.7,35.0],[-118.8,35.0],[-118.8,34.9],[-119.0,34.9],[-119.0,34.8],[-118.9,34.8],[-118.9,34.6],[-119.3,34.6],[-119.3,34.5],[-119.5,34.5],[-119.5,34.6],[-119.8,34.6],[-119.8,34.7],[-120.0,34.7],[-120.0,34.8],[-119.8,34.8],[-119.8,35.0],[-120.0,35.0],[-120.0,35.1],[-119.9,35.1],[-119.9,35.2],[-120.0,35.2],[-120.0,35.3],[-120.1,35.3],[-120.1,35.4],[-120.2,35.4],[-120.2,35.5],[-120.3,35.5],[-120.3,35.6],[-120.5,35.6],[-120.5,35.7],[-120.4,35.7],[-120.4,35.9],[-120.3,35.9],[-120.3,36.0],[-120.5,36.0],[-120.5,36.3],[-120.4,36.3],[-120.4,36.4],[-120.5,36.4],[-120.5,36.5],[-120.8,36.5],[-120.8,36.6],[-120.9,36.6],[-120.9,36.8],[-121.1,36.8],[-121.1,37.2],[-121.2,37.2],[-121.2,37.5],[-121.3,37.5],[-121.3,37.6],[-121.5,37.6],[-121.5,37.8],[-121.7,37.8],[-121.7,37.9],[-121.8,37.9],[-121.8,38.0],[-121.1,38.0],[-121.1,37.9],[-121.0,37.9],[-121.0,37.8],[-120.8,37.8],[-120.8,37.7],[-120.7,37.7],[-120.7,37.6],[-120.6,37.6],[-120.6,37.5],[-120.4,37.5],[-120.4,37.4],[-120.2,37.4],[-120.2,37.3],[-120.1,37.3],[-120.1,37.2],[-120.0,37.2],[-120.0,37.1],[-119.8,37.1],[-119.8,37.0],[-119.7,37.0],[-119.7,36.9],[-119.5,36.9],[-119.5,36.8],[-119.4,36.8],[-119.4,36.7],[-119.3,36.7],[-119.3,36.6],[-119.2,36.6],[-119.2,36.5],[-119.1,36.5],[-119.1,36.4],[-119.0,36.4],[-119.0,36.2],[-118.9,36.2],[-118.9,36.0],[-118.8,36.0],[-118.8,35.5],[-118.7,35.5],[-118.7,35.4],[-118.3,35.4],[-118.3,35.6],[-118.5,35.6],[-118.5,35.7],[-118.2,35.7],[-118.2,35.8],[-118.4,35.8],[-118.4,36.1],[-118.5,36.1],[-118.5,35.8],[-118.6,35.8],[-118.6,35.9],[-118.7,35.9],[-118.7,36.0],[-118.6,36.0],[-118.6,36.2],[-118.7,36.2],[-118.7,36.5],[-118.6,36.5],[-118.6,36.6],[-118.9,36.6],[-118.9,36.7],[-119.0,36.7],[-119.0,36.8],[-118.8,36.8],[-118.8,36.9],[-119.1,36.9],[-119.1,37.1],[-119.3,37.1],[-119.3,37.3],[-119.2,37.3],[-119.2,37.4],[-119.4,37.4],[-119.4,37.3],[-119.5,37.3],[-119.5,37.4],[-119.6,37.4],[-119.6,37.7],[-119.8,37.7],[-119.8,38.0],[-120.1,38.0],[-120.1,38.2],[-120.2,38.2],[-120.2,38.3],[-120.3,38.3],[-120.3,38.5],[-120.4,38.5],[-120.4,38.9],[-120.5,38.9],[-120.5,39.1],[-120.6,39.1],[-120.6,39.2],[-120.7,39.2],[-120.7,39.6],[-120.9,39.6],[-120.9,39.7],[-121.1,39.7],[-121.1,39.8],[-121.0,39.8],[-121.0,39.9],[-120.9,39.9],[-120.9,39.8],[-120.8,39.8],[-120.8,39.7],[-120.5,39.7],[-120.5,39.6],[-120.2,39.6],[-120.2,39.7],[-120.1,39.7],[-120.1,39.6],[-120.0,39.6],[-120.0,39.5],[-119.9,39.5],[-119.9,38.9],[-119.8,38.9],[-119.8,38.7],[-119.7,38.7],[-119.7,38.8],[-119.6,38.8],[-119.6,38.9],[-119.5,38.9],[-119.5,39.2],[-119.6,39.2],[-119.6,39.5],[-119.7,39.5],[-119.7,39.4],[-119.8,39.4],[-119.8,40.0],[-119.9,40.0],[-119.9,40.1],[-120.1,40.1],[-120.1,40.3],[-120.0,40.3],[-120.0,40.4],[-120.1,40.4],[-120.1,40.5],[-120.3,40.5],[-120.3,40.6],[-120.4,40.6],[-120.4,40.7],[-120.8,40.7],[-120.8,40.6],[-120.7,40.6],[-120.7,40.5],[-120.8,40.5],[-120.8,40.3],[-120.5,40.3],[-120.5,40.2],[-120.4,40.2],[-120.4,40.1],[-120.2,40.1],[-120.2,40.0],[-120.1,40.0],[-120.1,39.9],[-120.5,39.9],[-120.5,39.8],[-120.6,39.8],[-120.6,39.9],[-120.8,39.9],[-120.8,40.0],[-120.6,40.0],[-120.6,40.1],[-120.8,40.1],[-120.8,40.2],[-120.9,40.2],[-120.9,40.4],[-121.3,40.4],[-121.3,40.1],[-121.4,40.1],[-121.4,39.9],[-121.5,39.9],[-121.5,40.2],[-121.6,40.2],[-121.6,40.3],[-121.7,40.3],[-121.7,40.6],[-121.8,40.6],[-121.8,40.8],[-121.6,40.8],[-121.6,40.7],[-121.5,40.7],[-121.5,40.6],[-121.4,40.6],[-121.4,40.7],[-121.3,40.7],[-121.3,40.8],[-120.9,40.8],[-120.9,41.0],[-120.8,41.0],[-120.8,41.3],[-120.7,41.3],[-120.7,41.2],[-120.6,41.2],[-120.6,41.4],[-120.8,41.4],[-120.8,41.5],[-120.6,41.5],[-120.6,41.6],[-120.5,41.6],[-120.5,41.5],[-120.4,41.5],[-120.4,41.3],[-120.3,41.3],[-120.3,41.6],[-120.4,41.6],[-120.4,41.7],[-120.3,41.7],[-120.3,42.4],[-120.4,42.4],[-120.4,42.3],[-120.5,42.3],[-120.5,42.2],[-120.7,42.2],[-120.7,42.1],[-120.6,42.1],[-120.6,41.9],[-120.7,41.9],[-120.7,42.0],[-121.0,42.0],[-121.0,42.2],[-121.1,42.2],[-121.1,42.3],[-120.9,42.3],[-120.9,42.5],[-121.1,42.5],[-121.1,42.6],[-121.2,42.6],[-121.2,42.5],[-121.3,42.5],[-121.3,42.6],[-121.4,42.6],[-121.4,42.5],[-121.5,42.5],[-121.5,42.6],[-121.7,42.6],[-121.7,42.5],[-121.6,42.5],[-121.6,42.4],[-122.0,42.4],[-122.0,42.3],[-122.1,42.3],[-122.1,42.2],[-122.3,42.2],[-122.3,42.1],[-122.4,42.1],[-122.4,42.0],[-122.6,42.0],[-122.6,41.9],[-123.4,41.9],[-123.4,41.8],[-123.5,41.8],[-123.5,41.6],[-123.4,41.6],[-123.4,41.7],[-123.3,41.7],[-123.3,41.8],[-123.1,41.8],[-123.1,41.7]],[[-121.1,42.4],[-121.1,42.3],[-121.5,42.3],[-121.5,42.4],[-121.1,42.4]],[[-121.1,40.0],[-121.1,39.8],[-121.3,39.8],[-121.3,39.9],[-121.2,39.9],[-121.2,40.0],[-121.1,40.0]],[[-122.7,41.7],[-123.0,41.7],[-123.0,41.8],[-122.7,41.8],[-122.7,41.7]],[[-121.3,41.7],[-121.5,41.7],[-121.5,41.8],[-121.7,41.8],[-121.7,42.1],[-121.6,42.1],[-121.6,42.2],[-121.2,42.2],[-121.2,42.1],[-121.1,42.1],[-121.1,42.0],[-121.3,42.0],[-121.3,41.9],[-120.9,41.9],[-120.9,41.8],[-121.0,41.8],[-121.0,41.7],[-121.1,41.7],[-121.1,41.6],[-121.3,41.6],[-121.3,41.7]],[[-121.7,41.7],[-121.5,41.7],[-121.5,41.6],[-121.4,41.6],[-121.4,41.5],[-121.8,41.5],[-121.8,41.3],[-121.9,41.3],[-121.9,41.4],[-122.1,41.4],[-122.1,41.3],[-122.3,41.3],[-122.3,41.5],[-122.2,41.5],[-122.2,41.6],[-122.3,41.6],[-122.3,41.9],[-122.1,41.9],[-122.1,41.7],[-122.0,41.7],[-122.0,41.6],[-121.7,41.6],[-121.7,41.7]],[[-121.6,37.5],[-121.6,37.3],[-121.7,37.3],[-121.7,37.5],[-121.6,37.5]],[[-120.9,36.0],[-121.0,36.0],[-121.0,36.1],[-121.1,36.1],[-121.1,36.2],[-121.2,36.2],[-121.2,36.3],[-120.9,36.3],[-120.9,36.2],[-120.8,36.2],[-120.8,36.1],[-120.9,36.1],[-120.9,36.0]],[[-118.0,34.3],[-118.0,34.4],[-117.6,34.4],[-117.6,34.2],[-117.7,34.2],[-117.7,34.3],[-118.0,34.3]]],[[[-123.2,41.3],[-123.4,41.3],[-123.4,41.2],[-123.2,41.2],[-123.2,41.3]]],[[[-123.5,41.3],[-123.4,41.3],[-123.4,41.4],[-123.6,41.4],[-123.6,41.2],[-123.5,41.2],[-123.5,41.3]]],[[[-122.9,42.2],[-122.7,42.2],[-122.7,42.3],[-122.5,42.3],[-122.5,42.5],[-122.4,42.5],[-122.4,42.8],[-122.8,42.8],[-122.8,42.7],[-122.9,42.7],[-122.9,42.6],[-123.2,42.6],[-123.2,42.5],[-123.3,42.5],[-123.3,42.6],[-123.4,42.6],[-123.4,42.7],[-123.5,42.7],[-123.5,42.4],[-123.6,42.4],[-123.6,42.3],[-123.7,42.3],[-123.7,42.0],[-123.6,42.0],[-123.6,42.1],[-123.5,42.1],[-123.5,42.3],[-123.3,42.3],[-123.3,42.1],[-122.9,42.1],[-122.9,42.2]]],[[[-123.1,43.1],[-123.2,43.1],[-123.2,43.2],[-123.1,43.2],[-123.1,43.3],[-123.3,43.3],[-123.3,43.4],[-123.4,43.4],[-123.4,42.9],[-122.8,42.9],[-122.8,43.0],[-123.1,43.0],[-123.1,43.1]]],[[[-122.9,44.1],[-123.0,44.1],[-123.0,44.5],[-122.9,44.5],[-122.9,44.6],[-122.8,44.6],[-122.8,44.7],[-123.1,44.7],[-123.1,44.0],[-123.0,44.0],[-123.0,43.9],[-122.8,43.9],[-122.8,44.0],[-122.9,44.0],[-122.9,44.1]]],[[[-120.0,44.6],[-120.0,44.7],[-120.2,44.7],[-120.2,44.6],[-120.4,44.6],[-120.4,44.5],[-120.1,44.5],[-120.1,44.6],[-120.0,44.6]]],[[[-121.3,44.9],[-121.3,45.0],[-121.4,45.0],[-121.4,44.7],[-121.5,44.7],[-121.5,44.6],[-121.4,44.6],[-121.4,44.4],[-121.3,44.4],[-121.3,44.8],[-121.2,44.8],[-121.2,44.9],[-121.3,44.9]]],[[[-120.0,44.8],[-120.0,44.7],[-119.8,44.7],[-119.8,44.8],[-120.0,44.8]]],[[[-120.7,45.0],[-121.0,45.0],[-121.0,44.9],[-120.7,44.9],[-120.7,45.0]]],[[[-122.3,45.3],[-122.3,45.4],[-122.4,45.4],[-122.4,45.5],[-122.3,45.5],[-122.3,45.6],[-122.4,45.6],[-122.4,45.7],[-122.8,45.7],[-122.8,45.6],[-122.7,45.6],[-122.7,45.5],[-122.8,45.5],[-122.8,45.3],[-122.9,45.3],[-122.9,45.1],[-123.0,45.1],[-123.0,44.9],[-122.8,44.9],[-122.8,45.0],[-122.7,45.0],[-122.7,45.1],[-122.5,45.1],[-122.5,45.2],[-122.6,45.2],[-122.6,45.3],[-122.3,45.3]]],[[[-120.5,46.3],[-120.7,46.3],[-120.7,46.1],[-120.6,46.1],[-120.6,45.9],[-121.2,45.9],[-121.2,45.8],[-121.4,45.8],[-121.4,45.9],[-121.5,45.9],[-121.5,45.8],[-121.6,45.8],[-121.6,45.6],[-121.4,45.6],[-121.4,45.5],[-121.3,45.5],[-121.3,45.2],[-121.4,45.2],[-121.4,45.1],[-121.3,45.1],[-121.3,45.0],[-121.0,45.0],[-121.0,45.1],[-121.1,45.1],[-121.1,45.2],[-120.9,45.2],[-120.9,45.3],[-120.8,45.3],[-120.8,45.4],[-120.7,45.4],[-120.7,45.5],[-120.5,45.5],[-120.5,45.7],[-120.3,45.7],[-120.3,45.8],[-120.2,45.8],[-120.2,45.9],[-120.1,45.9],[-120.1,46.1],[-120.3,46.1],[-120.3,46.2],[-120.5,46.2],[-120.5,46.3]]],[[[-120.9,46.3],[-120.7,46.3],[-120.7,46.5],[-120.6,46.5],[-120.6,46.8],[-120.8,46.8],[-120.8,46.6],[-120.9,46.6],[-120.9,46.3]]],[[[-120.7,47.0],[-120.4,47.0],[-120.4,47.1],[-120.7,47.1],[-120.7,47.0]]],[[[-120.3,47.4],[-120.3,47.5],[-120.4,47.5],[-120.4,47.6],[-120.6,47.6],[-120.6,47.7],[-120.7,47.7],[-120.7,47.5],[-120.5,47.5],[-120.5,47.4],[-120.3,47.4]]],[[[-120.2,47.7],[-120.1,47.7],[-120.1,48.0],[-120.2,48.0],[-120.2,47.7]]],[[[-121.9,49.4],[-121.8,49.4],[-121.8,49.6],[-121.9,49.6],[-121.9,49.4]]],[[[-115.9,32.0],[-115.8,32.0],[-115.8,32.2],[-115.9,32.2],[-115.9,32.3],[-116.0,32.3],[-116.0,32.4],[-116.3,32.4],[-116.3,32.3],[-116.4,32.3],[-116.4,32.2],[-116.3,32.2],[-116.3,32.1],[-116.2,32.1],[-116.2,32.0],[-116.1,32.0],[-116.1,31.9],[-116.0,31.9],[-116.0,31.8],[-115.9,31.8],[-115.9,32.0]]],[[[-117.4,33.7],[-117.5,33.7],[-117.5,33.5],[-117.3,33.5],[-117.3,33.6],[-117.4,33.6],[-117.4,33.7]]],[[[-116.6,34.3],[-116.7,34.3],[-116.7,34.1],[-116.6,34.1],[-116.6,34.3]]],[[[-119.4,34.9],[-119.7,34.9],[-119.7,34.8],[-119.5,34.8],[-119.5,34.7],[-119.2,34.7],[-119.2,34.8],[-119.3,34.8],[-119.3,35.0],[-119.4,35.0],[-119.4,34.9]]],[[[-119.2,34.9],[-119.0,34.9],[-119.0,35.0],[-119.2,35.0],[-119.2,34.9]]],[[[-118.2,36.1],[-118.2,35.8],[-118.0,35.8],[-118.0,35.9],[-118.1,35.9],[-118.1,36.0],[-118.0,36.0],[-118.0,36.1],[-118.2,36.1]]],[[[-118.9,38.1],[-119.1,38.1],[-119.1,38.0],[-119.0,38.0],[-119.0,37.9],[-118.9,37.9],[-118.9,38.1]]],[[[-119.4,38.8],[-119.6,38.8],[-119.6,38.6],[-119.5,38.6],[-119.5,38.5],[-119.4,38.5],[-119.4,38.8]]],[[[-116.3,44.0],[-116.3,43.9],[-116.1,43.9],[-116.1,44.0],[-116.3,44.0]]],[[[-119.0,44.5],[-119.0,44.4],[-118.7,44.4],[-118.7,44.5],[-119.0,44.5]]],[[[-116.5,44.5],[-116.4,44.5],[-116.4,44.8],[-116.5,44.8],[-116.5,44.5]]],[[[-117.3,44.7],[-117.0,44.7],[-117.0,44.9],[-117.1,44.9],[-117.1,44.8],[-117.3,44.8],[-117.3,44.7]]],[[[-119.4,44.7],[-119.3,44.7],[-119.3,44.8],[-119.2,44.8],[-119.2,44.7],[-119.1,44.7],[-119.1,44.8],[-119.0,44.8],[-119.0,44.9],[-119.1,44.9],[-119.1,45.0],[-119.6,45.0],[-119.6,44.9],[-119.4,44.9],[-119.4,44.7]]],[[[-116.9,44.8],[-116.8,44.8],[-116.8,45.1],[-116.9,45.1],[-116.9,44.8]]],[[[-118.0,45.1],[-118.0,45.0],[-117.8,45.0],[-117.8,45.1],[-118.0,45.1]]],[[[-120.1,45.1],[-119.7,45.1],[-119.7,45.2],[-120.1,45.2],[-120.1,45.1]]],[[[-116.4,45.3],[-116.3,45.3],[-116.3,45.5],[-116.4,45.5],[-116.4,45.3]]],[[[-117.9,45.5],[-117.8,45.5],[-117.8,45.6],[-117.7,45.6],[-117.7,45.7],[-117.8,45.7],[-117.8,45.8],[-117.9,45.8],[-117.9,45.6],[-118.1,45.6],[-118.1,45.3],[-118.0,45.3],[-118.0,45.2],[-117.8,45.2],[-117.8,45.4],[-117.9,45.4],[-117.9,45.5]]],[[[-116.4,45.7],[-116.6,45.7],[-116.6,45.4],[-116.5,45.4],[-116.5,45.6],[-116.2,45.6],[-116.2,45.7],[-116.3,45.7],[-116.3,45.8],[-116.4,45.8],[-116.4,45.7]]],[[[-116.0,46.5],[-116.1,46.5],[-116.1,46.6],[-115.9,46.6],[-115.9,46.8],[-115.8,46.8],[-115.8,46.9],[-116.0,46.9],[-116.0,46.8],[-116.3,46.8],[-116.3,46.7],[-116.4,46.7],[-116.4,46.9],[-116.6,46.9],[-116.6,47.0],[-116.8,47.0],[-116.8,47.2],[-116.7,47.2],[-116.7,47.1],[-116.4,47.1],[-116.4,47.3],[-116.5,47.3],[-116.5,47.5],[-116.2,47.5],[-116.2,47.6],[-116.6,47.6],[-116.6,47.7],[-116.7,47.7],[-116.7,47.9],[-116.5,47.9],[-116.5,48.0],[-116.4,48.0],[-116.4,48.1],[-116.1,48.1],[-116.1,48.2],[-116.3,48.2],[-116.3,48.3],[-116.4,48.3],[-116.4,48.4],[-116.6,48.4],[-116.6,48.3],[-116.7,48.3],[-116.7,48.2],[-116.9,48.2],[-116.9,47.8],[-117.2,47.8],[-117.2,48.0],[-117.4,48.0],[-117.4,47.9],[-117.9,47.9],[-117.9,47.8],[-117.6,47.8],[-117.6,47.7],[-117.8,47.7],[-117.8,47.6],[-117.9,47.6],[-117.9,47.5],[-118.0,47.5],[-118.0,47.4],[-117.9,47.4],[-117.9,46.7],[-117.7,46.7],[-117.7,46.5],[-118.2,46.5],[-118.2,46.4],[-118.4,46.4],[-118.4,46.1],[-118.5,46.1],[-118.5,45.9],[-118.8,45.9],[-118.8,45.7],[-118.7,45.7],[-118.7,45.6],[-118.8,45.6],[-118.8,45.5],[-119.2,45.5],[-119.2,45.4],[-119.5,45.4],[-119.5,45.3],[-119.6,45.3],[-119.6,45.2],[-119.4,45.2],[-119.4,45.3],[-118.8,45.3],[-118.8,45.4],[-118.5,45.4],[-118.5,45.6],[-118.3,45.6],[-118.3,45.7],[-118.2,45.7],[-118.2,45.8],[-118.1,45.8],[-118.1,46.0],[-118.0,46.0],[-118.0,46.1],[-117.9,46.1],[-117.9,46.2],[-117.8,46.2],[-117.8,46.3],[-117.4,46.3],[-117.4,46.2],[-117.2,46.2],[-117.2,46.1],[-117.4,46.1],[-117.4,46.0],[-117.6,46.0],[-117.6,45.9],[-117.7,45.9],[-117.7,45.8],[-117.4,45.8],[-117.4,45.9],[-117.3,45.9],[-117.3,46.0],[-117.2,46.0],[-117.2,45.9],[-117.0,45.9],[-117.0,46.0],[-116.9,46.0],[-116.9,46.2],[-116.8,46.2],[-116.8,46.3],[-116.4,46.3],[-116.4,46.1],[-116.3,46.1],[-116.3,46.2],[-116.1,46.2],[-116.1,46.1],[-116.0,46.1],[-116.0,45.8],[-115.9,45.8],[-115.9,46.0],[-115.8,46.0],[-115.8,46.1],[-115.6,46.1],[-115.6,46.0],[-115.5,46.0],[-115.5,46.2],[-115.8,46.2],[-115.8,46.4],[-116.0,46.4],[-116.0,46.5]],[[-116.9,46.5],[-116.9,46.3],[-117.2,46.3],[-117.2,46.4],[-117.0,46.4],[-117.0,46.5],[-116.9,46.5]]],[[[-116.8,49.8],[-116.9,49.8],[-116.9,49.5],[-116.8,49.5],[-116.8,49.8]]],[[[-108.2,27.9],[-108.2,27.8],[-108.0,27.8],[-108.0,27.6],[-107.9,27.6],[-107.9,27.9],[-108.0,27.9],[-108.0,28.0],[-108.1,28.0],[-108.1,27.9],[-108.2,27.9]]],[[[-108.2,29.7],[-108.4,29.7],[-108.4,29.8],[-108.5,29.8],[-108.5,30.0],[-108.4,30.0],[-108.4,30.2],[-108.5,30.2],[-108.5,30.3],[-108.6,30.3],[-108.6,30.4],[-108.5,30.4],[-108.5,30.6],[-108.7,30.6],[-108.7,30.4],[-108.8,30.4],[-108.8,30.2],[-108.9,30.2],[-108.9,30.1],[-109.1,30.1],[-109.1,30.2],[-109.0,30.2],[-109.0,30.5],[-109.1,30.5],[-109.1,30.7],[-109.2,30.7],[-109.2,30.0],[-109.0,30.0],[-109.0,29.9],[-109.1,29.9],[-109.1,29.8],[-109.0,29.8],[-109.0,29.7],[-108.9,29.7],[-108.9,29.5],[-108.8,29.5],[-108.8,29.4],[-108.7,29.4],[-108.7,29.3],[-108.8,29.3],[-108.8,29.2],[-108.5,29.2],[-108.5,29.0],[-108.4,29.0],[-108.4,29.2],[-108.3,29.2],[-108.3,29.1],[-108.2,29.1],[-108.2,29.7]],[[-108.5,29.7],[-108.4,29.7],[-108.4,29.6],[-108.3,29.6],[-108.3,29.5],[-108.5,29.5],[-108.5,29.7]]],[[[-110.4,30.8],[-110.5,30.8],[-110.5,30.9],[-110.6,30.9],[-110.6,30.7],[-110.5,30.7],[-110.5,30.5],[-110.4,30.5],[-110.4,30.8]]],[[[-110.3,31.1],[-110.4,31.1],[-110.4,30.9],[-110.2,30.9],[-110.2,31.0],[-110.3,31.0],[-110.3,31.1]]],[[[-107.9,33.0],[-108.0,33.0],[-108.0,33.3],[-108.1,33.3],[-108.1,33.2],[-108.3,33.2],[-108.3,33.3],[-108.4,33.3],[-108.4,33.2],[-108.6,33.2],[-108.6,33.1],[-108.4,33.1],[-108.4,33.0],[-108.1,33.0],[-108.1,32.9],[-107.9,32.9],[-107.9,33.0]]],[[[-108.8,33.6],[-108.8,33.7],[-109.0,33.7],[-109.0,33.5],[-108.9,33.5],[-108.9,33.6],[-108.8,33.6]]],[[[-111.4,33.9],[-111.4,34.2],[-111.6,34.2],[-111.6,34.1],[-111.5,34.1],[-111.5,33.9],[-111.4,33.9]]],[[[-112.5,34.3],[-112.4,34.3],[-112.4,34.1],[-112.2,34.1],[-112.2,34.2],[-112.3,34.2],[-112.3,34.6],[-112.6,34.6],[-112.6,34.4],[-112.5,34.4],[-112.5,34.3]]],[[[-111.4,34.3],[-111.4,34.2],[-111.2,34.2],[-111.2,33.9],[-111.1,33.9],[-111.1,33.8],[-110.7,33.8],[-110.7,33.9],[-110.5,33.9],[-110.5,34.1],[-110.4,34.1],[-110.4,33.9],[-110.3,33.9],[-110.3,34.0],[-110.2,34.0],[-110.2,33.8],[-110.1,33.8],[-110.1,33.7],[-110.5,33.7],[-110.5,33.6],[-110.1,33.6],[-110.1,33.5],[-110.0,33.5],[-110.0,33.4],[-109.9,33.4],[-109.9,33.3],[-109.7,33.3],[-109.7,33.2],[-109.6,33.2],[-109.6,33.3],[-109.5,33.3],[-109.5,33.4],[-109.4,33.4],[-109.4,33.1],[-109.3,33.1],[-109.3,33.4],[-109.2,33.4],[-109.2,33.5],[-109.1,33.5],[-109.1,33.7],[-109.2,33.7],[-109.2,33.6],[-109.7,33.6],[-109.7,33.7],[-109.8,33.7],[-109.8,34.2],[-109.6,34.2],[-109.6,34.3],[-110.4,34.3],[-110.4,34.4],[-110.5,34.4],[-110.5,34.5],[-110.6,34.5],[-110.6,34.6],[-110.8,34.6],[-110.8,34.7],[-111.0,34.7],[-111.0,34.8],[-111.2,34.8],[-111.2,35.0],[-111.3,35.0],[-111.3,35.1],[-111.4,35.1],[-111.4,35.4],[-111.6,35.4],[-111.6,35.2],[-111.8,35.2],[-111.8,35.3],[-111.9,35.3],[-111.9,35.5],[-111.8,35.5],[-111.8,35.6],[-112.0,35.6],[-112.0,35.5],[-112.2,35.5],[-112.2,35.4],[-112.4,35.4],[-112.4,35.2],[-112.3,35.2],[-112.3,35.0],[-112.0,35.0],[-112.0,34.9],[-111.8,34.9],[-111.8,34.8],[-111.7,34.8],[-111.7,34.4],[-111.6,34.4],[-111.6,34.3],[-111.4,34.3]]],[[[-112.1,34.7],[-112.1,34.8],[-112.2,34.8],[-112.2,34.6],[-112.0,34.6],[-112.0,34.7],[-112.1,34.7]]],[[[-111.8,35.9],[-112.0,35.9],[-112.0,35.8],[-111.8,35.8],[-111.8,35.9]]],[[[-112.2,35.9],[-112.0,35.9],[-112.0,36.0],[-112.1,36.0],[-112.1,36.1],[-112.2,36.1],[-112.2,35.9]]],[[[-113.0,37.2],[-112.8,37.2],[-112.8,37.4],[-113.0,37.4],[-113.0,37.2]]],[[[-111.6,40.4],[-111.8,40.4],[-111.8,40.2],[-111.7,40.2],[-111.7,40.1],[-111.6,40.1],[-111.6,40.4]]],[[[-111.9,40.8],[-111.9,40.5],[-111.8,40.5],[-111.8,40.8],[-111.9,40.8]]],[[[-111.9,41.1],[-112.0,41.1],[-112.0,41.2],[-111.9,41.2],[-111.9,41.3],[-112.0,41.3],[-112.0,41.4],[-112.1,41.4],[-112.1,41.5],[-112.2,41.5],[-112.2,41.4],[-112.3,41.4],[-112.3,41.3],[-112.4,41.3],[-112.4,41.2],[-112.5,41.2],[-112.5,41.1],[-112.4,41.1],[-112.4,40.9],[-112.3,40.9],[-112.3,40.7],[-112.2,40.7],[-112.2,40.8],[-112.1,40.8],[-112.1,40.9],[-111.9,40.9],[-111.9,41.1]]]]}},
{"type":"Feature","properties":{"k":"Csb"},"geometry":{"type":"MultiPolygon","coordinates":[[[[-121.7,37.3],[-121.6,37.3],[-121.6,37.5],[-121.7,37.5],[-121.7,37.3]]],[[[-121.3,40.4],[-121.6,40.4],[-121.6,40.5],[-121.5,40.5],[-121.5,40.7],[-121.6,40.7],[-121.6,40.8],[-121.8,40.8],[-121.8,40.6],[-121.7,40.6],[-121.7,40.3],[-121.6,40.3],[-121.6,40.2],[-121.5,40.2],[-121.5,39.9],[-121.4,39.9],[-121.4,40.1],[-121.3,40.1],[-121.3,40.4]]],[[[-121.2,40.8],[-121.3,40.8],[-121.3,40.7],[-121.4,40.7],[-121.4,40.6],[-121.2,40.6],[-121.2,40.8]]],[[[-122.4,41.2],[-122.6,41.2],[-122.6,41.0],[-122.5,41.0],[-122.5,41.1],[-122.4,41.1],[-122.4,41.2]]],[[[-122.7,41.2],[-122.6,41.2],[-122.6,41.6],[-122.8,41.6],[-122.8,41.4],[-122.7,41.4],[-122.7,41.2]]],[[[-121.8,41.3],[-121.8,41.5],[-121.9,41.5],[-121.9,41.3],[-121.8,41.3]]],[[[-123.0,41.8],[-123.0,41.7],[-122.7,41.7],[-122.7,41.8],[-123.0,41.8]]],[[[-122.3,42.8],[-122.4,42.8],[-122.4,42.9],[-122.3,42.9],[-122.3,43.2],[-122.2,43.2],[-122.2,43.6],[-122.1,43.6],[-122.1,43.9],[-122.0,43.9],[-122.0,44.0],[-121.9,44.0],[-121.9,44.8],[-121.8,44.8],[-121.8,45.0],[-121.7,45.0],[-121.7,44.5],[-121.8,44.5],[-121.8,44.3],[-121.7,44.3],[-121.7,44.1],[-121.5,44.1],[-121.5,43.8],[-121.7,43.8],[-121.7,43.7],[-121.8,43.7],[-121.8,43.6],[-121.7,43.6],[-121.7,43.4],[-121.5,43.4],[-121.5,43.5],[-121.4,43.5],[-121.4,43.9],[-121.2,43.9],[-121.2,44.0],[-121.3,44.0],[-121.3,44.1],[-121.4,44.1],[-121.4,44.2],[-121.5,44.2],[-121.5,44.4],[-121.4,44.4],[-121.4,44.6],[-121.5,44.6],[-121.5,44.7],[-121.4,44.7],[-121.4,45.0],[-121.3,45.0],[-121.3,45.1],[-121.4,45.1],[-121.4,45.2],[-121.3,45.2],[-121.3,45.5],[-121.4,45.5],[-121.4,45.6],[-121.6,45.6],[-121.6,45.8],[-121.5,45.8],[-121.5,45.9],[-121.4,45.9],[-121.4,45.8],[-121.2,45.8],[-121.2,45.9],[-120.9,45.9],[-120.9,46.0],[-121.0,46.0],[-121.0,46.2],[-121.2,46.2],[-121.2,46.3],[-121.3,46.3],[-121.3,46.1],[-121.7,46.1],[-121.7,45.9],[-121.8,45.9],[-121.8,46.2],[-121.9,46.2],[-121.9,46.3],[-121.7,46.3],[-121.7,46.5],[-121.6,46.5],[-121.6,46.6],[-121.5,46.6],[-121.5,46.8],[-121.6,46.8],[-121.6,46.7],[-121.8,46.7],[-121.8,47.0],[-121.6,47.0],[-121.6,47.1],[-121.5,47.1],[-121.5,47.5],[-121.6,47.5],[-121.6,47.3],[-121.8,47.3],[-121.8,47.2],[-121.9,47.2],[-121.9,47.5],[-121.8,47.5],[-121.8,48.0],[-121.9,48.0],[-121.9,48.2],[-121.6,48.2],[-121.6,48.1],[-121.4,48.1],[-121.4,48.2],[-121.3,48.2],[-121.3,48.4],[-121.4,48.4],[-121.4,48.5],[-121.3,48.5],[-121.3,48.6],[-121.4,48.6],[-121.4,48.8],[-121.5,48.8],[-121.5,48.5],[-121.6,48.5],[-121.6,48.9],[-121.7,48.9],[-121.7,48.8],[-121.8,48.8],[-121.8,48.6],[-122.1,48.6],[-122.1,48.9],[-122.2,48.9],[-122.2,49.0],[-122.7,49.0],[-122.7,49.1],[-122.9,49.1],[-122.9,49.2],[-123.3,49.2],[-123.3,49.1],[-123.2,49.1],[-123.2,49.0],[-123.1,49.0],[-123.1,48.9],[-123.3,48.9],[-123.3,49.0],[-123.5,49.0],[-123.5,49.1],[-123.6,49.1],[-123.6,49.2],[-123.9,49.2],[-123.9,49.3],[-124.1,49.3],[-124.1,49.6],[-124.2,49.6],[-124.2,49.7],[-124.3,49.7],[-124.3,49.8],[-124.5,49.8],[-124.5,49.9],[-124.7,49.9],[-124.7,49.7],[-124.6,49.7],[-124.6,49.6],[-124.8,49.6],[-124.8,49.8],[-125.0,49.8],[-125.0,49.9],[-124.8,49.9],[-124.8,50.0],[-125.2,50.0],[-125.2,50.1],[-125.3,50.1],[-125.3,50.0],[-125.5,50.0],[-125.5,49.8],[-125.3,49.8],[-125.3,49.5],[-125.2,49.5],[-125.2,49.4],[-125.1,49.4],[-125.1,49.3],[-125.0,49.3],[-125.0,49.2],[-124.5,49.2],[-124.5,49.1],[-124.4,49.1],[-124.4,49.0],[-124.3,49.0],[-124.3,48.8],[-124.2,48.8],[-124.2,48.7],[-124.1,48.7],[-124.1,48.5],[-124.0,48.5],[-124.0,48.3],[-123.3,48.3],[-123.3,48.4],[-122.8,48.4],[-122.8,48.2],[-124.1,48.2],[-124.1,48.3],[-124.4,48.3],[-124.4,48.2],[-124.3,48.2],[-124.3,48.1],[-124.0,48.1],[-124.0,48.0],[-123.9,48.0],[-123.9,47.9],[-123.7,47.9],[-123.7,47.8],[-123.6,47.8],[-123.6,47.7],[-123.4,47.7],[-123.4,47.9],[-123.1,47.9],[-123.1,47.8],[-123.3,47.8],[-123.3,47.7],[-123.2,47.7],[-123.2,47.6],[-123.4,47.6],[-123.4,47.5],[-123.5,47.5],[-123.5,47.3],[-123.6,47.3],[-123.6,47.2],[-123.9,47.2],[-123.9,47.3],[-124.0,47.3],[-124.0,47.2],[-124.2,47.2],[-124.2,46.8],[-124.1,46.8],[-124.1,46.2],[-124.0,46.2],[-124.0,45.4],[-124.1,45.4],[-124.1,45.3],[-124.0,45.3],[-124.0,45.1],[-124.1,45.1],[-124.1,44.4],[-124.2,44.4],[-124.2,43.7],[-124.3,43.7],[-124.3,43.5],[-124.4,43.5],[-124.4,43.2],[-124.5,43.2],[-124.5,43.0],[-124.6,43.0],[-124.6,42.7],[-124.5,42.7],[-124.5,42.2],[-124.4,42.2],[-124.4,42.0],[-124.3,42.0],[-124.3,41.7],[-124.2,41.7],[-124.2,41.6],[-124.1,41.6],[-124.1,41.3],[-124.2,41.3],[-124.2,40.8],[-124.3,40.8],[-124.3,40.7],[-124.4,40.7],[-124.4,40.5],[-124.5,40.5],[-124.5,40.4],[-124.4,40.4],[-124.4,40.2],[-124.3,40.2],[-124.3,40.1],[-124.2,40.1],[-124.2,40.0],[-124.1,40.0],[-124.1,39.9],[-124.0,39.9],[-124.0,39.8],[-123.9,39.8],[-123.9,39.7],[-123.8,39.7],[-123.8,39.5],[-123.9,39.5],[-123.9,39.3],[-123.8,39.3],[-123.8,38.9],[-123.7,38.9],[-123.7,38.8],[-123.6,38.8],[-123.6,38.7],[-123.5,38.7],[-123.5,38.6],[-123.4,38.6],[-123.4,38.5],[-123.3,38.5],[-123.3,38.4],[-123.1,38.4],[-123.1,38.3],[-123.0,38.3],[-123.0,38.1],[-123.1,38.1],[-123.1,37.9],[-122.8,37.9],[-122.8,37.8],[-122.6,37.8],[-122.6,37.7],[-122.5,37.7],[-122.5,37.6],[-122.6,37.6],[-122.6,37.5],[-122.5,37.5],[-122.5,37.1],[-122.3,37.1],[-122.3,37.0],[-122.2,37.0],[-122.2,36.9],[-121.9,36.9],[-121.9,36.7],[-122.0,36.7],[-122.0,36.3],[-121.9,36.3],[-121.9,36.2],[-121.8,36.2],[-121.8,36.1],[-121.7,36.1],[-121.7,36.0],[-121.5,36.0],[-121.5,35.8],[-121.4,35.8],[-121.4,35.7],[-121.3,35.7],[-121.3,35.6],[-121.2,35.6],[-121.2,35.5],[-121.1,35.5],[-121.1,35.4],[-120.9,35.4],[-120.9,35.1],[-120.7,35.1],[-120.7,34.5],[-120.5,34.5],[-120.5,34.4],[-120.0,34.4],[-120.0,34.5],[-119.9,34.5],[-119.9,34.6],[-120.2,34.6],[-120.2,34.8],[-120.3,34.8],[-120.3,34.9],[-120.2,34.9],[-120.2,35.0],[-120.3,35.0],[-120.3,35.1],[-120.4,35.1],[-120.4,35.2],[-120.5,35.2],[-120.5,35.3],[-120.6,35.3],[-120.6,35.4],[-120.7,35.4],[-120.7,35.5],[-120.8,35.5],[-120.8,35.7],[-121.0,35.7],[-121.0,35.8],[-121.1,35.8],[-121.1,35.9],[-121.2,35.9],[-121.2,36.0],[-121.3,36.0],[-121.3,36.3],[-121.4,36.3],[-121.4,36.5],[-121.2,36.5],[-121.2,36.6],[-121.3,36.6],[-121.3,36.7],[-121.4,36.7],[-121.4,36.9],[-121.5,36.9],[-121.5,37.0],[-121.6,37.0],[-121.6,37.1],[-121.7,37.1],[-121.7,37.2],[-121.8,37.2],[-121.8,37.3],[-121.9,37.3],[-121.9,37.4],[-122.0,37.4],[-122.0,37.6],[-121.9,37.6],[-121.9,37.7],[-122.0,37.7],[-122.0,37.9],[-122.1,37.9],[-122.1,38.0],[-122.3,38.0],[-122.3,38.1],[-122.5,38.1],[-122.5,38.3],[-122.6,38.3],[-122.6,38.4],[-122.8,38.4],[-122.8,38.5],[-122.9,38.5],[-122.9,38.6],[-123.0,38.6],[-123.0,38.7],[-123.1,38.7],[-123.1,38.8],[-123.2,38.8],[-123.2,39.1],[-123.3,39.1],[-123.3,39.3],[-123.2,39.3],[-123.2,39.4],[-123.3,39.4],[-123.3,39.6],[-123.4,39.6],[-123.4,39.8],[-123.5,39.8],[-123.5,40.0],[-123.6,40.0],[-123.6,40.1],[-123.7,40.1],[-123.7,40.2],[-123.8,40.2],[-123.8,40.3],[-123.6,40.3],[-123.6,40.2],[-123.5,40.2],[-123.5,40.1],[-123.4,40.1],[-123.4,40.2],[-123.3,40.2],[-123.3,40.1],[-123.2,40.1],[-123.2,39.9],[-123.0,39.9],[-123.0,39.8],[-123.1,39.8],[-123.1,39.7],[-123.0,39.7],[-123.0,39.5],[-122.8,39.5],[-122.8,39.3],[-122.7,39.3],[-122.7,39.7],[-122.8,39.7],[-122.8,39.8],[-122.9,39.8],[-122.9,39.9],[-122.7,39.9],[-122.7,40.1],[-122.8,40.1],[-122.8,40.2],[-122.9,40.2],[-122.9,40.3],[-123.0,40.3],[-123.0,40.4],[-123.2,40.4],[-123.2,40.5],[-123.3,40.5],[-123.3,40.6],[-123.5,40.6],[-123.5,40.7],[-123.3,40.7],[-123.3,40.8],[-123.2,40.8],[-123.2,40.9],[-123.0,40.9],[-123.0,40.8],[-122.9,40.8],[-122.9,41.0],[-123.0,41.0],[-123.0,41.4],[-122.9,41.4],[-122.9,41.5],[-123.0,41.5],[-123.0,41.7],[-123.1,41.7],[-123.1,41.8],[-123.3,41.8],[-123.3,41.7],[-123.4,41.7],[-123.4,41.6],[-123.5,41.6],[-123.5,41.8],[-123.4,41.8],[-123.4,41.9],[-122.6,41.9],[-122.6,42.0],[-122.4,42.0],[-122.4,42.1],[-122.3,42.1],[-122.3,42.8]],[[-123.1,48.8],[-123.1,48.9],[-123.0,48.9],[-123.0,49.0],[-122.9,49.0],[-122.9,48.9],[-122.8,48.9],[-122.8,48.8],[-123.1,48.8]],[[-122.8,42.8],[-122.4,42.8],[-122.4,42.5],[-122.5,42.5],[-122.5,42.3],[-122.7,42.3],[-122.7,42.2],[-122.9,42.2],[-122.9,42.1],[-123.3,42.1],[-123.3,42.3],[-123.5,42.3],[-123.5,42.1],[-123.6,42.1],[-123.6,42.0],[-123.7,42.0],[-123.7,42.3],[-123.6,42.3],[-123.6,42.4],[-123.5,42.4],[-123.5,42.7],[-123.4,42.7],[-123.4,42.6],[-123.3,42.6],[-123.3,42.5],[-123.2,42.5],[-123.2,42.6],[-122.9,42.6],[-122.9,42.7],[-122.8,42.7],[-122.8,42.8]],[[-122.7,42.1],[-122.7,42.2],[-122.5,42.2],[-122.5,42.1],[-122.7,42.1]],[[-124.5,49.6],[-124.4,49.6],[-124.4,49.4],[-124.6,49.4],[-124.6,49.5],[-124.5,49.5],[-124.5,49.6]],[[-122.4,45.4],[-122.3,45.4],[-122.3,45.3],[-122.6,45.3],[-122.6,45.2],[-122.5,45.2],[-122.5,45.1],[-122.7,45.1],[-122.7,45.0],[-122.8,45.0],[-122.8,44.9],[-123.0,44.9],[-123.0,45.1],[-122.9,45.1],[-122.9,45.3],[-122.8,45.3],[-122.8,45.5],[-122.7,45.5],[-122.7,45.6],[-122.8,45.6],[-122.8,45.7],[-122.4,45.7],[-122.4,45.6],[-122.3,45.6],[-122.3,45.5],[-122.4,45.5],[-122.4,45.4]],[[-121.4,45.3],[-121.5,45.3],[-121.5,45.2],[-121.7,45.2],[-121.7,45.3],[-121.8,45.3],[-121.8,45.4],[-121.4,45.4],[-121.4,45.3]],[[-123.0,44.5],[-123.0,44.1],[-122.9,44.1],[-122.9,44.0],[-122.8,44.0],[-122.8,43.9],[-123.0,43.9],[-123.0,44.0],[-123.1,44.0],[-123.1,44.7],[-122.8,44.7],[-122.8,44.6],[-122.9,44.6],[-122.9,44.5],[-123.0,44.5]],[[-123.2,43.2],[-123.2,43.1],[-123.1,43.1],[-123.1,43.0],[-122.8,43.0],[-122.8,42.9],[-123.4,42.9],[-123.4,43.4],[-123.3,43.4],[-123.3,43.3],[-123.1,43.3],[-123.1,43.2],[-123.2,43.2]],[[-123.4,41.4],[-123.4,41.3],[-123.5,41.3],[-123.5,41.2],[-123.6,41.2],[-123.6,41.4],[-123.4,41.4]],[[-123.4,41.2],[-123.4,41.3],[-123.2,41.3],[-123.2,41.2],[-123.4,41.2]],[[-123.4,40.9],[-123.4,40.8],[-123.6,40.8],[-123.6,40.9],[-123.4,40.9]]],[[[-121.7,42.5],[-121.7,42.7],[-121.8,42.7],[-121.8,42.8],[-121.9,42.8],[-121.9,42.7],[-122.0,42.7],[-122.0,42.8],[-122.1,42.8],[-122.1,42.5],[-122.2,42.5],[-122.2,42.4],[-121.9,42.4],[-121.9,42.5],[-121.7,42.5]]],[[[-121.1,45.0],[-121.3,45.0],[-121.3,44.9],[-121.1,44.9],[-121.1,45.0]]],[[[-121.3,47.7],[-121.3,47.9],[-121.4,47.9],[-121.4,47.8],[-121.5,47.8],[-121.5,47.7],[-121.3,47.7]]],[[[-119.3,34.0],[-119.3,34.1],[-120.5,34.1],[-120.5,34.0],[-120.3,34.0],[-120.3,33.9],[-120.2,33.9],[-120.2,33.8],[-120.1,33.8],[-120.1,33.9],[-119.5,33.9],[-119.5,34.0],[-119.3,34.0]]],[[[-119.3,34.9],[-119.3,34.8],[-119.2,34.8],[-119.2,34.7],[-119.5,34.7],[-119.5,34.8],[-119.7,34.8],[-119.7,34.9],[-119.8,34.9],[-119.8,34.8],[-120.0,34.8],[-120.0,34.7],[-119.8,34.7],[-119.8,34.6],[-119.5,34.6],[-119.5,34.5],[-119.3,34.5],[-119.3,34.6],[-118.9,34.6],[-118.9,34.8],[-119.0,34.8],[-119.0,34.9],[-119.3,34.9]]],[[[-119.2,37.4],[-119.2,37.3],[-119.0,37.3],[-119.0,37.4],[-119.1,37.4],[-119.1,37.5],[-119.2,37.5],[-119.2,37.6],[-119.3,37.6],[-119.3,37.5],[-119.5,37.5],[-119.5,37.6],[-119.6,37.6],[-119.6,37.4],[-119.5,37.4],[-119.5,37.3],[-119.4,37.3],[-119.4,37.4],[-119.2,37.4]]],[[[-119.6,38.0],[-119.8,38.0],[-119.8,37.7],[-119.7,37.7],[-119.7,37.9],[-119.6,37.9],[-119.6,38.0]]],[[[-120.1,38.0],[-119.8,38.0],[-119.8,38.1],[-119.9,38.1],[-119.9,38.4],[-120.1,38.4],[-120.1,38.5],[-120.2,38.5],[-120.2,38.7],[-120.1,38.7],[-120.1,38.8],[-120.3,38.8],[-120.3,39.2],[-120.4,39.2],[-120.4,39.3],[-120.5,39.3],[-120.5,39.4],[-120.6,39.4],[-120.6,39.6],[-120.7,39.6],[-120.7,39.2],[-120.6,39.2],[-120.6,39.1],[-120.5,39.1],[-120.5,38.9],[-120.4,38.9],[-120.4,38.5],[-120.3,38.5],[-120.3,38.3],[-120.2,38.3],[-120.2,38.2],[-120.1,38.2],[-120.1,38.0]]],[[[-120.0,39.3],[-120.1,39.3],[-120.1,39.2],[-120.2,39.2],[-120.2,39.0],[-120.1,39.0],[-120.1,38.9],[-119.9,38.9],[-119.9,39.2],[-120.0,39.2],[-120.0,39.3]]],[[[-120.2,39.3],[-120.1,39.3],[-120.1,39.5],[-120.2,39.5],[-120.2,39.3]]],[[[-121.0,39.8],[-121.1,39.8],[-121.1,39.7],[-120.9,39.7],[-120.9,39.6],[-120.7,39.6],[-120.7,39.7],[-120.8,39.7],[-120.8,39.8],[-120.9,39.8],[-120.9,39.9],[-121.0,39.9],[-121.0,39.8]]],[[[-121.3,39.8],[-121.1,39.8],[-121.1,40.0],[-121.2,40.0],[-121.2,39.9],[-121.3,39.9],[-121.3,39.8]]],[[[-120.5,44.4],[-120.7,44.4],[-120.7,44.2],[-120.6,44.2],[-120.6,44.3],[-120.5,44.3],[-120.5,44.4]]],[[[-121.0,44.4],[-120.7,44.4],[-120.7,44.5],[-120.6,44.5],[-120.6,44.6],[-120.4,44.6],[-120.4,44.7],[-120.6,44.7],[-120.6,44.8],[-120.7,44.8],[-120.7,44.7],[-120.9,44.7],[-120.9,44.5],[-121.0,44.5],[-121.0,44.4]]],[[[-120.2,44.8],[-120.1,44.8],[-120.1,44.9],[-120.0,44.9],[-120.0,45.0],[-119.9,45.0],[-119.9,45.1],[-120.1,45.1],[-120.1,45.0],[-120.2,45.0],[-120.2,44.8]]],[[[-120.7,45.9],[-120.6,45.9],[-120.6,46.1],[-120.7,46.1],[-120.7,45.9]]],[[[-107.5,27.7],[-107.4,27.7],[-107.4,27.8],[-107.3,27.8],[-107.3,27.9],[-107.4,27.9],[-107.4,28.0],[-107.6,28.0],[-107.6,28.2],[-107.8,28.2],[-107.8,28.1],[-107.9,28.1],[-107.9,28.2],[-108.2,28.2],[-108.2,28.1],[-108.1,28.1],[-108.1,28.0],[-108.0,28.0],[-108.0,27.9],[-107.9,27.9],[-107.9,27.6],[-107.5,27.6],[-107.5,27.7]]],[[[-108.4,29.6],[-108.4,29.7],[-108.5,29.7],[-108.5,29.5],[-108.3,29.5],[-108.3,29.6],[-108.4,29.6]]],[[[-108.4,29.8],[-108.4,29.7],[-108.2,29.7],[-108.2,29.2],[-108.0,29.2],[-108.0,29.4],[-108.1,29.4],[-108.1,29.5],[-107.9,29.5],[-107.9,29.6],[-108.0,29.6],[-108.0,29.7],[-108.1,29.7],[-108.1,29.8],[-108.2,29.8],[-108.2,29.9],[-108.3,29.9],[-108.3,30.0],[-108.5,30.0],[-108.5,29.8],[-108.4,29.8]]],[[[-115.4,30.9],[-115.4,31.1],[-115.6,31.1],[-115.6,30.9],[-115.4,30.9]]],[[[-108.5,33.4],[-108.7,33.4],[-108.7,33.2],[-108.4,33.2],[-108.4,33.3],[-108.5,33.3],[-108.5,33.4]]],[[[-108.8,33.8],[-108.9,33.8],[-108.9,33.9],[-108.8,33.9],[-108.8,34.0],[-109.0,34.0],[-109.0,33.9],[-109.1,33.9],[-109.1,33.8],[-109.7,33.8],[-109.7,34.2],[-109.8,34.2],[-109.8,33.7],[-109.7,33.7],[-109.7,33.6],[-109.2,33.6],[-109.2,33.7],[-109.1,33.7],[-109.1,33.5],[-109.0,33.5],[-109.0,33.7],[-108.8,33.7],[-108.8,33.8]]],[[[-116.7,34.0],[-116.7,34.3],[-117.1,34.3],[-117.1,34.2],[-117.0,34.2],[-117.0,34.1],[-116.9,34.1],[-116.9,34.0],[-116.7,34.0]]],[[[-117.6,34.4],[-118.0,34.4],[-118.0,34.3],[-117.7,34.3],[-117.7,34.2],[-117.6,34.2],[-117.6,34.4]]],[[[-118.7,36.3],[-118.7,36.2],[-118.6,36.2],[-118.6,36.0],[-118.7,36.0],[-118.7,35.9],[-118.6,35.9],[-118.6,35.8],[-118.5,35.8],[-118.5,36.1],[-118.4,36.1],[-118.4,36.3],[-118.7,36.3]]],[[[-118.8,36.6],[-118.8,36.8],[-119.0,36.8],[-119.0,36.7],[-118.9,36.7],[-118.9,36.6],[-118.8,36.6]]]]}},
{"type":"Feature","properties":{"k":"Cwa"},"geometry":{"type":"MultiPolygon","coordinates":[[[[-104.4,21.1],[-104.4,21.2],[-104.5,21.2],[-104.5,21.3],[-104.7,21.3],[-104.7,21.5],[-104.8,21.5],[-104.8,21.1],[-104.7,21.1],[-104.7,21.2],[-104.6,21.2],[-104.6,21.1],[-104.4,21.1]]],[[[-104.4,22.5],[-104.4,22.7],[-104.3,22.7],[-104.3,22.8],[-104.4,22.8],[-104.4,22.9],[-104.5,22.9],[-104.5,22.7],[-104.6,22.7],[-104.6,22.9],[-104.7,22.9],[-104.7,22.2],[-104.8,22.2],[-104.8,22.1],[-104.6,22.1],[-104.6,22.6],[-104.5,22.6],[-104.5,22.5],[-104.4,22.5]]],[[[-105.0,23.2],[-105.2,23.2],[-105.2,23.1],[-105.1,23.1],[-105.1,23.0],[-105.2,23.0],[-105.2,22.6],[-105.1,22.6],[-105.1,22.5],[-105.0,22.5],[-105.0,22.9],[-104.9,22.9],[-104.9,22.7],[-104.8,22.7],[-104.8,23.1],[-104.6,23.1],[-104.6,23.2],[-104.9,23.2],[-104.9,23.1],[-105.0,23.1],[-105.0,23.2]]],[[[-105.4,23.2],[-105.2,23.2],[-105.2,23.4],[-105.1,23.4],[-105.1,23.5],[-105.2,23.5],[-105.2,23.6],[-105.3,23.6],[-105.3,23.4],[-105.5,23.4],[-105.5,23.0],[-105.3,23.0],[-105.3,23.1],[-105.4,23.1],[-105.4,23.2]]],[[[-105.8,23.5],[-105.9,23.5],[-105.9,23.4],[-105.6,23.4],[-105.6,23.5],[-105.7,23.5],[-105.7,23.6],[-105.8,23.6],[-105.8,23.5]]],[[[-105.6,24.0],[-106.1,24.0],[-106.1,23.9],[-106.2,23.9],[-106.2,23.8],[-105.6,23.8],[-105.6,24.0]]],[[[-106.1,24.3],[-106.2,24.3],[-106.2,24.2],[-106.3,24.2],[-106.3,24.1],[-105.8,24.1],[-105.8,24.2],[-106.1,24.2],[-106.1,24.3]]],[[[-106.0,24.8],[-106.1,24.8],[-106.1,24.7],[-106.3,24.7],[-106.3,24.6],[-106.5,24.6],[-106.5,24.5],[-106.4,24.5],[-106.4,24.4],[-106.5,24.4],[-106.5,24.2],[-106.4,24.2],[-106.4,24.3],[-106.3,24.3],[-106.3,24.5],[-105.8,24.5],[-105.8,24.6],[-106.0,24.6],[-106.0,24.8]]],[[[-106.5,24.7],[-106.5,24.9],[-106.7,24.9],[-106.7,24.8],[-106.6,24.8],[-106.6,24.7],[-106.5,24.7]]],[[[-106.3,25.0],[-106.5,25.0],[-106.5,24.9],[-106.4,24.9],[-106.4,24.7],[-106.3,24.7],[-106.3,24.8],[-106.1,24.8],[-106.1,25.0],[-106.2,25.0],[-106.2,24.9],[-106.3,24.9],[-106.3,25.0]]],[[[-107.0,25.1],[-107.0,25.2],[-107.2,25.2],[-107.2,25.1],[-107.0,25.1]]],[[[-107.0,26.4],[-107.1,26.4],[-107.1,26.2],[-106.9,26.2],[-106.9,26.3],[-107.0,26.3],[-107.0,26.4]]],[[[-107.9,26.1],[-107.8,26.1],[-107.8,26.0],[-107.7,26.0],[-107.7,25.7],[-107.5,25.7],[-107.5,25.5],[-107.4,25.5],[-107.4,25.4],[-107.3,25.4],[-107.3,25.5],[-107.1,25.5],[-107.1,25.3],[-107.0,25.3],[-107.0,25.2],[-106.8,25.2],[-106.8,25.1],[-106.7,25.1],[-106.7,25.0],[-106.5,25.0],[-106.5,25.2],[-106.7,25.2],[-106.7,25.3],[-106.4,25.3],[-106.4,25.4],[-106.6,25.4],[-106.6,25.6],[-106.7,25.6],[-106.7,25.4],[-107.0,25.4],[-107.0,25.6],[-107.1,25.6],[-107.1,25.7],[-106.9,25.7],[-106.9,25.8],[-107.0,25.8],[-107.0,25.9],[-107.1,25.9],[-107.1,26.2],[-107.2,26.2],[-107.2,26.4],[-107.1,26.4],[-107.1,26.6],[-107.0,26.6],[-107.0,26.5],[-106.9,26.5],[-106.9,26.4],[-106.7,26.4],[-106.7,26.5],[-106.8,26.5],[-106.8,26.7],[-107.3,26.7],[-107.3,26.8],[-107.5,26.8],[-107.5,26.9],[-107.4,26.9],[-107.4,27.0],[-107.3,27.0],[-107.3,27.1],[-107.1,27.1],[-107.1,27.0],[-106.9,27.0],[-106.9,26.9],[-106.7,26.9],[-106.7,26.8],[-106.6,26.8],[-106.6,26.7],[-106.3,26.7],[-106.3,26.8],[-106.5,26.8],[-106.5,27.4],[-106.6,27.4],[-106.6,27.2],[-106.7,27.2],[-106.7,27.1],[-106.8,27.1],[-106.8,27.3],[-106.9,27.3],[-106.9,27.4],[-107.4,27.4],[-107.4,27.5],[-107.6,27.5],[-107.6,27.6],[-108.0,27.6],[-108.0,27.8],[-108.2,27.8],[-108.2,28.1],[-108.4,28.1],[-108.4,28.3],[-108.3,28.3],[-108.3,28.5],[-108.2,28.5],[-108.2,28.6],[-108.3,28.6],[-108.3,28.9],[-108.2,28.9],[-108.2,29.0],[-108.1,29.0],[-108.1,29.1],[-108.3,29.1],[-108.3,29.2],[-108.4,29.2],[-108.4,29.0],[-108.5,29.0],[-108.5,29.1],[-108.7,29.1],[-108.7,29.0],[-108.6,29.0],[-108.6,28.8],[-108.7,28.8],[-108.7,28.9],[-108.8,28.9],[-108.8,29.1],[-108.9,29.1],[-108.9,29.2],[-109.0,29.2],[-109.0,29.1],[-109.1,29.1],[-109.1,29.0],[-109.0,29.0],[-109.0,28.9],[-109.1,28.9],[-109.1,28.6],[-109.2,28.6],[-109.2,28.8],[-109.3,28.8],[-109.3,28.7],[-109.4,28.7],[-109.4,28.4],[-109.3,28.4],[-109.3,28.5],[-109.2,28.5],[-109.2,27.8],[-109.0,27.8],[-109.0,27.7],[-108.9,27.7],[-108.9,27.8],[-108.8,27.8],[-108.8,27.5],[-108.7,27.5],[-108.7,27.3],[-108.8,27.3],[-108.8,27.1],[-108.7,27.1],[-108.7,27.0],[-108.2,27.0],[-108.2,26.6],[-108.3,26.6],[-108.3,26.4],[-108.2,26.4],[-108.2,26.1],[-108.0,26.1],[-108.0,26.0],[-107.9,26.0],[-107.9,26.1]],[[-107.3,27.3],[-107.3,27.1],[-107.4,27.1],[-107.4,27.2],[-107.6,27.2],[-107.6,27.3],[-107.7,27.3],[-107.7,27.4],[-107.5,27.4],[-107.5,27.3],[-107.3,27.3]],[[-107.2,26.6],[-107.2,26.4],[-107.3,26.4],[-107.3,26.3],[-107.4,26.3],[-107.4,26.5],[-107.3,26.5],[-107.3,26.6],[-107.2,26.6]],[[-107.7,26.1],[-107.8,26.1],[-107.8,26.3],[-107.7,26.3],[-107.7,26.1]],[[-108.1,26.9],[-108.1,27.0],[-107.8,27.0],[-107.8,27.1],[-107.7,27.1],[-107.7,26.8],[-107.9,26.8],[-107.9,26.9],[-108.1,26.9]]],[[[-107.8,28.5],[-107.9,28.5],[-107.9,28.4],[-108.0,28.4],[-108.0,28.3],[-107.8,28.3],[-107.8,28.5]]],[[[-108.2,28.8],[-108.2,28.6],[-108.0,28.6],[-108.0,28.7],[-108.1,28.7],[-108.1,28.8],[-108.2,28.8]]],[[[-103.0,19.6],[-103.0,19.7],[-103.2,19.7],[-103.2,19.5],[-103.1,19.5],[-103.1,19.6],[-103.0,19.6]]],[[[-103.3,19.7],[-103.3,19.8],[-103.4,19.8],[-103.4,20.0],[-103.5,20.0],[-103.5,19.8],[-103.6,19.8],[-103.6,19.7],[-103.5,19.7],[-103.5,19.6],[-103.4,19.6],[-103.4,19.7],[-103.3,19.7]]],[[[-103.0,19.8],[-103.0,19.9],[-103.3,19.9],[-103.3,19.8],[-103.0,19.8]]],[[[-103.9,20.1],[-103.9,20.0],[-103.8,20.0],[-103.8,20.2],[-103.6,20.2],[-103.6,20.3],[-103.9,20.3],[-103.9,20.4],[-104.0,20.4],[-104.0,20.1],[-103.9,20.1]]],[[[-104.6,20.3],[-104.4,20.3],[-104.4,20.1],[-104.5,20.1],[-104.5,19.9],[-104.1,19.9],[-104.1,20.4],[-104.2,20.4],[-104.2,20.6],[-104.0,20.6],[-104.0,20.8],[-104.1,20.8],[-104.1,21.0],[-104.3,21.0],[-104.3,20.7],[-104.5,20.7],[-104.5,20.4],[-104.6,20.4],[-104.6,20.3]],[[-104.3,20.3],[-104.4,20.3],[-104.4,20.5],[-104.3,20.5],[-104.3,20.3]]],[[[-103.5,20.2],[-103.4,20.2],[-103.4,20.3],[-103.2,20.3],[-103.2,20.4],[-103.3,20.4],[-103.3,20.5],[-103.4,20.5],[-103.4,20.9],[-103.5,20.9],[-103.5,20.8],[-103.6,20.8],[-103.6,20.6],[-103.7,20.6],[-103.7,20.4],[-103.5,20.4],[-103.5,20.2]]],[[[-103.4,21.9],[-103.4,22.1],[-103.7,22.1],[-103.7,21.7],[-103.5,21.7],[-103.5,21.5],[-103.6,21.5],[-103.6,21.4],[-103.7,21.4],[-103.7,21.3],[-103.8,21.3],[-103.8,21.0],[-103.5,21.0],[-103.5,21.2],[-103.3,21.2],[-103.3,21.1],[-103.2,21.1],[-103.2,21.3],[-103.3,21.3],[-103.3,21.4],[-103.4,21.4],[-103.4,21.5],[-103.3,21.5],[-103.3,21.6],[-103.2,21.6],[-103.2,21.4],[-103.1,21.4],[-103.1,21.7],[-103.3,21.7],[-103.3,21.9],[-103.4,21.9]]],[[[-104.4,21.6],[-104.4,21.9],[-104.5,21.9],[-104.5,21.6],[-104.4,21.6]]],[[[-104.0,22.0],[-104.0,21.7],[-103.9,21.7],[-103.9,22.0],[-104.0,22.0]]],[[[-104.0,21.6],[-104.0,21.7],[-104.1,21.7],[-104.1,22.0],[-104.0,22.0],[-104.0,22.3],[-104.2,22.3],[-104.2,22.1],[-104.3,22.1],[-104.3,22.4],[-104.4,22.4],[-104.4,22.2],[-104.5,22.2],[-104.5,22.0],[-104.3,22.0],[-104.3,21.9],[-104.2,21.9],[-104.2,21.6],[-104.3,21.6],[-104.3,21.4],[-104.1,21.4],[-104.1,21.5],[-103.9,21.5],[-103.9,21.6],[-104.0,21.6]]],[[[-103.4,22.3],[-103.4,22.1],[-103.3,22.1],[-103.3,22.3],[-103.4,22.3]]],[[[-104.2,22.6],[-104.2,22.4],[-104.1,22.4],[-104.1,22.6],[-104.2,22.6]]],[[[-97.9,18.7],[-97.9,18.4],[-97.7,18.4],[-97.7,18.5],[-97.8,18.5],[-97.8,18.8],[-98.0,18.8],[-98.0,18.7],[-97.9,18.7]]],[[[-102.2,19.4],[-102.2,19.3],[-102.0,19.3],[-102.0,19.4],[-101.9,19.4],[-101.9,19.5],[-102.1,19.5],[-102.1,19.4],[-102.2,19.4]]],[[[-100.8,20.5],[-100.9,20.5],[-100.9,20.4],[-101.0,20.4],[-101.0,20.3],[-100.8,20.3],[-100.8,20.5]]],[[[-103.1,21.1],[-103.2,21.1],[-103.2,21.0],[-103.3,21.0],[-103.3,20.8],[-103.2,20.8],[-103.2,20.7],[-103.0,20.7],[-103.0,20.5],[-102.8,20.5],[-102.8,20.6],[-102.6,20.6],[-102.6,20.4],[-102.5,20.4],[-102.5,20.5],[-102.4,20.5],[-102.4,20.4],[-102.3,20.4],[-102.3,20.0],[-102.5,20.0],[-102.5,20.1],[-102.6,20.1],[-102.6,20.0],[-102.7,20.0],[-102.7,20.1],[-102.9,20.1],[-102.9,20.2],[-103.0,20.2],[-103.0,20.1],[-103.1,20.1],[-103.1,20.2],[-103.4,20.2],[-103.4,20.0],[-103.0,20.0],[-103.0,19.9],[-102.9,19.9],[-102.9,19.7],[-102.5,19.7],[-102.5,19.6],[-102.4,19.6],[-102.4,19.9],[-102.3,19.9],[-102.3,19.8],[-102.0,19.8],[-102.0,19.9],[-101.8,19.9],[-101.8,19.8],[-101.5,19.8],[-101.5,20.1],[-101.3,20.1],[-101.3,20.0],[-101.4,20.0],[-101.4,19.9],[-101.3,19.9],[-101.3,19.6],[-101.2,19.6],[-101.2,19.7],[-101.0,19.7],[-101.0,19.8],[-100.8,19.8],[-100.8,19.9],[-100.7,19.9],[-100.7,20.0],[-100.5,20.0],[-100.5,19.8],[-100.4,19.8],[-100.4,20.2],[-100.5,20.2],[-100.5,20.3],[-100.4,20.3],[-100.4,20.4],[-100.6,20.4],[-100.6,20.5],[-100.7,20.5],[-100.7,20.3],[-100.6,20.3],[-100.6,20.2],[-101.2,20.2],[-101.2,20.3],[-101.1,20.3],[-101.1,20.4],[-101.3,20.4],[-101.3,20.3],[-101.4,20.3],[-101.4,20.5],[-101.5,20.5],[-101.5,20.3],[-101.7,20.3],[-101.7,20.5],[-101.6,20.5],[-101.6,20.6],[-101.7,20.6],[-101.7,20.9],[-101.8,20.9],[-101.8,20.6],[-101.9,20.6],[-101.9,20.7],[-102.0,20.7],[-102.0,20.9],[-101.9,20.9],[-101.9,21.1],[-102.2,21.1],[-102.2,21.2],[-102.5,21.2],[-102.5,21.1],[-102.6,21.1],[-102.6,21.2],[-102.7,21.2],[-102.7,21.3],[-102.6,21.3],[-102.6,21.7],[-102.7,21.7],[-102.7,21.6],[-102.9,21.6],[-102.9,21.5],[-103.0,21.5],[-103.0,21.3],[-103.1,21.3],[-103.1,21.1]]],[[[-101.4,20.8],[-101.6,20.8],[-101.6,20.7],[-101.5,20.7],[-101.5,20.6],[-101.4,20.6],[-101.4,20.8]]],[[[-101.2,20.9],[-101.3,20.9],[-101.3,20.8],[-101.2,20.8],[-101.2,20.7],[-101.1,20.7],[-101.1,20.6],[-101.0,20.6],[-101.0,20.7],[-100.9,20.7],[-100.9,21.0],[-101.0,21.0],[-101.0,21.1],[-101.1,21.1],[-101.1,21.0],[-101.2,21.0],[-101.2,20.9]]],[[[-101.4,20.9],[-101.3,20.9],[-101.3,21.1],[-101.4,21.1],[-101.4,20.9]]],[[[-99.3,23.1],[-99.3,23.3],[-99.6,23.3],[-99.6,22.9],[-99.7,22.9],[-99.7,22.4],[-99.6,22.4],[-99.6,21.8],[-99.7,21.8],[-99.7,21.5],[-99.6,21.5],[-99.6,21.4],[-99.7,21.4],[-99.7,21.2],[-99.6,21.2],[-99.6,21.1],[-99.4,21.1],[-99.4,20.9],[-99.2,20.9],[-99.2,20.8],[-98.9,20.8],[-98.9,20.7],[-98.8,20.7],[-98.8,20.8],[-98.7,20.8],[-98.7,20.7],[-98.6,20.7],[-98.6,20.6],[-98.4,20.6],[-98.4,20.7],[-98.5,20.7],[-98.5,21.0],[-98.6,21.0],[-98.6,21.1],[-98.9,21.1],[-98.9,21.3],[-99.0,21.3],[-99.0,21.6],[-99.1,21.6],[-99.1,21.7],[-99.2,21.7],[-99.2,21.6],[-99.3,21.6],[-99.3,21.3],[-99.4,21.3],[-99.4,21.4],[-99.5,21.4],[-99.5,21.5],[-99.4,21.5],[-99.4,21.6],[-99.5,21.6],[-99.5,21.7],[-99.4,21.7],[-99.4,22.1],[-99.3,22.1],[-99.3,22.4],[-99.4,22.4],[-99.4,22.7],[-99.5,22.7],[-99.5,23.0],[-99.4,23.0],[-99.4,22.9],[-99.2,22.9],[-99.2,23.1],[-99.3,23.1]],[[-99.1,21.5],[-99.1,21.2],[-99.2,21.2],[-99.2,21.5],[-99.1,21.5]]],[[[-98.6,23.6],[-98.6,23.1],[-98.4,23.1],[-98.4,23.0],[-98.2,23.0],[-98.2,23.4],[-98.3,23.4],[-98.3,23.6],[-98.6,23.6]]],[[[-99.3,23.7],[-99.3,23.3],[-99.2,23.3],[-99.2,23.2],[-99.1,23.2],[-99.1,23.4],[-99.0,23.4],[-99.0,23.6],[-99.2,23.6],[-99.2,23.9],[-99.3,23.9],[-99.3,24.1],[-99.2,24.1],[-99.2,24.2],[-99.3,24.2],[-99.3,24.5],[-99.4,24.5],[-99.4,24.6],[-99.5,24.6],[-99.5,25.0],[-99.4,25.0],[-99.4,25.1],[-99.5,25.1],[-99.5,25.3],[-99.6,25.3],[-99.6,25.4],[-99.8,25.4],[-99.8,25.5],[-99.9,25.5],[-99.9,25.6],[-100.0,25.6],[-100.0,25.7],[-100.2,25.7],[-100.2,25.6],[-100.4,25.6],[-100.4,25.5],[-100.3,25.5],[-100.3,25.4],[-100.2,25.4],[-100.2,25.2],[-100.1,25.2],[-100.1,25.1],[-100.0,25.1],[-100.0,24.9],[-99.9,24.9],[-99.9,24.5],[-99.8,24.5],[-99.8,24.4],[-99.7,24.4],[-99.7,24.2],[-99.8,24.2],[-99.8,24.1],[-99.7,24.1],[-99.7,24.0],[-99.5,24.0],[-99.5,23.9],[-99.4,23.9],[-99.4,23.8],[-99.6,23.8],[-99.6,23.7],[-99.5,23.7],[-99.5,23.6],[-99.4,23.6],[-99.4,23.7],[-99.3,23.7]]],[[[-98.8,24.7],[-98.8,24.8],[-99.1,24.8],[-99.1,24.5],[-98.9,24.5],[-98.9,24.7],[-98.8,24.7]]]]}},
{"type":"Feature","properties":{"k":"Cwb"},"geometry":{"type":"MultiPolygon","coordinates":[[[[-104.0,19.5],[-104.0,19.6],[-104.2,19.6],[-104.2,19.7],[-104.3,19.7],[-104.3,19.5],[-104.0,19.5]]],[[[-104.9,20.8],[-104.9,20.6],[-105.0,20.6],[-105.0,20.5],[-105.1,20.5],[-105.1,20.4],[-105.2,20.4],[-105.2,20.3],[-104.9,20.3],[-104.9,20.2],[-104.7,20.2],[-104.7,20.0],[-104.6,20.0],[-104.6,19.8],[-104.4,19.8],[-104.4,19.9],[-104.5,19.9],[-104.5,20.1],[-104.4,20.1],[-104.4,20.3],[-104.6,20.3],[-104.6,20.4],[-104.5,20.4],[-104.5,20.7],[-104.6,20.7],[-104.6,20.8],[-104.9,20.8]],[[-104.9,20.4],[-104.9,20.6],[-104.8,20.6],[-104.8,20.4],[-104.9,20.4]]],[[[-104.4,20.5],[-104.4,20.3],[-104.3,20.3],[-104.3,20.5],[-104.4,20.5]]],[[[-104.3,21.9],[-104.3,21.6],[-104.2,21.6],[-104.2,21.9],[-104.3,21.9]]],[[[-104.3,22.7],[-104.4,22.7],[-104.4,22.4],[-104.3,22.4],[-104.3,22.1],[-104.2,22.1],[-104.2,23.5],[-104.3,23.5],[-104.3,23.3],[-104.4,23.3],[-104.4,23.0],[-104.6,23.0],[-104.6,23.1],[-104.8,23.1],[-104.8,22.5],[-104.9,22.5],[-104.9,22.3],[-104.8,22.3],[-104.8,22.2],[-104.7,22.2],[-104.7,22.9],[-104.6,22.9],[-104.6,22.7],[-104.5,22.7],[-104.5,22.9],[-104.4,22.9],[-104.4,22.8],[-104.3,22.8],[-104.3,22.7]]],[[[-104.0,23.4],[-104.0,23.5],[-104.1,23.5],[-104.1,23.3],[-104.0,23.3],[-104.0,23.2],[-103.9,23.2],[-103.9,23.4],[-104.0,23.4]]],[[[-107.1,27.1],[-107.3,27.1],[-107.3,27.0],[-107.4,27.0],[-107.4,26.9],[-107.5,26.9],[-107.5,26.8],[-107.3,26.8],[-107.3,26.7],[-106.8,26.7],[-106.8,26.5],[-106.7,26.5],[-106.7,26.4],[-106.9,26.4],[-106.9,26.5],[-107.0,26.5],[-107.0,26.6],[-107.1,26.6],[-107.1,26.4],[-107.0,26.4],[-107.0,26.3],[-106.9,26.3],[-106.9,26.2],[-107.1,26.2],[-107.1,25.9],[-107.0,25.9],[-107.0,25.8],[-106.9,25.8],[-106.9,25.7],[-107.1,25.7],[-107.1,25.6],[-107.0,25.6],[-107.0,25.4],[-106.7,25.4],[-106.7,25.6],[-106.6,25.6],[-106.6,25.4],[-106.4,25.4],[-106.4,25.3],[-106.7,25.3],[-106.7,25.2],[-106.5,25.2],[-106.5,25.0],[-106.3,25.0],[-106.3,24.9],[-106.2,24.9],[-106.2,25.0],[-106.1,25.0],[-106.1,24.8],[-106.0,24.8],[-106.0,24.6],[-105.8,24.6],[-105.8,24.5],[-106.3,24.5],[-106.3,24.3],[-106.1,24.3],[-106.1,24.2],[-105.8,24.2],[-105.8,24.1],[-105.9,24.1],[-105.9,24.0],[-105.6,24.0],[-105.6,23.8],[-105.8,23.8],[-105.8,23.7],[-105.9,23.7],[-105.9,23.5],[-105.8,23.5],[-105.8,23.6],[-105.7,23.6],[-105.7,23.5],[-105.6,23.5],[-105.6,23.4],[-105.3,23.4],[-105.3,23.6],[-105.2,23.6],[-105.2,23.5],[-105.1,23.5],[-105.1,23.4],[-105.2,23.4],[-105.2,23.2],[-105.0,23.2],[-105.0,23.1],[-104.9,23.1],[-104.9,23.2],[-104.6,23.2],[-104.6,23.4],[-104.5,23.4],[-104.5,23.8],[-104.7,23.8],[-104.7,23.9],[-104.9,23.9],[-104.9,24.0],[-104.8,24.0],[-104.8,24.1],[-104.9,24.1],[-104.9,24.2],[-104.8,24.2],[-104.8,24.5],[-104.9,24.5],[-104.9,24.7],[-105.0,24.7],[-105.0,24.8],[-105.2,24.8],[-105.2,24.6],[-105.1,24.6],[-105.1,24.4],[-105.2,24.4],[-105.2,24.5],[-105.3,24.5],[-105.3,24.7],[-105.4,24.7],[-105.4,24.9],[-105.5,24.9],[-105.5,25.1],[-105.6,25.1],[-105.6,25.2],[-105.8,25.2],[-105.8,25.3],[-105.9,25.3],[-105.9,25.5],[-105.8,25.5],[-105.8,25.7],[-105.9,25.7],[-105.9,26.3],[-105.8,26.3],[-105.8,26.5],[-105.9,26.5],[-105.9,26.6],[-106.3,26.6],[-106.3,26.7],[-106.6,26.7],[-106.6,26.8],[-106.7,26.8],[-106.7,26.9],[-106.9,26.9],[-106.9,27.0],[-107.1,27.0],[-107.1,27.1]]],[[[-107.1,26.2],[-107.1,26.4],[-107.2,26.4],[-107.2,26.2],[-107.1,26.2]]],[[[-107.3,26.4],[-107.2,26.4],[-107.2,26.6],[-107.3,26.6],[-107.3,26.5],[-107.4,26.5],[-107.4,26.3],[-107.3,26.3],[-107.3,26.4]]],[[[-107.4,27.1],[-107.3,27.1],[-107.3,27.3],[-107.5,27.3],[-107.5,27.4],[-107.7,27.4],[-107.7,27.3],[-107.6,27.3],[-107.6,27.2],[-107.4,27.2],[-107.4,27.1]]],[[[-107.4,27.6],[-107.4,27.7],[-107.5,27.7],[-107.5,27.6],[-107.6,27.6],[-107.6,27.5],[-107.4,27.5],[-107.4,27.4],[-107.0,27.4],[-107.0,27.5],[-107.3,27.5],[-107.3,27.6],[-107.4,27.6]]],[[[-108.1,28.1],[-108.2,28.1],[-108.2,27.9],[-108.1,27.9],[-108.1,28.1]]],[[[-108.4,28.1],[-108.2,28.1],[-108.2,28.2],[-107.9,28.2],[-107.9,28.1],[-107.8,28.1],[-107.8,28.2],[-107.6,28.2],[-107.6,28.0],[-107.4,28.0],[-107.4,27.9],[-107.3,27.9],[-107.3,27.8],[-107.4,27.8],[-107.4,27.7],[-107.2,27.7],[-107.2,28.1],[-107.3,28.1],[-107.3,28.2],[-107.5,28.2],[-107.5,28.3],[-107.6,28.3],[-107.6,28.4],[-107.8,28.4],[-107.8,28.3],[-108.0,28.3],[-108.0,28.4],[-107.9,28.4],[-107.9,28.5],[-108.0,28.5],[-108.0,28.6],[-108.2,28.6],[-108.2,28.5],[-108.3,28.5],[-108.3,28.3],[-108.4,28.3],[-108.4,28.1]]],[[[-108.3,28.6],[-108.2,28.6],[-108.2,28.9],[-108.3,28.9],[-108.3,28.6]]],[[[-108.1,30.0],[-108.3,30.0],[-108.3,29.9],[-108.2,29.9],[-108.2,29.8],[-108.1,29.8],[-108.1,30.0]]],[[[-100.0,17.4],[-100.0,17.6],[-100.3,17.6],[-100.3,17.7],[-100.6,17.7],[-100.6,17.6],[-100.5,17.6],[-100.5,17.5],[-100.2,17.5],[-100.2,17.4],[-100.0,17.4]]],[[[-99.9,17.7],[-99.9,17.5],[-99.6,17.5],[-99.6,17.6],[-99.8,17.6],[-99.8,17.7],[-99.9,17.7]]],[[[-100.9,17.8],[-100.9,17.9],[-101.1,17.9],[-101.1,17.8],[-101.0,17.8],[-101.0,17.7],[-100.8,17.7],[-100.8,17.8],[-100.9,17.8]]],[[[-102.9,18.6],[-102.9,18.9],[-103.1,18.9],[-103.1,18.4],[-102.9,18.4],[-102.9,18.5],[-103.0,18.5],[-103.0,18.6],[-102.9,18.6]]],[[[-103.3,19.4],[-103.3,19.2],[-103.1,19.2],[-103.1,19.3],[-103.2,19.3],[-103.2,19.4],[-103.3,19.4]]],[[[-103.5,19.5],[-103.5,19.7],[-103.6,19.7],[-103.6,19.8],[-103.5,19.8],[-103.5,19.9],[-103.6,19.9],[-103.6,20.2],[-103.8,20.2],[-103.8,20.0],[-103.9,20.0],[-103.9,19.8],[-103.7,19.8],[-103.7,19.4],[-103.6,19.4],[-103.6,19.5],[-103.5,19.5]]],[[[-103.3,19.9],[-103.0,19.9],[-103.0,20.0],[-103.4,20.0],[-103.4,19.8],[-103.3,19.8],[-103.3,19.9]]],[[[-101.3,21.3],[-101.3,21.5],[-101.4,21.5],[-101.4,21.4],[-101.5,21.4],[-101.5,21.5],[-101.7,21.5],[-101.7,21.3],[-101.6,21.3],[-101.6,21.2],[-101.4,21.2],[-101.4,21.1],[-101.3,21.1],[-101.3,20.9],[-101.2,20.9],[-101.2,21.0],[-101.1,21.0],[-101.1,21.3],[-101.3,21.3]]],[[[-103.2,21.3],[-103.2,21.6],[-103.3,21.6],[-103.3,21.5],[-103.4,21.5],[-103.4,21.4],[-103.3,21.4],[-103.3,21.3],[-103.2,21.3]]],[[[-103.8,21.5],[-103.8,21.3],[-103.7,21.3],[-103.7,21.4],[-103.6,21.4],[-103.6,21.5],[-103.5,21.5],[-103.5,21.7],[-103.7,21.7],[-103.7,21.5],[-103.8,21.5]]],[[[-103.0,22.1],[-103.2,22.1],[-103.2,21.7],[-103.1,21.7],[-103.1,21.9],[-103.0,21.9],[-103.0,22.1]]],[[[-104.0,22.0],[-103.9,22.0],[-103.9,21.8],[-103.8,21.8],[-103.8,22.3],[-103.9,22.3],[-103.9,22.4],[-104.0,22.4],[-104.0,22.0]]],[[[-102.5,22.4],[-102.7,22.4],[-102.7,22.1],[-102.6,22.1],[-102.6,21.9],[-102.5,21.9],[-102.5,22.4]]],[[[-103.6,22.9],[-103.5,22.9],[-103.5,23.1],[-103.6,23.1],[-103.6,23.0],[-103.7,23.0],[-103.7,23.1],[-103.9,23.1],[-103.9,23.0],[-103.8,23.0],[-103.8,22.7],[-103.7,22.7],[-103.7,22.8],[-103.6,22.8],[-103.6,22.9]]],[[[-100.4,25.2],[-100.2,25.2],[-100.2,25.4],[-100.3,25.4],[-100.3,25.5],[-100.5,25.5],[-100.5,25.6],[-100.6,25.6],[-100.6,25.5],[-100.7,25.5],[-100.7,25.4],[-100.5,25.4],[-100.5,25.3],[-100.4,25.3],[-100.4,25.2]]],[[[-87.8,14.1],[-87.8,14.2],[-88.0,14.2],[-88.0,14.1],[-87.8,14.1]]],[[[-88.7,14.3],[-88.7,14.5],[-88.6,14.5],[-88.6,14.6],[-88.8,14.6],[-88.8,14.5],[-88.9,14.5],[-88.9,14.4],[-88.8,14.4],[-88.8,14.3],[-88.7,14.3]]],[[[-88.3,14.5],[-88.3,14.7],[-88.4,14.7],[-88.4,14.4],[-88.3,14.4],[-88.3,14.2],[-88.1,14.2],[-88.1,14.5],[-88.3,14.5]]],[[[-90.0,14.4],[-90.0,14.6],[-90.1,14.6],[-90.1,14.7],[-90.2,14.7],[-90.2,14.6],[-90.5,14.6],[-90.5,14.5],[-90.1,14.5],[-90.1,14.4],[-90.0,14.4]]],[[[-91.1,15.2],[-91.1,15.4],[-91.2,15.4],[-91.2,15.5],[-91.4,15.5],[-91.4,15.6],[-91.5,15.6],[-91.5,15.7],[-91.6,15.7],[-91.6,15.8],[-91.7,15.8],[-91.7,15.6],[-91.8,15.6],[-91.8,15.5],[-91.9,15.5],[-91.9,15.6],[-92.0,15.6],[-92.0,15.5],[-92.1,15.5],[-92.1,15.4],[-92.0,15.4],[-92.0,15.3],[-92.2,15.3],[-92.2,15.6],[-92.3,15.6],[-92.3,15.5],[-92.5,15.5],[-92.5,15.4],[-92.3,15.4],[-92.3,15.2],[-92.2,15.2],[-92.2,15.1],[-92.0,15.1],[-92.0,15.0],[-91.9,15.0],[-91.9,14.9],[-91.8,14.9],[-91.8,14.8],[-91.6,14.8],[-91.6,14.7],[-91.1,14.7],[-91.1,14.6],[-91.0,14.6],[-91.0,14.5],[-90.6,14.5],[-90.6,14.7],[-90.8,14.7],[-90.8,14.9],[-90.9,14.9],[-90.9,15.0],[-90.6,15.0],[-90.6,15.1],[-90.8,15.1],[-90.8,15.2],[-90.9,15.2],[-90.9,15.1],[-91.0,15.1],[-91.0,15.2],[-91.1,15.2]]],[[[-96.1,16.4],[-96.3,16.4],[-96.3,16.3],[-96.7,16.3],[-96.7,16.2],[-96.6,16.2],[-96.6,16.0],[-96.4,16.0],[-96.4,16.1],[-96.1,16.1],[-96.1,16.2],[-96.0,16.2],[-96.0,16.3],[-96.1,16.3],[-96.1,16.4]]],[[[-92.0,16.5],[-92.0,16.6],[-92.2,16.6],[-92.2,16.7],[-92.3,16.7],[-92.3,16.9],[-92.7,16.9],[-92.7,17.0],[-92.9,17.0],[-92.9,16.9],[-92.8,16.9],[-92.8,16.7],[-92.7,16.7],[-92.7,16.6],[-92.5,16.6],[-92.5,16.5],[-92.4,16.5],[-92.4,16.4],[-92.3,16.4],[-92.3,16.3],[-92.0,16.3],[-92.0,16.4],[-91.9,16.4],[-91.9,16.3],[-91.7,16.3],[-91.7,16.4],[-91.8,16.4],[-91.8,16.5],[-92.0,16.5]]],[[[-96.5,17.7],[-96.6,17.7],[-96.6,17.6],[-96.8,17.6],[-96.8,17.4],[-96.9,17.4],[-96.9,17.6],[-97.0,17.6],[-97.0,17.7],[-97.1,17.7],[-97.1,17.9],[-97.2,17.9],[-97.2,17.8],[-97.3,17.8],[-97.3,17.7],[-97.4,17.7],[-97.4,18.0],[-97.5,18.0],[-97.5,18.2],[-97.6,18.2],[-97.6,17.6],[-97.9,17.6],[-97.9,17.4],[-98.0,17.4],[-98.0,17.3],[-98.1,17.3],[-98.1,17.5],[-98.2,17.5],[-98.2,17.4],[-98.4,17.4],[-98.4,17.3],[-98.6,17.3],[-98.6,17.4],[-98.8,17.4],[-98.8,17.6],[-98.9,17.6],[-98.9,17.2],[-98.8,17.2],[-98.8,17.3],[-98.7,17.3],[-98.7,17.2],[-98.5,17.2],[-98.5,17.1],[-98.4,17.1],[-98.4,17.2],[-97.9,17.2],[-97.9,17.1],[-97.8,17.1],[-97.8,17.0],[-97.7,17.0],[-97.7,16.8],[-97.5,16.8],[-97.5,17.2],[-97.3,17.2],[-97.3,17.1],[-97.2,17.1],[-97.2,16.8],[-97.3,16.8],[-97.3,16.9],[-97.4,16.9],[-97.4,16.7],[-97.3,16.7],[-97.3,16.6],[-97.2,16.6],[-97.2,16.5],[-97.1,16.5],[-97.1,16.6],[-96.9,16.6],[-96.9,16.9],[-96.8,16.9],[-96.8,17.0],[-96.9,17.0],[-96.9,17.2],[-96.7,17.2],[-96.7,17.1],[-96.6,17.1],[-96.6,16.8],[-96.3,16.8],[-96.3,16.9],[-96.1,16.9],[-96.1,16.8],[-96.0,16.8],[-96.0,16.9],[-95.9,16.9],[-95.9,17.1],[-96.2,17.1],[-96.2,17.3],[-96.3,17.3],[-96.3,17.5],[-96.4,17.5],[-96.4,17.6],[-96.5,17.6],[-96.5,17.7]]],[[[-96.9,17.7],[-96.6,17.7],[-96.6,17.8],[-96.7,17.8],[-96.7,17.9],[-96.8,17.9],[-96.8,18.0],[-96.9,18.0],[-96.9,17.7]]],[[[-97.4,18.4],[-97.4,18.5],[-97.3,18.5],[-97.3,18.4],[-97.2,18.4],[-97.2,18.3],[-97.1,18.3],[-97.1,18.1],[-96.9,18.1],[-96.9,18.5],[-97.0,18.5],[-97.0,18.8],[-97.2,18.8],[-97.2,19.1],[-97.3,19.1],[-97.3,19.2],[-97.2,19.2],[-97.2,19.6],[-97.4,19.6],[-97.4,19.7],[-97.5,19.7],[-97.5,19.6],[-97.6,19.6],[-97.6,19.7],[-97.9,19.7],[-97.9,20.0],[-98.0,20.0],[-98.0,19.8],[-98.3,19.8],[-98.3,19.7],[-98.1,19.7],[-98.1,19.5],[-98.4,19.5],[-98.4,19.6],[-98.7,19.6],[-98.7,19.5],[-98.8,19.5],[-98.8,19.4],[-99.0,19.4],[-99.0,19.6],[-99.1,19.6],[-99.1,19.7],[-99.2,19.7],[-99.2,19.9],[-99.3,19.9],[-99.3,20.0],[-99.4,20.0],[-99.4,20.2],[-99.5,20.2],[-99.5,20.3],[-99.4,20.3],[-99.4,20.4],[-99.6,20.4],[-99.6,20.3],[-99.8,20.3],[-99.8,20.4],[-99.9,20.4],[-99.9,20.3],[-100.0,20.3],[-100.0,20.4],[-100.4,20.4],[-100.4,20.3],[-100.5,20.3],[-100.5,20.2],[-100.4,20.2],[-100.4,19.8],[-100.5,19.8],[-100.5,20.0],[-100.7,20.0],[-100.7,19.9],[-100.8,19.9],[-100.8,19.8],[-101.0,19.8],[-101.0,19.7],[-101.2,19.7],[-101.2,19.6],[-101.3,19.6],[-101.3,19.9],[-101.4,19.9],[-101.4,20.0],[-101.3,20.0],[-101.3,20.1],[-101.5,20.1],[-101.5,19.8],[-101.8,19.8],[-101.8,19.9],[-102.0,19.9],[-102.0,19.8],[-102.3,19.8],[-102.3,19.9],[-102.4,19.9],[-102.4,19.3],[-102.2,19.3],[-102.2,19.4],[-102.1,19.4],[-102.1,19.5],[-101.9,19.5],[-101.9,19.4],[-101.8,19.4],[-101.8,19.3],[-101.7,19.3],[-101.7,19.1],[-101.6,19.1],[-101.6,19.2],[-101.5,19.2],[-101.5,19.3],[-101.2,19.3],[-101.2,19.5],[-101.1,19.5],[-101.1,19.6],[-100.8,19.6],[-100.8,19.5],[-100.7,19.5],[-100.7,19.4],[-100.6,19.4],[-100.6,19.5],[-100.4,19.5],[-100.4,19.3],[-100.2,19.3],[-100.2,19.0],[-100.0,19.0],[-100.0,18.8],[-99.9,18.8],[-99.9,18.7],[-99.8,18.7],[-99.8,18.9],[-99.3,18.9],[-99.3,19.0],[-98.8,19.0],[-98.8,18.9],[-98.7,18.9],[-98.7,18.8],[-98.6,18.8],[-98.6,18.9],[-98.3,18.9],[-98.3,18.8],[-98.2,18.8],[-98.2,18.9],[-98.1,18.9],[-98.1,18.8],[-97.8,18.8],[-97.8,18.5],[-97.7,18.5],[-97.7,18.4],[-97.4,18.4]],[[-97.4,18.6],[-97.4,18.5],[-97.6,18.5],[-97.6,18.6],[-97.7,18.6],[-97.7,18.7],[-97.5,18.7],[-97.5,18.6],[-97.4,18.6]],[[-97.5,19.3],[-97.6,19.3],[-97.6,19.5],[-97.5,19.5],[-97.5,19.3]]],[[[-98.4,20.6],[-98.6,20.6],[-98.6,20.5],[-98.5,20.5],[-98.5,20.4],[-98.4,20.4],[-98.4,20.6]]],[[[-98.8,20.6],[-98.6,20.6],[-98.6,20.7],[-98.7,20.7],[-98.7,20.8],[-98.8,20.8],[-98.8,20.6]]],[[[-99.5,21.0],[-99.6,21.0],[-99.6,20.9],[-99.7,20.9],[-99.7,20.8],[-99.5,20.8],[-99.5,21.0]]],[[[-99.2,21.2],[-99.1,21.2],[-99.1,21.5],[-99.2,21.5],[-99.2,21.2]]],[[[-99.7,23.6],[-99.5,23.6],[-99.5,23.7],[-99.6,23.7],[-99.6,23.8],[-99.4,23.8],[-99.4,23.9],[-99.5,23.9],[-99.5,24.0],[-99.7,24.0],[-99.7,23.9],[-99.8,23.9],[-99.8,23.7],[-99.7,23.7],[-99.7,23.6]]]]}},
{"type":"Feature","properties":{"k":"Cfa"},"geometry":{"type":"MultiPolygon","coordinates":[[[[-105.9,32.7],[-105.8,32.7],[-105.8,33.1],[-105.7,33.1],[-105.7,33.2],[-105.8,33.2],[-105.8,33.4],[-105.9,33.4],[-105.9,32.7]]],[[[-105.7,33.3],[-105.5,33.3],[-105.5,33.4],[-105.6,33.4],[-105.6,33.7],[-105.7,33.7],[-105.7,33.3]]],[[[-106.4,34.7],[-106.3,34.7],[-106.3,34.9],[-106.2,34.9],[-106.2,35.0],[-106.4,35.0],[-106.4,34.7]]],[[[-105.9,35.6],[-105.9,35.4],[-105.8,35.4],[-105.8,35.2],[-105.7,35.2],[-105.7,35.3],[-105.5,35.3],[-105.5,35.4],[-105.6,35.4],[-105.6,35.6],[-105.9,35.6]]],[[[-104.7,37.5],[-104.7,37.3],[-104.6,37.3],[-104.6,37.5],[-104.5,37.5],[-104.5,37.7],[-104.6,37.7],[-104.6,37.8],[-104.7,37.8],[-104.7,37.9],[-104.8,37.9],[-104.8,38.1],[-105.0,38.1],[-105.0,38.0],[-104.9,38.0],[-104.9,37.8],[-105.0,37.8],[-105.0,37.7],[-104.9,37.7],[-104.9,37.5],[-104.7,37.5]]],[[[-105.1,39.5],[-104.9,39.5],[-104.9,39.6],[-104.8,39.6],[-104.8,39.8],[-105.0,39.8],[-105.0,40.2],[-105.1,40.2],[-105.1,40.3],[-105.3,40.3],[-105.3,39.9],[-105.2,39.9],[-105.2,39.6],[-105.1,39.6],[-105.1,39.5]]],[[[-116.6,45.8],[-116.6,46.1],[-116.7,46.1],[-116.7,46.0],[-116.8,46.0],[-116.8,46.1],[-116.9,46.1],[-116.9,45.8],[-116.8,45.8],[-116.8,45.7],[-116.9,45.7],[-116.9,45.5],[-116.8,45.5],[-116.8,45.6],[-116.7,45.6],[-116.7,45.7],[-116.5,45.7],[-116.5,45.8],[-116.6,45.8]]],[[[-116.3,45.7],[-116.2,45.7],[-116.2,45.9],[-116.0,45.9],[-116.0,46.1],[-116.1,46.1],[-116.1,46.2],[-116.3,46.2],[-116.3,46.1],[-116.4,46.1],[-116.4,46.0],[-116.5,46.0],[-116.5,45.9],[-116.4,45.9],[-116.4,45.8],[-116.3,45.8],[-116.3,45.7]]],[[[-114.0,48.0],[-114.2,48.0],[-114.2,47.7],[-114.0,47.7],[-114.0,48.0]]],[[[-118.1,49.5],[-118.1,49.7],[-118.2,49.7],[-118.2,49.5],[-118.1,49.5]]],[[[-96.9,19.1],[-96.9,19.3],[-97.0,19.3],[-97.0,19.1],[-96.9,19.1]]],[[[-97.0,19.6],[-97.0,19.4],[-96.9,19.4],[-96.9,19.5],[-96.8,19.5],[-96.8,19.6],[-97.0,19.6]]],[[[-97.9,20.2],[-97.9,20.3],[-98.0,20.3],[-98.0,20.4],[-98.1,20.4],[-98.1,20.5],[-98.2,20.5],[-98.2,20.6],[-98.3,20.6],[-98.3,20.7],[-98.4,20.7],[-98.4,20.5],[-98.3,20.5],[-98.3,20.4],[-98.2,20.4],[-98.2,20.3],[-98.1,20.3],[-98.1,20.2],[-98.0,20.2],[-98.0,20.1],[-97.9,20.1],[-97.9,20.0],[-97.8,20.0],[-97.8,19.9],[-97.3,19.9],[-97.3,20.0],[-97.7,20.0],[-97.7,20.1],[-97.8,20.1],[-97.8,20.2],[-97.9,20.2]]],[[[-98.9,24.5],[-98.8,24.5],[-98.8,24.4],[-98.6,24.4],[-98.6,24.5],[-98.5,24.5],[-98.5,24.7],[-98.4,24.7],[-98.4,24.8],[-98.5,24.8],[-98.5,24.9],[-98.6,24.9],[-98.6,24.8],[-98.7,24.8],[-98.7,24.9],[-98.8,24.9],[-98.8,24.7],[-98.9,24.7],[-98.9,24.5]]],[[[-88.9,29.8],[-89.0,29.8],[-89.0,29.7],[-88.8,29.7],[-88.8,30.1],[-88.9,30.1],[-88.9,29.8]]],[[[-81.5,41.4],[-81.6,41.4],[-81.6,41.0],[-81.7,41.0],[-81.7,40.9],[-81.8,40.9],[-81.8,40.8],[-81.7,40.8],[-81.7,40.6],[-81.8,40.6],[-81.8,40.7],[-81.9,40.7],[-81.9,40.8],[-82.1,40.8],[-82.1,40.7],[-82.2,40.7],[-82.2,40.6],[-82.1,40.6],[-82.1,40.5],[-82.3,40.5],[-82.3,40.4],[-82.5,40.4],[-82.5,40.3],[-82.6,40.3],[-82.6,40.2],[-82.8,40.2],[-82.8,40.3],[-82.9,40.3],[-82.9,40.4],[-83.2,40.4],[-83.2,40.3],[-83.4,40.3],[-83.4,40.2],[-83.6,40.2],[-83.6,40.1],[-84.2,40.1],[-84.2,40.2],[-84.3,40.2],[-84.3,40.1],[-84.5,40.1],[-84.5,40.0],[-84.6,40.0],[-84.6,39.9],[-85.2,39.9],[-85.2,39.8],[-85.6,39.8],[-85.6,39.9],[-85.7,39.9],[-85.7,40.0],[-85.9,40.0],[-85.9,40.1],[-86.1,40.1],[-86.1,40.0],[-86.3,40.0],[-86.3,39.9],[-86.7,39.9],[-86.7,40.0],[-86.8,40.0],[-86.8,40.1],[-87.1,40.1],[-87.1,40.2],[-87.7,40.2],[-87.7,40.1],[-87.9,40.1],[-87.9,40.0],[-88.1,40.0],[-88.1,39.9],[-88.7,39.9],[-88.7,39.8],[-88.9,39.8],[-88.9,39.9],[-89.0,39.9],[-89.0,39.8],[-89.2,39.8],[-89.2,39.9],[-89.8,39.9],[-89.8,39.8],[-89.9,39.8],[-89.9,39.7],[-90.1,39.7],[-90.1,39.8],[-90.4,39.8],[-90.4,39.9],[-90.7,39.9],[-90.7,39.8],[-90.8,39.8],[-90.8,39.7],[-91.1,39.7],[-91.1,39.8],[-91.3,39.8],[-91.3,39.9],[-91.5,39.9],[-91.5,39.8],[-91.8,39.8],[-91.8,39.7],[-92.2,39.7],[-92.2,39.6],[-92.3,39.6],[-92.3,39.7],[-92.8,39.7],[-92.8,39.6],[-93.6,39.6],[-93.6,39.5],[-93.7,39.5],[-93.7,39.6],[-93.8,39.6],[-93.8,39.5],[-94.1,39.5],[-94.1,39.4],[-94.3,39.4],[-94.3,39.5],[-95.0,39.5],[-95.0,39.6],[-95.1,39.6],[-95.1,39.5],[-95.3,39.5],[-95.3,39.4],[-95.4,39.4],[-95.4,39.5],[-95.8,39.5],[-95.8,39.4],[-96.3,39.4],[-96.3,39.3],[-96.4,39.3],[-96.4,39.4],[-96.7,39.4],[-96.7,39.5],[-97.2,39.5],[-97.2,39.6],[-97.6,39.6],[-97.6,39.5],[-98.3,39.5],[-98.3,39.4],[-98.4,39.4],[-98.4,39.5],[-99.5,39.5],[-99.5,39.4],[-99.6,39.4],[-99.6,39.5],[-100.1,39.5],[-100.1,39.4],[-99.7,39.4],[-99.7,39.3],[-100.4,39.3],[-100.4,39.2],[-100.3,39.2],[-100.3,39.1],[-100.4,39.1],[-100.4,39.0],[-100.3,39.0],[-100.3,38.8],[-99.7,38.8],[-99.7,38.7],[-100.3,38.7],[-100.3,38.6],[-100.0,38.6],[-100.0,38.5],[-99.5,38.5],[-99.5,38.4],[-99.9,38.4],[-99.9,38.2],[-100.0,38.2],[-100.0,38.1],[-99.9,38.1],[-99.9,38.0],[-99.8,38.0],[-99.8,37.9],[-99.9,37.9],[-99.9,37.7],[-100.0,37.7],[-100.0,37.4],[-100.1,37.4],[-100.1,37.3],[-100.0,37.3],[-100.0,37.2],[-99.8,37.2],[-99.8,37.1],[-99.9,37.1],[-99.9,37.0],[-100.2,37.0],[-100.2,36.9],[-100.3,36.9],[-100.3,36.8],[-100.2,36.8],[-100.2,36.4],[-100.1,36.4],[-100.1,36.1],[-100.2,36.1],[-100.2,36.0],[-100.0,36.0],[-100.0,35.8],[-100.2,35.8],[-100.2,35.6],[-100.3,35.6],[-100.3,35.5],[-100.2,35.5],[-100.2,35.3],[-100.7,35.3],[-100.7,35.1],[-100.5,35.1],[-100.5,35.2],[-100.4,35.2],[-100.4,35.0],[-100.5,35.0],[-100.5,34.9],[-100.2,34.9],[-100.2,34.7],[-100.1,34.7],[-100.1,34.5],[-100.2,34.5],[-100.2,34.3],[-100.3,34.3],[-100.3,34.2],[-100.4,34.2],[-100.4,34.1],[-100.5,34.1],[-100.5,34.0],[-100.7,34.0],[-100.7,33.8],[-101.1,33.8],[-101.1,33.3],[-100.9,33.3],[-100.9,33.2],[-101.1,33.2],[-101.1,33.1],[-101.0,33.1],[-101.0,32.9],[-101.1,32.9],[-101.1,33.0],[-101.2,33.0],[-101.2,32.8],[-101.1,32.8],[-101.1,32.7],[-100.9,32.7],[-100.9,32.6],[-100.8,32.6],[-100.8,32.5],[-100.7,32.5],[-100.7,32.1],[-100.6,32.1],[-100.6,31.9],[-100.7,31.9],[-100.7,32.0],[-100.8,32.0],[-100.8,31.9],[-100.9,31.9],[-100.9,31.8],[-100.8,31.8],[-100.8,31.7],[-100.7,31.7],[-100.7,31.6],[-100.5,31.6],[-100.5,31.5],[-100.1,31.5],[-100.1,31.3],[-100.2,31.3],[-100.2,31.2],[-100.4,31.2],[-100.4,31.0],[-100.5,31.0],[-100.5,30.9],[-100.6,30.9],[-100.6,31.2],[-100.7,31.2],[-100.7,31.0],[-100.8,31.0],[-100.8,30.8],[-100.7,30.8],[-100.7,30.7],[-100.6,30.7],[-100.6,30.4],[-100.5,30.4],[-100.5,30.3],[-100.7,30.3],[-100.7,30.2],[-100.8,30.2],[-100.8,30.0],[-100.7,30.0],[-100.7,29.7],[-100.6,29.7],[-100.6,29.6],[-100.5,29.6],[-100.5,29.5],[-100.3,29.5],[-100.3,29.4],[-100.2,29.4],[-100.2,29.3],[-100.1,29.3],[-100.1,29.4],[-99.9,29.4],[-99.9,29.3],[-99.7,29.3],[-99.7,29.2],[-99.4,29.2],[-99.4,29.1],[-99.3,29.1],[-99.3,29.0],[-99.4,29.0],[-99.4,28.9],[-99.2,28.9],[-99.2,29.0],[-99.1,29.0],[-99.1,28.8],[-99.0,28.8],[-99.0,28.7],[-98.9,28.7],[-98.9,28.6],[-98.7,28.6],[-98.7,28.5],[-98.5,28.5],[-98.5,28.4],[-98.6,28.4],[-98.6,28.3],[-98.5,28.3],[-98.5,27.9],[-98.6,27.9],[-98.6,27.7],[-98.4,27.7],[-98.4,27.6],[-98.3,27.6],[-98.3,27.5],[-98.2,27.5],[-98.2,27.3],[-98.1,27.3],[-98.1,27.1],[-98.2,27.1],[-98.2,27.0],[-98.1,27.0],[-98.1,26.9],[-98.0,26.9],[-98.0,26.7],[-97.9,26.7],[-97.9,26.5],[-97.4,26.5],[-97.4,26.8],[-97.3,26.8],[-97.3,27.4],[-97.2,27.4],[-97.2,27.6],[-97.1,27.6],[-97.1,27.7],[-97.0,27.7],[-97.0,27.9],[-96.9,27.9],[-96.9,28.0],[-96.8,28.0],[-96.8,28.1],[-96.6,28.1],[-96.6,28.2],[-96.4,28.2],[-96.4,28.3],[-96.3,28.3],[-96.3,28.4],[-96.2,28.4],[-96.2,28.5],[-95.9,28.5],[-95.9,28.6],[-95.7,28.6],[-95.7,28.7],[-95.5,28.7],[-95.5,28.8],[-95.3,28.8],[-95.3,28.9],[-95.2,28.9],[-95.2,29.0],[-95.1,29.0],[-95.1,29.1],[-94.9,29.1],[-94.9,29.2],[-94.7,29.2],[-94.7,29.3],[-94.6,29.3],[-94.6,29.4],[-94.5,29.4],[-94.5,29.5],[-94.2,29.5],[-94.2,29.6],[-93.8,29.6],[-93.8,29.7],[-93.0,29.7],[-93.0,29.6],[-92.7,29.6],[-92.7,29.5],[-91.9,29.5],[-91.9,29.4],[-91.7,29.4],[-91.7,29.6],[-91.6,29.6],[-91.6,29.5],[-91.5,29.5],[-91.5,29.4],[-91.4,29.4],[-91.4,29.2],[-91.1,29.2],[-91.1,29.1],[-91.0,29.1],[-91.0,29.0],[-90.2,29.0],[-90.2,29.1],[-90.0,29.1],[-90.0,29.2],[-89.9,29.2],[-89.9,29.3],[-89.7,29.3],[-89.7,29.2],[-89.5,29.2],[-89.5,29.1],[-89.4,29.1],[-89.4,29.0],[-89.5,29.0],[-89.5,28.9],[-89.3,28.9],[-89.3,29.0],[-89.2,29.0],[-89.2,28.9],[-89.1,28.9],[-89.1,29.0],[-89.0,29.0],[-89.0,29.3],[-89.1,29.3],[-89.1,29.5],[-89.3,29.5],[-89.3,29.4],[-89.5,29.4],[-89.5,29.6],[-89.3,29.6],[-89.3,29.7],[-89.2,29.7],[-89.2,30.0],[-89.1,30.0],[-89.1,30.2],[-87.4,30.2],[-87.4,30.3],[-86.1,30.3],[-86.1,30.2],[-85.9,30.2],[-85.9,30.1],[-85.7,30.1],[-85.7,30.0],[-85.6,30.0],[-85.6,29.9],[-85.5,29.9],[-85.5,29.7],[-85.4,29.7],[-85.4,29.6],[-85.1,29.6],[-85.1,29.5],[-85.0,29.5],[-85.0,29.6],[-84.7,29.6],[-84.7,29.7],[-84.6,29.7],[-84.6,29.8],[-84.5,29.8],[-84.5,29.9],[-84.4,29.9],[-84.4,29.8],[-84.3,29.8],[-84.3,30.0],[-83.9,30.0],[-83.9,29.9],[-83.7,29.9],[-83.7,29.8],[-83.6,29.8],[-83.6,29.7],[-83.5,29.7],[-83.5,29.5],[-83.4,29.5],[-83.4,29.4],[-83.3,29.4],[-83.3,29.3],[-83.2,29.3],[-83.2,29.2],[-83.1,29.2],[-83.1,29.0],[-83.0,29.0],[-83.0,29.1],[-82.9,29.1],[-82.9,29.0],[-82.8,29.0],[-82.8,28.7],[-82.7,28.7],[-82.7,28.4],[-82.8,28.4],[-82.8,28.3],[-82.9,28.3],[-82.9,27.8],[-82.8,27.8],[-82.8,27.6],[-82.7,27.6],[-82.7,27.5],[-82.6,27.5],[-82.6,27.4],[-82.4,27.4],[-82.4,27.3],[-82.1,27.3],[-82.1,27.2],[-81.7,27.2],[-81.7,27.3],[-81.6,27.3],[-81.6,27.2],[-81.4,27.2],[-81.4,27.4],[-81.2,27.4],[-81.2,27.5],[-81.1,27.5],[-81.1,27.6],[-81.0,27.6],[-81.0,27.8],[-80.9,27.8],[-80.9,28.1],[-80.8,28.1],[-80.8,28.6],[-80.7,28.6],[-80.7,28.7],[-80.8,28.7],[-80.8,29.1],[-80.9,29.1],[-80.9,29.2],[-81.0,29.2],[-81.0,29.5],[-81.1,29.5],[-81.1,29.7],[-81.2,29.7],[-81.2,30.0],[-81.3,30.0],[-81.3,30.4],[-81.4,30.4],[-81.4,31.1],[-81.3,31.1],[-81.3,31.2],[-81.2,31.2],[-81.2,31.4],[-81.1,31.4],[-81.1,31.7],[-81.0,31.7],[-81.0,31.8],[-80.9,31.8],[-80.9,31.9],[-80.8,31.9],[-80.8,32.1],[-80.6,32.1],[-80.6,32.2],[-80.5,32.2],[-80.5,32.3],[-80.4,32.3],[-80.4,32.4],[-80.3,32.4],[-80.3,32.5],[-80.1,32.5],[-80.1,32.6],[-79.8,32.6],[-79.8,32.7],[-79.7,32.7],[-79.7,32.8],[-79.6,32.8],[-79.6,32.9],[-79.5,32.9],[-79.5,33.0],[-79.3,33.0],[-79.3,33.1],[-79.1,33.1],[-79.1,33.4],[-79.0,33.4],[-79.0,33.5],[-78.9,33.5],[-78.9,33.6],[-78.8,33.6],[-78.8,33.7],[-78.7,33.7],[-78.7,33.8],[-78.4,33.8],[-78.4,33.9],[-78.1,33.9],[-78.1,33.8],[-77.9,33.8],[-77.9,34.0],[-77.8,34.0],[-77.8,34.2],[-77.7,34.2],[-77.7,34.3],[-77.6,34.3],[-77.6,34.4],[-77.4,34.4],[-77.4,34.5],[-77.2,34.5],[-77.2,34.6],[-76.6,34.6],[-76.6,34.5],[-76.5,34.5],[-76.5,34.6],[-76.4,34.6],[-76.4,34.7],[-76.3,34.7],[-76.3,34.8],[-76.2,34.8],[-76.2,34.9],[-76.1,34.9],[-76.1,35.0],[-75.9,35.0],[-75.9,35.1],[-75.7,35.1],[-75.7,35.2],[-75.5,35.2],[-75.5,35.3],[-75.4,35.3],[-75.4,35.8],[-75.5,35.8],[-75.5,36.0],[-75.6,36.0],[-75.6,36.1],[-75.7,36.1],[-75.7,36.3],[-75.8,36.3],[-75.8,36.7],[-75.9,36.7],[-75.9,37.1],[-75.8,37.1],[-75.8,37.2],[-75.7,37.2],[-75.7,37.4],[-75.6,37.4],[-75.6,37.6],[-75.5,37.6],[-75.5,37.8],[-75.3,37.8],[-75.3,37.9],[-75.2,37.9],[-75.2,38.1],[-75.1,38.1],[-75.1,38.3],[-75.0,38.3],[-75.0,38.9],[-74.7,38.9],[-74.7,39.1],[-74.6,39.1],[-74.6,39.2],[-74.5,39.2],[-74.5,39.3],[-74.3,39.3],[-74.3,39.5],[-74.2,39.5],[-74.2,39.6],[-74.1,39.6],[-74.1,39.7],[-74.0,39.7],[-74.0,40.2],[-73.9,40.2],[-73.9,40.5],[-73.4,40.5],[-73.4,40.6],[-72.9,40.6],[-72.9,40.7],[-72.6,40.7],[-72.6,40.8],[-72.3,40.8],[-72.3,40.9],[-72.0,40.9],[-72.0,41.0],[-71.8,41.0],[-71.8,41.1],[-72.0,41.1],[-72.0,41.2],[-71.9,41.2],[-71.9,41.3],[-71.6,41.3],[-71.6,41.2],[-71.7,41.2],[-71.7,41.1],[-71.5,41.1],[-71.5,41.3],[-71.4,41.3],[-71.4,41.4],[-70.9,41.4],[-70.9,41.2],[-70.8,41.2],[-70.8,41.3],[-70.3,41.3],[-70.3,41.2],[-69.9,41.2],[-69.9,41.4],[-70.1,41.4],[-70.1,41.3],[-70.2,41.3],[-70.2,41.4],[-70.4,41.4],[-70.4,41.6],[-70.0,41.6],[-70.0,41.7],[-69.9,41.7],[-69.9,42.0],[-70.0,42.0],[-70.0,42.1],[-70.1,42.1],[-70.1,41.8],[-70.5,41.8],[-70.5,42.0],[-70.6,42.0],[-70.6,42.2],[-70.7,42.2],[-70.7,42.3],[-70.8,42.3],[-70.8,42.5],[-70.6,42.5],[-70.6,42.7],[-70.7,42.7],[-70.7,42.8],[-70.9,42.8],[-70.9,42.7],[-71.0,42.7],[-71.0,42.6],[-71.2,42.6],[-71.2,42.4],[-71.3,42.4],[-71.3,42.3],[-71.4,42.3],[-71.4,42.2],[-71.5,42.2],[-71.5,42.1],[-71.6,42.1],[-71.6,42.0],[-71.7,42.0],[-71.7,41.8],[-71.8,41.8],[-71.8,41.9],[-71.9,41.9],[-71.9,41.8],[-72.3,41.8],[-72.3,41.7],[-72.5,41.7],[-72.5,42.0],[-72.7,42.0],[-72.7,41.9],[-72.8,41.9],[-72.8,41.8],[-72.9,41.8],[-72.9,41.6],[-73.2,41.6],[-73.2,41.5],[-73.4,41.5],[-73.4,41.6],[-73.5,41.6],[-73.5,41.4],[-73.6,41.4],[-73.6,41.5],[-73.7,41.5],[-73.7,41.4],[-73.9,41.4],[-73.9,41.5],[-73.8,41.5],[-73.8,41.7],[-74.0,41.7],[-74.0,41.5],[-74.4,41.5],[-74.4,41.4],[-74.5,41.4],[-74.5,41.2],[-74.4,41.2],[-74.4,41.1],[-74.5,41.1],[-74.5,41.0],[-74.7,41.0],[-74.7,41.1],[-74.9,41.1],[-74.9,41.0],[-75.0,41.0],[-75.0,41.1],[-75.2,41.1],[-75.2,41.0],[-75.3,41.0],[-75.3,40.9],[-75.8,40.9],[-75.8,40.8],[-76.0,40.8],[-76.0,40.7],[-76.5,40.7],[-76.5,40.9],[-76.4,40.9],[-76.4,41.0],[-76.3,41.0],[-76.3,41.1],[-76.5,41.1],[-76.5,41.0],[-76.6,41.0],[-76.6,41.1],[-76.8,41.1],[-76.8,41.2],[-77.0,41.2],[-77.0,41.0],[-77.1,41.0],[-77.1,40.9],[-77.2,40.9],[-77.2,40.8],[-77.4,40.8],[-77.4,40.7],[-78.0,40.7],[-78.0,40.6],[-78.1,40.6],[-78.1,40.7],[-78.3,40.7],[-78.3,40.6],[-78.4,40.6],[-78.4,40.5],[-78.5,40.5],[-78.5,40.2],[-78.7,40.2],[-78.7,39.9],[-78.8,39.9],[-78.8,39.8],[-78.9,39.8],[-78.9,39.6],[-79.0,39.6],[-79.0,39.5],[-79.2,39.5],[-79.2,39.1],[-79.3,39.1],[-79.3,38.9],[-79.4,38.9],[-79.4,38.8],[-79.5,38.8],[-79.5,38.5],[-79.6,38.5],[-79.6,38.4],[-79.7,38.4],[-79.7,38.3],[-79.8,38.3],[-79.8,38.5],[-79.9,38.5],[-79.9,38.4],[-80.0,38.4],[-80.0,38.3],[-80.1,38.3],[-80.1,38.2],[-80.3,38.2],[-80.3,38.1],[-80.5,38.1],[-80.5,38.0],[-80.7,38.0],[-80.7,38.1],[-80.6,38.1],[-80.6,38.2],[-80.5,38.2],[-80.5,38.3],[-80.4,38.3],[-80.4,38.4],[-80.3,38.4],[-80.3,38.5],[-80.2,38.5],[-80.2,38.7],[-80.0,38.7],[-80.0,38.6],[-79.9,38.6],[-79.9,38.8],[-79.8,38.8],[-79.8,38.9],[-79.7,38.9],[-79.7,39.0],[-79.6,39.0],[-79.6,39.6],[-79.5,39.6],[-79.5,39.8],[-79.4,39.8],[-79.4,39.7],[-79.3,39.7],[-79.3,39.9],[-79.4,39.9],[-79.4,40.0],[-79.3,40.0],[-79.3,40.1],[-79.2,40.1],[-79.2,40.2],[-79.1,40.2],[-79.1,40.3],[-79.0,40.3],[-79.0,40.5],[-79.1,40.5],[-79.1,40.7],[-79.2,40.7],[-79.2,40.8],[-79.3,40.8],[-79.3,40.7],[-79.4,40.7],[-79.4,40.8],[-79.8,40.8],[-79.8,40.9],[-80.2,40.9],[-80.2,41.0],[-80.3,41.0],[-80.3,41.1],[-80.4,41.1],[-80.4,41.2],[-80.8,41.2],[-80.8,41.3],[-80.9,41.3],[-80.9,41.2],[-81.1,41.2],[-81.1,41.0],[-81.2,41.0],[-81.2,40.9],[-81.1,40.9],[-81.1,40.8],[-81.3,40.8],[-81.3,40.9],[-81.5,40.9],[-81.5,41.4]],[[-75.0,39.1],[-75.0,38.9],[-75.2,38.9],[-75.2,39.0],[-75.3,39.0],[-75.3,39.2],[-75.2,39.2],[-75.2,39.1],[-75.0,39.1]],[[-72.4,41.1],[-72.6,41.1],[-72.6,41.0],[-73.3,41.0],[-73.3,41.1],[-73.0,41.1],[-73.0,41.2],[-72.4,41.2],[-72.4,41.1]],[[-99.1,39.4],[-98.9,39.4],[-98.9,39.2],[-99.2,39.2],[-99.2,39.3],[-99.1,39.3],[-99.1,39.4]],[[-76.4,38.5],[-76.5,38.5],[-76.5,38.8],[-76.4,38.8],[-76.4,38.5]],[[-76.2,37.1],[-76.3,37.1],[-76.3,37.3],[-76.2,37.3],[-76.2,38.0],[-76.3,38.0],[-76.3,38.3],[-76.2,38.3],[-76.2,38.2],[-76.1,38.2],[-76.1,37.9],[-76.0,37.9],[-76.0,37.8],[-75.9,37.8],[-75.9,37.7],[-76.0,37.7],[-76.0,37.4],[-76.1,37.4],[-76.1,37.1],[-76.0,37.1],[-76.0,37.0],[-76.2,37.0],[-76.2,37.1]],[[-81.6,36.3],[-81.8,36.3],[-81.8,36.4],[-81.6,36.4],[-81.6,36.3]],[[-82.0,36.2],[-81.8,36.2],[-81.8,36.0],[-82.1,36.0],[-82.1,36.1],[-82.0,36.1],[-82.0,36.2]],[[-75.9,36.0],[-76.3,36.0],[-76.3,36.1],[-75.9,36.1],[-75.9,36.0]],[[-82.2,35.7],[-82.4,35.7],[-82.4,35.9],[-82.2,35.9],[-82.2,35.7]],[[-76.4,35.3],[-76.0,35.3],[-76.0,35.4],[-75.9,35.4],[-75.9,35.5],[-75.7,35.5],[-75.7,35.8],[-75.6,35.8],[-75.6,35.6],[-75.5,35.6],[-75.5,35.4],[-75.6,35.4],[-75.6,35.3],[-75.8,35.3],[-75.8,35.2],[-76.0,35.2],[-76.0,35.1],[-76.5,35.1],[-76.5,35.2],[-76.4,35.2],[-76.4,35.3]],[[-82.9,35.2],[-83.0,35.2],[-83.0,35.3],[-83.1,35.3],[-83.1,35.4],[-83.2,35.4],[-83.2,35.6],[-83.4,35.6],[-83.4,35.5],[-83.7,35.5],[-83.7,35.6],[-83.5,35.6],[-83.5,35.7],[-83.1,35.7],[-83.1,35.5],[-83.0,35.5],[-83.0,35.4],[-82.8,35.4],[-82.8,35.3],[-82.9,35.3],[-82.9,35.2]],[[-83.2,35.2],[-83.0,35.2],[-83.0,35.1],[-83.2,35.1],[-83.2,35.2]],[[-83.5,35.0],[-83.6,35.0],[-83.6,35.2],[-83.5,35.2],[-83.5,35.0]],[[-87.9,30.3],[-88.1,30.3],[-88.1,30.4],[-87.9,30.4],[-87.9,30.3]],[[-90.4,29.1],[-90.6,29.1],[-90.6,29.2],[-90.4,29.2],[-90.4,29.1]]],[[[-81.7,41.4],[-81.6,41.4],[-81.6,41.5],[-81.5,41.5],[-81.5,41.6],[-81.4,41.6],[-81.4,41.8],[-81.1,41.8],[-81.1,41.9],[-80.8,41.9],[-80.8,42.0],[-81.8,42.0],[-81.8,42.1],[-82.0,42.1],[-82.0,42.0],[-82.2,42.0],[-82.2,41.9],[-82.3,41.9],[-82.3,41.8],[-82.6,41.8],[-82.6,41.7],[-82.7,41.7],[-82.7,41.5],[-82.6,41.5],[-82.6,41.4],[-82.2,41.4],[-82.2,41.3],[-82.0,41.3],[-82.0,41.2],[-81.9,41.2],[-81.9,41.3],[-81.7,41.3],[-81.7,41.4]]],[[[-79.7,42.4],[-79.5,42.4],[-79.5,42.6],[-79.7,42.6],[-79.7,42.7],[-80.1,42.7],[-80.1,42.6],[-80.0,42.6],[-80.0,42.5],[-80.1,42.5],[-80.1,42.4],[-80.2,42.4],[-80.2,42.3],[-80.3,42.3],[-80.3,42.2],[-80.5,42.2],[-80.5,42.1],[-80.7,42.1],[-80.7,42.0],[-80.4,42.0],[-80.4,42.1],[-80.2,42.1],[-80.2,42.2],[-79.9,42.2],[-79.9,42.3],[-79.7,42.3],[-79.7,42.4]]],[[[-86.3,42.3],[-86.3,43.0],[-86.4,43.0],[-86.4,43.1],[-86.5,43.1],[-86.5,43.2],[-87.1,43.2],[-87.1,43.1],[-87.3,43.1],[-87.3,42.9],[-87.4,42.9],[-87.4,42.0],[-87.3,42.0],[-87.3,41.9],[-87.1,41.9],[-87.1,41.8],[-86.7,41.8],[-86.7,41.9],[-86.6,41.9],[-86.6,42.1],[-86.5,42.1],[-86.5,42.2],[-86.4,42.2],[-86.4,42.3],[-86.3,42.3]]],[[[-77.7,43.4],[-77.7,43.3],[-77.0,43.3],[-77.0,43.4],[-76.9,43.4],[-76.9,43.5],[-79.5,43.5],[-79.5,43.4],[-79.6,43.4],[-79.6,43.2],[-79.2,43.2],[-79.2,43.3],[-78.9,43.3],[-78.9,43.4],[-77.7,43.4]]]]}},
{"type":"Feature","properties":{"k":"Cfb"},"geometry":{"type":"MultiPolygon","coordinates":[[[[-99.9,24.3],[-100.0,24.3],[-100.0,24.1],[-99.9,24.1],[-99.9,24.2],[-99.8,24.2],[-99.8,24.5],[-99.9,24.5],[-99.9,24.8],[-100.0,24.8],[-100.0,24.4],[-99.9,24.4],[-99.9,24.3]]],[[[-100.4,25.0],[-100.3,25.0],[-100.3,25.1],[-100.2,25.1],[-100.2,25.2],[-100.4,25.2],[-100.4,25.3],[-100.5,25.3],[-100.5,25.1],[-100.4,25.1],[-100.4,25.0]]],[[[-105.8,32.7],[-105.7,32.7],[-105.7,32.6],[-105.6,32.6],[-105.6,32.8],[-105.5,32.8],[-105.5,33.3],[-105.7,33.3],[-105.7,33.5],[-105.9,33.5],[-105.9,33.4],[-105.8,33.4],[-105.8,33.2],[-105.7,33.2],[-105.7,33.1],[-105.8,33.1],[-105.8,32.7]]],[[[-107.9,33.5],[-108.0,33.5],[-108.0,33.2],[-107.9,33.2],[-107.9,32.9],[-107.7,32.9],[-107.7,33.0],[-107.8,33.0],[-107.8,33.6],[-107.9,33.6],[-107.9,33.5]]],[[[-108.1,33.5],[-108.0,33.5],[-108.0,33.7],[-108.4,33.7],[-108.4,33.9],[-108.3,33.9],[-108.3,34.0],[-108.5,34.0],[-108.5,34.2],[-108.6,34.2],[-108.6,34.1],[-108.9,34.1],[-108.9,34.2],[-109.0,34.2],[-109.0,34.1],[-109.1,34.1],[-109.1,33.9],[-109.0,33.9],[-109.0,34.0],[-108.8,34.0],[-108.8,33.9],[-108.9,33.9],[-108.9,33.8],[-108.7,33.8],[-108.7,33.6],[-108.8,33.6],[-108.8,33.5],[-108.7,33.5],[-108.7,33.4],[-108.5,33.4],[-108.5,33.3],[-108.2,33.3],[-108.2,33.6],[-108.1,33.6],[-108.1,33.5]]],[[[-105.4,35.6],[-105.3,35.6],[-105.3,35.9],[-105.4,35.9],[-105.4,35.6]]],[[[-121.8,47.3],[-121.6,47.3],[-121.6,47.6],[-121.5,47.6],[-121.5,48.1],[-121.6,48.1],[-121.6,48.2],[-121.9,48.2],[-121.9,48.0],[-121.8,48.0],[-121.8,47.5],[-121.9,47.5],[-121.9,47.2],[-121.8,47.2],[-121.8,47.3]]],[[[-123.5,47.7],[-123.6,47.7],[-123.6,47.8],[-123.7,47.8],[-123.7,47.9],[-123.9,47.9],[-123.9,48.0],[-124.0,48.0],[-124.0,48.1],[-124.3,48.1],[-124.3,48.2],[-124.4,48.2],[-124.4,48.3],[-124.5,48.3],[-124.5,48.4],[-124.8,48.4],[-124.8,48.1],[-124.7,48.1],[-124.7,47.8],[-124.5,47.8],[-124.5,47.6],[-124.4,47.6],[-124.4,47.3],[-124.3,47.3],[-124.3,47.2],[-124.0,47.2],[-124.0,47.3],[-123.9,47.3],[-123.9,47.2],[-123.6,47.2],[-123.6,47.3],[-123.5,47.3],[-123.5,47.5],[-123.4,47.5],[-123.4,47.6],[-123.5,47.6],[-123.5,47.7]]],[[[-124.9,50.5],[-124.9,50.6],[-125.1,50.6],[-125.1,50.5],[-125.3,50.5],[-125.3,50.6],[-125.4,50.6],[-125.4,50.8],[-125.5,50.8],[-125.5,50.7],[-125.6,50.7],[-125.6,50.9],[-125.7,50.9],[-125.7,50.7],[-125.9,50.7],[-125.9,50.9],[-126.0,50.9],[-126.0,49.1],[-125.9,49.1],[-125.9,49.0],[-125.7,49.0],[-125.7,48.9],[-125.4,48.9],[-125.4,48.8],[-125.3,48.8],[-125.3,48.7],[-125.0,48.7],[-125.0,48.6],[-124.8,48.6],[-124.8,48.5],[-124.3,48.5],[-124.3,48.4],[-124.0,48.4],[-124.0,48.5],[-124.1,48.5],[-124.1,48.7],[-124.2,48.7],[-124.2,48.8],[-124.3,48.8],[-124.3,49.0],[-124.4,49.0],[-124.4,49.1],[-124.5,49.1],[-124.5,49.2],[-125.0,49.2],[-125.0,49.3],[-125.1,49.3],[-125.1,49.4],[-125.2,49.4],[-125.2,49.5],[-125.5,49.5],[-125.5,49.7],[-125.3,49.7],[-125.3,49.8],[-125.5,49.8],[-125.5,50.0],[-125.3,50.0],[-125.3,50.1],[-125.2,50.1],[-125.2,50.0],[-124.8,50.0],[-124.8,49.9],[-124.5,49.9],[-124.5,49.8],[-124.3,49.8],[-124.3,49.7],[-124.2,49.7],[-124.2,49.6],[-124.1,49.6],[-124.1,49.5],[-124.0,49.5],[-124.0,49.4],[-123.6,49.4],[-123.6,49.3],[-123.3,49.3],[-123.3,49.2],[-122.9,49.2],[-122.9,49.1],[-122.7,49.1],[-122.7,49.0],[-122.2,49.0],[-122.2,48.9],[-122.1,48.9],[-122.1,48.6],[-122.0,48.6],[-122.0,49.0],[-121.8,49.0],[-121.8,49.2],[-121.6,49.2],[-121.6,49.4],[-122.2,49.4],[-122.2,49.5],[-122.5,49.5],[-122.5,49.6],[-122.6,49.6],[-122.6,49.7],[-122.7,49.7],[-122.7,49.5],[-122.8,49.5],[-122.8,49.6],[-123.0,49.6],[-123.0,49.5],[-123.1,49.5],[-123.1,49.7],[-123.0,49.7],[-123.0,49.8],[-123.1,49.8],[-123.1,50.0],[-123.3,50.0],[-123.3,50.1],[-123.4,50.1],[-123.4,49.9],[-123.5,49.9],[-123.5,49.8],[-123.7,49.8],[-123.7,49.9],[-123.8,49.9],[-123.8,50.0],[-123.7,50.0],[-123.7,50.2],[-123.9,50.2],[-123.9,50.1],[-124.1,50.1],[-124.1,49.9],[-124.2,49.9],[-124.2,50.1],[-124.3,50.1],[-124.3,50.3],[-124.4,50.3],[-124.4,50.2],[-124.6,50.2],[-124.6,50.4],[-125.0,50.4],[-125.0,50.5],[-124.9,50.5]],[[-123.4,49.8],[-123.2,49.8],[-123.2,49.7],[-123.3,49.7],[-123.3,49.6],[-123.4,49.6],[-123.4,49.8]],[[-125.8,49.7],[-125.6,49.7],[-125.6,49.6],[-125.7,49.6],[-125.7,49.5],[-125.8,49.5],[-125.8,49.7]]],[[[-124.9,50.9],[-124.9,50.6],[-124.8,50.6],[-124.8,51.1],[-125.0,51.1],[-125.0,50.9],[-124.9,50.9]]],[[[-125.6,51.0],[-125.6,50.9],[-125.5,50.9],[-125.5,51.2],[-125.6,51.2],[-125.6,51.3],[-125.7,51.3],[-125.7,51.0],[-125.6,51.0]]],[[[-89.5,15.2],[-90.2,15.2],[-90.2,15.3],[-89.9,15.3],[-89.9,15.4],[-90.0,15.4],[-90.0,15.5],[-90.2,15.5],[-90.2,15.6],[-90.3,15.6],[-90.3,15.5],[-90.6,15.5],[-90.6,15.3],[-90.4,15.3],[-90.4,15.2],[-90.3,15.2],[-90.3,15.1],[-90.2,15.1],[-90.2,15.0],[-89.8,15.0],[-89.8,15.1],[-89.5,15.1],[-89.5,15.2]]],[[[-90.7,15.2],[-90.7,15.5],[-90.9,15.5],[-90.9,15.6],[-91.0,15.6],[-91.0,15.7],[-91.1,15.7],[-91.1,15.6],[-91.2,15.6],[-91.2,15.7],[-91.3,15.7],[-91.3,16.0],[-91.6,16.0],[-91.6,15.9],[-91.5,15.9],[-91.5,15.8],[-91.6,15.8],[-91.6,15.7],[-91.5,15.7],[-91.5,15.6],[-91.4,15.6],[-91.4,15.5],[-91.2,15.5],[-91.2,15.4],[-91.1,15.4],[-91.1,15.3],[-90.8,15.3],[-90.8,15.2],[-90.7,15.2]]],[[[-91.8,16.6],[-92.0,16.6],[-92.0,16.5],[-91.8,16.5],[-91.8,16.6]]],[[[-92.2,16.6],[-92.0,16.6],[-92.0,16.7],[-92.1,16.7],[-92.1,16.8],[-92.3,16.8],[-92.3,16.7],[-92.2,16.7],[-92.2,16.6]]],[[[-93.0,17.1],[-92.9,17.1],[-92.9,17.0],[-92.8,17.0],[-92.8,17.2],[-92.9,17.2],[-92.9,17.3],[-93.0,17.3],[-93.0,17.1]]],[[[-96.1,17.4],[-96.1,17.1],[-95.9,17.1],[-95.9,17.2],[-96.0,17.2],[-96.0,17.4],[-96.1,17.4]]],[[[-97.8,20.0],[-97.9,20.0],[-97.9,19.7],[-97.6,19.7],[-97.6,19.6],[-97.5,19.6],[-97.5,19.7],[-97.4,19.7],[-97.4,19.6],[-97.2,19.6],[-97.2,19.2],[-97.3,19.2],[-97.3,19.1],[-97.2,19.1],[-97.2,18.9],[-97.1,18.9],[-97.1,19.0],[-97.0,19.0],[-97.0,19.3],[-97.1,19.3],[-97.1,19.4],[-97.0,19.4],[-97.0,19.6],[-96.8,19.6],[-96.8,19.7],[-96.7,19.7],[-96.7,19.8],[-97.3,19.8],[-97.3,19.9],[-97.8,19.9],[-97.8,20.0]]],[[[-98.0,20.0],[-97.9,20.0],[-97.9,20.1],[-98.0,20.1],[-98.0,20.2],[-98.1,20.2],[-98.1,20.3],[-98.2,20.3],[-98.2,20.4],[-98.3,20.4],[-98.3,20.5],[-98.4,20.5],[-98.4,20.3],[-98.3,20.3],[-98.3,20.2],[-98.2,20.2],[-98.2,20.1],[-98.1,20.1],[-98.1,20.0],[-98.2,20.0],[-98.2,19.9],[-98.0,19.9],[-98.0,20.0]]],[[[-99.8,24.1],[-99.8,24.0],[-100.0,24.0],[-100.0,23.9],[-99.9,23.9],[-99.9,23.7],[-99.8,23.7],[-99.8,23.9],[-99.7,23.9],[-99.7,24.1],[-99.8,24.1]]],[[[-83.0,35.3],[-83.0,35.2],[-82.9,35.2],[-82.9,35.3],[-82.8,35.3],[-82.8,35.4],[-83.0,35.4],[-83.0,35.5],[-83.1,35.5],[-83.1,35.7],[-83.5,35.7],[-83.5,35.6],[-83.7,35.6],[-83.7,35.5],[-83.4,35.5],[-83.4,35.6],[-83.2,35.6],[-83.2,35.4],[-83.1,35.4],[-83.1,35.3],[-83.0,35.3]]],[[[-82.4,35.9],[-82.4,35.7],[-82.2,35.7],[-82.2,35.9],[-82.4,35.9]]],[[[-71.5,18.3],[-71.8,18.3],[-71.8,18.2],[-71.6,18.2],[-71.6,18.1],[-71.5,18.1],[-71.5,18.3]]],[[[-72.1,18.3],[-71.8,18.3],[-71.8,18.4],[-72.1,18.4],[-72.1,18.3]]],[[[-70.5,18.6],[-70.5,19.0],[-70.7,19.0],[-70.7,19.1],[-70.9,19.1],[-70.9,19.2],[-71.4,19.2],[-71.4,19.1],[-71.2,19.1],[-71.2,18.9],[-70.8,18.9],[-70.8,18.7],[-70.7,18.7],[-70.7,18.6],[-70.5,18.6]]],[[[-81.8,36.0],[-81.8,36.2],[-82.0,36.2],[-82.0,36.1],[-82.1,36.1],[-82.1,36.0],[-81.8,36.0]]],[[[-81.8,36.4],[-81.8,36.3],[-81.6,36.3],[-81.6,36.4],[-81.8,36.4]]],[[[-69.9,41.5],[-69.9,41.7],[-70.0,41.7],[-70.0,41.6],[-70.1,41.6],[-70.1,41.5],[-69.9,41.5]]],[[[-65.9,43.4],[-65.9,43.5],[-66.1,43.5],[-66.1,43.3],[-66.0,43.3],[-66.0,43.4],[-65.9,43.4]]],[[[-65.9,43.6],[-65.9,43.5],[-65.8,43.5],[-65.8,43.4],[-65.7,43.4],[-65.7,43.3],[-65.6,43.3],[-65.6,43.4],[-65.4,43.4],[-65.4,43.5],[-65.7,43.5],[-65.7,43.6],[-65.8,43.6],[-65.8,43.7],[-65.9,43.7],[-65.9,43.8],[-66.2,43.8],[-66.2,43.7],[-66.1,43.7],[-66.1,43.6],[-65.9,43.6]]],[[[-68.8,43.9],[-69.0,43.9],[-69.0,43.8],[-68.9,43.8],[-68.9,43.7],[-68.8,43.7],[-68.8,43.9]]],[[[-60.2,44.0],[-60.2,43.9],[-59.7,43.9],[-59.7,44.0],[-59.6,44.0],[-59.6,44.1],[-59.8,44.1],[-59.8,44.0],[-60.2,44.0]]]]}},
{"type":"Feature","properties":{"k":"Dsa"},"geometry":{"type":"MultiPolygon","coordinates":[[[[-120.6,40.8],[-120.6,41.1],[-120.7,41.1],[-120.7,40.9],[-120.8,40.9],[-120.8,40.8],[-120.6,40.8]]],[[[-120.3,41.0],[-120.3,41.2],[-120.5,41.2],[-120.5,41.0],[-120.3,41.0]]],[[[-117.6,41.7],[-117.4,41.7],[-117.4,41.8],[-117.3,41.8],[-117.3,41.9],[-117.6,41.9],[-117.6,41.7]]],[[[-120.1,42.3],[-120.1,41.7],[-120.0,41.7],[-120.0,41.5],[-119.9,41.5],[-119.9,41.9],[-119.8,41.9],[-119.8,42.0],[-120.0,42.0],[-120.0,42.2],[-119.9,42.2],[-119.9,42.3],[-120.1,42.3]]],[[[-118.7,42.5],[-118.7,42.6],[-118.9,42.6],[-118.9,42.5],[-118.7,42.5]]],[[[-117.7,44.5],[-117.5,44.5],[-117.5,44.6],[-117.7,44.6],[-117.7,44.5]]],[[[-117.8,45.0],[-118.0,45.0],[-118.0,44.8],[-117.9,44.8],[-117.9,44.9],[-117.7,44.9],[-117.7,45.1],[-117.8,45.1],[-117.8,45.0]]],[[[-119.8,48.1],[-119.8,48.2],[-120.0,48.2],[-120.0,48.4],[-120.1,48.4],[-120.1,48.1],[-119.8,48.1]]],[[[-117.7,48.9],[-117.7,49.0],[-117.9,49.0],[-117.9,48.9],[-118.0,48.9],[-118.0,48.8],[-118.1,48.8],[-118.1,49.0],[-118.2,49.0],[-118.2,48.5],[-118.3,48.5],[-118.3,48.3],[-118.4,48.3],[-118.4,48.1],[-118.5,48.1],[-118.5,48.2],[-118.6,48.2],[-118.6,48.3],[-118.7,48.3],[-118.7,48.2],[-118.9,48.2],[-118.9,48.0],[-118.7,48.0],[-118.7,48.1],[-118.6,48.1],[-118.6,47.9],[-118.7,47.9],[-118.7,47.8],[-118.6,47.8],[-118.6,47.7],[-118.3,47.7],[-118.3,47.5],[-117.9,47.5],[-117.9,47.6],[-117.8,47.6],[-117.8,47.7],[-117.6,47.7],[-117.6,47.8],[-117.9,47.8],[-117.9,47.9],[-117.4,47.9],[-117.4,48.0],[-117.0,48.0],[-117.0,48.1],[-116.9,48.1],[-116.9,48.2],[-116.7,48.2],[-116.7,48.3],[-116.8,48.3],[-116.8,48.7],[-116.9,48.7],[-116.9,48.6],[-117.0,48.6],[-117.0,48.4],[-117.1,48.4],[-117.1,48.3],[-117.2,48.3],[-117.2,48.5],[-117.3,48.5],[-117.3,48.7],[-117.4,48.7],[-117.4,48.2],[-117.6,48.2],[-117.6,48.4],[-117.7,48.4],[-117.7,48.5],[-117.8,48.5],[-117.8,48.6],[-117.9,48.6],[-117.9,48.8],[-117.8,48.8],[-117.8,48.9],[-117.7,48.9]],[[-118.0,48.5],[-118.0,48.4],[-117.9,48.4],[-117.9,48.1],[-118.0,48.1],[-118.0,48.0],[-118.1,48.0],[-118.1,48.5],[-118.0,48.5]]],[[[-119.6,48.4],[-119.6,48.6],[-119.7,48.6],[-119.7,48.4],[-119.6,48.4]]],[[[-117.7,49.1],[-117.7,49.0],[-117.5,49.0],[-117.5,49.1],[-117.7,49.1]]],[[[-117.6,49.4],[-117.7,49.4],[-117.7,49.2],[-117.6,49.2],[-117.6,49.4]]],[[[-115.5,40.2],[-115.5,40.7],[-115.6,40.7],[-115.6,40.2],[-115.5,40.2]]],[[[-115.5,40.8],[-115.5,40.7],[-115.3,40.7],[-115.3,40.8],[-115.5,40.8]]],[[[-116.2,41.3],[-116.2,41.5],[-116.5,41.5],[-116.5,41.3],[-116.4,41.3],[-116.4,41.1],[-116.3,41.1],[-116.3,41.0],[-116.2,41.0],[-116.2,41.2],[-116.3,41.2],[-116.3,41.3],[-116.2,41.3]]],[[[-115.9,41.6],[-115.9,41.5],[-115.8,41.5],[-115.8,41.4],[-115.7,41.4],[-115.7,41.6],[-115.9,41.6]]],[[[-116.2,41.9],[-116.2,41.5],[-116.1,41.5],[-116.1,41.8],[-116.0,41.8],[-116.0,41.7],[-115.9,41.7],[-115.9,41.9],[-116.0,41.9],[-116.0,42.0],[-115.9,42.0],[-115.9,42.2],[-116.0,42.2],[-116.0,42.4],[-116.1,42.4],[-116.1,42.5],[-116.2,42.5],[-116.2,42.6],[-116.3,42.6],[-116.3,42.8],[-116.5,42.8],[-116.5,42.9],[-116.8,42.9],[-116.8,43.1],[-116.7,43.1],[-116.7,43.2],[-116.8,43.2],[-116.8,43.3],[-117.0,43.3],[-117.0,43.2],[-117.2,43.2],[-117.2,43.1],[-117.1,43.1],[-117.1,43.0],[-117.0,43.0],[-117.0,42.8],[-117.1,42.8],[-117.1,42.7],[-117.0,42.7],[-117.0,42.4],[-116.8,42.4],[-116.8,42.5],[-116.6,42.5],[-116.6,42.4],[-116.2,42.4],[-116.2,42.3],[-116.1,42.3],[-116.1,41.9],[-116.2,41.9]]],[[[-116.2,43.7],[-116.1,43.7],[-116.1,43.9],[-116.3,43.9],[-116.3,43.8],[-116.2,43.8],[-116.2,43.7]]],[[[-117.0,44.9],[-117.0,44.7],[-117.2,44.7],[-117.2,44.4],[-116.8,44.4],[-116.8,44.3],[-116.7,44.3],[-116.7,44.2],[-116.6,44.2],[-116.6,44.1],[-116.5,44.1],[-116.5,44.0],[-116.4,44.0],[-116.4,44.1],[-116.3,44.1],[-116.3,44.0],[-116.1,44.0],[-116.1,44.1],[-116.2,44.1],[-116.2,44.4],[-116.3,44.4],[-116.3,44.7],[-116.4,44.7],[-116.4,44.5],[-116.5,44.5],[-116.5,44.8],[-116.4,44.8],[-116.4,44.9],[-116.6,44.9],[-116.6,44.7],[-116.8,44.7],[-116.8,44.8],[-116.9,44.8],[-116.9,45.0],[-117.2,45.0],[-117.2,44.9],[-117.4,44.9],[-117.4,44.8],[-117.6,44.8],[-117.6,44.7],[-117.3,44.7],[-117.3,44.8],[-117.1,44.8],[-117.1,44.9],[-117.0,44.9]],[[-117.0,44.6],[-117.0,44.7],[-116.9,44.7],[-116.9,44.5],[-117.1,44.5],[-117.1,44.6],[-117.0,44.6]]],[[[-116.4,45.0],[-116.4,44.9],[-116.2,44.9],[-116.2,45.0],[-116.4,45.0]]],[[[-116.0,46.4],[-115.8,46.4],[-115.8,46.5],[-116.0,46.5],[-116.0,46.4]]],[[[-115.8,48.2],[-115.8,48.5],[-115.9,48.5],[-115.9,48.2],[-115.8,48.2]]],[[[-116.3,48.9],[-116.4,48.9],[-116.4,48.6],[-116.2,48.6],[-116.2,48.7],[-116.1,48.7],[-116.1,48.8],[-116.3,48.8],[-116.3,48.9]]],[[[-117.4,48.8],[-117.3,48.8],[-117.3,49.0],[-117.4,49.0],[-117.4,48.8]]],[[[-116.6,48.9],[-116.4,48.9],[-116.4,49.1],[-116.6,49.1],[-116.6,48.9]]],[[[-112.1,36.7],[-112.1,36.9],[-112.2,36.9],[-112.2,36.8],[-112.3,36.8],[-112.3,36.7],[-112.1,36.7]]],[[[-112.6,37.4],[-112.8,37.4],[-112.8,37.3],[-112.3,37.3],[-112.3,37.4],[-112.4,37.4],[-112.4,37.5],[-112.6,37.5],[-112.6,37.4]]],[[[-108.4,37.4],[-108.4,37.5],[-108.5,37.5],[-108.5,37.6],[-108.6,37.6],[-108.6,37.7],[-108.7,37.7],[-108.7,37.8],[-108.9,37.8],[-108.9,37.7],[-108.8,37.7],[-108.8,37.4],[-108.7,37.4],[-108.7,37.5],[-108.6,37.5],[-108.6,37.4],[-108.5,37.4],[-108.5,37.3],[-108.6,37.3],[-108.6,37.2],[-108.4,37.2],[-108.4,37.1],[-108.2,37.1],[-108.2,37.3],[-108.3,37.3],[-108.3,37.4],[-108.4,37.4]]],[[[-113.3,37.6],[-113.5,37.6],[-113.5,37.5],[-113.6,37.5],[-113.6,37.4],[-113.4,37.4],[-113.4,37.5],[-113.3,37.5],[-113.3,37.6]]],[[[-109.7,37.8],[-109.6,37.8],[-109.6,37.9],[-109.9,37.9],[-109.9,37.8],[-110.0,37.8],[-110.0,37.7],[-109.9,37.7],[-109.9,37.6],[-109.7,37.6],[-109.7,37.8]]],[[[-109.3,38.0],[-109.5,38.0],[-109.5,37.7],[-109.3,37.7],[-109.3,38.0]]],[[[-114.4,38.1],[-114.3,38.1],[-114.3,38.2],[-114.2,38.2],[-114.2,38.4],[-114.4,38.4],[-114.4,38.1]]],[[[-111.4,40.1],[-111.4,40.3],[-111.5,40.3],[-111.5,40.4],[-111.4,40.4],[-111.4,40.6],[-111.5,40.6],[-111.5,40.5],[-111.6,40.5],[-111.6,40.0],[-111.5,40.0],[-111.5,40.1],[-111.4,40.1]]],[[[-115.3,41.0],[-115.3,40.8],[-115.1,40.8],[-115.1,40.9],[-115.2,40.9],[-115.2,41.0],[-115.3,41.0]]],[[[-111.6,41.1],[-111.7,41.1],[-111.7,41.3],[-111.8,41.3],[-111.8,41.7],[-111.9,41.7],[-111.9,41.8],[-112.0,41.8],[-112.0,41.7],[-112.1,41.7],[-112.1,41.6],[-112.2,41.6],[-112.2,41.5],[-112.1,41.5],[-112.1,41.4],[-112.0,41.4],[-112.0,41.3],[-111.9,41.3],[-111.9,41.2],[-112.0,41.2],[-112.0,41.1],[-111.8,41.1],[-111.8,40.9],[-111.6,40.9],[-111.6,41.1]]],[[[-113.5,43.5],[-114.0,43.5],[-114.0,43.4],[-113.5,43.4],[-113.5,43.5]]],[[[-116.0,43.7],[-116.1,43.7],[-116.1,43.6],[-116.0,43.6],[-116.0,43.5],[-115.9,43.5],[-115.9,43.4],[-115.7,43.4],[-115.7,43.3],[-115.6,43.3],[-115.6,43.2],[-115.4,43.2],[-115.4,43.1],[-115.0,43.1],[-115.0,43.2],[-114.7,43.2],[-114.7,43.3],[-114.6,43.3],[-114.6,43.4],[-115.2,43.4],[-115.2,43.5],[-115.4,43.5],[-115.4,43.4],[-115.5,43.4],[-115.5,43.5],[-115.6,43.5],[-115.6,43.7],[-115.5,43.7],[-115.5,43.8],[-115.7,43.8],[-115.7,43.9],[-115.8,43.9],[-115.8,44.1],[-115.9,44.1],[-115.9,44.2],[-116.0,44.2],[-116.0,43.7]]],[[[-114.9,45.9],[-114.8,45.9],[-114.8,46.1],[-114.9,46.1],[-114.9,45.9]]]]}},
{"type":"Feature","properties":{"k":"Dsb"},"geometry":{"type":"MultiPolygon","coordinates":[[[[-120.6,41.0],[-120.5,41.0],[-120.5,41.2],[-120.7,41.2],[-120.7,41.3],[-120.8,41.3],[-120.8,41.0],[-120.9,41.0],[-120.9,40.8],[-121.2,40.8],[-121.2,40.6],[-121.5,40.6],[-121.5,40.5],[-121.6,40.5],[-121.6,40.4],[-120.9,40.4],[-120.9,40.2],[-120.8,40.2],[-120.8,40.1],[-120.6,40.1],[-120.6,40.0],[-120.8,40.0],[-120.8,39.9],[-120.6,39.9],[-120.6,39.8],[-120.5,39.8],[-120.5,39.9],[-120.1,39.9],[-120.1,40.0],[-120.2,40.0],[-120.2,40.1],[-120.4,40.1],[-120.4,40.2],[-120.5,40.2],[-120.5,40.3],[-120.8,40.3],[-120.8,40.5],[-120.7,40.5],[-120.7,40.6],[-120.8,40.6],[-120.8,40.7],[-120.6,40.7],[-120.6,40.8],[-120.8,40.8],[-120.8,40.9],[-120.7,40.9],[-120.7,41.1],[-120.6,41.1],[-120.6,41.0]]],[[[-120.3,41.0],[-120.5,41.0],[-120.5,40.9],[-120.3,40.9],[-120.3,41.0]]],[[[-122.8,41.1],[-122.9,41.1],[-122.9,41.2],[-122.7,41.2],[-122.7,41.3],[-122.9,41.3],[-122.9,41.4],[-123.0,41.4],[-123.0,41.0],[-122.9,41.0],[-122.9,40.9],[-122.8,40.9],[-122.8,41.1]]],[[[-122.6,41.2],[-122.4,41.2],[-122.4,41.4],[-122.6,41.4],[-122.6,41.2]]],[[[-121.7,41.6],[-122.2,41.6],[-122.2,41.5],[-122.3,41.5],[-122.3,41.3],[-122.1,41.3],[-122.1,41.4],[-121.9,41.4],[-121.9,41.5],[-121.4,41.5],[-121.4,41.6],[-121.5,41.6],[-121.5,41.7],[-121.7,41.7],[-121.7,41.6]]],[[[-122.3,41.6],[-122.2,41.6],[-122.2,41.7],[-122.1,41.7],[-122.1,41.9],[-122.3,41.9],[-122.3,41.6]]],[[[-121.5,42.3],[-121.1,42.3],[-121.1,42.4],[-121.5,42.4],[-121.5,42.3]]],[[[-121.6,42.4],[-121.6,42.5],[-121.9,42.5],[-121.9,42.4],[-121.6,42.4]]],[[[-120.9,42.3],[-121.1,42.3],[-121.1,42.2],[-121.0,42.2],[-121.0,42.0],[-120.7,42.0],[-120.7,41.9],[-120.6,41.9],[-120.6,42.1],[-120.7,42.1],[-120.7,42.2],[-120.5,42.2],[-120.5,42.3],[-120.4,42.3],[-120.4,42.5],[-120.5,42.5],[-120.5,42.6],[-120.6,42.6],[-120.6,42.7],[-120.8,42.7],[-120.8,43.0],[-120.9,43.0],[-120.9,43.1],[-121.2,43.1],[-121.2,43.2],[-121.1,43.2],[-121.1,43.3],[-121.2,43.3],[-121.2,43.4],[-121.1,43.4],[-121.1,43.5],[-120.8,43.5],[-120.8,43.6],[-120.7,43.6],[-120.7,43.7],[-120.8,43.7],[-120.8,43.8],[-121.1,43.8],[-121.1,43.9],[-121.4,43.9],[-121.4,43.5],[-121.5,43.5],[-121.5,43.4],[-121.7,43.4],[-121.7,43.6],[-121.8,43.6],[-121.8,43.7],[-121.7,43.7],[-121.7,43.8],[-121.5,43.8],[-121.5,44.1],[-121.7,44.1],[-121.7,44.3],[-121.8,44.3],[-121.8,44.5],[-121.7,44.5],[-121.7,45.0],[-121.8,45.0],[-121.8,44.8],[-121.9,44.8],[-121.9,44.0],[-122.0,44.0],[-122.0,43.9],[-122.1,43.9],[-122.1,43.6],[-122.2,43.6],[-122.2,43.2],[-122.3,43.2],[-122.3,42.9],[-122.4,42.9],[-122.4,42.8],[-122.3,42.8],[-122.3,42.2],[-122.1,42.2],[-122.1,42.3],[-122.0,42.3],[-122.0,42.4],[-122.2,42.4],[-122.2,42.5],[-122.1,42.5],[-122.1,42.8],[-122.0,42.8],[-122.0,42.7],[-121.9,42.7],[-121.9,42.8],[-121.8,42.8],[-121.8,42.7],[-121.7,42.7],[-121.7,42.6],[-121.5,42.6],[-121.5,42.5],[-121.4,42.5],[-121.4,42.6],[-121.3,42.6],[-121.3,42.5],[-121.2,42.5],[-121.2,42.6],[-121.1,42.6],[-121.1,42.5],[-120.9,42.5],[-120.9,42.3]]],[[[-120.2,44.1],[-120.6,44.1],[-120.6,44.0],[-120.5,44.0],[-120.5,43.9],[-120.4,43.9],[-120.4,44.0],[-120.2,44.0],[-120.2,44.1]]],[[[-121.5,45.2],[-121.5,45.3],[-121.4,45.3],[-121.4,45.4],[-121.8,45.4],[-121.8,45.3],[-121.7,45.3],[-121.7,45.2],[-121.5,45.2]]],[[[-121.6,46.7],[-121.6,46.8],[-121.8,46.8],[-121.8,46.7],[-121.6,46.7]]],[[[-121.5,48.8],[-121.4,48.8],[-121.4,48.6],[-121.3,48.6],[-121.3,48.5],[-121.4,48.5],[-121.4,48.4],[-121.3,48.4],[-121.3,48.2],[-121.4,48.2],[-121.4,48.0],[-121.3,48.0],[-121.3,47.7],[-121.5,47.7],[-121.5,47.6],[-121.6,47.6],[-121.6,47.5],[-121.5,47.5],[-121.5,47.1],[-121.6,47.1],[-121.6,47.0],[-121.4,47.0],[-121.4,46.9],[-121.6,46.9],[-121.6,46.8],[-121.5,46.8],[-121.5,46.6],[-121.6,46.6],[-121.6,46.5],[-121.7,46.5],[-121.7,46.3],[-121.9,46.3],[-121.9,46.2],[-121.8,46.2],[-121.8,45.9],[-121.7,45.9],[-121.7,46.1],[-121.5,46.1],[-121.5,46.2],[-121.6,46.2],[-121.6,46.3],[-121.4,46.3],[-121.4,46.1],[-121.3,46.1],[-121.3,46.3],[-121.2,46.3],[-121.2,46.2],[-121.0,46.2],[-121.0,46.0],[-120.9,46.0],[-120.9,45.9],[-120.7,45.9],[-120.7,46.3],[-120.9,46.3],[-120.9,46.6],[-120.8,46.6],[-120.8,46.8],[-120.6,46.8],[-120.6,47.0],[-120.7,47.0],[-120.7,47.1],[-120.2,47.1],[-120.2,47.3],[-120.3,47.3],[-120.3,47.4],[-120.5,47.4],[-120.5,47.5],[-120.7,47.5],[-120.7,47.7],[-120.6,47.7],[-120.6,47.6],[-120.4,47.6],[-120.4,47.5],[-120.3,47.5],[-120.3,47.7],[-120.4,47.7],[-120.4,47.8],[-120.2,47.8],[-120.2,48.0],[-120.1,48.0],[-120.1,47.9],[-120.0,47.9],[-120.0,48.1],[-120.1,48.1],[-120.1,48.4],[-120.0,48.4],[-120.0,48.2],[-119.8,48.2],[-119.8,48.4],[-119.7,48.4],[-119.7,48.6],[-119.6,48.6],[-119.6,48.8],[-119.7,48.8],[-119.7,48.9],[-120.1,48.9],[-120.1,48.8],[-120.3,48.8],[-120.3,48.7],[-120.4,48.7],[-120.4,48.8],[-120.5,48.8],[-120.5,48.7],[-120.7,48.7],[-120.7,48.8],[-120.8,48.8],[-120.8,48.9],[-120.9,48.9],[-120.9,49.0],[-120.7,49.0],[-120.7,48.9],[-120.5,48.9],[-120.5,49.2],[-120.4,49.2],[-120.4,49.4],[-120.5,49.4],[-120.5,49.8],[-120.6,49.8],[-120.6,50.0],[-120.7,50.0],[-120.7,50.1],[-120.9,50.1],[-120.9,50.2],[-121.1,50.2],[-121.1,50.3],[-121.5,50.3],[-121.5,50.4],[-121.7,50.4],[-121.7,50.3],[-121.8,50.3],[-121.8,50.0],[-122.0,50.0],[-122.0,49.9],[-121.9,49.9],[-121.9,49.6],[-121.8,49.6],[-121.8,49.8],[-121.7,49.8],[-121.7,49.6],[-121.6,49.6],[-121.6,49.5],[-121.4,49.5],[-121.4,49.3],[-121.5,49.3],[-121.5,49.2],[-121.4,49.2],[-121.4,49.1],[-121.5,49.1],[-121.5,48.8]],[[-120.8,48.7],[-120.7,48.7],[-120.7,48.6],[-120.5,48.6],[-120.5,48.5],[-120.6,48.5],[-120.6,48.4],[-120.8,48.4],[-120.8,48.5],[-121.0,48.5],[-121.0,48.3],[-120.7,48.3],[-120.7,48.2],[-120.6,48.2],[-120.6,48.1],[-120.9,48.1],[-120.9,48.0],[-121.2,48.0],[-121.2,48.2],[-121.1,48.2],[-121.1,48.5],[-121.2,48.5],[-121.2,48.6],[-120.8,48.6],[-120.8,48.7]],[[-121.3,48.8],[-121.4,48.8],[-121.4,49.0],[-121.3,49.0],[-121.3,49.1],[-121.2,49.1],[-121.2,48.9],[-121.3,48.9],[-121.3,48.8]],[[-120.9,49.1],[-120.9,49.3],[-120.8,49.3],[-120.8,49.2],[-120.7,49.2],[-120.7,49.1],[-120.9,49.1]],[[-119.9,48.8],[-119.9,48.6],[-120.0,48.6],[-120.0,48.8],[-119.9,48.8]],[[-120.5,48.2],[-120.5,48.3],[-120.3,48.3],[-120.3,48.1],[-120.4,48.1],[-120.4,48.2],[-120.5,48.2]],[[-120.9,47.5],[-120.9,47.7],[-120.8,47.7],[-120.8,47.4],[-121.0,47.4],[-121.0,47.5],[-120.9,47.5]],[[-121.1,47.6],[-121.1,47.5],[-121.3,47.5],[-121.3,47.6],[-121.1,47.6]],[[-121.2,47.3],[-121.0,47.3],[-121.0,47.2],[-121.2,47.2],[-121.2,47.3]]],[[[-122.6,50.1],[-122.5,50.1],[-122.5,50.2],[-122.4,50.2],[-122.4,50.3],[-122.6,50.3],[-122.6,50.5],[-122.4,50.5],[-122.4,50.7],[-122.5,50.7],[-122.5,50.6],[-122.8,50.6],[-122.8,50.4],[-122.9,50.4],[-122.9,50.3],[-123.0,50.3],[-123.0,50.2],[-123.1,50.2],[-123.1,50.1],[-122.9,50.1],[-122.9,50.2],[-122.8,50.2],[-122.8,50.3],[-122.7,50.3],[-122.7,50.2],[-122.6,50.2],[-122.6,50.1]]],[[[-122.8,50.7],[-122.8,50.9],[-123.0,50.9],[-123.0,50.8],[-122.9,50.8],[-122.9,50.7],[-122.8,50.7]]],[[[-124.5,51.7],[-124.5,51.6],[-124.3,51.6],[-124.3,51.7],[-124.5,51.7]]],[[[-125.8,51.9],[-125.7,51.9],[-125.7,52.3],[-125.6,52.3],[-125.6,52.4],[-125.5,52.4],[-125.5,52.5],[-125.7,52.5],[-125.7,52.4],[-125.8,52.4],[-125.8,51.9]]],[[[-125.4,52.2],[-125.3,52.2],[-125.3,52.4],[-125.4,52.4],[-125.4,52.2]]],[[[-125.9,53.0],[-126.0,53.0],[-126.0,52.8],[-125.7,52.8],[-125.7,52.9],[-125.9,52.9],[-125.9,53.0]]],[[[-118.3,36.0],[-118.2,36.0],[-118.2,36.1],[-118.0,36.1],[-118.0,36.2],[-118.1,36.2],[-118.1,36.6],[-118.2,36.6],[-118.2,36.5],[-118.5,36.5],[-118.5,36.4],[-118.6,36.4],[-118.6,36.5],[-118.7,36.5],[-118.7,36.3],[-118.4,36.3],[-118.4,35.8],[-118.3,35.8],[-118.3,36.0]]],[[[-118.2,37.1],[-118.2,37.0],[-118.1,37.0],[-118.1,36.9],[-118.0,36.9],[-118.0,37.1],[-118.2,37.1]]],[[[-118.5,37.2],[-118.5,37.1],[-118.4,37.1],[-118.4,37.3],[-118.6,37.3],[-118.6,37.2],[-118.5,37.2]]],[[[-118.3,37.6],[-118.3,37.5],[-118.2,37.5],[-118.2,37.4],[-118.1,37.4],[-118.1,37.6],[-118.2,37.6],[-118.2,37.9],[-118.4,37.9],[-118.4,37.6],[-118.3,37.6]]],[[[-119.3,37.5],[-119.3,37.6],[-119.2,37.6],[-119.2,37.5],[-119.1,37.5],[-119.1,37.4],[-119.0,37.4],[-119.0,37.3],[-119.2,37.3],[-119.2,37.1],[-119.1,37.1],[-119.1,37.0],[-118.9,37.0],[-118.9,36.9],[-118.8,36.9],[-118.8,36.6],[-118.6,36.6],[-118.6,36.7],[-118.4,36.7],[-118.4,36.8],[-118.3,36.8],[-118.3,37.1],[-118.4,37.1],[-118.4,36.9],[-118.5,36.9],[-118.5,37.1],[-118.6,37.1],[-118.6,37.0],[-118.8,37.0],[-118.8,37.1],[-118.9,37.1],[-118.9,37.5],[-118.7,37.5],[-118.7,37.4],[-118.6,37.4],[-118.6,37.5],[-118.5,37.5],[-118.5,37.6],[-118.6,37.6],[-118.6,37.8],[-118.7,37.8],[-118.7,37.9],[-118.8,37.9],[-118.8,38.0],[-118.9,38.0],[-118.9,37.9],[-119.0,37.9],[-119.0,38.0],[-119.1,38.0],[-119.1,38.1],[-119.0,38.1],[-119.0,38.2],[-118.9,38.2],[-118.9,38.3],[-119.1,38.3],[-119.1,38.4],[-119.2,38.4],[-119.2,38.5],[-119.1,38.5],[-119.1,38.6],[-119.3,38.6],[-119.3,38.7],[-119.4,38.7],[-119.4,38.5],[-119.5,38.5],[-119.5,38.6],[-119.6,38.6],[-119.6,38.8],[-119.7,38.8],[-119.7,38.7],[-119.8,38.7],[-119.8,38.9],[-120.1,38.9],[-120.1,39.0],[-120.2,39.0],[-120.2,39.2],[-120.1,39.2],[-120.1,39.3],[-120.0,39.3],[-120.0,39.2],[-119.9,39.2],[-119.9,39.5],[-120.0,39.5],[-120.0,39.6],[-120.1,39.6],[-120.1,39.7],[-120.2,39.7],[-120.2,39.6],[-120.5,39.6],[-120.5,39.7],[-120.7,39.7],[-120.7,39.6],[-120.6,39.6],[-120.6,39.4],[-120.5,39.4],[-120.5,39.3],[-120.4,39.3],[-120.4,39.2],[-120.3,39.2],[-120.3,38.8],[-120.1,38.8],[-120.1,38.7],[-120.2,38.7],[-120.2,38.5],[-120.1,38.5],[-120.1,38.4],[-119.9,38.4],[-119.9,38.1],[-119.8,38.1],[-119.8,38.0],[-119.6,38.0],[-119.6,37.9],[-119.7,37.9],[-119.7,37.7],[-119.6,37.7],[-119.6,37.6],[-119.5,37.6],[-119.5,37.5],[-119.3,37.5]],[[-120.1,39.5],[-120.1,39.3],[-120.2,39.3],[-120.2,39.5],[-120.1,39.5]],[[-119.3,37.7],[-119.3,37.6],[-119.4,37.6],[-119.4,37.8],[-119.3,37.8],[-119.3,37.9],[-119.4,37.9],[-119.4,38.0],[-119.5,38.0],[-119.5,38.1],[-119.6,38.1],[-119.6,38.2],[-119.4,38.2],[-119.4,38.1],[-119.3,38.1],[-119.3,38.0],[-119.2,38.0],[-119.2,37.8],[-119.1,37.8],[-119.1,37.7],[-119.3,37.7]],[[-119.6,38.4],[-119.6,38.2],[-119.7,38.2],[-119.7,38.4],[-119.6,38.4]]],[[[-119.6,38.9],[-119.6,38.8],[-119.4,38.8],[-119.4,39.0],[-119.5,39.0],[-119.5,38.9],[-119.6,38.9]]],[[[-120.3,41.6],[-120.3,41.0],[-120.1,41.0],[-120.1,41.4],[-120.2,41.4],[-120.2,41.9],[-120.1,41.9],[-120.1,42.6],[-120.2,42.6],[-120.2,42.4],[-120.3,42.4],[-120.3,41.7],[-120.4,41.7],[-120.4,41.6],[-120.3,41.6]]],[[[-119.6,42.5],[-119.8,42.5],[-119.8,42.4],[-119.6,42.4],[-119.6,42.5]]],[[[-118.7,42.5],[-118.6,42.5],[-118.6,42.6],[-118.5,42.6],[-118.5,42.8],[-118.4,42.8],[-118.4,43.0],[-118.5,43.0],[-118.5,42.9],[-118.7,42.9],[-118.7,42.8],[-118.8,42.8],[-118.8,42.7],[-118.7,42.7],[-118.7,42.5]]],[[[-116.7,43.0],[-116.7,43.1],[-116.8,43.1],[-116.8,42.9],[-116.6,42.9],[-116.6,43.0],[-116.7,43.0]]],[[[-117.5,44.5],[-117.7,44.5],[-117.7,44.4],[-117.5,44.4],[-117.5,44.5]]],[[[-116.9,44.7],[-117.0,44.7],[-117.0,44.6],[-117.1,44.6],[-117.1,44.5],[-116.9,44.5],[-116.9,44.7]]],[[[-118.0,44.1],[-118.0,44.4],[-117.9,44.4],[-117.9,44.5],[-117.7,44.5],[-117.7,44.6],[-117.6,44.6],[-117.6,44.7],[-117.9,44.7],[-117.9,44.8],[-118.0,44.8],[-118.0,45.1],[-117.7,45.1],[-117.7,45.0],[-117.6,45.0],[-117.6,44.9],[-117.2,44.9],[-117.2,45.0],[-117.3,45.0],[-117.3,45.1],[-117.5,45.1],[-117.5,45.4],[-117.4,45.4],[-117.4,45.6],[-117.2,45.6],[-117.2,45.7],[-117.0,45.7],[-117.0,45.8],[-116.9,45.8],[-116.9,46.0],[-117.0,46.0],[-117.0,45.9],[-117.2,45.9],[-117.2,46.0],[-117.3,46.0],[-117.3,45.9],[-117.4,45.9],[-117.4,45.8],[-117.7,45.8],[-117.7,45.9],[-117.6,45.9],[-117.6,46.0],[-117.4,46.0],[-117.4,46.1],[-117.2,46.1],[-117.2,46.2],[-117.4,46.2],[-117.4,46.3],[-117.8,46.3],[-117.8,46.2],[-117.9,46.2],[-117.9,46.1],[-118.0,46.1],[-118.0,46.0],[-118.1,46.0],[-118.1,45.8],[-118.2,45.8],[-118.2,45.7],[-118.3,45.7],[-118.3,45.6],[-118.5,45.6],[-118.5,45.4],[-118.8,45.4],[-118.8,45.3],[-119.4,45.3],[-119.4,45.2],[-119.6,45.2],[-119.6,45.1],[-119.9,45.1],[-119.9,45.0],[-120.0,45.0],[-120.0,44.9],[-119.6,44.9],[-119.6,45.0],[-119.1,45.0],[-119.1,44.9],[-119.0,44.9],[-119.0,44.8],[-119.1,44.8],[-119.1,44.7],[-119.2,44.7],[-119.2,44.8],[-119.3,44.8],[-119.3,44.7],[-119.6,44.7],[-119.6,44.6],[-119.5,44.6],[-119.5,44.5],[-118.7,44.5],[-118.7,44.4],[-119.5,44.4],[-119.5,44.2],[-119.6,44.2],[-119.6,44.4],[-119.7,44.4],[-119.7,44.5],[-119.8,44.5],[-119.8,44.6],[-119.7,44.6],[-119.7,44.8],[-119.8,44.8],[-119.8,44.7],[-120.0,44.7],[-120.0,44.6],[-120.1,44.6],[-120.1,44.5],[-120.4,44.5],[-120.4,44.6],[-120.6,44.6],[-120.6,44.5],[-120.7,44.5],[-120.7,44.4],[-120.5,44.4],[-120.5,44.3],[-120.6,44.3],[-120.6,44.2],[-119.9,44.2],[-119.9,44.3],[-119.8,44.3],[-119.8,44.2],[-119.7,44.2],[-119.7,44.1],[-119.8,44.1],[-119.8,44.0],[-119.9,44.0],[-119.9,43.7],[-119.7,43.7],[-119.7,43.8],[-119.6,43.8],[-119.6,43.7],[-119.4,43.7],[-119.4,43.6],[-119.3,43.6],[-119.3,43.7],[-118.7,43.7],[-118.7,44.0],[-118.5,44.0],[-118.5,43.9],[-118.4,43.9],[-118.4,44.0],[-118.3,44.0],[-118.3,44.1],[-118.2,44.1],[-118.2,44.0],[-118.1,44.0],[-118.1,44.1],[-118.0,44.1]],[[-118.0,44.5],[-118.0,44.4],[-118.2,44.4],[-118.2,44.5],[-118.0,44.5]],[[-117.8,45.6],[-117.8,45.5],[-117.9,45.5],[-117.9,45.4],[-117.8,45.4],[-117.8,45.2],[-118.0,45.2],[-118.0,45.3],[-118.1,45.3],[-118.1,45.6],[-117.9,45.6],[-117.9,45.8],[-117.8,45.8],[-117.8,45.7],[-117.7,45.7],[-117.7,45.6],[-117.8,45.6]]],[[[-117.2,45.4],[-117.4,45.4],[-117.4,45.3],[-117.2,45.3],[-117.2,45.4]]],[[[-116.9,46.2],[-116.9,46.1],[-116.8,46.1],[-116.8,46.0],[-116.7,46.0],[-116.7,46.1],[-116.4,46.1],[-116.4,46.3],[-116.8,46.3],[-116.8,46.2],[-116.9,46.2]]],[[[-116.9,47.8],[-116.9,48.1],[-117.0,48.1],[-117.0,48.0],[-117.2,48.0],[-117.2,47.8],[-116.9,47.8]]],[[[-117.9,48.4],[-118.0,48.4],[-118.0,48.5],[-118.1,48.5],[-118.1,48.0],[-118.0,48.0],[-118.0,48.1],[-117.9,48.1],[-117.9,48.4]]],[[[-109.1,34.0],[-109.2,34.0],[-109.2,33.9],[-109.3,33.9],[-109.3,34.1],[-109.5,34.1],[-109.5,34.2],[-109.7,34.2],[-109.7,33.8],[-109.1,33.8],[-109.1,34.0]]],[[[-111.7,35.5],[-111.9,35.5],[-111.9,35.3],[-111.8,35.3],[-111.8,35.2],[-111.6,35.2],[-111.6,35.4],[-111.7,35.4],[-111.7,35.5]]],[[[-115.8,36.3],[-115.7,36.3],[-115.7,36.2],[-115.6,36.2],[-115.6,36.4],[-115.8,36.4],[-115.8,36.3]]],[[[-112.4,36.4],[-112.3,36.4],[-112.3,36.3],[-112.2,36.3],[-112.2,36.2],[-112.0,36.2],[-112.0,36.5],[-112.1,36.5],[-112.1,36.7],[-112.3,36.7],[-112.3,36.6],[-112.4,36.6],[-112.4,36.4]]],[[[-112.4,37.4],[-112.2,37.4],[-112.2,37.5],[-112.4,37.5],[-112.4,37.4]]],[[[-108.4,37.4],[-108.3,37.4],[-108.3,37.6],[-108.4,37.6],[-108.4,37.4]]],[[[-112.6,37.5],[-112.5,37.5],[-112.5,37.6],[-112.7,37.6],[-112.7,37.7],[-112.8,37.7],[-112.8,37.8],[-113.0,37.8],[-113.0,37.6],[-113.1,37.6],[-113.1,37.4],[-112.6,37.4],[-112.6,37.5]]],[[[-115.3,40.7],[-115.5,40.7],[-115.5,40.4],[-115.4,40.4],[-115.4,40.6],[-115.3,40.6],[-115.3,40.7]]],[[[-111.6,40.9],[-111.8,40.9],[-111.8,40.8],[-111.6,40.8],[-111.6,40.9]]],[[[-111.9,40.9],[-111.8,40.9],[-111.8,41.1],[-111.9,41.1],[-111.9,40.9]]],[[[-116.1,41.4],[-116.0,41.4],[-116.0,41.3],[-115.9,41.3],[-115.9,41.7],[-116.0,41.7],[-116.0,41.8],[-116.1,41.8],[-116.1,41.4]]],[[[-116.0,41.9],[-115.8,41.9],[-115.8,42.0],[-116.0,42.0],[-116.0,41.9]]],[[[-111.5,44.2],[-111.3,44.2],[-111.3,44.4],[-111.5,44.4],[-111.5,44.2]]],[[[-117.7,49.6],[-117.7,49.4],[-118.1,49.4],[-118.1,49.5],[-118.3,49.5],[-118.3,49.3],[-118.5,49.3],[-118.5,49.4],[-118.4,49.4],[-118.4,49.5],[-118.6,49.5],[-118.6,49.0],[-118.5,49.0],[-118.5,48.7],[-119.1,48.7],[-119.1,48.6],[-119.2,48.6],[-119.2,48.7],[-119.3,48.7],[-119.3,48.6],[-119.4,48.6],[-119.4,48.4],[-119.3,48.4],[-119.3,48.3],[-119.2,48.3],[-119.2,48.2],[-119.0,48.2],[-119.0,48.3],[-118.9,48.3],[-118.9,48.2],[-118.7,48.2],[-118.7,48.3],[-118.6,48.3],[-118.6,48.2],[-118.5,48.2],[-118.5,48.1],[-118.4,48.1],[-118.4,48.3],[-118.3,48.3],[-118.3,48.5],[-118.2,48.5],[-118.2,49.0],[-118.3,49.0],[-118.3,49.2],[-118.1,49.2],[-118.1,48.8],[-118.0,48.8],[-118.0,48.9],[-117.9,48.9],[-117.9,49.0],[-117.7,49.0],[-117.7,48.9],[-117.8,48.9],[-117.8,48.8],[-117.9,48.8],[-117.9,48.6],[-117.8,48.6],[-117.8,48.5],[-117.7,48.5],[-117.7,48.4],[-117.6,48.4],[-117.6,48.2],[-117.4,48.2],[-117.4,48.7],[-117.3,48.7],[-117.3,48.5],[-117.2,48.5],[-117.2,48.3],[-117.1,48.3],[-117.1,48.4],[-117.0,48.4],[-117.0,48.6],[-116.9,48.6],[-116.9,48.7],[-116.8,48.7],[-116.8,48.3],[-116.6,48.3],[-116.6,48.4],[-116.5,48.4],[-116.5,48.6],[-116.4,48.6],[-116.4,48.3],[-116.3,48.3],[-116.3,48.2],[-116.1,48.2],[-116.1,48.1],[-116.4,48.1],[-116.4,48.0],[-116.5,48.0],[-116.5,47.9],[-116.7,47.9],[-116.7,47.7],[-116.6,47.7],[-116.6,47.6],[-116.2,47.6],[-116.2,47.5],[-116.5,47.5],[-116.5,47.3],[-116.4,47.3],[-116.4,47.1],[-116.7,47.1],[-116.7,47.2],[-116.8,47.2],[-116.8,47.0],[-116.6,47.0],[-116.6,46.9],[-116.4,46.9],[-116.4,46.7],[-116.3,46.7],[-116.3,46.8],[-116.0,46.8],[-116.0,46.9],[-115.8,46.9],[-115.8,46.8],[-115.9,46.8],[-115.9,46.6],[-116.1,46.6],[-116.1,46.5],[-115.8,46.5],[-115.8,46.2],[-115.5,46.2],[-115.5,46.0],[-115.6,46.0],[-115.6,46.1],[-115.8,46.1],[-115.8,46.0],[-115.9,46.0],[-115.9,45.8],[-116.1,45.8],[-116.1,45.7],[-116.2,45.7],[-116.2,45.6],[-116.5,45.6],[-116.5,45.4],[-116.6,45.4],[-116.6,45.7],[-116.7,45.7],[-116.7,45.6],[-116.8,45.6],[-116.8,45.5],[-116.9,45.5],[-116.9,45.4],[-117.0,45.4],[-117.0,45.3],[-117.2,45.3],[-117.2,45.2],[-117.1,45.2],[-117.1,45.1],[-117.2,45.1],[-117.2,45.0],[-116.9,45.0],[-116.9,45.1],[-116.8,45.1],[-116.8,44.7],[-116.6,44.7],[-116.6,44.9],[-116.4,44.9],[-116.4,44.7],[-116.3,44.7],[-116.3,44.4],[-116.2,44.4],[-116.2,44.1],[-116.1,44.1],[-116.1,43.7],[-116.0,43.7],[-116.0,44.2],[-115.9,44.2],[-115.9,44.1],[-115.8,44.1],[-115.8,43.9],[-115.7,43.9],[-115.7,43.8],[-115.5,43.8],[-115.5,43.7],[-115.6,43.7],[-115.6,43.5],[-115.5,43.5],[-115.5,43.4],[-115.4,43.4],[-115.4,43.5],[-115.2,43.5],[-115.2,43.4],[-114.4,43.4],[-114.4,43.5],[-114.2,43.5],[-114.2,43.4],[-114.1,43.4],[-114.1,43.5],[-113.8,43.5],[-113.8,43.6],[-114.0,43.6],[-114.0,43.8],[-114.6,43.8],[-114.6,43.9],[-114.7,43.9],[-114.7,44.4],[-115.0,44.4],[-115.0,44.5],[-114.8,44.5],[-114.8,44.6],[-114.9,44.6],[-114.9,44.7],[-115.0,44.7],[-115.0,45.0],[-115.1,45.0],[-115.1,45.4],[-115.0,45.4],[-115.0,45.6],[-114.9,45.6],[-114.9,46.1],[-114.8,46.1],[-114.8,46.0],[-114.7,46.0],[-114.7,46.1],[-114.6,46.1],[-114.6,46.8],[-114.7,46.8],[-114.7,46.9],[-114.8,46.9],[-114.8,47.0],[-114.9,47.0],[-114.9,47.1],[-115.0,47.1],[-115.0,47.2],[-115.1,47.2],[-115.1,47.3],[-115.0,47.3],[-115.0,47.6],[-114.9,47.6],[-114.9,47.9],[-115.0,47.9],[-115.0,48.3],[-115.2,48.3],[-115.2,48.4],[-115.3,48.4],[-115.3,48.6],[-115.4,48.6],[-115.4,48.7],[-115.5,48.7],[-115.5,48.8],[-115.6,48.8],[-115.6,48.9],[-115.8,48.9],[-115.8,49.0],[-115.9,49.0],[-115.9,49.1],[-116.2,49.1],[-116.2,49.2],[-116.3,49.2],[-116.3,49.3],[-116.4,49.3],[-116.4,49.5],[-116.5,49.5],[-116.5,49.4],[-116.7,49.4],[-116.7,49.3],[-116.8,49.3],[-116.8,49.5],[-116.9,49.5],[-116.9,49.6],[-117.3,49.6],[-117.3,49.5],[-117.4,49.5],[-117.4,49.6],[-117.7,49.6]],[[-116.2,44.9],[-116.4,44.9],[-116.4,45.0],[-116.2,45.0],[-116.2,44.9]],[[-116.2,48.6],[-116.4,48.6],[-116.4,48.9],[-116.3,48.9],[-116.3,48.8],[-116.1,48.8],[-116.1,48.7],[-116.2,48.7],[-116.2,48.6]],[[-116.4,49.1],[-116.4,48.9],[-116.6,48.9],[-116.6,49.1],[-116.4,49.1]],[[-117.5,49.0],[-117.7,49.0],[-117.7,49.1],[-117.5,49.1],[-117.5,49.0]],[[-118.4,49.0],[-118.5,49.0],[-118.5,49.2],[-118.4,49.2],[-118.4,49.0]],[[-117.7,49.2],[-117.7,49.4],[-117.6,49.4],[-117.6,49.2],[-117.7,49.2]],[[-116.9,49.2],[-116.9,49.1],[-117.0,49.1],[-117.0,48.9],[-117.2,48.9],[-117.2,49.0],[-117.1,49.0],[-117.1,49.1],[-117.2,49.1],[-117.2,49.2],[-117.1,49.2],[-117.1,49.4],[-117.2,49.4],[-117.2,49.5],[-117.0,49.5],[-117.0,49.2],[-116.9,49.2]],[[-116.9,48.9],[-116.9,49.1],[-116.8,49.1],[-116.8,48.9],[-116.9,48.9]],[[-117.3,49.4],[-117.3,49.3],[-117.5,49.3],[-117.5,49.4],[-117.3,49.4]],[[-117.3,49.0],[-117.3,48.8],[-117.4,48.8],[-117.4,49.0],[-117.3,49.0]],[[-115.9,48.5],[-115.8,48.5],[-115.8,48.2],[-115.9,48.2],[-115.9,48.5]],[[-115.5,48.5],[-115.5,48.3],[-115.6,48.3],[-115.6,48.5],[-115.5,48.5]],[[-116.3,45.5],[-116.3,45.3],[-116.4,45.3],[-116.4,45.5],[-116.3,45.5]],[[-115.4,45.2],[-115.4,45.1],[-115.2,45.1],[-115.2,44.9],[-115.3,44.9],[-115.3,45.0],[-115.5,45.0],[-115.5,45.2],[-115.4,45.2]],[[-115.0,44.2],[-115.0,44.1],[-114.9,44.1],[-114.9,43.8],[-115.0,43.8],[-115.0,43.9],[-115.1,43.9],[-115.1,44.2],[-115.0,44.2]]],[[[-78.2,53.1],[-78.2,53.2],[-78.1,53.2],[-78.1,53.4],[-77.9,53.4],[-77.9,53.5],[-77.7,53.5],[-77.7,53.6],[-77.8,53.6],[-77.8,53.8],[-77.2,53.8],[-77.2,53.7],[-76.7,53.7],[-76.7,53.8],[-76.6,53.8],[-76.6,54.0],[-76.7,54.0],[-76.7,54.1],[-76.6,54.1],[-76.6,54.2],[-76.0,54.2],[-76.0,54.3],[-75.9,54.3],[-75.9,54.2],[-75.8,54.2],[-75.8,54.3],[-75.7,54.3],[-75.7,54.4],[-75.9,54.4],[-75.9,54.5],[-76.1,54.5],[-76.1,54.6],[-76.2,54.6],[-76.2,54.7],[-76.4,54.7],[-76.4,54.6],[-77.5,54.6],[-77.5,54.7],[-77.6,54.7],[-77.6,54.8],[-77.9,54.8],[-77.9,55.0],[-78.2,55.0],[-78.2,54.9],[-78.4,54.9],[-78.4,54.8],[-78.7,54.8],[-78.7,54.7],[-79.1,54.7],[-79.1,54.6],[-79.3,54.6],[-79.3,54.3],[-79.2,54.3],[-79.2,54.2],[-79.1,54.2],[-79.1,54.0],[-79.0,54.0],[-79.0,53.9],[-79.1,53.9],[-79.1,53.8],[-79.0,53.8],[-79.0,53.0],[-78.6,53.0],[-78.6,52.9],[-78.5,52.9],[-78.5,53.0],[-78.3,53.0],[-78.3,53.1],[-78.2,53.1]],[[-76.4,54.5],[-76.1,54.5],[-76.1,54.4],[-76.3,54.4],[-76.3,54.3],[-76.4,54.3],[-76.4,54.5]],[[-78.2,53.3],[-78.2,53.2],[-78.4,53.2],[-78.4,53.3],[-78.2,53.3]]],[[[-75.5,54.0],[-75.3,54.0],[-75.3,54.1],[-75.5,54.1],[-75.5,54.0]]],[[[-77.4,54.7],[-77.1,54.7],[-77.1,54.8],[-77.4,54.8],[-77.4,54.7]]]]}},
{"type":"Feature","properties":{"k":"Dsc"},"geometry":{"type":"MultiPolygon","coordinates":[[[[-121.5,46.1],[-121.4,46.1],[-121.4,46.3],[-121.6,46.3],[-121.6,46.2],[-121.5,46.2],[-121.5,46.1]]],[[[-121.8,47.0],[-121.8,46.8],[-121.6,46.8],[-121.6,46.9],[-121.4,46.9],[-121.4,47.0],[-121.8,47.0]]],[[[-121.3,47.5],[-121.1,47.5],[-121.1,47.6],[-121.3,47.6],[-121.3,47.5]]],[[[-120.8,47.7],[-120.9,47.7],[-120.9,47.5],[-121.0,47.5],[-121.0,47.4],[-120.8,47.4],[-120.8,47.7]]],[[[-123.3,47.9],[-123.3,47.8],[-123.1,47.8],[-123.1,47.9],[-123.3,47.9]]],[[[-120.3,48.3],[-120.5,48.3],[-120.5,48.2],[-120.4,48.2],[-120.4,48.1],[-120.3,48.1],[-120.3,48.3]]],[[[-120.7,48.6],[-120.7,48.7],[-120.8,48.7],[-120.8,48.6],[-121.2,48.6],[-121.2,48.5],[-121.1,48.5],[-121.1,48.2],[-121.2,48.2],[-121.2,48.0],[-120.9,48.0],[-120.9,48.1],[-120.6,48.1],[-120.6,48.2],[-120.7,48.2],[-120.7,48.3],[-121.0,48.3],[-121.0,48.5],[-120.8,48.5],[-120.8,48.4],[-120.6,48.4],[-120.6,48.5],[-120.5,48.5],[-120.5,48.6],[-120.7,48.6]]],[[[-120.7,48.8],[-120.7,48.7],[-120.5,48.7],[-120.5,48.8],[-120.4,48.8],[-120.4,48.7],[-120.3,48.7],[-120.3,48.8],[-120.1,48.8],[-120.1,48.9],[-120.0,48.9],[-120.0,49.1],[-120.3,49.1],[-120.3,49.2],[-120.5,49.2],[-120.5,48.9],[-120.7,48.9],[-120.7,49.0],[-120.9,49.0],[-120.9,48.9],[-120.8,48.9],[-120.8,48.8],[-120.7,48.8]]],[[[-120.8,49.3],[-120.9,49.3],[-120.9,49.1],[-120.7,49.1],[-120.7,49.2],[-120.8,49.2],[-120.8,49.3]]],[[[-125.5,52.1],[-125.3,52.1],[-125.3,52.2],[-125.5,52.2],[-125.5,52.1]]],[[[-125.6,52.6],[-125.6,52.8],[-125.7,52.8],[-125.7,52.6],[-125.6,52.6]]],[[[-125.9,58.1],[-125.7,58.1],[-125.7,58.2],[-125.9,58.2],[-125.9,58.1]]],[[[-118.6,36.7],[-118.6,36.4],[-118.5,36.4],[-118.5,36.5],[-118.2,36.5],[-118.2,36.7],[-118.3,36.7],[-118.3,36.8],[-118.4,36.8],[-118.4,36.7],[-118.6,36.7]]],[[[-118.6,37.1],[-118.5,37.1],[-118.5,37.2],[-118.6,37.2],[-118.6,37.4],[-118.7,37.4],[-118.7,37.5],[-118.9,37.5],[-118.9,37.1],[-118.8,37.1],[-118.8,37.0],[-118.6,37.0],[-118.6,37.1]]],[[[-119.4,38.2],[-119.6,38.2],[-119.6,38.1],[-119.5,38.1],[-119.5,38.0],[-119.4,38.0],[-119.4,37.9],[-119.3,37.9],[-119.3,37.8],[-119.4,37.8],[-119.4,37.6],[-119.3,37.6],[-119.3,37.7],[-119.1,37.7],[-119.1,37.8],[-119.2,37.8],[-119.2,38.0],[-119.3,38.0],[-119.3,38.1],[-119.4,38.1],[-119.4,38.2]]],[[[-119.7,38.2],[-119.6,38.2],[-119.6,38.4],[-119.7,38.4],[-119.7,38.2]]],[[[-114.9,44.1],[-115.0,44.1],[-115.0,44.2],[-115.1,44.2],[-115.1,43.9],[-115.0,43.9],[-115.0,43.8],[-114.9,43.8],[-114.9,44.1]]],[[[-114.6,43.8],[-114.2,43.8],[-114.2,43.9],[-114.4,43.9],[-114.4,44.0],[-114.5,44.0],[-114.5,44.1],[-114.6,44.1],[-114.6,44.2],[-114.7,44.2],[-114.7,43.9],[-114.6,43.9],[-114.6,43.8]]],[[[-114.8,44.4],[-114.8,44.5],[-115.0,44.5],[-115.0,44.4],[-114.8,44.4]]],[[[-115.2,45.1],[-115.4,45.1],[-115.4,45.2],[-115.5,45.2],[-115.5,45.0],[-115.3,45.0],[-115.3,44.9],[-115.2,44.9],[-115.2,45.1]]],[[[-117.3,45.0],[-117.2,45.0],[-117.2,45.1],[-117.1,45.1],[-117.1,45.2],[-117.2,45.2],[-117.2,45.3],[-117.4,45.3],[-117.4,45.4],[-117.5,45.4],[-117.5,45.1],[-117.3,45.1],[-117.3,45.0]]],[[[-79.8,54.0],[-80.0,54.0],[-80.0,53.9],[-79.9,53.9],[-79.9,53.8],[-79.8,53.8],[-79.8,54.0]]],[[[-91.0,56.1],[-90.8,56.1],[-90.8,56.2],[-91.0,56.2],[-91.0,56.1]]],[[[-92.0,56.6],[-91.7,56.6],[-91.7,56.5],[-91.6,56.5],[-91.6,56.3],[-91.5,56.3],[-91.5,56.1],[-91.3,56.1],[-91.3,56.0],[-91.1,56.0],[-91.1,56.2],[-91.2,56.2],[-91.2,56.3],[-91.1,56.3],[-91.1,56.4],[-91.2,56.4],[-91.2,56.6],[-91.1,56.6],[-91.1,56.5],[-90.8,56.5],[-90.8,56.7],[-90.9,56.7],[-90.9,56.8],[-90.4,56.8],[-90.4,56.7],[-90.3,56.7],[-90.3,56.8],[-89.9,56.8],[-89.9,56.9],[-90.2,56.9],[-90.2,57.0],[-90.3,57.0],[-90.3,56.9],[-90.5,56.9],[-90.5,57.0],[-90.9,57.0],[-90.9,57.1],[-91.1,57.1],[-91.1,57.2],[-91.0,57.2],[-91.0,57.3],[-91.3,57.3],[-91.3,57.2],[-91.7,57.2],[-91.7,57.0],[-92.1,57.0],[-92.1,56.9],[-92.0,56.9],[-92.0,56.6]]],[[[-95.7,57.3],[-95.9,57.3],[-95.9,57.2],[-95.8,57.2],[-95.8,57.1],[-95.7,57.1],[-95.7,57.3]]],[[[-93.3,58.5],[-93.3,58.4],[-93.0,58.4],[-93.0,58.5],[-93.1,58.5],[-93.1,58.8],[-94.5,58.8],[-94.5,59.0],[-94.7,59.0],[-94.7,59.2],[-94.9,59.2],[-94.9,58.9],[-94.8,58.9],[-94.8,58.6],[-94.6,58.6],[-94.6,58.5],[-94.4,58.5],[-94.4,58.4],[-94.1,58.4],[-94.1,58.3],[-93.7,58.3],[-93.7,58.5],[-93.3,58.5]]],[[[-78.8,52.6],[-78.8,52.8],[-79.0,52.8],[-79.0,52.7],[-78.9,52.7],[-78.9,52.6],[-78.8,52.6]]],[[[-79.1,52.8],[-79.1,52.9],[-79.3,52.9],[-79.3,52.8],[-79.1,52.8]]],[[[-79.8,53.4],[-79.7,53.4],[-79.7,53.3],[-79.6,53.3],[-79.6,53.5],[-79.7,53.5],[-79.7,53.6],[-79.8,53.6],[-79.8,53.4]]],[[[-76.4,54.6],[-76.4,54.7],[-76.2,54.7],[-76.2,54.6],[-76.1,54.6],[-76.1,54.5],[-75.9,54.5],[-75.9,54.4],[-75.5,54.4],[-75.5,54.5],[-75.3,54.5],[-75.3,54.8],[-75.2,54.8],[-75.2,54.9],[-75.5,54.9],[-75.5,55.1],[-75.4,55.1],[-75.4,55.3],[-75.3,55.3],[-75.3,55.4],[-75.4,55.4],[-75.4,55.5],[-75.6,55.5],[-75.6,55.6],[-75.3,55.6],[-75.3,55.7],[-75.4,55.7],[-75.4,55.8],[-75.9,55.8],[-75.9,56.0],[-76.1,56.0],[-76.1,56.1],[-76.5,56.1],[-76.5,56.3],[-76.4,56.3],[-76.4,56.4],[-76.3,56.4],[-76.3,56.3],[-76.2,56.3],[-76.2,56.2],[-76.0,56.2],[-76.0,56.1],[-75.8,56.1],[-75.8,56.2],[-75.7,56.2],[-75.7,56.3],[-75.8,56.3],[-75.8,56.4],[-75.9,56.4],[-75.9,56.5],[-76.0,56.5],[-76.0,56.6],[-76.3,56.6],[-76.3,56.8],[-76.5,56.8],[-76.5,56.9],[-76.6,56.9],[-76.6,57.2],[-76.7,57.2],[-76.7,57.3],[-76.8,57.3],[-76.8,57.0],[-76.7,57.0],[-76.7,56.4],[-76.8,56.4],[-76.8,56.1],[-76.9,56.1],[-76.9,55.9],[-77.0,55.9],[-77.0,55.8],[-77.3,55.8],[-77.3,55.7],[-77.4,55.7],[-77.4,55.6],[-77.5,55.6],[-77.5,55.5],[-77.7,55.5],[-77.7,55.4],[-77.8,55.4],[-77.8,55.3],[-78.0,55.3],[-78.0,55.2],[-78.3,55.2],[-78.3,55.1],[-78.5,55.1],[-78.5,55.0],[-78.9,55.0],[-78.9,54.9],[-79.0,54.9],[-79.0,55.0],[-79.3,55.0],[-79.3,54.9],[-79.8,54.9],[-79.8,54.8],[-79.9,54.8],[-79.9,54.7],[-79.8,54.7],[-79.8,54.6],[-79.7,54.6],[-79.7,54.5],[-79.6,54.5],[-79.6,54.4],[-79.5,54.4],[-79.5,54.1],[-79.4,54.1],[-79.4,54.0],[-79.3,54.0],[-79.3,53.9],[-79.2,53.9],[-79.2,53.6],[-79.3,53.6],[-79.3,53.5],[-79.2,53.5],[-79.2,53.3],[-79.1,53.3],[-79.1,52.9],[-78.9,52.9],[-78.9,53.0],[-79.0,53.0],[-79.0,53.8],[-79.1,53.8],[-79.1,53.9],[-79.0,53.9],[-79.0,54.0],[-79.1,54.0],[-79.1,54.2],[-79.2,54.2],[-79.2,54.3],[-79.3,54.3],[-79.3,54.6],[-79.1,54.6],[-79.1,54.7],[-78.7,54.7],[-78.7,54.8],[-78.4,54.8],[-78.4,54.9],[-78.2,54.9],[-78.2,55.0],[-77.9,55.0],[-77.9,54.8],[-77.6,54.8],[-77.6,54.7],[-77.5,54.7],[-77.5,54.6],[-76.4,54.6]],[[-76.4,54.8],[-76.4,54.7],[-76.6,54.7],[-76.6,54.8],[-76.4,54.8]],[[-77.1,54.8],[-77.1,54.7],[-77.4,54.7],[-77.4,54.8],[-77.1,54.8]],[[-75.8,54.8],[-75.4,54.8],[-75.4,54.7],[-75.5,54.7],[-75.5,54.6],[-75.8,54.6],[-75.8,54.8]]],[[[-79.1,55.7],[-79.1,55.8],[-79.3,55.8],[-79.3,55.7],[-79.4,55.7],[-79.4,55.6],[-79.2,55.6],[-79.2,55.7],[-79.1,55.7]]],[[[-78.6,55.8],[-78.6,56.0],[-78.7,56.0],[-78.7,55.8],[-78.6,55.8]]],[[[-75.7,55.9],[-75.6,55.9],[-75.6,56.1],[-75.7,56.1],[-75.7,55.9]]],[[[-79.1,55.9],[-79.1,55.8],[-79.0,55.8],[-79.0,56.0],[-78.8,56.0],[-78.8,56.1],[-78.6,56.1],[-78.6,56.5],[-78.9,56.5],[-78.9,56.4],[-79.0,56.4],[-79.0,56.5],[-79.1,56.5],[-79.1,56.6],[-79.2,56.6],[-79.2,56.7],[-79.3,56.7],[-79.3,56.5],[-79.4,56.5],[-79.4,56.6],[-79.5,56.6],[-79.5,56.4],[-79.6,56.4],[-79.6,56.5],[-79.7,56.5],[-79.7,56.4],[-80.1,56.4],[-80.1,56.2],[-79.9,56.2],[-79.9,56.0],[-80.0,56.0],[-80.0,55.9],[-79.9,55.9],[-79.9,55.7],[-79.8,55.7],[-79.8,55.8],[-79.4,55.8],[-79.4,55.9],[-79.1,55.9]],[[-79.6,56.2],[-79.8,56.2],[-79.8,56.3],[-79.6,56.3],[-79.6,56.2]]],[[[-77.9,56.4],[-78.1,56.4],[-78.1,56.2],[-77.9,56.2],[-77.9,56.3],[-77.8,56.3],[-77.8,56.5],[-77.9,56.5],[-77.9,56.4]]],[[[-77.5,56.3],[-77.5,56.5],[-77.6,56.5],[-77.6,56.4],[-77.7,56.4],[-77.7,56.3],[-77.5,56.3]]],[[[-79.7,56.9],[-80.0,56.9],[-80.0,56.7],[-79.9,56.7],[-79.9,56.8],[-79.7,56.8],[-79.7,56.9]]],[[[-76.9,57.3],[-76.8,57.3],[-76.8,57.5],[-76.7,57.5],[-76.7,57.8],[-76.9,57.8],[-76.9,57.9],[-77.0,57.9],[-77.0,57.8],[-77.1,57.8],[-77.1,57.7],[-76.9,57.7],[-76.9,57.6],[-77.0,57.6],[-77.0,57.5],[-76.9,57.5],[-76.9,57.3]]],[[[-78.8,58.9],[-78.9,58.9],[-78.9,58.7],[-78.8,58.7],[-78.8,58.8],[-78.6,58.8],[-78.6,59.0],[-78.8,59.0],[-78.8,58.9]]]]}},
{"type":"Feature","properties":{"k":"Dwa"},"geometry":{"type":"MultiPolygon","coordinates":[[[[-100.1,42.9],[-100.2,42.9],[-100.2,43.1],[-100.7,43.1],[-100.7,43.0],[-100.9,43.0],[-100.9,42.9],[-101.2,42.9],[-101.2,42.8],[-101.0,42.8],[-101.0,42.7],[-100.9,42.7],[-100.9,42.6],[-100.8,42.6],[-100.8,42.5],[-100.7,42.5],[-100.7,42.6],[-100.4,42.6],[-100.4,42.7],[-100.2,42.7],[-100.2,42.8],[-100.1,42.8],[-100.1,42.9]]],[[[-99.9,42.8],[-99.7,42.8],[-99.7,43.0],[-100.0,43.0],[-100.0,42.9],[-99.9,42.9],[-99.9,42.8]]],[[[-103.4,43.7],[-103.3,43.7],[-103.3,44.2],[-103.4,44.2],[-103.4,44.0],[-103.5,44.0],[-103.5,43.8],[-103.4,43.8],[-103.4,43.7]]],[[[-99.6,45.8],[-99.6,46.0],[-99.8,46.0],[-99.8,46.1],[-100.0,46.1],[-100.0,46.0],[-99.9,46.0],[-99.9,45.9],[-99.7,45.9],[-99.7,45.8],[-99.6,45.8]]],[[[-96.6,48.6],[-96.6,48.5],[-96.4,48.5],[-96.4,48.6],[-96.6,48.6]]]]}},
{"type":"Feature","properties":{"k":"Dwb"},"geometry":{"type":"MultiPolygon","coordinates":[[[[-98.5,48.6],[-98.5,48.5],[-98.3,48.5],[-98.3,48.6],[-98.5,48.6]]]]}},
{"type":"Feature","properties":{"k":"Dfa"},"geometry":{"type":"MultiPolygon","coordinates":[[[[-114.6,39.0],[-114.7,39.0],[-114.7,38.8],[-114.6,38.8],[-114.6,39.0]]],[[[-116.2,39.9],[-116.4,39.9],[-116.4,39.8],[-116.2,39.8],[-116.2,39.9]]],[[[-115.3,40.0],[-115.3,40.2],[-115.4,40.2],[-115.4,40.0],[-115.3,40.0]]],[[[-115.3,40.3],[-115.3,40.2],[-115.1,40.2],[-115.1,40.3],[-115.3,40.3]]],[[[-114.6,41.8],[-114.7,41.8],[-114.7,41.6],[-114.6,41.6],[-114.6,41.8]]],[[[-114.8,42.0],[-115.0,42.0],[-115.0,41.9],[-115.1,41.9],[-115.1,41.8],[-114.8,41.8],[-114.8,42.0]]],[[[-115.8,42.0],[-115.8,41.9],[-115.7,41.9],[-115.7,41.8],[-115.6,41.8],[-115.6,41.9],[-115.4,41.9],[-115.4,42.0],[-115.8,42.0]]],[[[-115.3,42.0],[-115.0,42.0],[-115.0,42.1],[-114.8,42.1],[-114.8,42.2],[-115.2,42.2],[-115.2,42.1],[-115.3,42.1],[-115.3,42.0]]],[[[-114.4,42.0],[-114.1,42.0],[-114.1,42.1],[-114.3,42.1],[-114.3,42.2],[-114.2,42.2],[-114.2,42.3],[-114.5,42.3],[-114.5,42.2],[-114.4,42.2],[-114.4,42.0]]],[[[-114.0,47.0],[-114.2,47.0],[-114.2,46.9],[-114.1,46.9],[-114.1,46.7],[-114.0,46.7],[-114.0,46.8],[-113.9,46.8],[-113.9,46.9],[-114.0,46.9],[-114.0,47.0]]],[[[-114.5,47.0],[-114.2,47.0],[-114.2,47.1],[-114.5,47.1],[-114.5,47.0]]],[[[-114.0,47.7],[-114.2,47.7],[-114.2,47.9],[-114.4,47.9],[-114.4,47.7],[-114.5,47.7],[-114.5,47.9],[-114.7,47.9],[-114.7,47.4],[-114.6,47.4],[-114.6,47.3],[-114.4,47.3],[-114.4,47.4],[-114.3,47.4],[-114.3,47.2],[-114.1,47.2],[-114.1,47.3],[-114.0,47.3],[-114.0,47.7]]],[[[-114.2,48.1],[-114.2,48.0],[-114.0,48.0],[-114.0,48.2],[-114.1,48.2],[-114.1,48.3],[-114.2,48.3],[-114.2,48.4],[-114.3,48.4],[-114.3,48.3],[-114.4,48.3],[-114.4,48.2],[-114.3,48.2],[-114.3,48.1],[-114.2,48.1]]],[[[-118.7,48.9],[-118.7,48.7],[-118.6,48.7],[-118.6,48.9],[-118.7,48.9]]],[[[-115.1,49.1],[-115.2,49.1],[-115.2,48.9],[-115.0,48.9],[-115.0,49.0],[-115.1,49.0],[-115.1,49.1]]],[[[-119.3,49.8],[-119.3,50.0],[-119.5,50.0],[-119.5,49.9],[-119.4,49.9],[-119.4,49.8],[-119.3,49.8]]],[[[-117.9,50.3],[-117.9,50.1],[-117.8,50.1],[-117.8,50.3],[-117.9,50.3]]],[[[-119.1,50.7],[-119.2,50.7],[-119.2,50.5],[-119.4,50.5],[-119.4,50.3],[-119.5,50.3],[-119.5,50.2],[-119.4,50.2],[-119.4,50.1],[-119.3,50.1],[-119.3,50.2],[-119.2,50.2],[-119.2,50.4],[-119.1,50.4],[-119.1,50.7]]],[[[-117.8,50.6],[-117.8,50.7],[-118.0,50.7],[-118.0,50.5],[-117.9,50.5],[-117.9,50.6],[-117.8,50.6]]],[[[-119.3,50.7],[-119.2,50.7],[-119.2,50.8],[-119.3,50.8],[-119.3,50.9],[-119.2,50.9],[-119.2,51.0],[-119.4,51.0],[-119.4,50.6],[-119.3,50.6],[-119.3,50.7]]],[[[-113.8,38.3],[-113.9,38.3],[-113.9,38.1],[-113.8,38.1],[-113.8,38.3]]],[[[-112.4,38.9],[-112.4,38.7],[-112.3,38.7],[-112.3,38.9],[-112.4,38.9]]],[[[-112.2,39.1],[-112.0,39.1],[-112.0,39.3],[-112.1,39.3],[-112.1,39.2],[-112.2,39.2],[-112.2,39.1]]],[[[-111.9,39.3],[-111.7,39.3],[-111.7,39.4],[-111.8,39.4],[-111.8,39.5],[-111.9,39.5],[-111.9,39.3]]],[[[-111.5,39.6],[-111.5,39.4],[-111.4,39.4],[-111.4,39.9],[-111.2,39.9],[-111.2,40.0],[-111.3,40.0],[-111.3,40.2],[-111.4,40.2],[-111.4,40.1],[-111.5,40.1],[-111.5,40.0],[-111.6,40.0],[-111.6,39.8],[-111.8,39.8],[-111.8,39.7],[-111.7,39.7],[-111.7,39.6],[-111.5,39.6]]],[[[-112.1,39.7],[-112.0,39.7],[-112.0,40.0],[-112.1,40.0],[-112.1,40.1],[-112.2,40.1],[-112.2,40.0],[-112.5,40.0],[-112.5,40.1],[-112.6,40.1],[-112.6,39.9],[-112.4,39.9],[-112.4,39.8],[-112.3,39.8],[-112.3,39.9],[-112.1,39.9],[-112.1,39.7]]],[[[-112.7,40.5],[-112.6,40.5],[-112.6,40.2],[-112.5,40.2],[-112.5,40.6],[-112.7,40.6],[-112.7,40.5]]],[[[-111.9,40.5],[-111.9,40.4],[-111.7,40.4],[-111.7,40.5],[-111.9,40.5]]],[[[-112.1,40.7],[-112.2,40.7],[-112.2,40.6],[-112.3,40.6],[-112.3,40.3],[-112.1,40.3],[-112.1,40.4],[-112.0,40.4],[-112.0,40.6],[-112.1,40.6],[-112.1,40.7]]],[[[-111.5,41.2],[-111.5,41.1],[-111.6,41.1],[-111.6,40.9],[-111.3,40.9],[-111.3,41.0],[-111.4,41.0],[-111.4,41.2],[-111.5,41.2]]],[[[-113.9,41.9],[-113.9,42.0],[-114.0,42.0],[-114.0,41.8],[-113.6,41.8],[-113.6,41.9],[-113.9,41.9]]],[[[-113.9,42.2],[-113.9,42.0],[-113.7,42.0],[-113.7,42.1],[-113.8,42.1],[-113.8,42.2],[-113.9,42.2]]],[[[-111.2,42.1],[-111.3,42.1],[-111.3,42.2],[-111.2,42.2],[-111.2,42.3],[-111.3,42.3],[-111.3,42.5],[-111.4,42.5],[-111.4,41.8],[-111.3,41.8],[-111.3,42.0],[-111.2,42.0],[-111.2,42.1]]],[[[-112.8,42.1],[-112.8,42.3],[-112.9,42.3],[-112.9,42.5],[-113.0,42.5],[-113.0,42.6],[-113.1,42.6],[-113.1,42.3],[-113.0,42.3],[-113.0,42.2],[-112.9,42.2],[-112.9,42.1],[-112.8,42.1]]],[[[-111.9,43.1],[-111.9,43.4],[-112.0,43.4],[-112.0,43.2],[-112.1,43.2],[-112.1,43.1],[-112.2,43.1],[-112.2,43.0],[-112.4,43.0],[-112.4,42.8],[-112.6,42.8],[-112.6,42.7],[-112.8,42.7],[-112.8,42.3],[-112.6,42.3],[-112.6,41.9],[-112.4,41.9],[-112.4,41.6],[-112.3,41.6],[-112.3,41.7],[-112.2,41.7],[-112.2,41.9],[-112.1,41.9],[-112.1,41.7],[-112.0,41.7],[-112.0,41.8],[-111.9,41.8],[-111.9,41.7],[-111.8,41.7],[-111.8,41.6],[-111.7,41.6],[-111.7,42.4],[-111.6,42.4],[-111.6,42.5],[-111.7,42.5],[-111.7,42.6],[-111.5,42.6],[-111.5,42.7],[-111.7,42.7],[-111.7,42.8],[-111.8,42.8],[-111.8,43.1],[-111.9,43.1]],[[-112.2,42.2],[-112.2,41.9],[-112.3,41.9],[-112.3,42.1],[-112.4,42.1],[-112.4,42.2],[-112.2,42.2]],[[-112.2,42.7],[-112.2,43.0],[-112.1,43.0],[-112.1,42.8],[-112.0,42.8],[-112.0,42.7],[-112.2,42.7]],[[-111.8,42.4],[-112.0,42.4],[-112.0,42.6],[-111.9,42.6],[-111.9,42.5],[-111.8,42.5],[-111.8,42.4]]],[[[-111.9,43.6],[-111.9,43.4],[-111.8,43.4],[-111.8,43.3],[-111.7,43.3],[-111.7,43.4],[-111.6,43.4],[-111.6,43.5],[-111.4,43.5],[-111.4,43.6],[-111.6,43.6],[-111.6,43.8],[-111.5,43.8],[-111.5,43.9],[-111.4,43.9],[-111.4,44.1],[-111.6,44.1],[-111.6,44.2],[-112.0,44.2],[-112.0,44.3],[-112.1,44.3],[-112.1,44.1],[-112.0,44.1],[-112.0,44.0],[-111.9,44.0],[-111.9,43.9],[-111.8,43.9],[-111.8,43.6],[-111.9,43.6]]],[[[-111.8,45.5],[-111.8,45.2],[-111.7,45.2],[-111.7,45.5],[-111.8,45.5]]],[[[-111.1,46.0],[-111.4,46.0],[-111.4,45.8],[-111.5,45.8],[-111.5,45.7],[-111.6,45.7],[-111.6,45.6],[-111.0,45.6],[-111.0,45.9],[-111.1,45.9],[-111.1,46.0]]],[[[-114.0,46.5],[-114.1,46.5],[-114.1,46.2],[-114.0,46.2],[-114.0,46.5]]],[[[-112.0,46.7],[-112.0,46.8],[-112.2,46.8],[-112.2,46.6],[-112.1,46.6],[-112.1,46.7],[-112.0,46.7]]],[[[-110.4,47.5],[-110.4,47.4],[-110.2,47.4],[-110.2,47.5],[-110.3,47.5],[-110.3,47.6],[-110.4,47.6],[-110.4,47.7],[-110.5,47.7],[-110.5,47.8],[-110.6,47.8],[-110.6,47.7],[-110.9,47.7],[-110.9,47.5],[-111.0,47.5],[-111.0,47.4],[-111.2,47.4],[-111.2,47.3],[-110.8,47.3],[-110.8,47.5],[-110.6,47.5],[-110.6,47.6],[-110.5,47.6],[-110.5,47.5],[-110.4,47.5]]],[[[-111.2,49.7],[-111.4,49.7],[-111.4,49.8],[-111.6,49.8],[-111.6,49.7],[-111.5,49.7],[-111.5,49.3],[-111.3,49.3],[-111.3,49.4],[-111.2,49.4],[-111.2,49.7]]],[[[-106.8,36.6],[-106.8,36.5],[-106.6,36.5],[-106.6,36.6],[-106.8,36.6]]],[[[-107.1,36.2],[-106.9,36.2],[-106.9,36.3],[-107.0,36.3],[-107.0,36.7],[-107.1,36.7],[-107.1,36.9],[-107.2,36.9],[-107.2,37.0],[-107.1,37.0],[-107.1,37.1],[-107.3,37.1],[-107.3,37.2],[-107.4,37.2],[-107.4,36.9],[-107.3,36.9],[-107.3,36.5],[-107.2,36.5],[-107.2,36.4],[-107.1,36.4],[-107.1,36.2]]],[[[-107.8,37.2],[-107.9,37.2],[-107.9,37.1],[-107.5,37.1],[-107.5,37.2],[-107.7,37.2],[-107.7,37.3],[-107.8,37.3],[-107.8,37.2]]],[[[-108.5,37.8],[-108.5,38.0],[-108.6,38.0],[-108.6,37.9],[-108.7,37.9],[-108.7,37.8],[-108.5,37.8]]],[[[-108.4,38.3],[-108.4,38.1],[-108.3,38.1],[-108.3,38.3],[-108.4,38.3]]],[[[-109.0,38.3],[-109.0,38.6],[-109.1,38.6],[-109.1,38.4],[-109.3,38.4],[-109.3,38.3],[-109.0,38.3]]],[[[-109.0,39.0],[-109.0,38.9],[-108.6,38.9],[-108.6,39.0],[-109.0,39.0]]],[[[-108.0,39.4],[-108.1,39.4],[-108.1,39.1],[-108.0,39.1],[-108.0,39.2],[-107.9,39.2],[-107.9,39.3],[-108.0,39.3],[-108.0,39.4]]],[[[-107.6,39.5],[-107.8,39.5],[-107.8,39.4],[-107.6,39.4],[-107.6,39.5]]],[[[-108.4,39.4],[-108.1,39.4],[-108.1,39.5],[-108.3,39.5],[-108.3,39.6],[-108.6,39.6],[-108.6,39.5],[-108.7,39.5],[-108.7,39.4],[-108.6,39.4],[-108.6,39.3],[-108.4,39.3],[-108.4,39.4]]],[[[-110.2,39.5],[-110.1,39.5],[-110.1,39.7],[-110.2,39.7],[-110.2,39.5]]],[[[-110.7,39.8],[-110.7,39.7],[-110.3,39.7],[-110.3,40.0],[-110.4,40.0],[-110.4,40.1],[-110.6,40.1],[-110.6,40.2],[-110.8,40.2],[-110.8,40.1],[-110.7,40.1],[-110.7,40.0],[-110.5,40.0],[-110.5,39.8],[-110.7,39.8]]],[[[-109.1,39.5],[-108.7,39.5],[-108.7,39.7],[-108.6,39.7],[-108.6,39.8],[-108.4,39.8],[-108.4,39.7],[-108.2,39.7],[-108.2,39.8],[-108.1,39.8],[-108.1,40.0],[-108.0,40.0],[-108.0,39.9],[-107.9,39.9],[-107.9,40.0],[-107.8,40.0],[-107.8,40.1],[-107.9,40.1],[-107.9,40.2],[-108.1,40.2],[-108.1,40.3],[-107.8,40.3],[-107.8,40.2],[-107.6,40.2],[-107.6,40.4],[-107.5,40.4],[-107.5,40.5],[-107.4,40.5],[-107.4,40.4],[-107.2,40.4],[-107.2,40.5],[-107.3,40.5],[-107.3,40.6],[-107.4,40.6],[-107.4,40.7],[-107.5,40.7],[-107.5,41.0],[-107.4,41.0],[-107.4,41.1],[-107.6,41.1],[-107.6,40.9],[-108.0,40.9],[-108.0,40.7],[-108.1,40.7],[-108.1,40.4],[-108.5,40.4],[-108.5,40.3],[-108.2,40.3],[-108.2,40.1],[-108.3,40.1],[-108.3,40.0],[-108.4,40.0],[-108.4,40.1],[-108.7,40.1],[-108.7,39.8],[-108.8,39.8],[-108.8,39.9],[-108.9,39.9],[-108.9,39.7],[-109.2,39.7],[-109.2,39.6],[-110.0,39.6],[-110.0,39.5],[-109.9,39.5],[-109.9,39.2],[-109.8,39.2],[-109.8,39.1],[-109.6,39.1],[-109.6,39.2],[-109.5,39.2],[-109.5,39.3],[-109.4,39.3],[-109.4,39.4],[-109.1,39.4],[-109.1,39.5]]],[[[-108.6,40.6],[-108.9,40.6],[-108.9,40.5],[-108.7,40.5],[-108.7,40.4],[-109.0,40.4],[-109.0,40.3],[-108.6,40.3],[-108.6,40.6]]],[[[-106.6,42.3],[-106.6,42.5],[-106.7,42.5],[-106.7,42.4],[-106.8,42.4],[-106.8,42.2],[-106.7,42.2],[-106.7,42.3],[-106.6,42.3]]],[[[-105.6,42.6],[-105.6,42.8],[-106.1,42.8],[-106.1,42.7],[-105.7,42.7],[-105.7,42.6],[-105.6,42.6]]],[[[-107.1,43.2],[-107.1,43.3],[-107.3,43.3],[-107.3,43.2],[-107.1,43.2]]],[[[-106.2,43.3],[-106.4,43.3],[-106.4,43.2],[-106.5,43.2],[-106.5,43.0],[-106.4,43.0],[-106.4,43.1],[-106.3,43.1],[-106.3,43.0],[-106.2,43.0],[-106.2,42.9],[-106.1,42.9],[-106.1,43.0],[-106.0,43.0],[-106.0,42.9],[-105.7,42.9],[-105.7,43.0],[-105.6,43.0],[-105.6,43.1],[-105.7,43.1],[-105.7,43.2],[-105.8,43.2],[-105.8,43.6],[-105.7,43.6],[-105.7,43.7],[-105.8,43.7],[-105.8,43.8],[-106.0,43.8],[-106.0,43.7],[-105.9,43.7],[-105.9,43.6],[-106.3,43.6],[-106.3,43.5],[-106.2,43.5],[-106.2,43.3]]],[[[-107.1,43.4],[-107.1,43.3],[-106.9,43.3],[-106.9,43.4],[-106.8,43.4],[-106.8,43.6],[-106.9,43.6],[-106.9,43.5],[-107.0,43.5],[-107.0,43.4],[-107.1,43.4]]],[[[-107.6,43.6],[-107.6,43.5],[-107.4,43.5],[-107.4,43.6],[-107.2,43.6],[-107.2,44.0],[-107.3,44.0],[-107.3,44.1],[-107.4,44.1],[-107.4,43.9],[-107.3,43.9],[-107.3,43.7],[-107.5,43.7],[-107.5,43.6],[-107.6,43.6]]],[[[-106.8,44.4],[-106.8,44.3],[-106.5,44.3],[-106.5,44.4],[-106.4,44.4],[-106.4,44.5],[-106.3,44.5],[-106.3,44.6],[-106.2,44.6],[-106.2,44.8],[-106.1,44.8],[-106.1,45.0],[-106.0,45.0],[-106.0,45.4],[-106.1,45.4],[-106.1,45.3],[-106.2,45.3],[-106.2,45.5],[-106.4,45.5],[-106.4,45.4],[-106.5,45.4],[-106.5,45.7],[-106.8,45.7],[-106.8,45.8],[-106.9,45.8],[-106.9,45.9],[-107.3,45.9],[-107.3,45.8],[-107.4,45.8],[-107.4,46.0],[-107.5,46.0],[-107.5,45.9],[-107.6,45.9],[-107.6,45.8],[-107.8,45.8],[-107.8,45.9],[-107.9,45.9],[-107.9,45.8],[-108.0,45.8],[-108.0,45.9],[-108.8,45.9],[-108.8,45.8],[-109.0,45.8],[-109.0,45.7],[-109.1,45.7],[-109.1,45.8],[-109.5,45.8],[-109.5,45.7],[-109.6,45.7],[-109.6,45.9],[-109.7,45.9],[-109.7,45.8],[-110.6,45.8],[-110.6,45.6],[-110.5,45.6],[-110.5,45.7],[-109.8,45.7],[-109.8,45.6],[-109.7,45.6],[-109.7,45.5],[-109.6,45.5],[-109.6,45.4],[-109.4,45.4],[-109.4,45.3],[-109.2,45.3],[-109.2,45.1],[-109.1,45.1],[-109.1,45.3],[-109.0,45.3],[-109.0,45.4],[-108.9,45.4],[-108.9,45.3],[-108.8,45.3],[-108.8,45.2],[-108.6,45.2],[-108.6,45.3],[-108.5,45.3],[-108.5,45.4],[-108.4,45.4],[-108.4,45.3],[-108.3,45.3],[-108.3,45.1],[-108.2,45.1],[-108.2,44.9],[-108.1,44.9],[-108.1,45.2],[-107.8,45.2],[-107.8,45.1],[-107.7,45.1],[-107.7,45.0],[-107.5,45.0],[-107.5,44.9],[-107.3,44.9],[-107.3,44.8],[-107.2,44.8],[-107.2,44.7],[-107.1,44.7],[-107.1,44.6],[-106.9,44.6],[-106.9,44.4],[-106.8,44.4]]],[[[-110.4,47.3],[-110.4,47.4],[-110.5,47.4],[-110.5,47.2],[-110.3,47.2],[-110.3,47.3],[-110.4,47.3]]],[[[-98.9,39.2],[-98.9,39.4],[-99.1,39.4],[-99.1,39.3],[-99.2,39.3],[-99.2,39.2],[-98.9,39.2]]],[[[-104.8,39.3],[-104.8,39.5],[-105.1,39.5],[-105.1,39.4],[-105.0,39.4],[-105.0,39.3],[-104.8,39.3]]],[[[-101.6,41.5],[-101.6,41.7],[-101.7,41.7],[-101.7,41.5],[-101.6,41.5]]],[[[-78.5,41.8],[-78.3,41.8],[-78.3,41.9],[-78.1,41.9],[-78.1,42.0],[-78.3,42.0],[-78.3,42.1],[-78.5,42.1],[-78.5,42.0],[-78.4,42.0],[-78.4,41.9],[-78.5,41.9],[-78.5,41.8]]],[[[-103.5,43.8],[-103.5,43.7],[-103.9,43.7],[-103.9,43.6],[-103.7,43.6],[-103.7,43.5],[-103.4,43.5],[-103.4,43.8],[-103.5,43.8]]],[[[-72.7,43.8],[-72.5,43.8],[-72.5,43.9],[-72.6,43.9],[-72.6,44.0],[-72.7,44.0],[-72.7,43.8]]],[[[-72.7,44.3],[-72.7,44.4],[-72.8,44.4],[-72.8,44.2],[-72.4,44.2],[-72.4,44.3],[-72.7,44.3]]],[[[-103.3,44.2],[-103.3,44.4],[-103.2,44.4],[-103.2,44.6],[-103.1,44.6],[-103.1,44.8],[-103.2,44.8],[-103.2,44.9],[-103.3,44.9],[-103.3,45.0],[-103.6,45.0],[-103.6,44.9],[-103.7,44.9],[-103.7,44.8],[-103.8,44.8],[-103.8,44.7],[-104.1,44.7],[-104.1,44.6],[-104.2,44.6],[-104.2,44.7],[-104.3,44.7],[-104.3,44.8],[-104.5,44.8],[-104.5,44.7],[-104.6,44.7],[-104.6,44.8],[-104.8,44.8],[-104.8,44.6],[-104.7,44.6],[-104.7,44.4],[-104.6,44.4],[-104.6,44.3],[-104.5,44.3],[-104.5,44.2],[-104.4,44.2],[-104.4,44.0],[-104.3,44.0],[-104.3,43.9],[-104.1,43.9],[-104.1,44.0],[-104.2,44.0],[-104.2,44.2],[-104.3,44.2],[-104.3,44.3],[-104.2,44.3],[-104.2,44.4],[-103.6,44.4],[-103.6,44.3],[-103.5,44.3],[-103.5,44.0],[-103.4,44.0],[-103.4,44.2],[-103.3,44.2]],[[-104.5,44.6],[-104.4,44.6],[-104.4,44.4],[-104.5,44.4],[-104.5,44.6]]],[[[-72.7,44.7],[-72.7,44.5],[-72.6,44.5],[-72.6,44.7],[-72.7,44.7]]],[[[-72.1,45.0],[-72.1,45.1],[-72.4,45.1],[-72.4,44.9],[-72.3,44.9],[-72.3,44.8],[-72.2,44.8],[-72.2,45.0],[-72.1,45.0]]],[[[-101.2,45.0],[-100.6,45.0],[-100.6,45.3],[-100.7,45.3],[-100.7,45.2],[-101.0,45.2],[-101.0,45.1],[-101.4,45.1],[-101.4,44.9],[-101.2,44.9],[-101.2,45.0]]],[[[-72.1,45.2],[-72.1,45.1],[-72.0,45.1],[-72.0,45.3],[-72.2,45.3],[-72.2,45.2],[-72.1,45.2]]],[[[-102.3,48.0],[-102.3,47.8],[-102.4,47.8],[-102.4,47.9],[-102.6,47.9],[-102.6,47.8],[-102.8,47.8],[-102.8,47.7],[-102.9,47.7],[-102.9,47.6],[-103.0,47.6],[-103.0,47.4],[-102.9,47.4],[-102.9,47.3],[-102.8,47.3],[-102.8,47.6],[-102.4,47.6],[-102.4,47.5],[-102.7,47.5],[-102.7,47.4],[-102.6,47.4],[-102.6,47.2],[-102.0,47.2],[-102.0,47.0],[-102.1,47.0],[-102.1,46.9],[-102.4,46.9],[-102.4,46.8],[-102.1,46.8],[-102.1,46.7],[-101.7,46.7],[-101.7,46.6],[-101.5,46.6],[-101.5,46.5],[-101.6,46.5],[-101.6,46.3],[-101.4,46.3],[-101.4,46.2],[-101.3,46.2],[-101.3,46.3],[-101.2,46.3],[-101.2,46.4],[-101.3,46.4],[-101.3,46.5],[-101.1,46.5],[-101.1,46.4],[-100.9,46.4],[-100.9,46.3],[-100.7,46.3],[-100.7,46.2],[-100.6,46.2],[-100.6,46.4],[-100.5,46.4],[-100.5,46.0],[-100.4,46.0],[-100.4,45.9],[-100.3,45.9],[-100.3,45.6],[-100.1,45.6],[-100.1,45.5],[-100.3,45.5],[-100.3,45.4],[-100.1,45.4],[-100.1,45.3],[-100.2,45.3],[-100.2,45.0],[-100.3,45.0],[-100.3,44.9],[-100.2,44.9],[-100.2,44.4],[-100.0,44.4],[-100.0,44.3],[-100.2,44.3],[-100.2,44.2],[-100.3,44.2],[-100.3,44.1],[-100.5,44.1],[-100.5,44.0],[-100.7,44.0],[-100.7,43.9],[-100.8,43.9],[-100.8,43.8],[-100.4,43.8],[-100.4,43.7],[-100.6,43.7],[-100.6,43.6],[-100.9,43.6],[-100.9,43.5],[-101.3,43.5],[-101.3,43.4],[-101.6,43.4],[-101.6,43.3],[-101.9,43.3],[-101.9,43.4],[-102.0,43.4],[-102.0,43.3],[-102.1,43.3],[-102.1,43.2],[-101.8,43.2],[-101.8,43.1],[-102.0,43.1],[-102.0,43.0],[-101.9,43.0],[-101.9,42.9],[-101.7,42.9],[-101.7,42.8],[-101.8,42.8],[-101.8,42.5],[-101.9,42.5],[-101.9,42.2],[-101.8,42.2],[-101.8,42.0],[-101.7,42.0],[-101.7,41.8],[-101.6,41.8],[-101.6,41.7],[-101.5,41.7],[-101.5,41.5],[-101.4,41.5],[-101.4,41.3],[-101.3,41.3],[-101.3,41.4],[-101.2,41.4],[-101.2,41.5],[-101.1,41.5],[-101.1,41.4],[-101.0,41.4],[-101.0,41.2],[-100.7,41.2],[-100.7,41.1],[-101.0,41.1],[-101.0,41.0],[-100.9,41.0],[-100.9,40.9],[-100.8,40.9],[-100.8,40.8],[-100.7,40.8],[-100.7,40.7],[-100.9,40.7],[-100.9,40.6],[-100.8,40.6],[-100.8,40.5],[-100.6,40.5],[-100.6,40.4],[-100.5,40.4],[-100.5,40.3],[-100.3,40.3],[-100.3,40.2],[-100.4,40.2],[-100.4,40.0],[-100.5,40.0],[-100.5,39.9],[-100.4,39.9],[-100.4,39.8],[-100.3,39.8],[-100.3,39.6],[-100.0,39.6],[-100.0,39.5],[-99.6,39.5],[-99.6,39.4],[-99.5,39.4],[-99.5,39.5],[-98.4,39.5],[-98.4,39.4],[-98.3,39.4],[-98.3,39.5],[-97.6,39.5],[-97.6,39.6],[-97.2,39.6],[-97.2,39.5],[-96.7,39.5],[-96.7,39.4],[-96.4,39.4],[-96.4,39.3],[-96.3,39.3],[-96.3,39.4],[-95.8,39.4],[-95.8,39.5],[-95.4,39.5],[-95.4,39.4],[-95.3,39.4],[-95.3,39.5],[-95.1,39.5],[-95.1,39.6],[-95.0,39.6],[-95.0,39.5],[-94.3,39.5],[-94.3,39.4],[-94.1,39.4],[-94.1,39.5],[-93.8,39.5],[-93.8,39.6],[-93.7,39.6],[-93.7,39.5],[-93.6,39.5],[-93.6,39.6],[-92.8,39.6],[-92.8,39.7],[-92.3,39.7],[-92.3,39.6],[-92.2,39.6],[-92.2,39.7],[-91.8,39.7],[-91.8,39.8],[-91.5,39.8],[-91.5,39.9],[-91.3,39.9],[-91.3,39.8],[-91.1,39.8],[-91.1,39.7],[-90.8,39.7],[-90.8,39.8],[-90.7,39.8],[-90.7,39.9],[-90.4,39.9],[-90.4,39.8],[-90.1,39.8],[-90.1,39.7],[-89.9,39.7],[-89.9,39.8],[-89.8,39.8],[-89.8,39.9],[-89.2,39.9],[-89.2,39.8],[-89.0,39.8],[-89.0,39.9],[-88.9,39.9],[-88.9,39.8],[-88.7,39.8],[-88.7,39.9],[-88.1,39.9],[-88.1,40.0],[-87.9,40.0],[-87.9,40.1],[-87.7,40.1],[-87.7,40.2],[-87.1,40.2],[-87.1,40.1],[-86.8,40.1],[-86.8,40.0],[-86.7,40.0],[-86.7,39.9],[-86.3,39.9],[-86.3,40.0],[-86.1,40.0],[-86.1,40.1],[-85.9,40.1],[-85.9,40.0],[-85.7,40.0],[-85.7,39.9],[-85.6,39.9],[-85.6,39.8],[-85.2,39.8],[-85.2,39.9],[-84.6,39.9],[-84.6,40.0],[-84.5,40.0],[-84.5,40.1],[-84.3,40.1],[-84.3,40.2],[-84.2,40.2],[-84.2,40.1],[-83.6,40.1],[-83.6,40.2],[-83.4,40.2],[-83.4,40.3],[-83.2,40.3],[-83.2,40.4],[-82.9,40.4],[-82.9,40.3],[-82.8,40.3],[-82.8,40.2],[-82.6,40.2],[-82.6,40.3],[-82.5,40.3],[-82.5,40.4],[-82.3,40.4],[-82.3,40.5],[-82.1,40.5],[-82.1,40.6],[-82.2,40.6],[-82.2,40.7],[-82.1,40.7],[-82.1,40.8],[-81.9,40.8],[-81.9,40.7],[-81.8,40.7],[-81.8,40.6],[-81.7,40.6],[-81.7,40.8],[-81.8,40.8],[-81.8,40.9],[-81.7,40.9],[-81.7,41.0],[-81.6,41.0],[-81.6,41.4],[-81.5,41.4],[-81.5,40.9],[-81.3,40.9],[-81.3,40.8],[-81.1,40.8],[-81.1,40.9],[-81.2,40.9],[-81.2,41.0],[-81.1,41.0],[-81.1,41.2],[-80.9,41.2],[-80.9,41.3],[-80.8,41.3],[-80.8,41.2],[-80.4,41.2],[-80.4,41.1],[-80.3,41.1],[-80.3,41.0],[-80.2,41.0],[-80.2,40.9],[-79.8,40.9],[-79.8,40.8],[-79.4,40.8],[-79.4,40.7],[-79.3,40.7],[-79.3,40.8],[-79.2,40.8],[-79.2,40.7],[-79.1,40.7],[-79.1,40.5],[-79.0,40.5],[-79.0,40.3],[-79.1,40.3],[-79.1,40.2],[-79.2,40.2],[-79.2,40.1],[-79.3,40.1],[-79.3,40.0],[-79.4,40.0],[-79.4,39.9],[-79.3,39.9],[-79.3,39.7],[-79.4,39.7],[-79.4,39.8],[-79.5,39.8],[-79.5,39.6],[-79.6,39.6],[-79.6,39.2],[-79.4,39.2],[-79.4,39.3],[-79.2,39.3],[-79.2,39.5],[-79.0,39.5],[-79.0,39.6],[-78.9,39.6],[-78.9,39.8],[-78.8,39.8],[-78.8,39.9],[-78.7,39.9],[-78.7,40.2],[-78.5,40.2],[-78.5,40.5],[-78.4,40.5],[-78.4,40.6],[-78.3,40.6],[-78.3,40.7],[-78.1,40.7],[-78.1,40.6],[-78.0,40.6],[-78.0,40.7],[-77.4,40.7],[-77.4,40.8],[-77.2,40.8],[-77.2,40.9],[-77.1,40.9],[-77.1,41.0],[-77.0,41.0],[-77.0,41.2],[-76.8,41.2],[-76.8,41.1],[-76.6,41.1],[-76.6,41.0],[-76.5,41.0],[-76.5,41.1],[-76.3,41.1],[-76.3,41.0],[-76.4,41.0],[-76.4,40.9],[-76.5,40.9],[-76.5,40.7],[-76.0,40.7],[-76.0,40.8],[-75.8,40.8],[-75.8,40.9],[-75.3,40.9],[-75.3,41.0],[-75.2,41.0],[-75.2,41.1],[-75.0,41.1],[-75.0,41.0],[-74.9,41.0],[-74.9,41.1],[-74.7,41.1],[-74.7,41.0],[-74.5,41.0],[-74.5,41.1],[-74.4,41.1],[-74.4,41.2],[-74.5,41.2],[-74.5,41.4],[-74.4,41.4],[-74.4,41.5],[-74.0,41.5],[-74.0,41.7],[-73.8,41.7],[-73.8,41.5],[-73.9,41.5],[-73.9,41.4],[-73.7,41.4],[-73.7,41.5],[-73.6,41.5],[-73.6,41.4],[-73.5,41.4],[-73.5,41.6],[-73.4,41.6],[-73.4,41.5],[-73.2,41.5],[-73.2,41.6],[-72.9,41.6],[-72.9,41.8],[-72.8,41.8],[-72.8,41.9],[-72.7,41.9],[-72.7,42.0],[-72.5,42.0],[-72.5,41.7],[-72.3,41.7],[-72.3,41.8],[-71.9,41.8],[-71.9,41.9],[-71.8,41.9],[-71.8,41.8],[-71.7,41.8],[-71.7,42.0],[-71.6,42.0],[-71.6,42.1],[-71.5,42.1],[-71.5,42.2],[-71.4,42.2],[-71.4,42.3],[-71.3,42.3],[-71.3,42.4],[-71.2,42.4],[-71.2,42.6],[-71.0,42.6],[-71.0,42.7],[-70.9,42.7],[-70.9,42.8],[-70.8,42.8],[-70.8,42.9],[-70.7,42.9],[-70.7,43.0],[-70.6,43.0],[-70.6,43.2],[-70.5,43.2],[-70.5,43.3],[-70.3,43.3],[-70.3,43.5],[-70.2,43.5],[-70.2,43.8],[-69.9,43.8],[-69.9,43.9],[-69.6,43.9],[-69.6,44.0],[-69.4,44.0],[-69.4,44.6],[-69.3,44.6],[-69.3,44.7],[-69.2,44.7],[-69.2,44.8],[-69.1,44.8],[-69.1,44.7],[-68.7,44.7],[-68.7,44.8],[-68.5,44.8],[-68.5,45.1],[-68.4,45.1],[-68.4,45.2],[-68.5,45.2],[-68.5,45.3],[-68.4,45.3],[-68.4,45.4],[-68.3,45.4],[-68.3,45.6],[-68.5,45.6],[-68.5,45.7],[-68.7,45.7],[-68.7,45.6],[-68.6,45.6],[-68.6,45.5],[-68.7,45.5],[-68.7,45.4],[-68.8,45.4],[-68.8,45.3],[-69.1,45.3],[-69.1,45.2],[-69.0,45.2],[-69.0,45.1],[-69.1,45.1],[-69.1,45.0],[-69.4,45.0],[-69.4,44.9],[-69.5,44.9],[-69.5,45.0],[-69.6,45.0],[-69.6,44.9],[-69.8,44.9],[-69.8,45.0],[-69.9,45.0],[-69.9,44.9],[-70.0,44.9],[-70.0,44.7],[-70.2,44.7],[-70.2,44.6],[-70.3,44.6],[-70.3,44.5],[-70.4,44.5],[-70.4,44.7],[-70.5,44.7],[-70.5,44.6],[-70.6,44.6],[-70.6,44.5],[-70.5,44.5],[-70.5,44.4],[-70.7,44.4],[-70.7,44.5],[-70.8,44.5],[-70.8,44.3],[-71.0,44.3],[-71.0,44.1],[-71.2,44.1],[-71.2,43.9],[-71.5,43.9],[-71.5,43.8],[-71.6,43.8],[-71.6,44.0],[-71.7,44.0],[-71.7,43.8],[-71.8,43.8],[-71.8,43.6],[-72.0,43.6],[-72.0,43.7],[-72.1,43.7],[-72.1,43.9],[-72.0,43.9],[-72.0,44.1],[-71.9,44.1],[-71.9,44.2],[-71.8,44.2],[-71.8,44.4],[-71.9,44.4],[-71.9,44.3],[-72.0,44.3],[-72.0,44.5],[-72.1,44.5],[-72.1,44.1],[-72.3,44.1],[-72.3,43.8],[-72.5,43.8],[-72.5,43.7],[-72.6,43.7],[-72.6,43.6],[-72.5,43.6],[-72.5,43.5],[-72.6,43.5],[-72.6,43.4],[-72.7,43.4],[-72.7,43.1],[-72.8,43.1],[-72.8,42.8],[-72.9,42.8],[-72.9,42.7],[-73.0,42.7],[-73.0,42.5],[-73.1,42.5],[-73.1,42.7],[-73.2,42.7],[-73.2,42.8],[-73.1,42.8],[-73.1,43.1],[-73.2,43.1],[-73.2,43.3],[-73.1,43.3],[-73.1,43.4],[-72.9,43.4],[-72.9,43.7],[-73.0,43.7],[-73.0,43.9],[-73.1,43.9],[-73.1,44.1],[-73.0,44.1],[-73.0,44.3],[-72.9,44.3],[-72.9,44.6],[-72.8,44.6],[-72.8,44.8],[-72.7,44.8],[-72.7,44.9],[-72.6,44.9],[-72.6,45.2],[-72.5,45.2],[-72.5,45.4],[-72.4,45.4],[-72.4,45.5],[-72.3,45.5],[-72.3,45.6],[-72.1,45.6],[-72.1,45.8],[-72.0,45.8],[-72.0,46.0],[-71.9,46.0],[-71.9,46.2],[-71.8,46.2],[-71.8,46.3],[-71.9,46.3],[-71.9,46.5],[-71.7,46.5],[-71.7,46.6],[-71.5,46.6],[-71.5,46.7],[-72.3,46.7],[-72.3,46.6],[-72.8,46.6],[-72.8,46.5],[-73.0,46.5],[-73.0,46.4],[-73.1,46.4],[-73.1,46.3],[-73.3,46.3],[-73.3,46.4],[-73.4,46.4],[-73.4,46.2],[-73.6,46.2],[-73.6,46.1],[-73.8,46.1],[-73.8,46.0],[-73.9,46.0],[-73.9,45.9],[-74.1,45.9],[-74.1,45.8],[-74.2,45.8],[-74.2,45.7],[-74.7,45.7],[-74.7,45.8],[-74.8,45.8],[-74.8,45.7],[-74.9,45.7],[-74.9,45.8],[-75.2,45.8],[-75.2,45.7],[-75.5,45.7],[-75.5,45.8],[-75.7,45.8],[-75.7,45.6],[-75.8,45.6],[-75.8,45.7],[-75.9,45.7],[-75.9,46.0],[-76.1,46.0],[-76.1,45.8],[-76.0,45.8],[-76.0,45.7],[-76.5,45.7],[-76.5,45.8],[-76.6,45.8],[-76.6,45.9],[-77.1,45.9],[-77.1,46.0],[-77.4,46.0],[-77.4,45.7],[-77.6,45.7],[-77.6,45.6],[-77.5,45.6],[-77.5,45.5],[-77.1,45.5],[-77.1,45.4],[-77.0,45.4],[-77.0,45.3],[-76.9,45.3],[-76.9,45.2],[-76.7,45.2],[-76.7,45.1],[-76.6,45.1],[-76.6,45.0],[-77.0,45.0],[-77.0,44.9],[-77.2,44.9],[-77.2,44.8],[-77.6,44.8],[-77.6,44.7],[-78.8,44.7],[-78.8,44.8],[-79.2,44.8],[-79.2,44.9],[-79.3,44.9],[-79.3,45.0],[-79.4,45.0],[-79.4,45.1],[-79.5,45.1],[-79.5,45.0],[-79.7,45.0],[-79.7,45.1],[-79.9,45.1],[-79.9,45.2],[-80.0,45.2],[-80.0,45.4],[-80.3,45.4],[-80.3,45.5],[-80.4,45.5],[-80.4,45.7],[-80.5,45.7],[-80.5,45.8],[-80.7,45.8],[-80.7,45.7],[-80.6,45.7],[-80.6,45.6],[-81.0,45.6],[-81.0,45.5],[-81.1,45.5],[-81.1,45.6],[-81.2,45.6],[-81.2,45.5],[-81.3,45.5],[-81.3,45.0],[-81.4,45.0],[-81.4,45.1],[-81.6,45.1],[-81.6,45.2],[-82.4,45.2],[-82.4,45.3],[-83.1,45.3],[-83.1,45.4],[-83.2,45.4],[-83.2,45.5],[-83.6,45.5],[-83.6,45.6],[-83.7,45.6],[-83.7,45.7],[-83.9,45.7],[-83.9,45.8],[-84.1,45.8],[-84.1,45.7],[-84.0,45.7],[-84.0,45.6],[-83.9,45.6],[-83.9,45.4],[-83.6,45.4],[-83.6,45.2],[-84.0,45.2],[-84.0,45.1],[-84.2,45.1],[-84.2,44.9],[-84.1,44.9],[-84.1,44.7],[-85.1,44.7],[-85.1,44.8],[-85.2,44.8],[-85.2,44.9],[-85.1,44.9],[-85.1,45.1],[-84.9,45.1],[-84.9,45.3],[-85.0,45.3],[-85.0,45.5],[-85.1,45.5],[-85.1,45.7],[-85.2,45.7],[-85.2,45.8],[-85.5,45.8],[-85.5,45.6],[-85.6,45.6],[-85.6,45.7],[-85.7,45.7],[-85.7,45.8],[-85.8,45.8],[-85.8,45.7],[-86.7,45.7],[-86.7,45.8],[-87.3,45.8],[-87.3,45.7],[-87.8,45.7],[-87.8,45.8],[-88.0,45.8],[-88.0,45.7],[-88.1,45.7],[-88.1,45.6],[-88.3,45.6],[-88.3,45.5],[-88.4,45.5],[-88.4,45.4],[-88.6,45.4],[-88.6,45.3],[-88.8,45.3],[-88.8,45.2],[-89.1,45.2],[-89.1,45.3],[-89.5,45.3],[-89.5,45.4],[-89.6,45.4],[-89.6,45.5],[-89.8,45.5],[-89.8,45.4],[-90.0,45.4],[-90.0,45.3],[-90.3,45.3],[-90.3,45.4],[-90.4,45.4],[-90.4,45.5],[-90.7,45.5],[-90.7,45.7],[-90.9,45.7],[-90.9,45.9],[-91.1,45.9],[-91.1,46.0],[-91.2,46.0],[-91.2,46.1],[-91.3,46.1],[-91.3,46.2],[-91.5,46.2],[-91.5,46.3],[-91.4,46.3],[-91.4,46.4],[-91.5,46.4],[-91.5,46.5],[-91.6,46.5],[-91.6,46.6],[-91.5,46.6],[-91.5,46.7],[-91.4,46.7],[-91.4,46.8],[-91.6,46.8],[-91.6,46.9],[-92.1,46.9],[-92.1,46.8],[-92.2,46.8],[-92.2,46.7],[-92.3,46.7],[-92.3,46.8],[-92.5,46.8],[-92.5,46.7],[-92.8,46.7],[-92.8,46.9],[-92.9,46.9],[-92.9,47.0],[-93.0,47.0],[-93.0,47.1],[-93.2,47.1],[-93.2,47.2],[-93.3,47.2],[-93.3,47.3],[-93.6,47.3],[-93.6,47.4],[-93.9,47.4],[-93.9,47.5],[-94.1,47.5],[-94.1,47.6],[-94.5,47.6],[-94.5,48.0],[-94.4,48.0],[-94.4,48.4],[-94.7,48.4],[-94.7,48.3],[-94.9,48.3],[-94.9,48.4],[-95.4,48.4],[-95.4,48.6],[-95.5,48.6],[-95.5,48.7],[-95.4,48.7],[-95.4,48.8],[-95.1,48.8],[-95.1,48.9],[-94.9,48.9],[-94.9,48.8],[-94.7,48.8],[-94.7,48.9],[-94.6,48.9],[-94.6,49.0],[-95.1,49.0],[-95.1,49.1],[-95.3,49.1],[-95.3,49.0],[-95.5,49.0],[-95.5,48.9],[-95.7,48.9],[-95.7,49.0],[-95.9,49.0],[-95.9,49.1],[-96.3,49.1],[-96.3,49.2],[-96.5,49.2],[-96.5,49.3],[-96.6,49.3],[-96.6,49.4],[-96.4,49.4],[-96.4,49.6],[-96.5,49.6],[-96.5,49.7],[-96.6,49.7],[-96.6,49.8],[-96.5,49.8],[-96.5,49.9],[-96.4,49.9],[-96.4,50.2],[-96.3,50.2],[-96.3,50.4],[-96.5,50.4],[-96.5,50.6],[-96.6,50.6],[-96.6,50.7],[-96.5,50.7],[-96.5,50.8],[-96.7,50.8],[-96.7,50.9],[-96.8,50.9],[-96.8,50.8],[-96.9,50.8],[-96.9,50.7],[-97.0,50.7],[-97.0,50.2],[-97.3,50.2],[-97.3,50.1],[-97.8,50.1],[-97.8,50.2],[-97.9,50.2],[-97.9,50.6],[-98.0,50.6],[-98.0,50.8],[-98.3,50.8],[-98.3,50.9],[-98.6,50.9],[-98.6,51.0],[-98.7,51.0],[-98.7,51.2],[-98.6,51.2],[-98.6,51.3],[-98.8,51.3],[-98.8,51.4],[-98.9,51.4],[-98.9,51.3],[-99.0,51.3],[-99.0,51.1],[-98.8,51.1],[-98.8,50.6],[-98.7,50.6],[-98.7,50.4],[-98.8,50.4],[-98.8,50.5],[-98.9,50.5],[-98.9,50.3],[-99.0,50.3],[-99.0,50.4],[-99.1,50.4],[-99.1,50.0],[-99.0,50.0],[-99.0,49.9],[-98.7,49.9],[-98.7,49.7],[-98.6,49.7],[-98.6,49.6],[-98.5,49.6],[-98.5,49.5],[-98.4,49.5],[-98.4,49.4],[-98.3,49.4],[-98.3,49.3],[-98.2,49.3],[-98.2,49.1],[-98.1,49.1],[-98.1,48.9],[-98.0,48.9],[-98.0,48.7],[-97.9,48.7],[-97.9,48.6],[-98.0,48.6],[-98.0,48.5],[-98.8,48.5],[-98.8,48.6],[-99.0,48.6],[-99.0,48.7],[-99.4,48.7],[-99.4,48.6],[-99.6,48.6],[-99.6,48.7],[-99.8,48.7],[-99.8,48.8],[-100.4,48.8],[-100.4,48.9],[-100.5,48.9],[-100.5,49.0],[-100.6,49.0],[-100.6,49.1],[-100.5,49.1],[-100.5,49.5],[-100.4,49.5],[-100.4,49.7],[-100.6,49.7],[-100.6,49.8],[-100.9,49.8],[-100.9,49.7],[-101.0,49.7],[-101.0,49.6],[-101.1,49.6],[-101.1,49.5],[-101.3,49.5],[-101.3,49.4],[-101.4,49.4],[-101.4,49.3],[-101.9,49.3],[-101.9,49.2],[-102.2,49.2],[-102.2,49.3],[-102.3,49.3],[-102.3,49.2],[-102.5,49.2],[-102.5,49.3],[-102.9,49.3],[-102.9,49.4],[-103.0,49.4],[-103.0,49.5],[-103.1,49.5],[-103.1,49.4],[-103.2,49.4],[-103.2,49.5],[-103.5,49.5],[-103.5,49.6],[-103.7,49.6],[-103.7,49.7],[-104.0,49.7],[-104.0,49.8],[-104.3,49.8],[-104.3,49.9],[-104.7,49.9],[-104.7,49.7],[-104.6,49.7],[-104.6,49.6],[-104.5,49.6],[-104.5,49.5],[-104.4,49.5],[-104.4,49.4],[-104.2,49.4],[-104.2,49.3],[-104.0,49.3],[-104.0,49.2],[-104.4,49.2],[-104.4,49.1],[-104.1,49.1],[-104.1,49.0],[-103.6,49.0],[-103.6,49.1],[-103.4,49.1],[-103.4,49.0],[-103.2,49.0],[-103.2,48.8],[-103.3,48.8],[-103.3,48.7],[-103.0,48.7],[-103.0,48.8],[-102.5,48.8],[-102.5,48.7],[-102.3,48.7],[-102.3,48.6],[-102.1,48.6],[-102.1,48.5],[-102.5,48.5],[-102.5,48.6],[-102.7,48.6],[-102.7,48.5],[-102.8,48.5],[-102.8,48.4],[-102.7,48.4],[-102.7,48.1],[-102.5,48.1],[-102.5,48.0],[-102.3,48.0]],[[-81.6,41.5],[-81.6,41.4],[-81.7,41.4],[-81.7,41.3],[-81.9,41.3],[-81.9,41.2],[-82.0,41.2],[-82.0,41.3],[-82.2,41.3],[-82.2,41.4],[-82.6,41.4],[-82.6,41.5],[-82.7,41.5],[-82.7,41.7],[-82.6,41.7],[-82.6,41.8],[-82.3,41.8],[-82.3,41.9],[-82.2,41.9],[-82.2,42.0],[-82.0,42.0],[-82.0,42.1],[-81.8,42.1],[-81.8,42.0],[-80.8,42.0],[-80.8,41.9],[-81.1,41.9],[-81.1,41.8],[-81.4,41.8],[-81.4,41.6],[-81.5,41.6],[-81.5,41.5],[-81.6,41.5]],[[-100.7,40.6],[-100.7,40.7],[-100.4,40.7],[-100.4,40.6],[-100.3,40.6],[-100.3,40.5],[-100.5,40.5],[-100.5,40.6],[-100.7,40.6]],[[-100.0,44.1],[-100.0,44.3],[-99.9,44.3],[-99.9,44.2],[-99.8,44.2],[-99.8,44.1],[-100.0,44.1]],[[-101.8,47.2],[-102.0,47.2],[-102.0,47.3],[-101.8,47.3],[-101.8,47.2]],[[-102.3,47.6],[-102.3,47.8],[-102.2,47.8],[-102.2,47.6],[-102.3,47.6]],[[-102.2,47.5],[-102.2,47.6],[-101.9,47.6],[-101.9,47.5],[-102.2,47.5]],[[-96.4,48.5],[-96.6,48.5],[-96.6,48.6],[-96.4,48.6],[-96.4,48.5]],[[-99.8,46.0],[-99.6,46.0],[-99.6,45.8],[-99.7,45.8],[-99.7,45.9],[-99.9,45.9],[-99.9,46.0],[-100.0,46.0],[-100.0,46.1],[-99.8,46.1],[-99.8,46.0]],[[-74.8,44.6],[-74.6,44.6],[-74.6,44.7],[-74.5,44.7],[-74.5,44.8],[-74.2,44.8],[-74.2,44.9],[-74.0,44.9],[-74.0,45.0],[-73.9,45.0],[-73.9,44.9],[-73.7,44.9],[-73.7,44.8],[-73.6,44.8],[-73.6,44.7],[-73.8,44.7],[-73.8,44.3],[-73.7,44.3],[-73.7,44.4],[-73.6,44.4],[-73.6,44.2],[-73.5,44.2],[-73.5,44.1],[-73.7,44.1],[-73.7,44.0],[-73.8,44.0],[-73.8,43.8],[-74.0,43.8],[-74.0,43.6],[-73.9,43.6],[-73.9,43.4],[-74.0,43.4],[-74.0,43.3],[-74.2,43.3],[-74.2,43.4],[-74.3,43.4],[-74.3,43.2],[-74.5,43.2],[-74.5,43.1],[-74.6,43.1],[-74.6,43.2],[-74.9,43.2],[-74.9,43.3],[-75.0,43.3],[-75.0,43.4],[-75.1,43.4],[-75.1,43.5],[-75.2,43.5],[-75.2,43.7],[-75.3,43.7],[-75.3,44.0],[-75.2,44.0],[-75.2,44.2],[-75.1,44.2],[-75.1,44.3],[-75.0,44.3],[-75.0,44.4],[-74.9,44.4],[-74.9,44.5],[-74.8,44.5],[-74.8,44.6]],[[-81.0,44.8],[-80.9,44.8],[-80.9,44.7],[-81.0,44.7],[-81.0,44.6],[-81.1,44.6],[-81.1,44.8],[-81.2,44.8],[-81.2,44.9],[-81.0,44.9],[-81.0,44.8]],[[-81.0,44.1],[-80.9,44.1],[-80.9,44.2],[-81.0,44.2],[-81.0,44.5],[-80.9,44.5],[-80.9,44.6],[-80.8,44.6],[-80.8,44.7],[-80.7,44.7],[-80.7,44.6],[-80.5,44.6],[-80.5,44.5],[-80.3,44.5],[-80.3,44.4],[-80.2,44.4],[-80.2,44.3],[-80.1,44.3],[-80.1,44.1],[-80.0,44.1],[-80.0,43.9],[-80.1,43.9],[-80.1,43.8],[-80.4,43.8],[-80.4,43.7],[-80.7,43.7],[-80.7,43.8],[-80.8,43.8],[-80.8,43.7],[-80.9,43.7],[-80.9,43.8],[-81.1,43.8],[-81.1,43.9],[-81.2,43.9],[-81.2,44.1],[-81.1,44.1],[-81.1,44.0],[-81.0,44.0],[-81.0,44.1]],[[-84.1,44.6],[-83.9,44.6],[-83.9,44.5],[-84.1,44.5],[-84.1,44.6]],[[-85.7,44.4],[-85.3,44.4],[-85.3,44.1],[-85.4,44.1],[-85.4,44.3],[-85.5,44.3],[-85.5,44.2],[-85.7,44.2],[-85.7,44.4]],[[-99.8,43.9],[-100.0,43.9],[-100.0,44.0],[-99.8,44.0],[-99.8,43.9]],[[-75.4,43.4],[-75.6,43.4],[-75.6,43.5],[-75.7,43.5],[-75.7,43.6],[-75.9,43.6],[-75.9,43.8],[-75.8,43.8],[-75.8,43.9],[-75.6,43.9],[-75.6,43.8],[-75.5,43.8],[-75.5,43.7],[-75.4,43.7],[-75.4,43.4]],[[-77.0,43.3],[-77.7,43.3],[-77.7,43.4],[-78.9,43.4],[-78.9,43.3],[-79.2,43.3],[-79.2,43.2],[-79.6,43.2],[-79.6,43.4],[-79.5,43.4],[-79.5,43.5],[-76.9,43.5],[-76.9,43.4],[-77.0,43.4],[-77.0,43.3]],[[-86.4,43.0],[-86.3,43.0],[-86.3,42.3],[-86.4,42.3],[-86.4,42.2],[-86.5,42.2],[-86.5,42.1],[-86.6,42.1],[-86.6,41.9],[-86.7,41.9],[-86.7,41.8],[-87.1,41.8],[-87.1,41.9],[-87.3,41.9],[-87.3,42.0],[-87.4,42.0],[-87.4,42.9],[-87.3,42.9],[-87.3,43.1],[-87.1,43.1],[-87.1,43.2],[-86.5,43.2],[-86.5,43.1],[-86.4,43.1],[-86.4,43.0]],[[-100.2,43.1],[-100.2,42.9],[-100.1,42.9],[-100.1,42.8],[-100.2,42.8],[-100.2,42.7],[-100.4,42.7],[-100.4,42.6],[-100.7,42.6],[-100.7,42.5],[-100.8,42.5],[-100.8,42.6],[-100.9,42.6],[-100.9,42.7],[-101.0,42.7],[-101.0,42.8],[-101.2,42.8],[-101.2,42.9],[-100.9,42.9],[-100.9,43.0],[-100.7,43.0],[-100.7,43.1],[-100.2,43.1]],[[-99.7,43.0],[-99.7,42.8],[-99.9,42.8],[-99.9,42.9],[-100.0,42.9],[-100.0,43.0],[-99.7,43.0]],[[-79.5,42.6],[-79.5,42.4],[-79.7,42.4],[-79.7,42.3],[-79.9,42.3],[-79.9,42.2],[-80.2,42.2],[-80.2,42.1],[-80.4,42.1],[-80.4,42.0],[-80.7,42.0],[-80.7,42.1],[-80.5,42.1],[-80.5,42.2],[-80.3,42.2],[-80.3,42.3],[-80.2,42.3],[-80.2,42.4],[-80.1,42.4],[-80.1,42.5],[-80.0,42.5],[-80.0,42.6],[-80.1,42.6],[-80.1,42.7],[-79.7,42.7],[-79.7,42.6],[-79.5,42.6]],[[-77.7,41.8],[-77.7,41.7],[-77.8,41.7],[-77.8,41.6],[-77.9,41.6],[-77.9,41.7],[-78.2,41.7],[-78.2,41.8],[-78.3,41.8],[-78.3,41.6],[-78.5,41.6],[-78.5,41.5],[-78.6,41.5],[-78.6,41.6],[-78.8,41.6],[-78.8,41.7],[-78.9,41.7],[-78.9,42.0],[-78.8,42.0],[-78.8,42.1],[-78.9,42.1],[-78.9,42.3],[-78.7,42.3],[-78.7,42.4],[-78.6,42.4],[-78.6,42.5],[-78.4,42.5],[-78.4,42.6],[-78.3,42.6],[-78.3,42.7],[-78.2,42.7],[-78.2,42.3],[-78.1,42.3],[-78.1,42.2],[-78.0,42.2],[-78.0,42.5],[-77.9,42.5],[-77.9,42.4],[-77.8,42.4],[-77.8,42.3],[-77.7,42.3],[-77.7,42.2],[-77.5,42.2],[-77.5,42.1],[-77.6,42.1],[-77.6,41.9],[-77.5,41.9],[-77.5,41.8],[-77.7,41.8]],[[-77.7,41.6],[-77.7,41.7],[-77.5,41.7],[-77.5,41.6],[-77.7,41.6]],[[-74.8,41.9],[-74.8,42.1],[-74.9,42.1],[-74.9,42.3],[-75.0,42.3],[-75.0,42.2],[-75.1,42.2],[-75.1,42.4],[-74.8,42.4],[-74.8,42.7],[-74.6,42.7],[-74.6,42.6],[-74.5,42.6],[-74.5,42.3],[-74.4,42.3],[-74.4,42.5],[-74.3,42.5],[-74.3,42.4],[-74.2,42.4],[-74.2,42.3],[-74.1,42.3],[-74.1,42.1],[-74.4,42.1],[-74.4,42.0],[-74.3,42.0],[-74.3,41.9],[-74.8,41.9]],[[-79.1,42.1],[-79.0,42.1],[-79.0,41.9],[-79.1,41.9],[-79.1,42.1]]],[[[-101.3,45.2],[-101.1,45.2],[-101.1,45.3],[-101.0,45.3],[-101.0,45.4],[-100.5,45.4],[-100.5,45.5],[-100.7,45.5],[-100.7,45.6],[-101.2,45.6],[-101.2,45.5],[-101.3,45.5],[-101.3,45.4],[-101.4,45.4],[-101.4,45.3],[-101.3,45.3],[-101.3,45.2]]],[[[-84.5,45.5],[-84.4,45.5],[-84.4,45.7],[-84.5,45.7],[-84.5,45.5]]],[[[-100.9,45.9],[-100.7,45.9],[-100.7,45.8],[-100.5,45.8],[-100.5,45.9],[-100.6,45.9],[-100.6,46.0],[-100.8,46.0],[-100.8,46.1],[-100.9,46.1],[-100.9,46.2],[-101.0,46.2],[-101.0,46.1],[-101.1,46.1],[-101.1,46.0],[-101.0,46.0],[-101.0,45.8],[-100.9,45.8],[-100.9,45.9]]],[[[-80.1,46.3],[-80.1,46.2],[-79.6,46.2],[-79.6,46.3],[-80.1,46.3]]],[[[-91.1,46.6],[-91.1,46.5],[-91.2,46.5],[-91.2,46.4],[-90.7,46.4],[-90.7,46.6],[-90.6,46.6],[-90.6,46.8],[-90.9,46.8],[-90.9,46.6],[-91.1,46.6]]],[[[-71.5,46.8],[-71.5,46.7],[-71.1,46.7],[-71.1,46.9],[-71.4,46.9],[-71.4,46.8],[-71.5,46.8]]],[[[-70.6,46.9],[-70.6,47.1],[-70.7,47.1],[-70.7,47.0],[-70.8,47.0],[-70.8,46.9],[-70.6,46.9]]],[[[-99.6,49.6],[-99.6,49.5],[-99.2,49.5],[-99.2,49.6],[-98.9,49.6],[-98.9,49.7],[-99.3,49.7],[-99.3,49.8],[-99.8,49.8],[-99.8,49.7],[-99.7,49.7],[-99.7,49.6],[-99.6,49.6]]]]}},
{"type":"Feature","properties":{"k":"Dfb"},"geometry":{"type":"MultiPolygon","coordinates":[[[[-121.5,48.1],[-121.5,47.8],[-121.4,47.8],[-121.4,47.9],[-121.3,47.9],[-121.3,48.0],[-121.4,48.0],[-121.4,48.1],[-121.5,48.1]]],[[[-121.6,48.8],[-121.6,48.5],[-121.5,48.5],[-121.5,48.8],[-121.6,48.8]]],[[[-121.5,49.0],[-121.5,49.1],[-121.4,49.1],[-121.4,49.2],[-121.5,49.2],[-121.5,49.5],[-121.6,49.5],[-121.6,49.6],[-121.7,49.6],[-121.7,49.8],[-121.8,49.8],[-121.8,49.4],[-121.6,49.4],[-121.6,49.2],[-121.8,49.2],[-121.8,49.0],[-122.0,49.0],[-122.0,48.6],[-121.8,48.6],[-121.8,48.7],[-121.9,48.7],[-121.9,48.9],[-121.7,48.9],[-121.7,49.0],[-121.5,49.0]]],[[[-122.9,49.8],[-123.0,49.8],[-123.0,49.7],[-123.1,49.7],[-123.1,49.5],[-123.0,49.5],[-123.0,49.6],[-122.9,49.6],[-122.9,49.8]]],[[[-123.2,49.7],[-123.2,49.8],[-123.4,49.8],[-123.4,49.6],[-123.3,49.6],[-123.3,49.7],[-123.2,49.7]]],[[[-121.9,49.4],[-121.9,49.6],[-122.0,49.6],[-122.0,49.8],[-122.1,49.8],[-122.1,49.9],[-122.3,49.9],[-122.3,50.1],[-122.6,50.1],[-122.6,49.9],[-122.5,49.9],[-122.5,49.8],[-122.4,49.8],[-122.4,49.7],[-122.5,49.7],[-122.5,49.5],[-122.2,49.5],[-122.2,49.4],[-121.9,49.4]]],[[[-123.6,50.0],[-123.8,50.0],[-123.8,49.9],[-123.6,49.9],[-123.6,50.0]]],[[[-123.0,50.3],[-123.2,50.3],[-123.2,50.0],[-122.9,50.0],[-122.9,50.1],[-123.1,50.1],[-123.1,50.2],[-123.0,50.2],[-123.0,50.3]]],[[[-124.6,50.6],[-124.9,50.6],[-124.9,50.5],[-125.0,50.5],[-125.0,50.4],[-124.6,50.4],[-124.6,50.2],[-124.4,50.2],[-124.4,50.3],[-124.3,50.3],[-124.3,50.1],[-124.2,50.1],[-124.2,49.9],[-124.1,49.9],[-124.1,50.1],[-123.9,50.1],[-123.9,50.2],[-124.2,50.2],[-124.2,50.4],[-124.3,50.4],[-124.3,50.6],[-124.5,50.6],[-124.5,50.5],[-124.6,50.5],[-124.6,50.6]]],[[[-123.7,50.4],[-123.7,50.1],[-123.6,50.1],[-123.6,50.2],[-123.5,50.2],[-123.5,50.5],[-123.4,50.5],[-123.4,50.7],[-123.5,50.7],[-123.5,50.6],[-123.6,50.6],[-123.6,50.4],[-123.7,50.4]]],[[[-123.3,50.6],[-123.3,50.5],[-123.1,50.5],[-123.1,50.6],[-123.3,50.6]]],[[[-125.1,50.6],[-124.9,50.6],[-124.9,50.9],[-125.0,50.9],[-125.0,50.7],[-125.2,50.7],[-125.2,50.9],[-125.3,50.9],[-125.3,50.8],[-125.4,50.8],[-125.4,50.6],[-125.3,50.6],[-125.3,50.5],[-125.1,50.5],[-125.1,50.6]]],[[[-124.7,50.9],[-124.7,50.8],[-124.4,50.8],[-124.4,50.9],[-124.7,50.9]]],[[[-125.5,50.9],[-125.6,50.9],[-125.6,50.7],[-125.5,50.7],[-125.5,50.8],[-125.4,50.8],[-125.4,51.0],[-125.5,51.0],[-125.5,50.9]]],[[[-122.4,50.9],[-122.2,50.9],[-122.2,51.0],[-122.4,51.0],[-122.4,50.9]]],[[[-125.7,50.9],[-125.6,50.9],[-125.6,51.0],[-125.7,51.0],[-125.7,51.3],[-125.8,51.3],[-125.8,51.0],[-126.0,51.0],[-126.0,50.9],[-125.9,50.9],[-125.9,50.7],[-125.7,50.7],[-125.7,50.9]]],[[[-122.8,50.9],[-122.6,50.9],[-122.6,51.0],[-122.7,51.0],[-122.7,51.1],[-122.8,51.1],[-122.8,50.9]]],[[[-124.7,51.4],[-125.0,51.4],[-125.0,51.3],[-125.1,51.3],[-125.1,51.2],[-124.8,51.2],[-124.8,51.3],[-124.7,51.3],[-124.7,51.4]]],[[[-125.9,51.3],[-125.8,51.3],[-125.8,51.5],[-125.9,51.5],[-125.9,51.3]]],[[[-125.7,51.5],[-125.7,51.3],[-125.6,51.3],[-125.6,51.5],[-125.7,51.5]]],[[[-124.5,51.5],[-124.5,51.4],[-124.3,51.4],[-124.3,51.5],[-124.5,51.5]]],[[[-117.8,51.0],[-117.9,51.0],[-117.9,51.1],[-117.8,51.1],[-117.8,51.2],[-118.0,51.2],[-118.0,51.1],[-118.1,51.1],[-118.1,51.3],[-118.3,51.3],[-118.3,51.4],[-118.4,51.4],[-118.4,51.5],[-118.5,51.5],[-118.5,51.6],[-118.3,51.6],[-118.3,51.7],[-118.6,51.7],[-118.6,51.8],[-118.4,51.8],[-118.4,51.9],[-118.5,51.9],[-118.5,52.1],[-118.4,52.1],[-118.4,52.0],[-118.1,52.0],[-118.1,52.1],[-118.3,52.1],[-118.3,52.2],[-118.4,52.2],[-118.4,52.3],[-118.6,52.3],[-118.6,52.1],[-118.7,52.1],[-118.7,52.0],[-118.6,52.0],[-118.6,51.9],[-118.7,51.9],[-118.7,51.8],[-118.8,51.8],[-118.8,51.6],[-118.6,51.6],[-118.6,51.4],[-118.5,51.4],[-118.5,51.3],[-118.4,51.3],[-118.4,51.0],[-118.5,51.0],[-118.5,51.1],[-118.6,51.1],[-118.6,51.3],[-118.7,51.3],[-118.7,51.4],[-118.8,51.4],[-118.8,51.5],[-119.1,51.5],[-119.1,51.8],[-119.0,51.8],[-119.0,52.1],[-119.1,52.1],[-119.1,52.0],[-119.3,52.0],[-119.3,52.1],[-119.4,52.1],[-119.4,51.8],[-119.6,51.8],[-119.6,51.9],[-119.7,51.9],[-119.7,51.8],[-119.8,51.8],[-119.8,51.7],[-119.9,51.7],[-119.9,51.8],[-120.0,51.8],[-120.0,51.9],[-119.9,51.9],[-119.9,52.1],[-120.0,52.1],[-120.0,52.2],[-120.1,52.2],[-120.1,52.4],[-120.3,52.4],[-120.3,52.6],[-120.1,52.6],[-120.1,52.7],[-120.4,52.7],[-120.4,52.8],[-120.5,52.8],[-120.5,52.6],[-120.9,52.6],[-120.9,52.7],[-121.0,52.7],[-121.0,52.6],[-121.4,52.6],[-121.4,52.7],[-121.3,52.7],[-121.3,52.8],[-121.1,52.8],[-121.1,53.2],[-121.2,53.2],[-121.2,53.3],[-121.3,53.3],[-121.3,53.4],[-121.4,53.4],[-121.4,53.7],[-121.1,53.7],[-121.1,53.6],[-120.9,53.6],[-120.9,53.5],[-120.6,53.5],[-120.6,53.4],[-120.4,53.4],[-120.4,53.3],[-120.2,53.3],[-120.2,53.4],[-120.3,53.4],[-120.3,53.5],[-120.5,53.5],[-120.5,53.6],[-120.6,53.6],[-120.6,53.7],[-120.8,53.7],[-120.8,54.0],[-121.0,54.0],[-121.0,53.9],[-121.2,53.9],[-121.2,54.0],[-121.3,54.0],[-121.3,53.9],[-121.5,53.9],[-121.5,54.0],[-121.6,54.0],[-121.6,54.2],[-121.4,54.2],[-121.4,54.1],[-121.2,54.1],[-121.2,54.2],[-121.3,54.2],[-121.3,54.3],[-121.1,54.3],[-121.1,54.4],[-121.6,54.4],[-121.6,54.5],[-121.8,54.5],[-121.8,54.4],[-122.0,54.4],[-122.0,54.5],[-121.9,54.5],[-121.9,54.7],[-122.1,54.7],[-122.1,54.8],[-122.2,54.8],[-122.2,54.7],[-122.3,54.7],[-122.3,54.9],[-122.5,54.9],[-122.5,55.0],[-122.6,55.0],[-122.6,55.1],[-122.7,55.1],[-122.7,55.2],[-122.9,55.2],[-122.9,55.3],[-123.0,55.3],[-123.0,55.4],[-123.1,55.4],[-123.1,55.5],[-123.2,55.5],[-123.2,55.6],[-123.4,55.6],[-123.4,55.7],[-123.5,55.7],[-123.5,55.8],[-123.7,55.8],[-123.7,56.1],[-124.0,56.1],[-124.0,56.3],[-124.1,56.3],[-124.1,56.4],[-124.3,56.4],[-124.3,56.5],[-124.4,56.5],[-124.4,56.6],[-124.6,56.6],[-124.6,56.4],[-124.5,56.4],[-124.5,56.2],[-124.6,56.2],[-124.6,55.8],[-124.5,55.8],[-124.5,56.1],[-124.4,56.1],[-124.4,56.0],[-124.3,56.0],[-124.3,55.9],[-124.2,55.9],[-124.2,55.8],[-124.1,55.8],[-124.1,55.7],[-124.0,55.7],[-124.0,55.6],[-123.8,55.6],[-123.8,55.5],[-123.7,55.5],[-123.7,55.4],[-123.8,55.4],[-123.8,55.3],[-123.9,55.3],[-123.9,55.4],[-124.1,55.4],[-124.1,55.3],[-124.4,55.3],[-124.4,55.2],[-124.7,55.2],[-124.7,55.3],[-125.0,55.3],[-125.0,55.2],[-125.1,55.2],[-125.1,55.3],[-125.2,55.3],[-125.2,55.4],[-125.3,55.4],[-125.3,55.5],[-125.4,55.5],[-125.4,55.3],[-125.3,55.3],[-125.3,55.2],[-125.5,55.2],[-125.5,55.1],[-125.6,55.1],[-125.6,55.0],[-125.4,55.0],[-125.4,54.9],[-125.5,54.9],[-125.5,54.8],[-125.6,54.8],[-125.6,54.9],[-125.8,54.9],[-125.8,54.8],[-126.0,54.8],[-126.0,53.7],[-125.9,53.7],[-125.9,53.6],[-125.8,53.6],[-125.8,53.5],[-125.9,53.5],[-125.9,53.4],[-126.0,53.4],[-126.0,53.0],[-125.9,53.0],[-125.9,52.9],[-125.7,52.9],[-125.7,52.8],[-125.6,52.8],[-125.6,52.5],[-125.5,52.5],[-125.5,52.4],[-125.3,52.4],[-125.3,52.1],[-125.1,52.1],[-125.1,51.9],[-124.8,51.9],[-124.8,51.7],[-124.7,51.7],[-124.7,51.8],[-124.5,51.8],[-124.5,51.7],[-124.2,51.7],[-124.2,51.3],[-124.1,51.3],[-124.1,51.4],[-123.9,51.4],[-123.9,51.5],[-124.1,51.5],[-124.1,51.6],[-123.8,51.6],[-123.8,51.4],[-123.7,51.4],[-123.7,51.5],[-123.6,51.5],[-123.6,51.6],[-123.3,51.6],[-123.3,51.5],[-123.2,51.5],[-123.2,51.4],[-123.0,51.4],[-123.0,51.5],[-122.9,51.5],[-122.9,51.4],[-122.7,51.4],[-122.7,51.3],[-122.6,51.3],[-122.6,51.4],[-122.4,51.4],[-122.4,51.3],[-122.3,51.3],[-122.3,51.2],[-122.2,51.2],[-122.2,51.1],[-122.1,51.1],[-122.1,51.0],[-122.0,51.0],[-122.0,50.9],[-122.2,50.9],[-122.2,50.8],[-122.4,50.8],[-122.4,50.6],[-122.3,50.6],[-122.3,50.7],[-122.2,50.7],[-122.2,50.5],[-122.1,50.5],[-122.1,50.6],[-121.9,50.6],[-121.9,50.5],[-121.8,50.5],[-121.8,50.4],[-121.5,50.4],[-121.5,50.3],[-121.1,50.3],[-121.1,50.2],[-120.9,50.2],[-120.9,50.1],[-120.7,50.1],[-120.7,50.0],[-120.6,50.0],[-120.6,49.8],[-120.5,49.8],[-120.5,49.4],[-120.4,49.4],[-120.4,49.2],[-120.3,49.2],[-120.3,49.1],[-120.0,49.1],[-120.0,49.2],[-119.9,49.2],[-119.9,49.1],[-119.8,49.1],[-119.8,48.9],[-119.7,48.9],[-119.7,49.0],[-119.6,49.0],[-119.6,49.3],[-119.7,49.3],[-119.7,49.4],[-119.5,49.4],[-119.5,49.1],[-119.4,49.1],[-119.4,48.8],[-119.3,48.8],[-119.3,48.7],[-119.2,48.7],[-119.2,48.6],[-119.1,48.6],[-119.1,48.7],[-118.7,48.7],[-118.7,48.9],[-118.6,48.9],[-118.6,48.7],[-118.5,48.7],[-118.5,49.0],[-118.6,49.0],[-118.6,49.5],[-118.4,49.5],[-118.4,49.4],[-118.5,49.4],[-118.5,49.3],[-118.3,49.3],[-118.3,49.5],[-118.2,49.5],[-118.2,49.7],[-118.1,49.7],[-118.1,49.4],[-117.7,49.4],[-117.7,49.6],[-117.4,49.6],[-117.4,49.5],[-117.3,49.5],[-117.3,49.6],[-116.9,49.6],[-116.9,49.8],[-116.8,49.8],[-116.8,50.1],[-116.9,50.1],[-116.9,50.2],[-116.8,50.2],[-116.8,50.4],[-116.9,50.4],[-116.9,50.6],[-117.0,50.6],[-117.0,50.7],[-117.1,50.7],[-117.1,50.5],[-117.2,50.5],[-117.2,50.6],[-117.4,50.6],[-117.4,50.7],[-117.6,50.7],[-117.6,50.9],[-117.5,50.9],[-117.5,51.0],[-117.7,51.0],[-117.7,50.8],[-117.8,50.8],[-117.8,51.0]],[[-121.3,53.0],[-121.3,52.8],[-121.7,52.8],[-121.7,53.0],[-121.8,53.0],[-121.8,53.2],[-121.6,53.2],[-121.6,53.3],[-121.5,53.3],[-121.5,53.2],[-121.4,53.2],[-121.4,53.1],[-121.2,53.1],[-121.2,53.0],[-121.3,53.0]],[[-120.5,52.5],[-120.5,52.6],[-120.4,52.6],[-120.4,52.2],[-120.3,52.2],[-120.3,52.1],[-120.4,52.1],[-120.4,52.0],[-120.5,52.0],[-120.5,52.1],[-120.6,52.1],[-120.6,52.3],[-120.7,52.3],[-120.7,52.5],[-120.5,52.5]],[[-118.8,51.3],[-118.7,51.3],[-118.7,51.1],[-118.8,51.1],[-118.8,51.3]],[[-118.1,51.0],[-117.9,51.0],[-117.9,50.9],[-118.1,50.9],[-118.1,51.0]],[[-123.3,55.0],[-123.5,55.0],[-123.5,55.3],[-123.6,55.3],[-123.6,55.4],[-123.4,55.4],[-123.4,55.1],[-123.3,55.1],[-123.3,55.0]],[[-123.7,55.0],[-123.5,55.0],[-123.5,54.9],[-123.6,54.9],[-123.6,54.8],[-123.7,54.8],[-123.7,55.0]],[[-124.9,55.2],[-124.8,55.2],[-124.8,55.0],[-124.9,55.0],[-124.9,55.2]],[[-124.0,55.0],[-123.9,55.0],[-123.9,54.9],[-124.1,54.9],[-124.1,55.0],[-124.2,55.0],[-124.2,55.1],[-124.1,55.1],[-124.1,55.2],[-124.0,55.2],[-124.0,55.0]],[[-124.6,55.1],[-124.3,55.1],[-124.3,55.0],[-124.6,55.0],[-124.6,55.1]],[[-125.4,54.7],[-125.2,54.7],[-125.2,54.6],[-125.4,54.6],[-125.4,54.7]],[[-125.3,54.4],[-124.9,54.4],[-124.9,54.3],[-125.2,54.3],[-125.2,54.2],[-125.4,54.2],[-125.4,54.3],[-125.3,54.3],[-125.3,54.4]],[[-121.5,53.7],[-121.7,53.7],[-121.7,53.9],[-121.6,53.9],[-121.6,53.8],[-121.5,53.8],[-121.5,53.7]],[[-124.0,53.6],[-124.3,53.6],[-124.3,53.8],[-124.1,53.8],[-124.1,53.7],[-124.0,53.7],[-124.0,53.6]],[[-122.4,53.7],[-122.3,53.7],[-122.3,53.5],[-122.4,53.5],[-122.4,53.7]],[[-121.9,53.7],[-121.8,53.7],[-121.8,53.5],[-121.9,53.5],[-121.9,53.7]],[[-124.8,53.5],[-124.6,53.5],[-124.6,53.4],[-124.8,53.4],[-124.8,53.5]],[[-124.9,53.2],[-124.8,53.2],[-124.8,53.1],[-125.0,53.1],[-125.0,53.2],[-125.3,53.2],[-125.3,53.3],[-125.2,53.3],[-125.2,53.4],[-125.1,53.4],[-125.1,53.3],[-124.9,53.3],[-124.9,53.2]],[[-124.9,52.3],[-125.0,52.3],[-125.0,52.5],[-125.1,52.5],[-125.1,52.6],[-125.4,52.6],[-125.4,52.9],[-124.8,52.9],[-124.8,53.0],[-124.3,53.0],[-124.3,52.9],[-124.2,52.9],[-124.2,52.8],[-124.1,52.8],[-124.1,52.7],[-124.2,52.7],[-124.2,52.6],[-124.3,52.6],[-124.3,52.5],[-124.4,52.5],[-124.4,52.6],[-124.5,52.6],[-124.5,52.5],[-124.6,52.5],[-124.6,52.1],[-124.7,52.1],[-124.7,52.2],[-124.9,52.2],[-124.9,52.3]],[[-124.4,51.9],[-124.2,51.9],[-124.2,51.8],[-124.4,51.8],[-124.4,51.9]],[[-119.3,51.9],[-119.2,51.9],[-119.2,51.7],[-119.3,51.7],[-119.3,51.9]],[[-119.9,51.5],[-119.7,51.5],[-119.7,51.4],[-120.0,51.4],[-120.0,51.3],[-120.1,51.3],[-120.1,51.5],[-120.0,51.5],[-120.0,51.6],[-119.9,51.6],[-119.9,51.5]],[[-121.9,51.3],[-121.8,51.3],[-121.8,51.1],[-121.9,51.1],[-121.9,51.3]],[[-119.4,51.3],[-119.2,51.3],[-119.2,51.2],[-119.4,51.2],[-119.4,51.3]],[[-119.2,50.8],[-119.2,50.7],[-119.3,50.7],[-119.3,50.6],[-119.4,50.6],[-119.4,51.0],[-119.2,51.0],[-119.2,50.9],[-119.3,50.9],[-119.3,50.8],[-119.2,50.8]],[[-119.2,50.5],[-119.2,50.7],[-119.1,50.7],[-119.1,50.4],[-119.2,50.4],[-119.2,50.2],[-119.3,50.2],[-119.3,50.1],[-119.4,50.1],[-119.4,50.0],[-119.3,50.0],[-119.3,49.8],[-119.6,49.8],[-119.6,49.9],[-119.5,49.9],[-119.5,50.3],[-119.4,50.3],[-119.4,50.5],[-119.2,50.5]],[[-119.0,51.0],[-119.0,50.8],[-119.1,50.8],[-119.1,51.0],[-119.0,51.0]],[[-118.3,50.8],[-118.4,50.8],[-118.4,50.9],[-118.2,50.9],[-118.2,50.7],[-118.1,50.7],[-118.1,50.4],[-118.3,50.4],[-118.3,50.8]],[[-118.5,50.8],[-118.4,50.8],[-118.4,50.6],[-118.5,50.6],[-118.5,50.8]],[[-121.8,50.8],[-121.7,50.8],[-121.7,50.6],[-121.8,50.6],[-121.8,50.8]],[[-118.0,50.7],[-117.8,50.7],[-117.8,50.6],[-117.9,50.6],[-117.9,50.5],[-118.0,50.5],[-118.0,50.7]],[[-117.3,50.2],[-117.4,50.2],[-117.4,50.3],[-117.5,50.3],[-117.5,50.4],[-117.6,50.4],[-117.6,50.5],[-117.7,50.5],[-117.7,50.6],[-117.5,50.6],[-117.5,50.5],[-117.3,50.5],[-117.3,50.4],[-117.2,50.4],[-117.2,50.3],[-117.1,50.3],[-117.1,50.2],[-117.2,50.2],[-117.2,50.1],[-117.3,50.1],[-117.3,50.2]],[[-118.3,50.3],[-118.2,50.3],[-118.2,50.1],[-118.3,50.1],[-118.3,50.3]],[[-117.8,50.1],[-117.9,50.1],[-117.9,50.3],[-117.8,50.3],[-117.8,50.1]],[[-119.0,50.1],[-118.7,50.1],[-118.7,50.0],[-118.8,50.0],[-118.8,49.9],[-118.9,49.9],[-118.9,50.0],[-119.0,50.0],[-119.0,50.1]],[[-118.0,49.9],[-117.9,49.9],[-117.9,49.8],[-117.8,49.8],[-117.8,49.9],[-117.7,49.9],[-117.7,50.0],[-117.6,50.0],[-117.6,50.1],[-117.5,50.1],[-117.5,49.9],[-117.6,49.9],[-117.6,49.7],[-118.0,49.7],[-118.0,49.9]],[[-117.2,50.0],[-117.1,50.0],[-117.1,49.9],[-117.0,49.9],[-117.0,49.7],[-117.3,49.7],[-117.3,49.9],[-117.2,49.9],[-117.2,50.0]],[[-118.6,49.9],[-118.5,49.9],[-118.5,49.6],[-118.6,49.6],[-118.6,49.9]],[[-119.6,49.5],[-119.7,49.5],[-119.7,49.7],[-119.6,49.7],[-119.6,49.5]],[[-120.0,49.5],[-119.9,49.5],[-119.9,49.3],[-120.0,49.3],[-120.0,49.5]]],[[[-120.9,52.9],[-120.9,52.7],[-120.7,52.7],[-120.7,52.8],[-120.8,52.8],[-120.8,52.9],[-120.9,52.9]]],[[[-120.5,54.0],[-120.7,54.0],[-120.7,53.9],[-120.5,53.9],[-120.5,54.0]]],[[[-121.1,54.6],[-121.1,55.0],[-121.2,55.0],[-121.2,54.9],[-121.3,54.9],[-121.3,54.7],[-121.2,54.7],[-121.2,54.6],[-121.1,54.6]]],[[[-121.7,55.1],[-121.7,55.2],[-122.0,55.2],[-122.0,55.1],[-121.9,55.1],[-121.9,55.0],[-121.8,55.0],[-121.8,55.1],[-121.7,55.1]]],[[[-126.0,54.9],[-125.8,54.9],[-125.8,55.1],[-125.6,55.1],[-125.6,55.2],[-125.7,55.2],[-125.7,55.4],[-125.8,55.4],[-125.8,55.2],[-125.9,55.2],[-125.9,55.3],[-126.0,55.3],[-126.0,54.9]]],[[[-123.2,56.0],[-123.3,56.0],[-123.3,55.9],[-123.2,55.9],[-123.2,55.8],[-123.1,55.8],[-123.1,56.0],[-122.9,56.0],[-122.9,56.1],[-123.2,56.1],[-123.2,56.0]]],[[[-124.0,56.6],[-124.0,56.3],[-123.9,56.3],[-123.9,56.6],[-124.0,56.6]]],[[[-125.0,57.1],[-125.2,57.1],[-125.2,56.9],[-125.1,56.9],[-125.1,56.7],[-124.8,56.7],[-124.8,56.6],[-124.6,56.6],[-124.6,56.7],[-124.7,56.7],[-124.7,56.8],[-124.8,56.8],[-124.8,56.9],[-125.0,56.9],[-125.0,57.1]]],[[[-125.4,57.1],[-125.2,57.1],[-125.2,57.2],[-125.3,57.2],[-125.3,57.3],[-125.5,57.3],[-125.5,57.2],[-125.4,57.2],[-125.4,57.1]]],[[[-124.2,59.0],[-124.0,59.0],[-124.0,59.1],[-124.2,59.1],[-124.2,59.0]]],[[[-125.4,59.4],[-125.7,59.4],[-125.7,59.3],[-125.5,59.3],[-125.5,59.2],[-125.4,59.2],[-125.4,59.4]]],[[[-124.8,59.2],[-124.6,59.2],[-124.6,59.3],[-124.7,59.3],[-124.7,59.4],[-124.8,59.4],[-124.8,59.5],[-124.9,59.5],[-124.9,59.4],[-125.3,59.4],[-125.3,59.3],[-124.8,59.3],[-124.8,59.2]]],[[[-125.9,59.4],[-125.7,59.4],[-125.7,59.5],[-126.0,59.5],[-126.0,59.3],[-125.9,59.3],[-125.9,59.4]]],[[[-112.5,37.6],[-112.5,38.0],[-112.6,38.0],[-112.6,37.9],[-112.8,37.9],[-112.8,37.7],[-112.7,37.7],[-112.7,37.6],[-112.5,37.6]]],[[[-112.2,37.5],[-112.2,37.7],[-112.1,37.7],[-112.1,38.1],[-112.3,38.1],[-112.3,37.7],[-112.4,37.7],[-112.4,37.5],[-112.2,37.5]]],[[[-112.5,38.4],[-112.5,38.0],[-112.4,38.0],[-112.4,38.2],[-112.3,38.2],[-112.3,38.5],[-112.5,38.5],[-112.5,38.6],[-112.6,38.6],[-112.6,38.4],[-112.5,38.4]]],[[[-114.3,39.1],[-114.4,39.1],[-114.4,38.9],[-114.3,38.9],[-114.3,38.8],[-114.2,38.8],[-114.2,39.0],[-114.3,39.0],[-114.3,39.1]]],[[[-114.3,39.2],[-114.1,39.2],[-114.1,39.3],[-114.2,39.3],[-114.2,39.5],[-114.3,39.5],[-114.3,39.2]]],[[[-114.5,39.4],[-114.6,39.4],[-114.6,39.6],[-114.7,39.6],[-114.7,39.3],[-114.8,39.3],[-114.8,39.2],[-114.6,39.2],[-114.6,39.3],[-114.5,39.3],[-114.5,39.4]]],[[[-114.1,39.7],[-113.9,39.7],[-113.9,39.9],[-114.0,39.9],[-114.0,39.8],[-114.1,39.8],[-114.1,39.7]]],[[[-115.0,41.9],[-115.0,42.0],[-115.4,42.0],[-115.4,41.9],[-115.6,41.9],[-115.6,41.8],[-115.7,41.8],[-115.7,41.9],[-115.9,41.9],[-115.9,41.7],[-115.7,41.7],[-115.7,41.5],[-115.6,41.5],[-115.6,41.7],[-115.5,41.7],[-115.5,41.5],[-115.4,41.5],[-115.4,41.6],[-115.3,41.6],[-115.3,41.7],[-115.2,41.7],[-115.2,41.8],[-115.1,41.8],[-115.1,41.9],[-115.0,41.9]]],[[[-113.3,42.0],[-113.5,42.0],[-113.5,41.9],[-113.3,41.9],[-113.3,42.0]]],[[[-115.0,42.1],[-115.0,42.0],[-114.8,42.0],[-114.8,42.1],[-115.0,42.1]]],[[[-114.3,42.1],[-114.1,42.1],[-114.1,42.3],[-114.2,42.3],[-114.2,42.2],[-114.3,42.2],[-114.3,42.1]]],[[[-113.8,42.1],[-113.6,42.1],[-113.6,42.4],[-113.7,42.4],[-113.7,42.2],[-113.8,42.2],[-113.8,42.1]]],[[[-113.7,43.8],[-113.8,43.8],[-113.8,43.5],[-113.6,43.5],[-113.6,43.6],[-113.5,43.6],[-113.5,43.8],[-113.6,43.8],[-113.6,43.9],[-113.7,43.9],[-113.7,43.8]]],[[[-113.2,43.9],[-113.3,43.9],[-113.3,43.7],[-113.1,43.7],[-113.1,43.8],[-113.2,43.8],[-113.2,43.9]]],[[[-113.5,43.9],[-113.3,43.9],[-113.3,44.1],[-113.5,44.1],[-113.5,43.9]]],[[[-113.6,44.7],[-113.6,44.8],[-113.7,44.8],[-113.7,45.0],[-113.8,45.0],[-113.8,45.1],[-113.9,45.1],[-113.9,44.9],[-113.8,44.9],[-113.8,44.7],[-113.9,44.7],[-113.9,44.6],[-113.7,44.6],[-113.7,44.7],[-113.6,44.7]]],[[[-117.4,45.6],[-117.4,45.4],[-117.2,45.4],[-117.2,45.3],[-117.0,45.3],[-117.0,45.4],[-116.9,45.4],[-116.9,45.7],[-116.8,45.7],[-116.8,45.8],[-117.0,45.8],[-117.0,45.7],[-117.2,45.7],[-117.2,45.6],[-117.4,45.6]]],[[[-116.0,45.8],[-116.0,45.9],[-116.2,45.9],[-116.2,45.7],[-116.1,45.7],[-116.1,45.8],[-116.0,45.8]]],[[[-116.5,45.8],[-116.5,45.7],[-116.4,45.7],[-116.4,45.9],[-116.5,45.9],[-116.5,46.0],[-116.4,46.0],[-116.4,46.1],[-116.6,46.1],[-116.6,45.8],[-116.5,45.8]]],[[[-116.8,49.1],[-116.9,49.1],[-116.9,48.9],[-116.8,48.9],[-116.8,49.1]]],[[[-118.2,49.2],[-118.2,49.0],[-118.1,49.0],[-118.1,49.2],[-118.2,49.2]]],[[[-117.0,49.1],[-116.9,49.1],[-116.9,49.2],[-117.0,49.2],[-117.0,49.5],[-117.2,49.5],[-117.2,49.4],[-117.1,49.4],[-117.1,49.2],[-117.2,49.2],[-117.2,49.1],[-117.1,49.1],[-117.1,49.0],[-117.2,49.0],[-117.2,48.9],[-117.0,48.9],[-117.0,49.1]]],[[[-117.5,49.3],[-117.3,49.3],[-117.3,49.4],[-117.5,49.4],[-117.5,49.3]]],[[[-116.6,49.8],[-116.8,49.8],[-116.8,49.6],[-116.7,49.6],[-116.7,49.7],[-116.6,49.7],[-116.6,49.8]]],[[[-112.6,50.7],[-112.8,50.7],[-112.8,50.6],[-112.9,50.6],[-112.9,50.5],[-112.7,50.5],[-112.7,50.6],[-112.6,50.6],[-112.6,50.7]]],[[[-117.3,50.7],[-117.1,50.7],[-117.1,50.9],[-117.2,50.9],[-117.2,50.8],[-117.3,50.8],[-117.3,50.7]]],[[[-119.6,52.0],[-119.6,51.9],[-119.5,51.9],[-119.5,52.1],[-119.6,52.1],[-119.6,52.2],[-119.9,52.2],[-119.9,52.1],[-119.7,52.1],[-119.7,52.0],[-119.6,52.0]]],[[[-116.2,52.3],[-116.2,52.4],[-116.4,52.4],[-116.4,52.2],[-116.3,52.2],[-116.3,52.3],[-116.2,52.3]]],[[[-119.3,52.3],[-119.3,52.1],[-119.2,52.1],[-119.2,52.2],[-119.1,52.2],[-119.1,52.5],[-119.3,52.5],[-119.3,52.4],[-119.2,52.4],[-119.2,52.3],[-119.3,52.3]]],[[[-118.7,52.3],[-118.6,52.3],[-118.6,52.5],[-118.8,52.5],[-118.8,52.4],[-118.7,52.4],[-118.7,52.3]]],[[[-116.2,52.5],[-116.2,52.4],[-116.0,52.4],[-116.0,52.5],[-116.2,52.5]]],[[[-119.5,53.1],[-119.8,53.1],[-119.8,53.0],[-119.6,53.0],[-119.6,52.9],[-119.4,52.9],[-119.4,52.8],[-119.3,52.8],[-119.3,52.7],[-119.0,52.7],[-119.0,52.8],[-119.2,52.8],[-119.2,52.9],[-119.3,52.9],[-119.3,53.0],[-119.5,53.0],[-119.5,53.1]]],[[[-120.0,53.1],[-119.8,53.1],[-119.8,53.2],[-120.0,53.2],[-120.0,53.1]]],[[[-108.4,34.1],[-108.4,34.2],[-108.5,34.2],[-108.5,34.0],[-108.3,34.0],[-108.3,34.1],[-108.4,34.1]]],[[[-108.1,35.2],[-108.2,35.2],[-108.2,35.3],[-108.3,35.3],[-108.3,35.4],[-108.5,35.4],[-108.5,35.2],[-108.3,35.2],[-108.3,35.1],[-108.2,35.1],[-108.2,35.0],[-108.1,35.0],[-108.1,35.2]]],[[[-107.5,35.3],[-107.4,35.3],[-107.4,35.4],[-107.3,35.4],[-107.3,35.5],[-107.5,35.5],[-107.5,35.4],[-107.6,35.4],[-107.6,35.3],[-107.7,35.3],[-107.7,35.2],[-107.5,35.2],[-107.5,35.3]]],[[[-111.5,38.0],[-111.3,38.0],[-111.3,38.2],[-111.5,38.2],[-111.5,38.3],[-111.6,38.3],[-111.6,38.2],[-111.7,38.2],[-111.7,38.3],[-111.8,38.3],[-111.8,38.4],[-111.9,38.4],[-111.9,38.0],[-112.0,38.0],[-112.0,37.7],[-111.8,37.7],[-111.8,37.9],[-111.5,37.9],[-111.5,38.0]]],[[[-111.9,38.7],[-112.0,38.7],[-112.0,38.6],[-112.1,38.6],[-112.1,38.2],[-112.0,38.2],[-112.0,38.5],[-111.9,38.5],[-111.9,38.7]]],[[[-109.1,38.6],[-109.3,38.6],[-109.3,38.4],[-109.1,38.4],[-109.1,38.6]]],[[[-112.1,39.1],[-112.2,39.1],[-112.2,38.9],[-112.3,38.9],[-112.3,38.7],[-112.2,38.7],[-112.2,38.8],[-112.1,38.8],[-112.1,39.1]]],[[[-106.4,39.0],[-106.2,39.0],[-106.2,39.1],[-106.3,39.1],[-106.3,39.3],[-106.4,39.3],[-106.4,39.0]]],[[[-105.2,38.4],[-105.6,38.4],[-105.6,38.8],[-105.7,38.8],[-105.7,38.9],[-105.9,38.9],[-105.9,39.1],[-105.6,39.1],[-105.6,39.0],[-105.5,39.0],[-105.5,39.1],[-105.4,39.1],[-105.4,39.2],[-105.3,39.2],[-105.3,38.7],[-105.2,38.7],[-105.2,38.6],[-104.9,38.6],[-104.9,39.0],[-104.6,39.0],[-104.6,39.1],[-104.7,39.1],[-104.7,39.2],[-104.8,39.2],[-104.8,39.3],[-105.0,39.3],[-105.0,39.4],[-105.1,39.4],[-105.1,39.6],[-105.2,39.6],[-105.2,39.9],[-105.3,39.9],[-105.3,40.5],[-105.2,40.5],[-105.2,40.6],[-105.3,40.6],[-105.3,40.7],[-105.4,40.7],[-105.4,40.8],[-105.5,40.8],[-105.5,41.1],[-105.7,41.1],[-105.7,41.2],[-105.8,41.2],[-105.8,41.6],[-105.7,41.6],[-105.7,41.7],[-105.6,41.7],[-105.6,41.6],[-105.4,41.6],[-105.4,41.7],[-105.5,41.7],[-105.5,42.2],[-105.4,42.2],[-105.4,42.3],[-105.5,42.3],[-105.5,42.5],[-105.6,42.5],[-105.6,42.6],[-105.7,42.6],[-105.7,42.7],[-106.2,42.7],[-106.2,42.8],[-106.4,42.8],[-106.4,42.6],[-106.3,42.6],[-106.3,42.5],[-106.4,42.5],[-106.4,42.4],[-106.6,42.4],[-106.6,42.3],[-106.7,42.3],[-106.7,42.2],[-106.8,42.2],[-106.8,42.1],[-106.4,42.1],[-106.4,42.0],[-106.2,42.0],[-106.2,42.2],[-106.1,42.2],[-106.1,42.1],[-106.0,42.1],[-106.0,42.0],[-105.9,42.0],[-105.9,41.9],[-105.8,41.9],[-105.8,41.7],[-106.0,41.7],[-106.0,41.8],[-106.4,41.8],[-106.4,41.9],[-106.5,41.9],[-106.5,42.0],[-106.6,42.0],[-106.6,41.8],[-106.7,41.8],[-106.7,41.4],[-107.0,41.4],[-107.0,41.5],[-107.3,41.5],[-107.3,41.6],[-107.5,41.6],[-107.5,41.1],[-107.4,41.1],[-107.4,41.0],[-107.5,41.0],[-107.5,40.7],[-107.4,40.7],[-107.4,40.6],[-107.3,40.6],[-107.3,40.5],[-107.2,40.5],[-107.2,40.4],[-107.4,40.4],[-107.4,40.5],[-107.5,40.5],[-107.5,40.4],[-107.6,40.4],[-107.6,40.2],[-107.8,40.2],[-107.8,40.3],[-108.1,40.3],[-108.1,40.2],[-107.9,40.2],[-107.9,40.1],[-107.8,40.1],[-107.8,40.0],[-107.9,40.0],[-107.9,39.9],[-108.0,39.9],[-108.0,40.0],[-108.1,40.0],[-108.1,39.8],[-108.2,39.8],[-108.2,39.7],[-108.4,39.7],[-108.4,39.8],[-108.6,39.8],[-108.6,39.7],[-108.7,39.7],[-108.7,39.5],[-108.6,39.5],[-108.6,39.6],[-108.3,39.6],[-108.3,39.5],[-108.1,39.5],[-108.1,39.4],[-108.0,39.4],[-108.0,39.3],[-107.9,39.3],[-107.9,39.2],[-108.0,39.2],[-108.0,39.1],[-108.3,39.1],[-108.3,39.0],[-108.2,39.0],[-108.2,38.9],[-108.0,38.9],[-108.0,39.0],[-107.9,39.0],[-107.9,38.9],[-107.5,38.9],[-107.5,38.8],[-107.6,38.8],[-107.6,38.7],[-107.8,38.7],[-107.8,38.6],[-107.7,38.6],[-107.7,38.3],[-107.9,38.3],[-107.9,38.4],[-108.1,38.4],[-108.1,38.5],[-108.4,38.5],[-108.4,38.6],[-108.5,38.6],[-108.5,38.7],[-108.6,38.7],[-108.6,38.9],[-109.0,38.9],[-109.0,38.8],[-108.8,38.8],[-108.8,38.6],[-108.7,38.6],[-108.7,38.5],[-108.6,38.5],[-108.6,38.4],[-108.4,38.4],[-108.4,38.3],[-108.3,38.3],[-108.3,38.1],[-108.4,38.1],[-108.4,38.0],[-108.5,38.0],[-108.5,37.8],[-108.7,37.8],[-108.7,37.7],[-108.6,37.7],[-108.6,37.6],[-108.5,37.6],[-108.5,37.5],[-108.4,37.5],[-108.4,37.6],[-108.3,37.6],[-108.3,37.3],[-108.2,37.3],[-108.2,37.2],[-107.8,37.2],[-107.8,37.3],[-107.7,37.3],[-107.7,37.2],[-107.5,37.2],[-107.5,37.1],[-107.4,37.1],[-107.4,37.2],[-107.3,37.2],[-107.3,37.1],[-107.1,37.1],[-107.1,37.0],[-107.2,37.0],[-107.2,36.9],[-107.1,36.9],[-107.1,36.7],[-107.0,36.7],[-107.0,36.3],[-106.9,36.3],[-106.9,36.2],[-107.0,36.2],[-107.0,36.1],[-106.9,36.1],[-106.9,35.7],[-106.8,35.7],[-106.8,35.8],[-106.7,35.8],[-106.7,35.7],[-106.4,35.7],[-106.4,35.8],[-106.3,35.8],[-106.3,36.2],[-106.6,36.2],[-106.6,36.3],[-106.2,36.3],[-106.2,36.4],[-106.1,36.4],[-106.1,36.5],[-105.9,36.5],[-105.9,36.6],[-105.8,36.6],[-105.8,36.8],[-105.9,36.8],[-105.9,36.9],[-106.0,36.9],[-106.0,37.0],[-106.1,37.0],[-106.1,37.3],[-106.2,37.3],[-106.2,37.6],[-106.3,37.6],[-106.3,38.0],[-106.2,38.0],[-106.2,38.1],[-106.1,38.1],[-106.1,38.2],[-106.0,38.2],[-106.0,38.3],[-105.9,38.3],[-105.9,38.2],[-105.8,38.2],[-105.8,38.0],[-105.7,38.0],[-105.7,38.2],[-105.6,38.2],[-105.6,37.8],[-105.5,37.8],[-105.5,37.7],[-105.6,37.7],[-105.6,37.6],[-105.5,37.6],[-105.5,37.5],[-105.4,37.5],[-105.4,37.2],[-105.5,37.2],[-105.5,36.9],[-105.6,36.9],[-105.6,36.7],[-105.7,36.7],[-105.7,36.5],[-105.6,36.5],[-105.6,36.3],[-105.8,36.3],[-105.8,36.1],[-105.9,36.1],[-105.9,35.6],[-105.6,35.6],[-105.6,35.5],[-105.4,35.5],[-105.4,35.9],[-105.3,35.9],[-105.3,36.0],[-105.2,36.0],[-105.2,36.1],[-105.1,36.1],[-105.1,36.2],[-105.0,36.2],[-105.0,36.9],[-104.7,36.9],[-104.7,37.0],[-104.8,37.0],[-104.8,37.2],[-104.7,37.2],[-104.7,37.5],[-105.0,37.5],[-105.0,37.8],[-104.9,37.8],[-104.9,38.0],[-105.0,38.0],[-105.0,38.2],[-105.1,38.2],[-105.1,38.3],[-105.2,38.3],[-105.2,38.4]],[[-105.4,39.3],[-105.4,39.2],[-105.6,39.2],[-105.6,39.4],[-105.5,39.4],[-105.5,39.3],[-105.4,39.3]],[[-105.6,39.5],[-105.6,39.4],[-105.7,39.4],[-105.7,39.5],[-105.8,39.5],[-105.8,39.4],[-105.9,39.4],[-105.9,39.3],[-106.0,39.3],[-106.0,39.2],[-106.1,39.2],[-106.1,39.0],[-106.2,39.0],[-106.2,38.9],[-106.3,38.9],[-106.3,38.8],[-106.2,38.8],[-106.2,38.6],[-106.3,38.6],[-106.3,38.5],[-106.4,38.5],[-106.4,38.6],[-106.7,38.6],[-106.7,38.7],[-106.6,38.7],[-106.6,38.8],[-106.8,38.8],[-106.8,38.9],[-106.9,38.9],[-106.9,39.0],[-107.0,39.0],[-107.0,38.9],[-107.1,38.9],[-107.1,39.1],[-107.2,39.1],[-107.2,39.2],[-106.9,39.2],[-106.9,39.1],[-106.8,39.1],[-106.8,39.3],[-106.6,39.3],[-106.6,39.4],[-106.7,39.4],[-106.7,39.5],[-106.6,39.5],[-106.6,39.6],[-106.5,39.6],[-106.5,39.5],[-106.4,39.5],[-106.4,39.6],[-106.3,39.6],[-106.3,39.7],[-106.4,39.7],[-106.4,39.8],[-106.2,39.8],[-106.2,39.7],[-106.1,39.7],[-106.1,39.8],[-106.0,39.8],[-106.0,39.9],[-105.7,39.9],[-105.7,40.0],[-105.8,40.0],[-105.8,40.4],[-105.9,40.4],[-105.9,40.2],[-106.0,40.2],[-106.0,40.8],[-105.9,40.8],[-105.9,40.6],[-105.8,40.6],[-105.8,40.8],[-105.7,40.8],[-105.7,40.6],[-105.6,40.6],[-105.6,40.4],[-105.7,40.4],[-105.7,40.3],[-105.6,40.3],[-105.6,40.1],[-105.5,40.1],[-105.5,40.0],[-105.6,40.0],[-105.6,39.8],[-105.7,39.8],[-105.7,39.7],[-105.6,39.7],[-105.6,39.6],[-105.5,39.6],[-105.5,39.5],[-105.6,39.5]],[[-106.3,38.3],[-106.3,38.5],[-106.2,38.5],[-106.2,38.3],[-106.3,38.3]],[[-105.8,38.4],[-105.6,38.4],[-105.6,38.3],[-105.8,38.3],[-105.8,38.4]],[[-106.3,41.5],[-106.2,41.5],[-106.2,41.2],[-106.3,41.2],[-106.3,41.3],[-106.4,41.3],[-106.4,41.4],[-106.3,41.4],[-106.3,41.5]],[[-106.7,40.9],[-106.6,40.9],[-106.6,40.6],[-106.7,40.6],[-106.7,40.9]],[[-106.4,40.4],[-106.1,40.4],[-106.1,40.3],[-106.4,40.3],[-106.4,40.4]],[[-107.4,40.0],[-107.2,40.0],[-107.2,40.1],[-107.1,40.1],[-107.1,39.9],[-107.4,39.9],[-107.4,40.0]],[[-107.9,39.6],[-107.4,39.6],[-107.4,39.5],[-107.6,39.5],[-107.6,39.4],[-107.8,39.4],[-107.8,39.5],[-107.9,39.5],[-107.9,39.6]],[[-106.0,38.5],[-106.1,38.5],[-106.1,38.7],[-106.0,38.7],[-106.0,38.5]],[[-107.1,37.7],[-107.1,37.6],[-107.4,37.6],[-107.4,37.5],[-107.7,37.5],[-107.7,37.7],[-107.9,37.7],[-107.9,37.8],[-107.8,37.8],[-107.8,38.0],[-107.6,38.0],[-107.6,38.1],[-107.5,38.1],[-107.5,38.2],[-107.4,38.2],[-107.4,38.0],[-107.3,38.0],[-107.3,38.1],[-107.2,38.1],[-107.2,38.2],[-107.1,38.2],[-107.1,38.0],[-107.0,38.0],[-107.0,38.1],[-106.8,38.1],[-106.8,38.0],[-106.5,38.0],[-106.5,37.9],[-106.6,37.9],[-106.6,37.8],[-106.8,37.8],[-106.8,37.9],[-107.0,37.9],[-107.0,37.8],[-107.1,37.8],[-107.1,37.9],[-107.2,37.9],[-107.2,37.8],[-107.3,37.8],[-107.3,37.7],[-107.1,37.7]],[[-107.1,37.5],[-107.1,37.6],[-107.0,37.6],[-107.0,37.7],[-106.8,37.7],[-106.8,37.5],[-107.1,37.5]],[[-106.6,37.3],[-106.5,37.3],[-106.5,37.1],[-106.6,37.1],[-106.6,37.2],[-106.7,37.2],[-106.7,37.5],[-106.6,37.5],[-106.6,37.6],[-106.5,37.6],[-106.5,37.5],[-106.4,37.5],[-106.4,37.4],[-106.6,37.4],[-106.6,37.3]],[[-105.2,37.3],[-105.1,37.3],[-105.1,37.1],[-105.2,37.1],[-105.2,37.3]],[[-106.6,36.5],[-106.8,36.5],[-106.8,36.6],[-106.6,36.6],[-106.6,36.5]]],[[[-110.4,39.5],[-110.2,39.5],[-110.2,39.7],[-110.5,39.7],[-110.5,39.6],[-110.4,39.6],[-110.4,39.5]]],[[[-111.8,39.9],[-111.8,39.8],[-111.6,39.8],[-111.6,40.0],[-111.7,40.0],[-111.7,39.9],[-111.8,39.9]]],[[[-108.9,41.1],[-109.1,41.1],[-109.1,40.9],[-108.9,40.9],[-108.9,40.8],[-108.8,40.8],[-108.8,41.0],[-108.9,41.0],[-108.9,41.1]]],[[[-109.4,41.0],[-109.3,41.0],[-109.3,41.1],[-109.2,41.1],[-109.2,41.2],[-109.4,41.2],[-109.4,41.0]]],[[[-107.2,42.3],[-107.4,42.3],[-107.4,42.2],[-107.2,42.2],[-107.2,42.3]]],[[[-107.6,42.4],[-107.8,42.4],[-107.8,42.2],[-107.6,42.2],[-107.6,42.4]]],[[[-112.0,42.6],[-112.0,42.4],[-111.8,42.4],[-111.8,42.5],[-111.9,42.5],[-111.9,42.6],[-112.0,42.6]]],[[[-107.5,42.7],[-107.1,42.7],[-107.1,42.8],[-107.4,42.8],[-107.4,42.9],[-107.5,42.9],[-107.5,42.7]]],[[[-112.1,43.0],[-112.2,43.0],[-112.2,42.7],[-112.0,42.7],[-112.0,42.8],[-112.1,42.8],[-112.1,43.0]]],[[[-112.2,45.5],[-112.1,45.5],[-112.1,45.3],[-112.2,45.3],[-112.2,45.4],[-112.3,45.4],[-112.3,45.2],[-112.4,45.2],[-112.4,45.1],[-112.5,45.1],[-112.5,45.0],[-112.7,45.0],[-112.7,44.9],[-112.5,44.9],[-112.5,44.6],[-112.7,44.6],[-112.7,44.7],[-112.8,44.7],[-112.8,44.8],[-112.9,44.8],[-112.9,44.9],[-113.1,44.9],[-113.1,44.7],[-113.2,44.7],[-113.2,44.5],[-113.3,44.5],[-113.3,44.6],[-113.5,44.6],[-113.5,44.5],[-113.6,44.5],[-113.6,44.3],[-114.2,44.3],[-114.2,44.1],[-114.3,44.1],[-114.3,44.2],[-114.4,44.2],[-114.4,44.4],[-114.7,44.4],[-114.7,44.2],[-114.6,44.2],[-114.6,44.1],[-114.5,44.1],[-114.5,44.0],[-114.4,44.0],[-114.4,43.9],[-114.2,43.9],[-114.2,43.8],[-114.0,43.8],[-114.0,43.6],[-113.9,43.6],[-113.9,43.8],[-113.8,43.8],[-113.8,44.0],[-114.0,44.0],[-114.0,44.2],[-113.7,44.2],[-113.7,44.1],[-113.5,44.1],[-113.5,44.3],[-113.3,44.3],[-113.3,44.2],[-113.2,44.2],[-113.2,44.1],[-113.1,44.1],[-113.1,44.0],[-113.0,44.0],[-113.0,43.9],[-112.9,43.9],[-112.9,44.1],[-112.7,44.1],[-112.7,44.3],[-112.0,44.3],[-112.0,44.2],[-111.6,44.2],[-111.6,44.1],[-111.4,44.1],[-111.4,43.9],[-111.5,43.9],[-111.5,43.8],[-111.6,43.8],[-111.6,43.6],[-111.4,43.6],[-111.4,43.5],[-111.6,43.5],[-111.6,43.4],[-111.7,43.4],[-111.7,43.3],[-111.8,43.3],[-111.8,43.4],[-111.9,43.4],[-111.9,43.1],[-111.8,43.1],[-111.8,42.8],[-111.7,42.8],[-111.7,42.7],[-111.5,42.7],[-111.5,42.6],[-111.7,42.6],[-111.7,42.5],[-111.6,42.5],[-111.6,42.4],[-111.7,42.4],[-111.7,41.6],[-111.8,41.6],[-111.8,41.3],[-111.7,41.3],[-111.7,41.1],[-111.5,41.1],[-111.5,41.2],[-111.4,41.2],[-111.4,41.0],[-111.3,41.0],[-111.3,40.9],[-111.6,40.9],[-111.6,40.8],[-111.8,40.8],[-111.8,40.5],[-111.7,40.5],[-111.7,40.4],[-111.6,40.4],[-111.6,40.5],[-111.5,40.5],[-111.5,40.6],[-111.4,40.6],[-111.4,40.4],[-111.5,40.4],[-111.5,40.3],[-111.4,40.3],[-111.4,40.2],[-111.3,40.2],[-111.3,40.0],[-111.2,40.0],[-111.2,39.9],[-111.4,39.9],[-111.4,39.4],[-111.5,39.4],[-111.5,39.3],[-111.6,39.3],[-111.6,39.1],[-111.7,39.1],[-111.7,38.8],[-111.8,38.8],[-111.8,38.5],[-111.5,38.5],[-111.5,38.6],[-111.4,38.6],[-111.4,38.9],[-111.3,38.9],[-111.3,39.1],[-111.2,39.1],[-111.2,39.3],[-111.1,39.3],[-111.1,39.4],[-111.0,39.4],[-111.0,39.7],[-110.9,39.7],[-110.9,39.8],[-110.8,39.8],[-110.8,39.7],[-110.7,39.7],[-110.7,39.8],[-110.5,39.8],[-110.5,40.0],[-110.7,40.0],[-110.7,40.1],[-110.8,40.1],[-110.8,40.2],[-110.9,40.2],[-110.9,40.3],[-110.7,40.3],[-110.7,40.4],[-110.4,40.4],[-110.4,40.5],[-110.1,40.5],[-110.1,40.6],[-109.3,40.6],[-109.3,40.7],[-109.2,40.7],[-109.2,40.9],[-109.8,40.9],[-109.8,41.0],[-109.9,41.0],[-109.9,41.2],[-110.4,41.2],[-110.4,41.3],[-110.6,41.3],[-110.6,41.2],[-110.7,41.2],[-110.7,41.3],[-110.8,41.3],[-110.8,41.9],[-110.5,41.9],[-110.5,42.0],[-110.4,42.0],[-110.4,42.3],[-110.3,42.3],[-110.3,42.5],[-110.2,42.5],[-110.2,42.6],[-110.1,42.6],[-110.1,42.7],[-109.8,42.7],[-109.8,42.8],[-109.7,42.8],[-109.7,42.7],[-109.5,42.7],[-109.5,42.6],[-109.4,42.6],[-109.4,42.5],[-109.2,42.5],[-109.2,42.4],[-109.1,42.4],[-109.1,42.3],[-109.0,42.3],[-109.0,42.2],[-108.9,42.2],[-108.9,42.1],[-108.8,42.1],[-108.8,42.2],[-108.6,42.2],[-108.6,42.3],[-108.4,42.3],[-108.4,42.5],[-108.5,42.5],[-108.5,42.6],[-108.7,42.6],[-108.7,42.7],[-108.8,42.7],[-108.8,42.8],[-108.9,42.8],[-108.9,42.9],[-109.0,42.9],[-109.0,43.1],[-109.1,43.1],[-109.1,43.2],[-109.2,43.2],[-109.2,43.3],[-109.4,43.3],[-109.4,43.2],[-109.3,43.2],[-109.3,43.1],[-109.2,43.1],[-109.2,42.9],[-109.1,42.9],[-109.1,42.8],[-109.0,42.8],[-109.0,42.7],[-108.9,42.7],[-108.9,42.6],[-109.2,42.6],[-109.2,42.7],[-109.4,42.7],[-109.4,42.8],[-109.5,42.8],[-109.5,42.9],[-109.7,42.9],[-109.7,43.0],[-109.8,43.0],[-109.8,43.1],[-109.9,43.1],[-109.9,43.2],[-110.0,43.2],[-110.0,43.3],[-109.9,43.3],[-109.9,43.4],[-110.1,43.4],[-110.1,43.2],[-110.2,43.2],[-110.2,43.3],[-110.4,43.3],[-110.4,43.4],[-110.6,43.4],[-110.6,43.6],[-110.4,43.6],[-110.4,43.5],[-110.1,43.5],[-110.1,43.6],[-110.3,43.6],[-110.3,43.8],[-110.2,43.8],[-110.2,44.0],[-110.3,44.0],[-110.3,44.1],[-110.4,44.1],[-110.4,44.2],[-110.1,44.2],[-110.1,44.3],[-110.2,44.3],[-110.2,44.7],[-110.3,44.7],[-110.3,44.8],[-110.1,44.8],[-110.1,44.6],[-110.0,44.6],[-110.0,44.9],[-110.2,44.9],[-110.2,45.0],[-110.4,45.0],[-110.4,45.1],[-110.7,45.1],[-110.7,45.3],[-110.6,45.3],[-110.6,45.2],[-110.4,45.2],[-110.4,45.3],[-110.5,45.3],[-110.5,45.5],[-110.0,45.5],[-110.0,45.3],[-109.7,45.3],[-109.7,45.2],[-109.4,45.2],[-109.4,45.1],[-109.3,45.1],[-109.3,44.9],[-109.2,44.9],[-109.2,45.3],[-109.4,45.3],[-109.4,45.4],[-109.6,45.4],[-109.6,45.5],[-109.7,45.5],[-109.7,45.6],[-109.8,45.6],[-109.8,45.7],[-110.5,45.7],[-110.5,45.6],[-110.6,45.6],[-110.6,45.8],[-110.1,45.8],[-110.1,46.0],[-110.0,46.0],[-110.0,46.3],[-110.2,46.3],[-110.2,46.4],[-110.4,46.4],[-110.4,46.6],[-110.0,46.6],[-110.0,46.7],[-109.9,46.7],[-109.9,46.8],[-110.0,46.8],[-110.0,46.9],[-110.1,46.9],[-110.1,47.0],[-110.2,47.0],[-110.2,47.2],[-110.5,47.2],[-110.5,47.4],[-110.4,47.4],[-110.4,47.5],[-110.5,47.5],[-110.5,47.6],[-110.6,47.6],[-110.6,47.5],[-110.8,47.5],[-110.8,47.3],[-111.2,47.3],[-111.2,47.2],[-111.4,47.2],[-111.4,47.1],[-111.5,47.1],[-111.5,47.0],[-111.6,47.0],[-111.6,47.2],[-111.7,47.2],[-111.7,47.1],[-111.8,47.1],[-111.8,47.0],[-111.9,47.0],[-111.9,46.8],[-111.7,46.8],[-111.7,46.7],[-111.6,46.7],[-111.6,46.6],[-111.5,46.6],[-111.5,46.5],[-111.4,46.5],[-111.4,46.4],[-111.3,46.4],[-111.3,46.0],[-111.1,46.0],[-111.1,45.9],[-111.0,45.9],[-111.0,45.6],[-111.8,45.6],[-111.8,45.7],[-111.9,45.7],[-111.9,45.8],[-112.1,45.8],[-112.1,45.7],[-112.2,45.7],[-112.2,45.5]],[[-112.9,44.3],[-112.9,44.1],[-113.0,44.1],[-113.0,44.3],[-112.9,44.3]],[[-112.0,45.5],[-112.1,45.5],[-112.1,45.6],[-111.9,45.6],[-111.9,45.4],[-112.0,45.4],[-112.0,45.5]],[[-110.4,46.1],[-110.2,46.1],[-110.2,46.0],[-110.4,46.0],[-110.4,46.1]],[[-111.7,45.2],[-111.8,45.2],[-111.8,45.5],[-111.7,45.5],[-111.7,45.2]],[[-111.2,45.3],[-111.4,45.3],[-111.4,45.4],[-111.2,45.4],[-111.2,45.3]],[[-111.5,45.3],[-111.4,45.3],[-111.4,45.2],[-111.3,45.2],[-111.3,45.1],[-111.4,45.1],[-111.4,45.0],[-111.1,45.0],[-111.1,44.9],[-111.5,44.9],[-111.5,45.3]],[[-111.9,45.0],[-111.7,45.0],[-111.7,44.8],[-111.9,44.8],[-111.9,45.0]],[[-110.9,45.0],[-110.8,45.0],[-110.8,44.8],[-110.9,44.8],[-110.9,45.0]],[[-111.3,44.4],[-111.3,44.2],[-111.5,44.2],[-111.5,44.4],[-111.3,44.4]],[[-111.0,43.7],[-110.9,43.7],[-110.9,44.0],[-110.8,44.0],[-110.8,43.6],[-111.0,43.6],[-111.0,43.7]],[[-111.3,42.2],[-111.3,42.1],[-111.2,42.1],[-111.2,42.0],[-111.3,42.0],[-111.3,41.8],[-111.4,41.8],[-111.4,42.5],[-111.3,42.5],[-111.3,42.3],[-111.2,42.3],[-111.2,42.2],[-111.3,42.2]],[[-111.0,41.6],[-111.0,41.3],[-111.2,41.3],[-111.2,41.8],[-111.1,41.8],[-111.1,41.9],[-111.0,41.9],[-111.0,42.1],[-110.9,42.1],[-110.9,41.8],[-111.0,41.8],[-111.0,41.7],[-111.1,41.7],[-111.1,41.6],[-111.0,41.6]],[[-110.2,40.6],[-110.7,40.6],[-110.7,40.7],[-110.8,40.7],[-110.8,40.6],[-110.9,40.6],[-110.9,40.8],[-110.7,40.8],[-110.7,40.9],[-110.0,40.9],[-110.0,40.8],[-109.8,40.8],[-109.8,40.7],[-110.2,40.7],[-110.2,40.6]]],[[[-109.5,43.6],[-109.5,43.8],[-109.6,43.8],[-109.6,43.7],[-109.9,43.7],[-109.9,43.6],[-109.8,43.6],[-109.8,43.5],[-109.6,43.5],[-109.6,43.6],[-109.5,43.6]]],[[[-109.2,44.1],[-109.2,44.2],[-109.3,44.2],[-109.3,44.0],[-109.2,44.0],[-109.2,43.9],[-109.1,43.9],[-109.1,43.6],[-108.8,43.6],[-108.8,43.5],[-108.5,43.5],[-108.5,43.6],[-108.6,43.6],[-108.6,43.7],[-108.9,43.7],[-108.9,43.9],[-109.0,43.9],[-109.0,44.0],[-109.1,44.0],[-109.1,44.1],[-109.2,44.1]]],[[[-108.0,44.7],[-107.8,44.7],[-107.8,44.8],[-107.9,44.8],[-107.9,45.0],[-107.8,45.0],[-107.8,44.9],[-107.7,44.9],[-107.7,44.8],[-107.6,44.8],[-107.6,44.7],[-107.3,44.7],[-107.3,44.6],[-107.2,44.6],[-107.2,44.5],[-107.0,44.5],[-107.0,44.1],[-107.2,44.1],[-107.2,44.2],[-107.3,44.2],[-107.3,44.3],[-107.4,44.3],[-107.4,44.4],[-107.5,44.4],[-107.5,44.2],[-107.4,44.2],[-107.4,44.1],[-107.3,44.1],[-107.3,44.0],[-107.2,44.0],[-107.2,43.6],[-107.4,43.6],[-107.4,43.5],[-107.6,43.5],[-107.6,43.4],[-107.4,43.4],[-107.4,43.3],[-107.1,43.3],[-107.1,43.4],[-107.0,43.4],[-107.0,43.5],[-106.9,43.5],[-106.9,43.6],[-107.0,43.6],[-107.0,43.7],[-106.9,43.7],[-106.9,43.9],[-106.8,43.9],[-106.8,44.4],[-106.9,44.4],[-106.9,44.6],[-107.1,44.6],[-107.1,44.7],[-107.2,44.7],[-107.2,44.8],[-107.3,44.8],[-107.3,44.9],[-107.5,44.9],[-107.5,45.0],[-107.7,45.0],[-107.7,45.1],[-107.8,45.1],[-107.8,45.2],[-108.1,45.2],[-108.1,44.8],[-108.0,44.8],[-108.0,44.7]]],[[[-107.6,44.6],[-107.6,44.7],[-107.8,44.7],[-107.8,44.6],[-107.7,44.6],[-107.7,44.4],[-107.5,44.4],[-107.5,44.6],[-107.6,44.6]]],[[[-109.3,44.7],[-109.3,44.9],[-109.7,44.9],[-109.7,45.0],[-109.8,45.0],[-109.8,44.8],[-109.7,44.8],[-109.7,44.7],[-109.5,44.7],[-109.5,44.5],[-109.6,44.5],[-109.6,44.6],[-109.7,44.6],[-109.7,44.5],[-109.9,44.5],[-109.9,44.6],[-110.0,44.6],[-110.0,44.4],[-109.5,44.4],[-109.5,44.3],[-109.6,44.3],[-109.6,44.2],[-109.4,44.2],[-109.4,44.3],[-109.2,44.3],[-109.2,44.2],[-109.1,44.2],[-109.1,44.4],[-109.3,44.4],[-109.3,44.5],[-109.2,44.5],[-109.2,44.6],[-109.1,44.6],[-109.1,44.7],[-109.3,44.7]]],[[[-108.6,45.1],[-108.3,45.1],[-108.3,45.3],[-108.4,45.3],[-108.4,45.4],[-108.5,45.4],[-108.5,45.3],[-108.6,45.3],[-108.6,45.1]]],[[[-109.6,46.6],[-109.5,46.6],[-109.5,46.7],[-109.4,46.7],[-109.4,46.6],[-109.3,46.6],[-109.3,46.7],[-109.0,46.7],[-109.0,46.8],[-108.9,46.8],[-108.9,47.0],[-109.1,47.0],[-109.1,47.2],[-109.0,47.2],[-109.0,47.3],[-109.5,47.3],[-109.5,47.2],[-109.6,47.2],[-109.6,47.0],[-109.7,47.0],[-109.7,46.7],[-109.6,46.7],[-109.6,46.6]]],[[[-108.5,48.0],[-108.7,48.0],[-108.7,47.9],[-108.5,47.9],[-108.5,48.0]]],[[[-109.4,48.1],[-109.3,48.1],[-109.3,48.2],[-109.2,48.2],[-109.2,48.1],[-109.1,48.1],[-109.1,48.3],[-109.5,48.3],[-109.5,48.4],[-109.6,48.4],[-109.6,48.3],[-109.7,48.3],[-109.7,48.4],[-109.8,48.4],[-109.8,48.2],[-109.9,48.2],[-109.9,48.1],[-109.5,48.1],[-109.5,48.0],[-109.4,48.0],[-109.4,48.1]]],[[[-106.3,49.3],[-106.8,49.3],[-106.8,49.2],[-106.3,49.2],[-106.3,49.3]]],[[[-107.5,49.3],[-107.3,49.3],[-107.3,49.2],[-107.2,49.2],[-107.2,49.4],[-107.5,49.4],[-107.5,49.3]]],[[[-107.6,49.6],[-107.9,49.6],[-107.9,49.5],[-107.6,49.5],[-107.6,49.6]]],[[[-107.7,50.5],[-107.8,50.5],[-107.8,50.2],[-107.9,50.2],[-107.9,50.3],[-108.0,50.3],[-108.0,50.2],[-108.3,50.2],[-108.3,50.1],[-108.4,50.1],[-108.4,50.2],[-108.9,50.2],[-108.9,50.1],[-109.1,50.1],[-109.1,50.0],[-109.3,50.0],[-109.3,50.1],[-109.4,50.1],[-109.4,50.0],[-109.5,50.0],[-109.5,49.9],[-110.0,49.9],[-110.0,49.8],[-110.8,49.8],[-110.8,49.6],[-110.7,49.6],[-110.7,49.5],[-110.5,49.5],[-110.5,49.4],[-110.4,49.4],[-110.4,49.5],[-110.0,49.5],[-110.0,49.4],[-109.9,49.4],[-109.9,49.5],[-109.8,49.5],[-109.8,49.4],[-109.7,49.4],[-109.7,49.3],[-109.5,49.3],[-109.5,49.2],[-109.3,49.2],[-109.3,49.3],[-108.8,49.3],[-108.8,49.4],[-108.6,49.4],[-108.6,49.3],[-108.3,49.3],[-108.3,49.5],[-108.1,49.5],[-108.1,49.4],[-108.0,49.4],[-108.0,49.6],[-108.1,49.6],[-108.1,49.8],[-107.9,49.8],[-107.9,49.9],[-107.6,49.9],[-107.6,50.0],[-107.5,50.0],[-107.5,50.1],[-107.4,50.1],[-107.4,50.2],[-107.6,50.2],[-107.6,50.3],[-107.7,50.3],[-107.7,50.5]]],[[[-106.0,50.2],[-105.7,50.2],[-105.7,50.3],[-105.9,50.3],[-105.9,50.4],[-106.0,50.4],[-106.0,50.2]]],[[[-108.0,50.5],[-107.8,50.5],[-107.8,50.6],[-108.0,50.6],[-108.0,50.5]]],[[[-107.2,50.6],[-107.4,50.6],[-107.4,50.5],[-107.1,50.5],[-107.1,50.7],[-107.2,50.7],[-107.2,50.6]]],[[[-106.8,50.7],[-107.0,50.7],[-107.0,50.6],[-106.8,50.6],[-106.8,50.7]]],[[[-104.3,37.1],[-104.5,37.1],[-104.5,37.0],[-104.4,37.0],[-104.4,36.9],[-104.2,36.9],[-104.2,37.0],[-104.3,37.0],[-104.3,37.1]]],[[[-79.6,39.2],[-79.6,39.0],[-79.7,39.0],[-79.7,38.9],[-79.8,38.9],[-79.8,38.8],[-79.9,38.8],[-79.9,38.6],[-80.0,38.6],[-80.0,38.7],[-80.2,38.7],[-80.2,38.5],[-80.3,38.5],[-80.3,38.4],[-80.4,38.4],[-80.4,38.3],[-80.5,38.3],[-80.5,38.2],[-80.6,38.2],[-80.6,38.1],[-80.7,38.1],[-80.7,38.0],[-80.5,38.0],[-80.5,38.1],[-80.3,38.1],[-80.3,38.2],[-80.1,38.2],[-80.1,38.3],[-80.0,38.3],[-80.0,38.4],[-79.9,38.4],[-79.9,38.5],[-79.8,38.5],[-79.8,38.3],[-79.7,38.3],[-79.7,38.4],[-79.6,38.4],[-79.6,38.5],[-79.5,38.5],[-79.5,38.8],[-79.4,38.8],[-79.4,38.9],[-79.3,38.9],[-79.3,39.1],[-79.2,39.1],[-79.2,39.3],[-79.4,39.3],[-79.4,39.2],[-79.6,39.2]]],[[[-105.5,41.4],[-105.5,41.1],[-105.4,41.1],[-105.4,41.4],[-105.5,41.4]]],[[[-78.3,41.6],[-78.3,41.8],[-78.2,41.8],[-78.2,41.7],[-77.9,41.7],[-77.9,41.6],[-77.8,41.6],[-77.8,41.7],[-77.7,41.7],[-77.7,41.8],[-77.5,41.8],[-77.5,41.9],[-77.6,41.9],[-77.6,42.1],[-77.5,42.1],[-77.5,42.2],[-77.7,42.2],[-77.7,42.3],[-77.8,42.3],[-77.8,42.4],[-77.9,42.4],[-77.9,42.5],[-78.0,42.5],[-78.0,42.2],[-78.1,42.2],[-78.1,42.3],[-78.2,42.3],[-78.2,42.7],[-78.3,42.7],[-78.3,42.6],[-78.4,42.6],[-78.4,42.5],[-78.6,42.5],[-78.6,42.4],[-78.7,42.4],[-78.7,42.3],[-78.9,42.3],[-78.9,42.1],[-78.8,42.1],[-78.8,42.0],[-78.9,42.0],[-78.9,41.7],[-78.8,41.7],[-78.8,41.6],[-78.6,41.6],[-78.6,41.5],[-78.5,41.5],[-78.5,41.6],[-78.3,41.6]],[[-78.3,41.9],[-78.3,41.8],[-78.5,41.8],[-78.5,41.9],[-78.4,41.9],[-78.4,42.0],[-78.5,42.0],[-78.5,42.1],[-78.3,42.1],[-78.3,42.0],[-78.1,42.0],[-78.1,41.9],[-78.3,41.9]]],[[[-74.9,42.1],[-74.8,42.1],[-74.8,41.9],[-74.3,41.9],[-74.3,42.0],[-74.4,42.0],[-74.4,42.1],[-74.1,42.1],[-74.1,42.3],[-74.2,42.3],[-74.2,42.4],[-74.3,42.4],[-74.3,42.5],[-74.4,42.5],[-74.4,42.3],[-74.5,42.3],[-74.5,42.6],[-74.6,42.6],[-74.6,42.7],[-74.8,42.7],[-74.8,42.4],[-75.1,42.4],[-75.1,42.2],[-75.0,42.2],[-75.0,42.3],[-74.9,42.3],[-74.9,42.1]],[[-74.6,42.1],[-74.8,42.1],[-74.8,42.2],[-74.6,42.2],[-74.6,42.1]]],[[[-73.1,43.1],[-73.1,43.3],[-73.2,43.3],[-73.2,43.1],[-73.1,43.1]]],[[[-75.6,43.5],[-75.6,43.4],[-75.4,43.4],[-75.4,43.7],[-75.5,43.7],[-75.5,43.8],[-75.6,43.8],[-75.6,43.9],[-75.8,43.9],[-75.8,43.8],[-75.9,43.8],[-75.9,43.6],[-75.7,43.6],[-75.7,43.5],[-75.6,43.5]]],[[[-104.1,43.9],[-104.0,43.9],[-104.0,43.8],[-103.9,43.8],[-103.9,43.7],[-103.5,43.7],[-103.5,44.3],[-103.6,44.3],[-103.6,44.4],[-104.2,44.4],[-104.2,44.3],[-104.3,44.3],[-104.3,44.2],[-104.2,44.2],[-104.2,44.0],[-104.1,44.0],[-104.1,43.9]]],[[[-74.6,44.7],[-74.6,44.6],[-74.8,44.6],[-74.8,44.5],[-74.9,44.5],[-74.9,44.4],[-75.0,44.4],[-75.0,44.3],[-75.1,44.3],[-75.1,44.2],[-75.2,44.2],[-75.2,44.0],[-75.3,44.0],[-75.3,43.7],[-75.2,43.7],[-75.2,43.5],[-75.1,43.5],[-75.1,43.4],[-75.0,43.4],[-75.0,43.3],[-74.9,43.3],[-74.9,43.2],[-74.6,43.2],[-74.6,43.1],[-74.5,43.1],[-74.5,43.2],[-74.3,43.2],[-74.3,43.4],[-74.2,43.4],[-74.2,43.3],[-74.0,43.3],[-74.0,43.4],[-73.9,43.4],[-73.9,43.6],[-74.0,43.6],[-74.0,43.8],[-73.8,43.8],[-73.8,44.0],[-73.7,44.0],[-73.7,44.1],[-73.5,44.1],[-73.5,44.2],[-73.6,44.2],[-73.6,44.4],[-73.7,44.4],[-73.7,44.3],[-73.8,44.3],[-73.8,44.7],[-73.6,44.7],[-73.6,44.8],[-73.7,44.8],[-73.7,44.9],[-73.9,44.9],[-73.9,45.0],[-74.0,45.0],[-74.0,44.9],[-74.2,44.9],[-74.2,44.8],[-74.5,44.8],[-74.5,44.7],[-74.6,44.7]]],[[[-80.9,44.2],[-80.9,44.1],[-81.0,44.1],[-81.0,44.0],[-81.1,44.0],[-81.1,44.1],[-81.2,44.1],[-81.2,43.9],[-81.1,43.9],[-81.1,43.8],[-80.9,43.8],[-80.9,43.7],[-80.8,43.7],[-80.8,43.8],[-80.7,43.8],[-80.7,43.7],[-80.4,43.7],[-80.4,43.8],[-80.1,43.8],[-80.1,43.9],[-80.0,43.9],[-80.0,44.1],[-80.1,44.1],[-80.1,44.3],[-80.2,44.3],[-80.2,44.4],[-80.3,44.4],[-80.3,44.5],[-80.5,44.5],[-80.5,44.6],[-80.7,44.6],[-80.7,44.7],[-80.8,44.7],[-80.8,44.6],[-80.9,44.6],[-80.9,44.5],[-81.0,44.5],[-81.0,44.2],[-80.9,44.2]]],[[[-85.3,44.1],[-85.3,44.4],[-85.7,44.4],[-85.7,44.2],[-85.5,44.2],[-85.5,44.3],[-85.4,44.3],[-85.4,44.1],[-85.3,44.1]]],[[[-83.9,44.5],[-83.9,44.6],[-84.1,44.6],[-84.1,44.5],[-83.9,44.5]]],[[[-80.9,44.7],[-80.9,44.8],[-81.0,44.8],[-81.0,44.9],[-81.2,44.9],[-81.2,44.8],[-81.1,44.8],[-81.1,44.6],[-81.0,44.6],[-81.0,44.7],[-80.9,44.7]]],[[[-61.7,47.3],[-61.7,47.5],[-61.4,47.5],[-61.4,47.6],[-61.3,47.6],[-61.3,47.7],[-61.4,47.7],[-61.4,47.8],[-61.6,47.8],[-61.6,47.6],[-61.8,47.6],[-61.8,47.5],[-62.0,47.5],[-62.0,47.3],[-62.1,47.3],[-62.1,47.2],[-61.6,47.2],[-61.6,47.3],[-61.7,47.3]]],[[[-102.9,48.6],[-102.5,48.6],[-102.5,48.5],[-102.1,48.5],[-102.1,48.6],[-102.3,48.6],[-102.3,48.7],[-102.5,48.7],[-102.5,48.8],[-103.0,48.8],[-103.0,48.7],[-102.9,48.7],[-102.9,48.6]]],[[[-52.7,47.9],[-52.9,47.9],[-52.9,48.0],[-52.8,48.0],[-52.8,48.1],[-52.7,48.1],[-52.7,48.2],[-52.9,48.2],[-52.9,48.1],[-53.4,48.1],[-53.4,47.9],[-53.5,47.9],[-53.5,47.8],[-53.6,47.8],[-53.6,47.7],[-53.7,47.7],[-53.7,47.9],[-53.6,47.9],[-53.6,48.0],[-53.5,48.0],[-53.5,48.2],[-53.3,48.2],[-53.3,48.3],[-53.1,48.3],[-53.1,48.4],[-53.0,48.4],[-53.0,48.7],[-53.2,48.7],[-53.2,48.6],[-53.3,48.6],[-53.3,48.7],[-53.5,48.7],[-53.5,48.6],[-53.6,48.6],[-53.6,49.0],[-53.5,49.0],[-53.5,49.4],[-53.8,49.4],[-53.8,49.5],[-54.0,49.5],[-54.0,49.6],[-54.1,49.6],[-54.1,49.5],[-54.5,49.5],[-54.5,49.6],[-54.6,49.6],[-54.6,49.7],[-54.8,49.7],[-54.8,49.6],[-54.9,49.6],[-54.9,49.4],[-55.0,49.4],[-55.0,49.5],[-55.1,49.5],[-55.1,49.6],[-55.6,49.6],[-55.6,49.7],[-55.8,49.7],[-55.8,49.8],[-55.6,49.8],[-55.6,50.0],[-55.8,50.0],[-55.8,50.1],[-56.1,50.1],[-56.1,50.2],[-56.3,50.2],[-56.3,50.1],[-56.4,50.1],[-56.4,50.0],[-56.5,50.0],[-56.5,49.9],[-56.7,49.9],[-56.7,50.0],[-56.6,50.0],[-56.6,50.1],[-56.5,50.1],[-56.5,50.2],[-56.4,50.2],[-56.4,50.6],[-56.2,50.6],[-56.2,50.7],[-56.1,50.7],[-56.1,50.8],[-56.0,50.8],[-56.0,50.9],[-55.9,50.9],[-55.9,50.8],[-55.8,50.8],[-55.8,51.1],[-55.9,51.1],[-55.9,51.2],[-56.0,51.2],[-56.0,51.3],[-56.1,51.3],[-56.1,51.4],[-56.3,51.4],[-56.3,51.5],[-56.6,51.5],[-56.6,51.4],[-56.8,51.4],[-56.8,51.2],[-56.9,51.2],[-56.9,51.1],[-57.1,51.1],[-57.1,50.8],[-57.2,50.8],[-57.2,50.9],[-57.4,50.9],[-57.4,50.8],[-57.5,50.8],[-57.5,50.7],[-57.4,50.7],[-57.4,50.6],[-57.5,50.6],[-57.5,50.5],[-57.6,50.5],[-57.6,50.3],[-57.7,50.3],[-57.7,50.1],[-57.8,50.1],[-57.8,50.0],[-57.9,50.0],[-57.9,49.8],[-58.0,49.8],[-58.0,49.6],[-58.2,49.6],[-58.2,49.5],[-58.3,49.5],[-58.3,49.3],[-58.4,49.3],[-58.4,49.2],[-58.5,49.2],[-58.5,49.0],[-58.6,49.0],[-58.6,48.9],[-58.7,48.9],[-58.7,48.8],[-58.9,48.8],[-58.9,48.7],[-59.2,48.7],[-59.2,48.6],[-59.3,48.6],[-59.3,48.4],[-59.1,48.4],[-59.1,48.5],[-58.7,48.5],[-58.7,48.4],[-58.8,48.4],[-58.8,48.3],[-58.9,48.3],[-58.9,48.2],[-59.1,48.2],[-59.1,48.1],[-59.3,48.1],[-59.3,48.0],[-59.5,48.0],[-59.5,47.8],[-59.4,47.8],[-59.4,47.6],[-59.3,47.6],[-59.3,47.5],[-58.7,47.5],[-58.7,47.6],[-57.7,47.6],[-57.7,47.5],[-56.6,47.5],[-56.6,47.6],[-56.2,47.6],[-56.2,47.4],[-55.8,47.4],[-55.8,47.3],[-55.7,47.3],[-55.7,47.4],[-55.4,47.4],[-55.4,47.3],[-55.5,47.3],[-55.5,47.2],[-55.8,47.2],[-55.8,47.1],[-56.0,47.1],[-56.0,46.9],[-56.2,46.9],[-56.2,47.1],[-56.3,47.1],[-56.3,47.2],[-56.4,47.2],[-56.4,46.7],[-56.1,46.7],[-56.1,46.8],[-55.6,46.8],[-55.6,46.9],[-55.5,46.9],[-55.5,46.8],[-55.3,46.8],[-55.3,46.9],[-55.1,46.9],[-55.1,47.0],[-55.0,47.0],[-55.0,47.2],[-54.7,47.2],[-54.7,47.3],[-54.1,47.3],[-54.1,47.1],[-54.2,47.1],[-54.2,46.8],[-54.1,46.8],[-54.1,46.7],[-54.0,46.7],[-54.0,46.8],[-53.9,46.8],[-53.9,46.9],[-53.7,46.9],[-53.7,46.6],[-53.0,46.6],[-53.0,46.7],[-52.9,46.7],[-52.9,46.9],[-52.8,46.9],[-52.8,47.2],[-52.7,47.2],[-52.7,47.4],[-52.6,47.4],[-52.6,47.8],[-52.7,47.8],[-52.7,47.9]],[[-53.0,47.9],[-52.9,47.9],[-52.9,47.7],[-53.1,47.7],[-53.1,47.8],[-53.0,47.8],[-53.0,47.9]]],[[[-62.5,49.6],[-62.5,49.7],[-62.8,49.7],[-62.8,49.8],[-63.2,49.8],[-63.2,49.9],[-63.9,49.9],[-63.9,50.0],[-64.5,50.0],[-64.5,49.9],[-64.6,49.9],[-64.6,49.8],[-64.4,49.8],[-64.4,49.7],[-64.0,49.7],[-64.0,49.6],[-63.8,49.6],[-63.8,49.5],[-63.7,49.5],[-63.7,49.4],[-63.6,49.4],[-63.6,49.3],[-63.3,49.3],[-63.3,49.2],[-63.0,49.2],[-63.0,49.1],[-62.4,49.1],[-62.4,49.0],[-61.7,49.0],[-61.7,49.1],[-61.6,49.1],[-61.6,49.2],[-61.7,49.2],[-61.7,49.3],[-61.8,49.3],[-61.8,49.4],[-62.1,49.4],[-62.1,49.5],[-62.4,49.5],[-62.4,49.6],[-62.5,49.6]]],[[[-104.7,49.7],[-104.7,49.9],[-104.8,49.9],[-104.8,49.8],[-105.0,49.8],[-105.0,49.7],[-104.9,49.7],[-104.9,49.4],[-104.6,49.4],[-104.6,49.2],[-104.0,49.2],[-104.0,49.3],[-104.2,49.3],[-104.2,49.4],[-104.4,49.4],[-104.4,49.5],[-104.5,49.5],[-104.5,49.6],[-104.6,49.6],[-104.6,49.7],[-104.7,49.7]]],[[[-54.3,49.6],[-54.1,49.6],[-54.1,49.7],[-54.3,49.7],[-54.3,49.6]]],[[[-121.7,55.3],[-121.7,55.2],[-121.6,55.2],[-121.6,55.4],[-121.5,55.4],[-121.5,55.3],[-121.4,55.3],[-121.4,55.2],[-121.2,55.2],[-121.2,55.1],[-121.1,55.1],[-121.1,55.0],[-120.8,55.0],[-120.8,54.8],[-120.5,54.8],[-120.5,54.9],[-120.4,54.9],[-120.4,54.8],[-120.2,54.8],[-120.2,54.6],[-119.9,54.6],[-119.9,54.5],[-119.8,54.5],[-119.8,54.4],[-119.6,54.4],[-119.6,54.6],[-119.4,54.6],[-119.4,54.5],[-119.3,54.5],[-119.3,54.4],[-119.0,54.4],[-119.0,54.2],[-118.8,54.2],[-118.8,54.1],[-118.3,54.1],[-118.3,54.0],[-118.1,54.0],[-118.1,53.9],[-118.2,53.9],[-118.2,53.8],[-118.0,53.8],[-118.0,53.7],[-117.9,53.7],[-117.9,53.3],[-118.0,53.3],[-118.0,53.2],[-118.1,53.2],[-118.1,52.8],[-118.0,52.8],[-118.0,53.1],[-117.9,53.1],[-117.9,53.2],[-117.7,53.2],[-117.7,53.3],[-117.4,53.3],[-117.4,53.2],[-117.3,53.2],[-117.3,53.1],[-116.8,53.1],[-116.8,53.0],[-116.7,53.0],[-116.7,52.9],[-116.5,52.9],[-116.5,52.8],[-116.4,52.8],[-116.4,52.7],[-116.3,52.7],[-116.3,52.6],[-116.0,52.6],[-116.0,52.5],[-115.9,52.5],[-115.9,52.4],[-115.7,52.4],[-115.7,52.2],[-115.5,52.2],[-115.5,52.0],[-115.4,52.0],[-115.4,51.9],[-115.3,51.9],[-115.3,51.8],[-115.2,51.8],[-115.2,51.7],[-115.3,51.7],[-115.3,51.6],[-115.1,51.6],[-115.1,51.0],[-114.8,51.0],[-114.8,50.8],[-114.7,50.8],[-114.7,50.6],[-114.6,50.6],[-114.6,50.4],[-114.5,50.4],[-114.5,50.3],[-114.4,50.3],[-114.4,50.1],[-114.3,50.1],[-114.3,50.0],[-114.5,50.0],[-114.5,49.9],[-114.6,49.9],[-114.6,49.8],[-114.5,49.8],[-114.5,49.7],[-114.7,49.7],[-114.7,49.8],[-114.8,49.8],[-114.8,50.1],[-114.9,50.1],[-114.9,50.3],[-115.0,50.3],[-115.0,49.7],[-115.1,49.7],[-115.1,49.9],[-115.2,49.9],[-115.2,49.8],[-115.4,49.8],[-115.4,49.6],[-115.5,49.6],[-115.5,49.8],[-115.6,49.8],[-115.6,50.0],[-115.4,50.0],[-115.4,50.3],[-115.5,50.3],[-115.5,50.6],[-115.7,50.6],[-115.7,50.7],[-115.9,50.7],[-115.9,51.0],[-116.0,51.0],[-116.0,50.9],[-116.3,50.9],[-116.3,51.1],[-116.5,51.1],[-116.5,51.2],[-116.8,51.2],[-116.8,51.3],[-116.9,51.3],[-116.9,51.5],[-117.1,51.5],[-117.1,51.6],[-117.4,51.6],[-117.4,51.7],[-117.3,51.7],[-117.3,51.8],[-117.2,51.8],[-117.2,51.9],[-117.3,51.9],[-117.3,52.0],[-117.4,52.0],[-117.4,51.9],[-117.5,51.9],[-117.5,51.8],[-117.7,51.8],[-117.7,51.7],[-117.6,51.7],[-117.6,51.6],[-117.5,51.6],[-117.5,51.3],[-117.4,51.3],[-117.4,51.5],[-117.2,51.5],[-117.2,51.4],[-117.1,51.4],[-117.1,51.3],[-117.0,51.3],[-117.0,51.2],[-116.9,51.2],[-116.9,51.0],[-116.7,51.0],[-116.7,50.9],[-116.6,50.9],[-116.6,50.8],[-116.4,50.8],[-116.4,50.7],[-116.3,50.7],[-116.3,50.4],[-116.2,50.4],[-116.2,50.5],[-116.1,50.5],[-116.1,50.1],[-116.0,50.1],[-116.0,49.8],[-116.1,49.8],[-116.1,49.7],[-116.2,49.7],[-116.2,49.6],[-116.3,49.6],[-116.3,49.8],[-116.5,49.8],[-116.5,49.7],[-116.6,49.7],[-116.6,49.6],[-116.4,49.6],[-116.4,49.3],[-116.3,49.3],[-116.3,49.2],[-116.2,49.2],[-116.2,49.1],[-115.9,49.1],[-115.9,49.0],[-115.8,49.0],[-115.8,48.9],[-115.6,48.9],[-115.6,48.8],[-115.5,48.8],[-115.5,48.7],[-115.4,48.7],[-115.4,48.6],[-115.3,48.6],[-115.3,48.4],[-115.2,48.4],[-115.2,48.3],[-115.0,48.3],[-115.0,47.9],[-114.9,47.9],[-114.9,47.6],[-115.0,47.6],[-115.0,47.3],[-115.1,47.3],[-115.1,47.2],[-115.0,47.2],[-115.0,47.1],[-114.9,47.1],[-114.9,47.0],[-114.8,47.0],[-114.8,46.9],[-114.7,46.9],[-114.7,46.8],[-114.6,46.8],[-114.6,46.1],[-114.7,46.1],[-114.7,46.0],[-114.8,46.0],[-114.8,45.9],[-114.9,45.9],[-114.9,45.6],[-115.0,45.6],[-115.0,45.4],[-115.1,45.4],[-115.1,45.0],[-115.0,45.0],[-115.0,44.7],[-114.9,44.7],[-114.9,44.6],[-114.8,44.6],[-114.8,44.5],[-114.6,44.5],[-114.6,44.6],[-114.3,44.6],[-114.3,44.7],[-114.2,44.7],[-114.2,44.8],[-114.1,44.8],[-114.1,44.9],[-114.0,44.9],[-114.0,45.2],[-113.9,45.2],[-113.9,45.3],[-113.8,45.3],[-113.8,45.5],[-113.7,45.5],[-113.7,45.4],[-113.6,45.4],[-113.6,44.8],[-113.4,44.8],[-113.4,44.7],[-113.2,44.7],[-113.2,44.9],[-113.3,44.9],[-113.3,45.1],[-113.1,45.1],[-113.1,45.3],[-113.0,45.3],[-113.0,45.4],[-113.1,45.4],[-113.1,45.5],[-113.0,45.5],[-113.0,45.7],[-112.9,45.7],[-112.9,45.6],[-112.8,45.6],[-112.8,45.8],[-112.6,45.8],[-112.6,45.7],[-112.4,45.7],[-112.4,45.9],[-112.3,45.9],[-112.3,46.0],[-112.2,46.0],[-112.2,46.1],[-112.1,46.1],[-112.1,46.0],[-112.0,46.0],[-112.0,46.2],[-111.7,46.2],[-111.7,46.5],[-112.0,46.5],[-112.0,46.6],[-112.2,46.6],[-112.2,46.8],[-112.1,46.8],[-112.1,46.9],[-112.0,46.9],[-112.0,47.0],[-112.1,47.0],[-112.1,47.2],[-112.3,47.2],[-112.3,47.4],[-112.5,47.4],[-112.5,47.5],[-112.6,47.5],[-112.6,48.1],[-112.7,48.1],[-112.7,48.5],[-112.8,48.5],[-112.8,48.7],[-112.9,48.7],[-112.9,49.1],[-112.8,49.1],[-112.8,49.2],[-112.4,49.2],[-112.4,49.3],[-112.7,49.3],[-112.7,49.4],[-113.1,49.4],[-113.1,49.7],[-113.2,49.7],[-113.2,49.8],[-113.1,49.8],[-113.1,49.9],[-112.9,49.9],[-112.9,50.1],[-113.1,50.1],[-113.1,50.0],[-113.4,50.0],[-113.4,50.1],[-113.5,50.1],[-113.5,50.2],[-113.6,50.2],[-113.6,50.3],[-112.9,50.3],[-112.9,50.4],[-113.2,50.4],[-113.2,50.5],[-113.0,50.5],[-113.0,50.7],[-113.4,50.7],[-113.4,51.0],[-113.2,51.0],[-113.2,51.1],[-112.5,51.1],[-112.5,51.2],[-112.4,51.2],[-112.4,51.3],[-112.9,51.3],[-112.9,51.4],[-112.8,51.4],[-112.8,51.5],[-112.6,51.5],[-112.6,51.4],[-112.5,51.4],[-112.5,51.5],[-112.4,51.5],[-112.4,51.4],[-112.3,51.4],[-112.3,51.3],[-112.2,51.3],[-112.2,51.4],[-112.0,51.4],[-112.0,51.6],[-111.9,51.6],[-111.9,51.5],[-111.7,51.5],[-111.7,51.8],[-111.4,51.8],[-111.4,51.9],[-111.3,51.9],[-111.3,51.8],[-111.2,51.8],[-111.2,51.9],[-111.1,51.9],[-111.1,51.8],[-110.7,51.8],[-110.7,51.7],[-110.5,51.7],[-110.5,51.8],[-110.6,51.8],[-110.6,52.0],[-110.4,52.0],[-110.4,51.9],[-110.2,51.9],[-110.2,52.0],[-110.0,52.0],[-110.0,51.9],[-109.8,51.9],[-109.8,52.0],[-109.7,52.0],[-109.7,51.9],[-109.4,51.9],[-109.4,52.0],[-109.0,52.0],[-109.0,51.9],[-108.4,51.9],[-108.4,51.8],[-107.8,51.8],[-107.8,51.6],[-107.7,51.6],[-107.7,51.5],[-107.4,51.5],[-107.4,51.3],[-107.5,51.3],[-107.5,51.2],[-107.6,51.2],[-107.6,51.0],[-107.5,51.0],[-107.5,51.1],[-107.1,51.1],[-107.1,51.3],[-107.2,51.3],[-107.2,51.6],[-107.1,51.6],[-107.1,51.7],[-107.0,51.7],[-107.0,51.6],[-106.9,51.6],[-106.9,51.7],[-106.8,51.7],[-106.8,51.9],[-106.7,51.9],[-106.7,51.7],[-106.5,51.7],[-106.5,51.6],[-106.4,51.6],[-106.4,51.4],[-106.3,51.4],[-106.3,51.2],[-106.2,51.2],[-106.2,51.0],[-106.0,51.0],[-106.0,50.9],[-105.9,50.9],[-105.9,50.8],[-105.8,50.8],[-105.8,50.7],[-105.7,50.7],[-105.7,50.6],[-105.3,50.6],[-105.3,50.7],[-105.4,50.7],[-105.4,50.8],[-105.2,50.8],[-105.2,50.7],[-105.0,50.7],[-105.0,50.5],[-104.8,50.5],[-104.8,50.4],[-104.9,50.4],[-104.9,50.2],[-104.8,50.2],[-104.8,50.1],[-104.7,50.1],[-104.7,49.9],[-104.3,49.9],[-104.3,49.8],[-104.0,49.8],[-104.0,49.7],[-103.7,49.7],[-103.7,49.6],[-103.5,49.6],[-103.5,49.5],[-103.2,49.5],[-103.2,49.4],[-103.1,49.4],[-103.1,49.5],[-103.0,49.5],[-103.0,49.4],[-102.9,49.4],[-102.9,49.3],[-102.5,49.3],[-102.5,49.2],[-102.3,49.2],[-102.3,49.3],[-102.2,49.3],[-102.2,49.2],[-101.9,49.2],[-101.9,49.3],[-101.4,49.3],[-101.4,49.4],[-101.3,49.4],[-101.3,49.5],[-101.1,49.5],[-101.1,49.6],[-101.0,49.6],[-101.0,49.7],[-100.9,49.7],[-100.9,49.8],[-100.6,49.8],[-100.6,49.7],[-100.4,49.7],[-100.4,49.5],[-100.5,49.5],[-100.5,49.1],[-100.6,49.1],[-100.6,49.0],[-100.5,49.0],[-100.5,48.9],[-100.4,48.9],[-100.4,48.8],[-99.8,48.8],[-99.8,48.7],[-99.6,48.7],[-99.6,48.6],[-99.4,48.6],[-99.4,48.7],[-99.0,48.7],[-99.0,48.6],[-98.8,48.6],[-98.8,48.5],[-98.5,48.5],[-98.5,48.6],[-98.3,48.6],[-98.3,48.5],[-98.0,48.5],[-98.0,48.6],[-97.9,48.6],[-97.9,48.7],[-98.0,48.7],[-98.0,48.9],[-98.1,48.9],[-98.1,49.1],[-98.2,49.1],[-98.2,49.3],[-98.3,49.3],[-98.3,49.4],[-98.4,49.4],[-98.4,49.5],[-98.5,49.5],[-98.5,49.6],[-98.6,49.6],[-98.6,49.7],[-98.7,49.7],[-98.7,49.9],[-99.0,49.9],[-99.0,50.0],[-99.1,50.0],[-99.1,50.4],[-99.0,50.4],[-99.0,50.3],[-98.9,50.3],[-98.9,50.5],[-98.8,50.5],[-98.8,50.4],[-98.7,50.4],[-98.7,50.6],[-98.8,50.6],[-98.8,51.1],[-99.0,51.1],[-99.0,51.3],[-98.9,51.3],[-98.9,51.4],[-98.8,51.4],[-98.8,51.3],[-98.6,51.3],[-98.6,51.2],[-98.7,51.2],[-98.7,51.0],[-98.6,51.0],[-98.6,50.9],[-98.3,50.9],[-98.3,50.8],[-98.0,50.8],[-98.0,50.6],[-97.9,50.6],[-97.9,50.2],[-97.8,50.2],[-97.8,50.1],[-97.3,50.1],[-97.3,50.2],[-97.0,50.2],[-97.0,50.7],[-96.9,50.7],[-96.9,50.8],[-96.8,50.8],[-96.8,50.9],[-96.7,50.9],[-96.7,50.8],[-96.5,50.8],[-96.5,50.7],[-96.6,50.7],[-96.6,50.6],[-96.5,50.6],[-96.5,50.4],[-96.3,50.4],[-96.3,50.2],[-96.4,50.2],[-96.4,49.9],[-96.5,49.9],[-96.5,49.8],[-96.6,49.8],[-96.6,49.7],[-96.5,49.7],[-96.5,49.6],[-96.4,49.6],[-96.4,49.4],[-96.6,49.4],[-96.6,49.3],[-96.5,49.3],[-96.5,49.2],[-96.3,49.2],[-96.3,49.1],[-95.9,49.1],[-95.9,49.0],[-95.7,49.0],[-95.7,48.9],[-95.5,48.9],[-95.5,49.0],[-95.3,49.0],[-95.3,49.1],[-95.1,49.1],[-95.1,49.0],[-94.6,49.0],[-94.6,48.9],[-94.7,48.9],[-94.7,48.8],[-94.9,48.8],[-94.9,48.9],[-95.1,48.9],[-95.1,48.8],[-95.4,48.8],[-95.4,48.7],[-95.5,48.7],[-95.5,48.6],[-95.4,48.6],[-95.4,48.4],[-94.9,48.4],[-94.9,48.3],[-94.7,48.3],[-94.7,48.4],[-94.4,48.4],[-94.4,48.0],[-94.5,48.0],[-94.5,47.6],[-94.1,47.6],[-94.1,47.5],[-93.9,47.5],[-93.9,47.4],[-93.6,47.4],[-93.6,47.3],[-93.3,47.3],[-93.3,47.2],[-93.2,47.2],[-93.2,47.1],[-93.0,47.1],[-93.0,47.0],[-92.9,47.0],[-92.9,46.9],[-92.8,46.9],[-92.8,46.7],[-92.5,46.7],[-92.5,46.8],[-92.3,46.8],[-92.3,46.7],[-92.2,46.7],[-92.2,46.8],[-92.1,46.8],[-92.1,46.9],[-91.6,46.9],[-91.6,46.8],[-91.4,46.8],[-91.4,46.7],[-91.5,46.7],[-91.5,46.6],[-91.6,46.6],[-91.6,46.5],[-91.5,46.5],[-91.5,46.4],[-91.4,46.4],[-91.4,46.3],[-91.5,46.3],[-91.5,46.2],[-91.3,46.2],[-91.3,46.1],[-91.2,46.1],[-91.2,46.0],[-91.1,46.0],[-91.1,45.9],[-90.9,45.9],[-90.9,45.7],[-90.7,45.7],[-90.7,45.5],[-90.4,45.5],[-90.4,45.4],[-90.3,45.4],[-90.3,45.3],[-90.0,45.3],[-90.0,45.4],[-89.8,45.4],[-89.8,45.5],[-89.6,45.5],[-89.6,45.4],[-89.5,45.4],[-89.5,45.3],[-89.1,45.3],[-89.1,45.2],[-88.8,45.2],[-88.8,45.3],[-88.6,45.3],[-88.6,45.4],[-88.4,45.4],[-88.4,45.5],[-88.3,45.5],[-88.3,45.6],[-88.1,45.6],[-88.1,45.7],[-88.0,45.7],[-88.0,45.8],[-87.8,45.8],[-87.8,45.7],[-87.3,45.7],[-87.3,45.8],[-86.7,45.8],[-86.7,45.7],[-85.8,45.7],[-85.8,45.8],[-85.7,45.8],[-85.7,45.7],[-85.6,45.7],[-85.6,45.6],[-85.5,45.6],[-85.5,45.8],[-85.2,45.8],[-85.2,45.7],[-85.1,45.7],[-85.1,45.5],[-85.0,45.5],[-85.0,45.3],[-84.9,45.3],[-84.9,45.1],[-85.1,45.1],[-85.1,44.9],[-85.2,44.9],[-85.2,44.8],[-85.1,44.8],[-85.1,44.7],[-84.1,44.7],[-84.1,44.9],[-84.2,44.9],[-84.2,45.1],[-84.0,45.1],[-84.0,45.2],[-83.6,45.2],[-83.6,45.4],[-83.9,45.4],[-83.9,45.6],[-84.0,45.6],[-84.0,45.7],[-84.1,45.7],[-84.1,45.8],[-83.9,45.8],[-83.9,45.7],[-83.7,45.7],[-83.7,45.6],[-83.6,45.6],[-83.6,45.5],[-83.2,45.5],[-83.2,45.4],[-83.1,45.4],[-83.1,45.3],[-82.4,45.3],[-82.4,45.2],[-81.6,45.2],[-81.6,45.1],[-81.4,45.1],[-81.4,45.0],[-81.3,45.0],[-81.3,45.5],[-81.2,45.5],[-81.2,45.6],[-81.1,45.6],[-81.1,45.5],[-81.0,45.5],[-81.0,45.6],[-80.6,45.6],[-80.6,45.7],[-80.7,45.7],[-80.7,45.8],[-80.5,45.8],[-80.5,45.7],[-80.4,45.7],[-80.4,45.5],[-80.3,45.5],[-80.3,45.4],[-80.0,45.4],[-80.0,45.2],[-79.9,45.2],[-79.9,45.1],[-79.7,45.1],[-79.7,45.0],[-79.5,45.0],[-79.5,45.1],[-79.4,45.1],[-79.4,45.0],[-79.3,45.0],[-79.3,44.9],[-79.2,44.9],[-79.2,44.8],[-78.8,44.8],[-78.8,44.7],[-77.6,44.7],[-77.6,44.8],[-77.2,44.8],[-77.2,44.9],[-77.0,44.9],[-77.0,45.0],[-76.6,45.0],[-76.6,45.1],[-76.7,45.1],[-76.7,45.2],[-76.9,45.2],[-76.9,45.3],[-77.0,45.3],[-77.0,45.4],[-77.1,45.4],[-77.1,45.5],[-77.5,45.5],[-77.5,45.6],[-77.6,45.6],[-77.6,45.7],[-77.4,45.7],[-77.4,46.0],[-77.1,46.0],[-77.1,45.9],[-76.6,45.9],[-76.6,45.8],[-76.5,45.8],[-76.5,45.7],[-76.0,45.7],[-76.0,45.8],[-76.1,45.8],[-76.1,46.0],[-75.9,46.0],[-75.9,45.7],[-75.8,45.7],[-75.8,45.6],[-75.7,45.6],[-75.7,45.8],[-75.5,45.8],[-75.5,45.7],[-75.2,45.7],[-75.2,45.8],[-74.9,45.8],[-74.9,45.7],[-74.8,45.7],[-74.8,45.8],[-74.7,45.8],[-74.7,45.7],[-74.2,45.7],[-74.2,45.8],[-74.1,45.8],[-74.1,45.9],[-73.9,45.9],[-73.9,46.0],[-73.8,46.0],[-73.8,46.1],[-73.6,46.1],[-73.6,46.2],[-73.4,46.2],[-73.4,46.4],[-73.3,46.4],[-73.3,46.3],[-73.1,46.3],[-73.1,46.4],[-73.0,46.4],[-73.0,46.5],[-72.8,46.5],[-72.8,46.6],[-72.3,46.6],[-72.3,46.7],[-71.5,46.7],[-71.5,46.6],[-71.7,46.6],[-71.7,46.5],[-71.9,46.5],[-71.9,46.3],[-71.8,46.3],[-71.8,46.2],[-71.9,46.2],[-71.9,46.0],[-72.0,46.0],[-72.0,45.8],[-72.1,45.8],[-72.1,45.6],[-72.3,45.6],[-72.3,45.5],[-72.4,45.5],[-72.4,45.4],[-72.5,45.4],[-72.5,45.2],[-72.6,45.2],[-72.6,44.9],[-72.7,44.9],[-72.7,44.8],[-72.8,44.8],[-72.8,44.6],[-72.9,44.6],[-72.9,44.3],[-73.0,44.3],[-73.0,44.1],[-73.1,44.1],[-73.1,43.9],[-73.0,43.9],[-73.0,43.7],[-72.9,43.7],[-72.9,43.4],[-73.1,43.4],[-73.1,43.3],[-73.0,43.3],[-73.0,43.1],[-73.1,43.1],[-73.1,42.8],[-73.2,42.8],[-73.2,42.7],[-73.1,42.7],[-73.1,42.5],[-73.0,42.5],[-73.0,42.7],[-72.9,42.7],[-72.9,42.8],[-72.8,42.8],[-72.8,43.1],[-72.7,43.1],[-72.7,43.4],[-72.6,43.4],[-72.6,43.5],[-72.5,43.5],[-72.5,43.6],[-72.6,43.6],[-72.6,43.7],[-72.5,43.7],[-72.5,43.8],[-72.3,43.8],[-72.3,44.1],[-72.1,44.1],[-72.1,44.5],[-72.0,44.5],[-72.0,44.3],[-71.9,44.3],[-71.9,44.4],[-71.8,44.4],[-71.8,44.2],[-71.9,44.2],[-71.9,44.1],[-72.0,44.1],[-72.0,43.9],[-72.1,43.9],[-72.1,43.7],[-72.0,43.7],[-72.0,43.6],[-71.8,43.6],[-71.8,43.8],[-71.7,43.8],[-71.7,44.0],[-71.6,44.0],[-71.6,43.8],[-71.5,43.8],[-71.5,43.9],[-71.2,43.9],[-71.2,44.1],[-71.0,44.1],[-71.0,44.3],[-70.8,44.3],[-70.8,44.5],[-70.7,44.5],[-70.7,44.4],[-70.5,44.4],[-70.5,44.5],[-70.6,44.5],[-70.6,44.6],[-70.5,44.6],[-70.5,44.7],[-70.4,44.7],[-70.4,44.5],[-70.3,44.5],[-70.3,44.6],[-70.2,44.6],[-70.2,44.7],[-70.0,44.7],[-70.0,44.9],[-69.9,44.9],[-69.9,45.0],[-69.8,45.0],[-69.8,44.9],[-69.6,44.9],[-69.6,45.0],[-69.5,45.0],[-69.5,44.9],[-69.4,44.9],[-69.4,45.0],[-69.1,45.0],[-69.1,45.1],[-69.0,45.1],[-69.0,45.2],[-69.1,45.2],[-69.1,45.3],[-68.8,45.3],[-68.8,45.4],[-68.7,45.4],[-68.7,45.5],[-68.6,45.5],[-68.6,45.6],[-68.7,45.6],[-68.7,45.7],[-68.5,45.7],[-68.5,45.6],[-68.3,45.6],[-68.3,45.4],[-68.4,45.4],[-68.4,45.3],[-68.5,45.3],[-68.5,45.2],[-68.4,45.2],[-68.4,45.1],[-68.5,45.1],[-68.5,44.8],[-68.7,44.8],[-68.7,44.7],[-69.1,44.7],[-69.1,44.8],[-69.2,44.8],[-69.2,44.7],[-69.3,44.7],[-69.3,44.6],[-69.4,44.6],[-69.4,44.0],[-69.6,44.0],[-69.6,43.9],[-69.9,43.9],[-69.9,43.8],[-70.2,43.8],[-70.2,43.6],[-70.0,43.6],[-70.0,43.7],[-69.6,43.7],[-69.6,43.8],[-69.2,43.8],[-69.2,43.9],[-69.1,43.9],[-69.1,44.0],[-68.8,44.0],[-68.8,44.1],[-68.7,44.1],[-68.7,44.0],[-68.6,44.0],[-68.6,44.2],[-68.5,44.2],[-68.5,44.1],[-68.4,44.1],[-68.4,44.2],[-68.1,44.2],[-68.1,44.3],[-67.8,44.3],[-67.8,44.4],[-67.5,44.4],[-67.5,44.5],[-67.3,44.5],[-67.3,44.6],[-67.1,44.6],[-67.1,44.7],[-67.0,44.7],[-67.0,44.6],[-66.8,44.6],[-66.8,44.5],[-66.7,44.5],[-66.7,44.6],[-66.6,44.6],[-66.6,44.7],[-66.7,44.7],[-66.7,44.8],[-66.9,44.8],[-66.9,44.9],[-66.6,44.9],[-66.6,45.1],[-66.5,45.1],[-66.5,45.0],[-66.4,45.0],[-66.4,45.1],[-66.1,45.1],[-66.1,45.2],[-66.0,45.2],[-66.0,45.1],[-65.9,45.1],[-65.9,45.2],[-65.6,45.2],[-65.6,45.3],[-65.4,45.3],[-65.4,45.4],[-65.1,45.4],[-65.1,45.5],[-65.0,45.5],[-65.0,45.1],[-65.2,45.1],[-65.2,45.0],[-65.4,45.0],[-65.4,44.9],[-65.6,44.9],[-65.6,44.8],[-65.8,44.8],[-65.8,44.7],[-66.0,44.7],[-66.0,44.6],[-66.1,44.6],[-66.1,44.5],[-66.3,44.5],[-66.3,44.4],[-66.4,44.4],[-66.4,44.2],[-66.3,44.2],[-66.3,44.0],[-66.2,44.0],[-66.2,43.8],[-65.9,43.8],[-65.9,43.7],[-65.8,43.7],[-65.8,43.6],[-65.7,43.6],[-65.7,43.5],[-65.4,43.5],[-65.4,43.6],[-65.2,43.6],[-65.2,43.7],[-64.9,43.7],[-64.9,43.8],[-64.7,43.8],[-64.7,43.9],[-64.6,43.9],[-64.6,44.0],[-64.5,44.0],[-64.5,44.1],[-64.3,44.1],[-64.3,44.2],[-64.2,44.2],[-64.2,44.3],[-64.1,44.3],[-64.1,44.4],[-63.5,44.4],[-63.5,44.5],[-63.4,44.5],[-63.4,44.6],[-62.8,44.6],[-62.8,44.7],[-62.5,44.7],[-62.5,44.8],[-62.3,44.8],[-62.3,44.9],[-61.9,44.9],[-61.9,45.0],[-61.6,45.0],[-61.6,45.1],[-61.3,45.1],[-61.3,45.2],[-60.9,45.2],[-60.9,45.4],[-60.8,45.4],[-60.8,45.5],[-60.6,45.5],[-60.6,45.6],[-60.3,45.6],[-60.3,45.7],[-60.1,45.7],[-60.1,45.8],[-59.9,45.8],[-59.9,45.9],[-59.7,45.9],[-59.7,46.0],[-59.6,46.0],[-59.6,46.1],[-59.8,46.1],[-59.8,46.2],[-59.9,46.2],[-59.9,46.3],[-60.2,46.3],[-60.2,46.4],[-60.4,46.4],[-60.4,46.5],[-60.3,46.5],[-60.3,46.9],[-60.4,46.9],[-60.4,47.0],[-60.3,47.0],[-60.3,47.1],[-60.7,47.1],[-60.7,46.9],[-60.9,46.9],[-60.9,46.8],[-61.0,46.8],[-61.0,46.7],[-61.1,46.7],[-61.1,46.5],[-61.2,46.5],[-61.2,46.4],[-61.3,46.4],[-61.3,46.3],[-61.4,46.3],[-61.4,46.2],[-61.5,46.2],[-61.5,46.1],[-61.6,46.1],[-61.6,45.8],[-61.5,45.8],[-61.5,45.7],[-61.8,45.7],[-61.8,45.9],[-62.1,45.9],[-62.1,45.8],[-62.3,45.8],[-62.3,45.7],[-62.6,45.7],[-62.6,45.8],[-62.5,45.8],[-62.5,45.9],[-62.4,45.9],[-62.4,46.2],[-62.3,46.2],[-62.3,46.3],[-62.0,46.3],[-62.0,46.4],[-61.9,46.4],[-61.9,46.5],[-63.4,46.5],[-63.4,46.6],[-63.7,46.6],[-63.7,46.7],[-63.9,46.7],[-63.9,47.1],[-64.1,47.1],[-64.1,47.0],[-64.3,47.0],[-64.3,46.8],[-64.5,46.8],[-64.5,46.6],[-64.2,46.6],[-64.2,46.4],[-64.1,46.4],[-64.1,46.3],[-64.5,46.3],[-64.5,46.4],[-64.6,46.4],[-64.6,46.6],[-64.7,46.6],[-64.7,46.8],[-64.8,46.8],[-64.8,47.1],[-64.9,47.1],[-64.9,47.4],[-64.8,47.4],[-64.8,47.6],[-64.7,47.6],[-64.7,47.7],[-64.5,47.7],[-64.5,47.9],[-64.4,47.9],[-64.4,48.1],[-64.6,48.1],[-64.6,47.9],[-65.3,47.9],[-65.3,47.8],[-65.5,47.8],[-65.5,47.7],[-65.6,47.7],[-65.6,47.8],[-65.7,47.8],[-65.7,47.9],[-65.8,47.9],[-65.8,48.0],[-66.0,48.0],[-66.0,48.1],[-65.7,48.1],[-65.7,48.0],[-65.0,48.0],[-65.0,48.1],[-64.8,48.1],[-64.8,48.2],[-64.7,48.2],[-64.7,48.3],[-64.4,48.3],[-64.4,48.4],[-64.1,48.4],[-64.1,48.8],[-64.2,48.8],[-64.2,49.0],[-64.3,49.0],[-64.3,49.1],[-64.5,49.1],[-64.5,49.2],[-64.9,49.2],[-64.9,49.3],[-66.2,49.3],[-66.2,49.2],[-66.7,49.2],[-66.7,49.1],[-67.0,49.1],[-67.0,49.0],[-67.4,49.0],[-67.4,48.9],[-67.7,48.9],[-67.7,48.8],[-68.0,48.8],[-68.0,48.7],[-68.3,48.7],[-68.3,48.6],[-68.5,48.6],[-68.5,48.5],[-68.7,48.5],[-68.7,48.4],[-68.8,48.4],[-68.8,48.5],[-68.9,48.5],[-68.9,48.4],[-69.0,48.4],[-69.0,48.3],[-69.1,48.3],[-69.1,48.2],[-69.3,48.2],[-69.3,48.1],[-69.6,48.1],[-69.6,48.2],[-69.4,48.2],[-69.4,48.3],[-69.3,48.3],[-69.3,48.4],[-69.2,48.4],[-69.2,48.5],[-69.0,48.5],[-69.0,48.7],[-68.9,48.7],[-68.9,48.8],[-68.7,48.8],[-68.7,48.9],[-68.6,48.9],[-68.6,49.0],[-68.2,49.0],[-68.2,49.1],[-68.1,49.1],[-68.1,49.2],[-67.7,49.2],[-67.7,49.3],[-67.3,49.3],[-67.3,49.4],[-67.2,49.4],[-67.2,49.6],[-67.1,49.6],[-67.1,49.8],[-66.9,49.8],[-66.9,50.0],[-66.7,50.0],[-66.7,50.1],[-66.4,50.1],[-66.4,50.0],[-66.3,50.0],[-66.3,50.1],[-66.0,50.1],[-66.0,50.2],[-64.5,50.2],[-64.5,50.3],[-64.4,50.3],[-64.4,50.2],[-64.0,50.2],[-64.0,50.1],[-63.7,50.1],[-63.7,50.2],[-63.4,50.2],[-63.4,50.1],[-63.2,50.1],[-63.2,50.2],[-61.9,50.2],[-61.9,50.1],[-61.8,50.1],[-61.8,50.0],[-61.6,50.0],[-61.6,50.1],[-60.4,50.1],[-60.4,50.2],[-60.2,50.2],[-60.2,50.1],[-60.0,50.1],[-60.0,50.2],[-59.7,50.2],[-59.7,50.4],[-59.4,50.4],[-59.4,50.5],[-59.3,50.5],[-59.3,50.6],[-59.1,50.6],[-59.1,50.7],[-59.0,50.7],[-59.0,50.8],[-58.9,50.8],[-58.9,50.9],[-58.7,50.9],[-58.7,51.0],[-58.5,51.0],[-58.5,51.1],[-58.3,51.1],[-58.3,51.2],[-58.1,51.2],[-58.1,51.3],[-57.6,51.3],[-57.6,51.4],[-57.2,51.4],[-57.2,51.3],[-57.1,51.3],[-57.1,51.4],[-56.8,51.4],[-56.8,51.5],[-56.7,51.5],[-56.7,51.6],[-56.5,51.6],[-56.5,51.8],[-56.6,51.8],[-56.6,51.9],[-56.4,51.9],[-56.4,52.0],[-56.3,52.0],[-56.3,52.2],[-55.9,52.2],[-55.9,52.5],[-56.0,52.5],[-56.0,52.6],[-56.1,52.6],[-56.1,53.0],[-56.2,53.0],[-56.2,53.3],[-56.5,53.3],[-56.5,53.4],[-56.4,53.4],[-56.4,53.5],[-57.0,53.5],[-57.0,53.8],[-57.3,53.8],[-57.3,53.9],[-57.5,53.9],[-57.5,54.0],[-57.6,54.0],[-57.6,54.1],[-57.8,54.1],[-57.8,54.2],[-57.9,54.2],[-57.9,54.3],[-58.1,54.3],[-58.1,54.4],[-58.6,54.4],[-58.6,54.3],[-58.9,54.3],[-58.9,54.2],[-59.4,54.2],[-59.4,54.1],[-59.7,54.1],[-59.7,54.2],[-59.8,54.2],[-59.8,54.0],[-59.9,54.0],[-59.9,53.9],[-60.0,53.9],[-60.0,54.0],[-60.4,54.0],[-60.4,53.9],[-60.6,53.9],[-60.6,54.0],[-60.7,54.0],[-60.7,54.2],[-60.6,54.2],[-60.6,54.3],[-60.8,54.3],[-60.8,54.2],[-60.9,54.2],[-60.9,54.0],[-61.1,54.0],[-61.1,54.1],[-61.3,54.1],[-61.3,54.0],[-61.2,54.0],[-61.2,53.9],[-61.4,53.9],[-61.4,53.8],[-61.3,53.8],[-61.3,53.6],[-61.1,53.6],[-61.1,53.5],[-61.3,53.5],[-61.3,53.4],[-61.4,53.4],[-61.4,53.5],[-61.7,53.5],[-61.7,53.4],[-61.6,53.4],[-61.6,53.3],[-61.8,53.3],[-61.8,53.4],[-61.9,53.4],[-61.9,53.3],[-62.3,53.3],[-62.3,53.2],[-62.8,53.2],[-62.8,53.3],[-62.9,53.3],[-62.9,53.2],[-63.0,53.2],[-63.0,53.3],[-63.3,53.3],[-63.3,53.4],[-63.6,53.4],[-63.6,53.5],[-63.7,53.5],[-63.7,53.3],[-63.6,53.3],[-63.6,53.1],[-63.2,53.1],[-63.2,53.0],[-63.0,53.0],[-63.0,52.9],[-63.1,52.9],[-63.1,52.8],[-63.0,52.8],[-63.0,52.6],[-63.1,52.6],[-63.1,52.3],[-63.3,52.3],[-63.3,52.2],[-63.6,52.2],[-63.6,52.3],[-63.7,52.3],[-63.7,52.4],[-63.9,52.4],[-63.9,52.5],[-64.0,52.5],[-64.0,52.6],[-64.1,52.6],[-64.1,52.5],[-64.2,52.5],[-64.2,52.6],[-64.3,52.6],[-64.3,52.7],[-64.6,52.7],[-64.6,52.8],[-64.7,52.8],[-64.7,52.6],[-64.8,52.6],[-64.8,52.4],[-64.4,52.4],[-64.4,52.2],[-64.5,52.2],[-64.5,52.0],[-64.6,52.0],[-64.6,51.8],[-64.5,51.8],[-64.5,51.9],[-64.4,51.9],[-64.4,52.0],[-64.3,52.0],[-64.3,51.8],[-64.0,51.8],[-64.0,51.6],[-64.1,51.6],[-64.1,51.4],[-63.9,51.4],[-63.9,51.2],[-63.8,51.2],[-63.8,51.1],[-63.9,51.1],[-63.9,51.0],[-64.1,51.0],[-64.1,51.1],[-64.2,51.1],[-64.2,51.2],[-64.3,51.2],[-64.3,51.1],[-64.4,51.1],[-64.4,51.0],[-64.5,51.0],[-64.5,51.2],[-64.6,51.2],[-64.6,51.4],[-64.7,51.4],[-64.7,51.6],[-64.8,51.6],[-64.8,51.3],[-64.9,51.3],[-64.9,51.2],[-64.8,51.2],[-64.8,51.1],[-65.0,51.1],[-65.0,51.3],[-65.2,51.3],[-65.2,51.4],[-65.1,51.4],[-65.1,51.5],[-65.0,51.5],[-65.0,51.7],[-65.2,51.7],[-65.2,51.6],[-65.3,51.6],[-65.3,51.7],[-65.4,51.7],[-65.4,51.6],[-65.7,51.6],[-65.7,51.5],[-65.3,51.5],[-65.3,51.4],[-65.4,51.4],[-65.4,51.3],[-65.3,51.3],[-65.3,50.9],[-65.4,50.9],[-65.4,50.8],[-65.5,50.8],[-65.5,50.7],[-65.8,50.7],[-65.8,50.8],[-65.7,50.8],[-65.7,51.0],[-65.8,51.0],[-65.8,51.1],[-66.0,51.1],[-66.0,51.2],[-66.1,51.2],[-66.1,51.3],[-66.2,51.3],[-66.2,51.4],[-66.3,51.4],[-66.3,51.3],[-66.5,51.3],[-66.5,51.4],[-66.6,51.4],[-66.6,51.0],[-66.7,51.0],[-66.7,51.2],[-66.8,51.2],[-66.8,51.3],[-66.9,51.3],[-66.9,51.5],[-67.1,51.5],[-67.1,51.0],[-67.2,51.0],[-67.2,51.1],[-67.4,51.1],[-67.4,51.2],[-67.5,51.2],[-67.5,51.4],[-68.2,51.4],[-68.2,51.6],[-68.1,51.6],[-68.1,51.7],[-68.0,51.7],[-68.0,51.8],[-67.6,51.8],[-67.6,51.7],[-67.5,51.7],[-67.5,51.8],[-67.0,51.8],[-67.0,51.7],[-66.8,51.7],[-66.8,51.9],[-66.6,51.9],[-66.6,52.0],[-66.7,52.0],[-66.7,52.1],[-66.8,52.1],[-66.8,52.3],[-67.1,52.3],[-67.1,52.2],[-67.2,52.2],[-67.2,52.1],[-67.5,52.1],[-67.5,52.4],[-67.6,52.4],[-67.6,52.3],[-67.7,52.3],[-67.7,52.1],[-67.8,52.1],[-67.8,52.2],[-67.9,52.2],[-67.9,52.0],[-68.0,52.0],[-68.0,51.9],[-68.1,51.9],[-68.1,52.0],[-68.2,52.0],[-68.2,52.1],[-68.6,52.1],[-68.6,52.2],[-68.7,52.2],[-68.7,52.1],[-68.9,52.1],[-68.9,52.2],[-69.1,52.2],[-69.1,52.1],[-69.5,52.1],[-69.5,51.9],[-69.9,51.9],[-69.9,51.8],[-70.0,51.8],[-70.0,51.9],[-70.1,51.9],[-70.1,52.0],[-70.2,52.0],[-70.2,51.9],[-70.6,51.9],[-70.6,51.7],[-70.4,51.7],[-70.4,51.4],[-70.3,51.4],[-70.3,51.3],[-70.2,51.3],[-70.2,51.2],[-70.1,51.2],[-70.1,51.1],[-70.3,51.1],[-70.3,51.0],[-70.4,51.0],[-70.4,51.2],[-70.6,51.2],[-70.6,51.4],[-70.8,51.4],[-70.8,51.5],[-71.0,51.5],[-71.0,51.6],[-70.9,51.6],[-70.9,51.8],[-71.0,51.8],[-71.0,51.7],[-71.2,51.7],[-71.2,51.8],[-71.4,51.8],[-71.4,51.7],[-71.5,51.7],[-71.5,51.8],[-71.6,51.8],[-71.6,51.9],[-71.7,51.9],[-71.7,51.8],[-71.8,51.8],[-71.8,52.0],[-71.9,52.0],[-71.9,51.8],[-72.1,51.8],[-72.1,51.7],[-72.5,51.7],[-72.5,51.6],[-72.6,51.6],[-72.6,51.7],[-72.7,51.7],[-72.7,51.6],[-73.0,51.6],[-73.0,51.7],[-72.9,51.7],[-72.9,51.8],[-72.8,51.8],[-72.8,51.9],[-72.7,51.9],[-72.7,52.0],[-72.6,52.0],[-72.6,51.9],[-72.5,51.9],[-72.5,52.0],[-72.4,52.0],[-72.4,52.1],[-72.3,52.1],[-72.3,52.2],[-72.0,52.2],[-72.0,52.3],[-71.5,52.3],[-71.5,52.4],[-71.2,52.4],[-71.2,52.6],[-71.6,52.6],[-71.6,52.7],[-72.0,52.7],[-72.0,52.8],[-72.3,52.8],[-72.3,52.9],[-72.4,52.9],[-72.4,53.0],[-72.3,53.0],[-72.3,53.1],[-72.2,53.1],[-72.2,53.2],[-73.1,53.2],[-73.1,53.3],[-73.5,53.3],[-73.5,53.4],[-73.3,53.4],[-73.3,53.5],[-73.7,53.5],[-73.7,53.6],[-73.6,53.6],[-73.6,53.7],[-73.4,53.7],[-73.4,53.8],[-73.0,53.8],[-73.0,54.0],[-73.2,54.0],[-73.2,53.9],[-73.3,53.9],[-73.3,54.1],[-73.4,54.1],[-73.4,54.0],[-73.5,54.0],[-73.5,53.9],[-73.8,53.9],[-73.8,54.0],[-74.2,54.0],[-74.2,54.1],[-74.4,54.1],[-74.4,54.0],[-74.6,54.0],[-74.6,54.1],[-74.8,54.1],[-74.8,54.2],[-74.9,54.2],[-74.9,54.4],[-75.3,54.4],[-75.3,54.5],[-75.5,54.5],[-75.5,54.4],[-75.7,54.4],[-75.7,54.3],[-75.8,54.3],[-75.8,54.2],[-75.9,54.2],[-75.9,54.3],[-76.0,54.3],[-76.0,54.2],[-76.6,54.2],[-76.6,54.1],[-76.7,54.1],[-76.7,54.0],[-76.6,54.0],[-76.6,53.8],[-76.7,53.8],[-76.7,53.7],[-77.2,53.7],[-77.2,53.8],[-77.8,53.8],[-77.8,53.6],[-77.7,53.6],[-77.7,53.5],[-77.9,53.5],[-77.9,53.4],[-78.1,53.4],[-78.1,53.2],[-78.2,53.2],[-78.2,53.1],[-78.3,53.1],[-78.3,53.0],[-78.5,53.0],[-78.5,52.9],[-78.6,52.9],[-78.6,53.0],[-78.9,53.0],[-78.9,52.8],[-78.8,52.8],[-78.8,52.6],[-78.7,52.6],[-78.7,52.5],[-78.6,52.5],[-78.6,52.1],[-78.8,52.1],[-78.8,52.0],[-79.0,52.0],[-79.0,51.9],[-79.1,51.9],[-79.1,51.7],[-79.5,51.7],[-79.5,51.6],[-79.6,51.6],[-79.6,51.5],[-79.7,51.5],[-79.7,51.4],[-79.8,51.4],[-79.8,51.2],[-79.9,51.2],[-79.9,51.3],[-80.2,51.3],[-80.2,51.4],[-80.4,51.4],[-80.4,51.6],[-80.5,51.6],[-80.5,51.8],[-80.6,51.8],[-80.6,51.9],[-80.8,51.9],[-80.8,52.0],[-80.9,52.0],[-80.9,52.1],[-81.3,52.1],[-81.3,52.2],[-81.4,52.2],[-81.4,52.4],[-81.5,52.4],[-81.5,52.5],[-81.6,52.5],[-81.6,52.6],[-81.7,52.6],[-81.7,52.7],[-81.9,52.7],[-81.9,52.9],[-81.7,52.9],[-81.7,52.8],[-81.0,52.8],[-81.0,52.9],[-80.9,52.9],[-80.9,53.0],[-81.0,53.0],[-81.0,53.1],[-81.5,53.1],[-81.5,53.2],[-82.0,53.2],[-82.0,53.1],[-82.1,53.1],[-82.1,53.5],[-82.2,53.5],[-82.2,53.7],[-82.1,53.7],[-82.1,53.8],[-82.0,53.8],[-82.0,53.9],[-82.1,53.9],[-82.1,54.0],[-82.2,54.0],[-82.2,54.1],[-82.3,54.1],[-82.3,54.2],[-82.4,54.2],[-82.4,54.6],[-82.5,54.6],[-82.5,54.8],[-82.8,54.8],[-82.8,54.9],[-83.7,54.9],[-83.7,55.0],[-84.5,55.0],[-84.5,55.1],[-85.0,55.1],[-85.0,55.2],[-85.3,55.2],[-85.3,55.3],[-85.7,55.3],[-85.7,55.4],[-86.2,55.4],[-86.2,55.3],[-86.3,55.3],[-86.3,55.2],[-86.5,55.2],[-86.5,55.1],[-86.7,55.1],[-86.7,55.0],[-87.0,55.0],[-87.0,55.1],[-87.3,55.1],[-87.3,55.2],[-87.8,55.2],[-87.8,55.3],[-87.9,55.3],[-87.9,55.4],[-88.0,55.4],[-88.0,55.8],[-88.5,55.8],[-88.5,55.7],[-88.7,55.7],[-88.7,55.6],[-88.8,55.6],[-88.8,55.4],[-88.9,55.4],[-88.9,55.5],[-89.0,55.5],[-89.0,55.6],[-89.1,55.6],[-89.1,55.5],[-89.2,55.5],[-89.2,55.6],[-89.3,55.6],[-89.3,55.5],[-89.4,55.5],[-89.4,55.6],[-90.3,55.6],[-90.3,55.7],[-90.7,55.7],[-90.7,55.8],[-91.2,55.8],[-91.2,55.9],[-91.4,55.9],[-91.4,56.0],[-91.5,56.0],[-91.5,55.9],[-91.7,55.9],[-91.7,56.0],[-91.9,56.0],[-91.9,56.1],[-92.0,56.1],[-92.0,56.2],[-92.3,56.2],[-92.3,56.6],[-92.2,56.6],[-92.2,56.5],[-92.1,56.5],[-92.1,56.6],[-92.0,56.6],[-92.0,56.9],[-92.1,56.9],[-92.1,57.1],[-92.5,57.1],[-92.5,57.0],[-93.3,57.0],[-93.3,56.9],[-93.7,56.9],[-93.7,56.8],[-94.0,56.8],[-94.0,56.7],[-94.2,56.7],[-94.2,56.6],[-94.3,56.6],[-94.3,56.7],[-95.8,56.7],[-95.8,56.8],[-96.3,56.8],[-96.3,56.7],[-96.7,56.7],[-96.7,56.6],[-97.0,56.6],[-97.0,56.7],[-97.5,56.7],[-97.5,56.6],[-97.7,56.6],[-97.7,56.4],[-97.8,56.4],[-97.8,56.6],[-98.0,56.6],[-98.0,56.7],[-98.1,56.7],[-98.1,56.8],[-98.0,56.8],[-98.0,56.9],[-98.2,56.9],[-98.2,56.8],[-98.5,56.8],[-98.5,57.0],[-98.3,57.0],[-98.3,57.1],[-98.2,57.1],[-98.2,57.4],[-98.3,57.4],[-98.3,57.5],[-98.5,57.5],[-98.5,57.4],[-98.6,57.4],[-98.6,57.3],[-98.8,57.3],[-98.8,57.2],[-99.3,57.2],[-99.3,57.1],[-99.8,57.1],[-99.8,57.0],[-100.2,57.0],[-100.2,57.2],[-100.4,57.2],[-100.4,57.1],[-100.8,57.1],[-100.8,57.2],[-100.9,57.2],[-100.9,57.3],[-101.1,57.3],[-101.1,57.2],[-101.5,57.2],[-101.5,57.3],[-101.7,57.3],[-101.7,57.5],[-101.6,57.5],[-101.6,57.8],[-101.5,57.8],[-101.5,57.9],[-102.0,57.9],[-102.0,58.1],[-102.1,58.1],[-102.1,58.0],[-102.2,58.0],[-102.2,57.9],[-102.5,57.9],[-102.5,57.8],[-102.6,57.8],[-102.6,57.9],[-102.8,57.9],[-102.8,57.7],[-103.1,57.7],[-103.1,57.6],[-103.3,57.6],[-103.3,57.5],[-103.6,57.5],[-103.6,57.8],[-103.4,57.8],[-103.4,57.9],[-103.3,57.9],[-103.3,58.0],[-103.2,58.0],[-103.2,58.1],[-103.1,58.1],[-103.1,58.3],[-103.4,58.3],[-103.4,58.4],[-103.6,58.4],[-103.6,58.3],[-103.7,58.3],[-103.7,58.1],[-103.8,58.1],[-103.8,57.9],[-103.9,57.9],[-103.9,57.8],[-104.0,57.8],[-104.0,57.7],[-104.3,57.7],[-104.3,57.6],[-104.4,57.6],[-104.4,57.5],[-104.5,57.5],[-104.5,57.6],[-104.6,57.6],[-104.6,57.7],[-104.7,57.7],[-104.7,57.6],[-104.8,57.6],[-104.8,57.5],[-104.9,57.5],[-104.9,57.4],[-105.0,57.4],[-105.0,57.5],[-105.2,57.5],[-105.2,57.6],[-105.3,57.6],[-105.3,57.5],[-105.7,57.5],[-105.7,57.4],[-105.8,57.4],[-105.8,57.5],[-105.9,57.5],[-105.9,57.7],[-106.0,57.7],[-106.0,57.9],[-105.9,57.9],[-105.9,58.0],[-105.5,58.0],[-105.5,58.1],[-105.4,58.1],[-105.4,58.3],[-105.2,58.3],[-105.2,58.5],[-105.4,58.5],[-105.4,58.6],[-105.3,58.6],[-105.3,58.7],[-105.4,58.7],[-105.4,58.8],[-105.3,58.8],[-105.3,58.9],[-105.5,58.9],[-105.5,59.1],[-105.0,59.1],[-105.0,59.3],[-105.4,59.3],[-105.4,59.2],[-105.6,59.2],[-105.6,59.3],[-106.6,59.3],[-106.6,59.4],[-107.5,59.4],[-107.5,59.5],[-107.8,59.5],[-107.8,59.6],[-107.9,59.6],[-107.9,59.5],[-108.0,59.5],[-108.0,59.6],[-108.1,59.6],[-108.1,59.5],[-108.3,59.5],[-108.3,59.6],[-108.6,59.6],[-108.6,59.7],[-108.7,59.7],[-108.7,59.8],[-109.0,59.8],[-109.0,59.7],[-109.1,59.7],[-109.1,59.8],[-109.3,59.8],[-109.3,59.6],[-109.6,59.6],[-109.6,59.7],[-109.9,59.7],[-109.9,59.8],[-110.1,59.8],[-110.1,59.9],[-110.3,59.9],[-110.3,60.0],[-117.2,60.0],[-117.2,59.9],[-117.4,59.9],[-117.4,59.8],[-117.5,59.8],[-117.5,59.7],[-117.6,59.7],[-117.6,59.6],[-117.8,59.6],[-117.8,59.5],[-118.1,59.5],[-118.1,59.4],[-118.4,59.4],[-118.4,59.3],[-118.7,59.3],[-118.7,59.2],[-119.1,59.2],[-119.1,59.3],[-119.5,59.3],[-119.5,59.2],[-119.6,59.2],[-119.6,59.3],[-119.8,59.3],[-119.8,59.5],[-119.7,59.5],[-119.7,59.6],[-119.4,59.6],[-119.4,59.7],[-119.9,59.7],[-119.9,59.8],[-119.8,59.8],[-119.8,60.0],[-120.3,60.0],[-120.3,59.9],[-121.3,59.9],[-121.3,60.0],[-124.8,60.0],[-124.8,59.7],[-124.7,59.7],[-124.7,59.6],[-124.5,59.6],[-124.5,59.5],[-124.4,59.5],[-124.4,59.3],[-124.5,59.3],[-124.5,59.2],[-124.6,59.2],[-124.6,59.1],[-124.5,59.1],[-124.5,59.0],[-124.4,59.0],[-124.4,58.9],[-124.3,58.9],[-124.3,59.1],[-124.2,59.1],[-124.2,59.2],[-123.7,59.2],[-123.7,59.1],[-123.6,59.1],[-123.6,59.0],[-123.8,59.0],[-123.8,58.9],[-123.9,58.9],[-123.9,59.0],[-124.0,59.0],[-124.0,58.8],[-123.8,58.8],[-123.8,58.4],[-123.7,58.4],[-123.7,58.2],[-123.6,58.2],[-123.6,58.5],[-123.7,58.5],[-123.7,58.6],[-123.5,58.6],[-123.5,58.5],[-123.2,58.5],[-123.2,58.2],[-123.0,58.2],[-123.0,58.0],[-123.4,58.0],[-123.4,57.9],[-123.3,57.9],[-123.3,57.7],[-123.1,57.7],[-123.1,57.6],[-123.0,57.6],[-123.0,57.7],[-122.7,57.7],[-122.7,57.6],[-122.4,57.6],[-122.4,57.7],[-122.3,57.7],[-122.3,57.6],[-122.2,57.6],[-122.2,57.5],[-122.3,57.5],[-122.3,57.4],[-122.0,57.4],[-122.0,57.1],[-122.1,57.1],[-122.1,57.0],[-122.2,57.0],[-122.2,56.9],[-122.5,56.9],[-122.5,56.8],[-122.6,56.8],[-122.6,56.9],[-122.7,56.9],[-122.7,56.8],[-122.8,56.8],[-122.8,56.7],[-122.6,56.7],[-122.6,56.4],[-122.4,56.4],[-122.4,56.3],[-122.3,56.3],[-122.3,56.2],[-122.8,56.2],[-122.8,56.0],[-122.7,56.0],[-122.7,56.1],[-122.4,56.1],[-122.4,55.9],[-122.3,55.9],[-122.3,55.8],[-122.4,55.8],[-122.4,55.7],[-122.3,55.7],[-122.3,55.5],[-122.2,55.5],[-122.2,55.6],[-122.1,55.6],[-122.1,55.5],[-121.8,55.5],[-121.8,55.3],[-121.7,55.3]],[[-105.6,58.5],[-105.4,58.5],[-105.4,58.4],[-105.5,58.4],[-105.5,58.3],[-105.6,58.3],[-105.6,58.5]],[[-104.0,57.6],[-104.0,57.7],[-103.9,57.7],[-103.9,57.6],[-103.7,57.6],[-103.7,57.5],[-104.1,57.5],[-104.1,57.6],[-104.0,57.6]],[[-61.3,53.3],[-61.3,53.4],[-61.1,53.4],[-61.1,53.3],[-61.3,53.3]],[[-57.6,53.8],[-57.3,53.8],[-57.3,53.6],[-57.4,53.6],[-57.4,53.7],[-57.5,53.7],[-57.5,53.6],[-57.6,53.6],[-57.6,53.8]],[[-69.7,48.1],[-69.6,48.1],[-69.6,47.8],[-69.7,47.8],[-69.7,48.1]],[[-64.1,46.2],[-64.1,46.3],[-63.8,46.3],[-63.8,46.2],[-64.1,46.2]],[[-62.6,45.9],[-62.6,45.8],[-63.1,45.8],[-63.1,45.9],[-63.8,45.9],[-63.8,46.0],[-63.7,46.0],[-63.7,46.2],[-63.5,46.2],[-63.5,46.1],[-63.1,46.1],[-63.1,46.0],[-62.9,46.0],[-62.9,45.9],[-62.6,45.9]],[[-72.5,43.9],[-72.5,43.8],[-72.7,43.8],[-72.7,44.0],[-72.6,44.0],[-72.6,43.9],[-72.5,43.9]],[[-71.1,46.7],[-71.5,46.7],[-71.5,46.8],[-71.4,46.8],[-71.4,46.9],[-71.1,46.9],[-71.1,46.7]],[[-105.1,50.8],[-105.2,50.8],[-105.2,50.9],[-105.4,50.9],[-105.4,51.0],[-105.3,51.0],[-105.3,51.1],[-105.2,51.1],[-105.2,51.0],[-105.1,51.0],[-105.1,50.8]],[[-113.2,51.3],[-112.9,51.3],[-112.9,51.2],[-113.2,51.2],[-113.2,51.3]],[[-112.4,46.0],[-112.4,45.9],[-112.6,45.9],[-112.6,46.0],[-112.4,46.0]],[[-118.0,54.1],[-118.3,54.1],[-118.3,54.2],[-118.0,54.2],[-118.0,54.1]],[[-121.0,55.2],[-121.2,55.2],[-121.2,55.3],[-121.0,55.3],[-121.0,55.2]],[[-121.2,55.4],[-121.5,55.4],[-121.5,55.5],[-121.2,55.5],[-121.2,55.4]],[[-121.7,59.2],[-121.7,59.3],[-122.1,59.3],[-122.1,59.4],[-122.4,59.4],[-122.4,59.5],[-122.6,59.5],[-122.6,59.6],[-122.0,59.6],[-122.0,59.7],[-121.8,59.7],[-121.8,59.6],[-121.9,59.6],[-121.9,59.5],[-121.6,59.5],[-121.6,59.4],[-121.5,59.4],[-121.5,59.3],[-121.2,59.3],[-121.2,59.4],[-120.5,59.4],[-120.5,59.3],[-120.4,59.3],[-120.4,59.2],[-120.5,59.2],[-120.5,59.0],[-121.0,59.0],[-121.0,59.2],[-121.2,59.2],[-121.2,59.1],[-121.3,59.1],[-121.3,59.0],[-121.5,59.0],[-121.5,59.1],[-121.6,59.1],[-121.6,59.2],[-121.7,59.2]],[[-116.5,59.2],[-116.5,59.3],[-116.4,59.3],[-116.4,59.4],[-116.2,59.4],[-116.2,59.5],[-116.1,59.5],[-116.1,59.6],[-115.8,59.6],[-115.8,59.7],[-114.4,59.7],[-114.4,59.6],[-114.2,59.6],[-114.2,59.5],[-114.1,59.5],[-114.1,59.4],[-114.0,59.4],[-114.0,59.3],[-113.9,59.3],[-113.9,59.1],[-113.8,59.1],[-113.8,59.0],[-114.0,59.0],[-114.0,58.9],[-114.3,58.9],[-114.3,58.8],[-114.6,58.8],[-114.6,58.7],[-114.9,58.7],[-114.9,58.6],[-115.2,58.6],[-115.2,58.7],[-115.9,58.7],[-115.9,58.8],[-116.5,58.8],[-116.5,58.9],[-116.6,58.9],[-116.6,59.0],[-116.7,59.0],[-116.7,59.1],[-116.6,59.1],[-116.6,59.2],[-116.5,59.2]],[[-106.0,59.1],[-106.0,59.2],[-105.7,59.2],[-105.7,59.1],[-105.8,59.1],[-105.8,59.0],[-105.9,59.0],[-105.9,59.1],[-106.0,59.1]],[[-107.6,58.8],[-107.6,58.9],[-107.5,58.9],[-107.5,58.8],[-107.1,58.8],[-107.1,58.9],[-107.2,58.9],[-107.2,59.0],[-107.1,59.0],[-107.1,59.1],[-106.8,59.1],[-106.8,59.0],[-106.5,59.0],[-106.5,58.9],[-106.2,58.9],[-106.2,58.8],[-106.1,58.8],[-106.1,58.7],[-106.0,58.7],[-106.0,58.6],[-106.1,58.6],[-106.1,58.5],[-106.3,58.5],[-106.3,58.4],[-106.4,58.4],[-106.4,58.3],[-106.5,58.3],[-106.5,58.2],[-106.7,58.2],[-106.7,58.1],[-107.2,58.1],[-107.2,58.2],[-107.6,58.2],[-107.6,58.3],[-107.7,58.3],[-107.7,58.4],[-107.6,58.4],[-107.6,58.5],[-107.7,58.5],[-107.7,58.6],[-107.6,58.6],[-107.6,58.7],[-107.8,58.7],[-107.8,58.8],[-107.6,58.8]],[[-117.6,58.6],[-117.6,58.7],[-117.4,58.7],[-117.4,58.6],[-117.6,58.6]],[[-122.4,58.0],[-122.4,57.8],[-122.6,57.8],[-122.6,58.1],[-122.3,58.1],[-122.3,58.0],[-122.4,58.0]],[[-113.3,57.5],[-113.3,57.6],[-113.1,57.6],[-113.1,57.7],[-113.3,57.7],[-113.3,57.9],[-113.2,57.9],[-113.2,58.0],[-112.9,58.0],[-112.9,58.1],[-112.1,58.1],[-112.1,58.0],[-112.2,58.0],[-112.2,57.9],[-111.9,57.9],[-111.9,57.8],[-111.8,57.8],[-111.8,57.7],[-111.9,57.7],[-111.9,57.5],[-112.1,57.5],[-112.1,57.4],[-112.6,57.4],[-112.6,57.3],[-112.9,57.3],[-112.9,57.2],[-113.0,57.2],[-113.0,57.3],[-113.2,57.3],[-113.2,57.2],[-113.4,57.2],[-113.4,57.1],[-113.8,57.1],[-113.8,57.2],[-114.0,57.2],[-114.0,57.1],[-114.1,57.1],[-114.1,57.2],[-114.2,57.2],[-114.2,57.3],[-114.0,57.3],[-114.0,57.4],[-113.9,57.4],[-113.9,57.5],[-113.3,57.5]],[[-120.8,57.4],[-120.8,57.5],[-120.2,57.5],[-120.2,57.6],[-120.0,57.6],[-120.0,57.8],[-119.8,57.8],[-119.8,57.9],[-119.7,57.9],[-119.7,58.0],[-119.5,58.0],[-119.5,57.9],[-119.2,57.9],[-119.2,57.8],[-119.3,57.8],[-119.3,57.5],[-119.5,57.5],[-119.5,57.4],[-119.7,57.4],[-119.7,57.5],[-119.9,57.5],[-119.9,57.4],[-120.3,57.4],[-120.3,57.3],[-121.0,57.3],[-121.0,57.4],[-120.8,57.4]],[[-107.4,58.0],[-107.4,57.7],[-107.7,57.7],[-107.7,57.8],[-107.6,57.8],[-107.6,58.0],[-107.4,58.0]],[[-107.4,57.6],[-107.4,57.7],[-107.2,57.7],[-107.2,57.6],[-107.4,57.6]],[[-115.5,57.6],[-115.8,57.6],[-115.8,57.7],[-116.3,57.7],[-116.3,57.9],[-115.6,57.9],[-115.6,57.8],[-115.5,57.8],[-115.5,57.6]],[[-115.9,57.6],[-115.8,57.6],[-115.8,57.5],[-115.7,57.5],[-115.7,57.4],[-115.6,57.4],[-115.6,57.3],[-115.7,57.3],[-115.7,57.1],[-115.8,57.1],[-115.8,57.3],[-115.9,57.3],[-115.9,57.6]],[[-118.5,57.6],[-118.5,57.7],[-118.3,57.7],[-118.3,57.6],[-118.5,57.6]],[[-118.0,57.5],[-118.0,57.7],[-117.9,57.7],[-117.9,57.5],[-118.0,57.5]],[[-121.9,57.6],[-121.9,57.5],[-122.1,57.5],[-122.1,57.6],[-121.9,57.6]],[[-121.9,57.4],[-121.9,57.5],[-121.5,57.5],[-121.5,57.4],[-121.9,57.4]],[[-119.5,57.0],[-119.5,57.1],[-119.3,57.1],[-119.3,57.2],[-119.2,57.2],[-119.2,57.3],[-119.0,57.3],[-119.0,57.4],[-118.7,57.4],[-118.7,57.5],[-118.4,57.5],[-118.4,57.4],[-118.6,57.4],[-118.6,57.2],[-118.5,57.2],[-118.5,57.1],[-119.1,57.1],[-119.1,57.0],[-119.3,57.0],[-119.3,56.9],[-118.7,56.9],[-118.7,56.7],[-118.8,56.7],[-118.8,56.6],[-119.6,56.6],[-119.6,56.7],[-119.8,56.7],[-119.8,56.6],[-119.9,56.6],[-119.9,56.8],[-119.7,56.8],[-119.7,56.9],[-119.6,56.9],[-119.6,57.0],[-119.5,57.0]],[[-115.9,54.8],[-115.9,54.9],[-115.6,54.9],[-115.6,54.8],[-115.3,54.8],[-115.3,54.7],[-116.0,54.7],[-116.0,54.8],[-115.9,54.8]],[[-75.3,54.1],[-75.3,54.0],[-75.5,54.0],[-75.5,54.1],[-75.3,54.1]],[[-59.2,53.8],[-59.2,53.7],[-59.5,53.7],[-59.5,53.6],[-60.0,53.6],[-60.0,53.7],[-59.8,53.7],[-59.8,53.8],[-59.3,53.8],[-59.3,53.9],[-59.4,53.9],[-59.4,54.0],[-59.2,54.0],[-59.2,53.9],[-59.1,53.9],[-59.1,53.8],[-59.2,53.8]],[[-59.2,53.6],[-59.2,53.7],[-58.9,53.7],[-58.9,53.9],[-58.8,53.9],[-58.8,53.8],[-58.5,53.8],[-58.5,53.7],[-58.4,53.7],[-58.4,53.8],[-58.3,53.8],[-58.3,53.9],[-58.1,53.9],[-58.1,54.0],[-57.8,54.0],[-57.8,53.8],[-57.9,53.8],[-57.9,53.7],[-57.8,53.7],[-57.8,53.6],[-57.9,53.6],[-57.9,53.5],[-58.1,53.5],[-58.1,53.3],[-58.5,53.3],[-58.5,53.2],[-58.6,53.2],[-58.6,53.1],[-59.0,53.1],[-59.0,53.2],[-59.2,53.2],[-59.2,52.9],[-59.9,52.9],[-59.9,53.1],[-59.8,53.1],[-59.8,53.3],[-59.7,53.3],[-59.7,53.4],[-59.5,53.4],[-59.5,53.5],[-59.4,53.5],[-59.4,53.6],[-59.2,53.6]],[[-117.7,53.5],[-117.7,53.6],[-117.5,53.6],[-117.5,53.5],[-117.7,53.5]],[[-73.9,53.2],[-73.9,53.3],[-73.7,53.3],[-73.7,53.2],[-73.9,53.2]],[[-57.0,53.2],[-57.0,53.3],[-56.9,53.3],[-56.9,53.0],[-57.2,53.0],[-57.2,53.1],[-57.3,53.1],[-57.3,53.2],[-57.0,53.2]],[[-62.9,52.9],[-62.9,53.1],[-62.5,53.1],[-62.5,53.0],[-62.4,53.0],[-62.4,52.8],[-62.8,52.8],[-62.8,52.9],[-62.9,52.9]],[[-60.7,53.1],[-60.7,52.9],[-60.6,52.9],[-60.6,52.8],[-61.1,52.8],[-61.1,52.9],[-61.0,52.9],[-61.0,53.0],[-60.8,53.0],[-60.8,53.1],[-60.7,53.1]],[[-59.9,52.6],[-59.9,52.7],[-59.6,52.7],[-59.6,52.6],[-59.5,52.6],[-59.5,52.5],[-59.7,52.5],[-59.7,52.6],[-59.9,52.6]],[[-59.0,52.6],[-59.0,52.5],[-58.8,52.5],[-58.8,52.4],[-58.7,52.4],[-58.7,52.3],[-58.9,52.3],[-58.9,52.4],[-59.2,52.4],[-59.2,52.6],[-59.0,52.6]],[[-62.8,52.3],[-62.8,52.2],[-62.9,52.2],[-62.9,52.4],[-62.7,52.4],[-62.7,52.3],[-62.8,52.3]],[[-108.8,52.0],[-108.9,52.0],[-108.9,52.2],[-108.8,52.2],[-108.8,52.0]],[[-63.5,51.2],[-63.5,51.1],[-63.6,51.1],[-63.6,51.3],[-63.4,51.3],[-63.4,51.2],[-63.5,51.2]],[[-69.7,51.1],[-69.7,51.0],[-69.6,51.0],[-69.6,50.9],[-69.7,50.9],[-69.7,50.8],[-69.9,50.8],[-69.9,50.9],[-70.0,50.9],[-70.0,51.1],[-69.7,51.1]],[[-68.4,50.8],[-68.4,51.0],[-68.3,51.0],[-68.3,50.8],[-68.4,50.8]],[[-65.0,50.8],[-65.0,50.9],[-65.1,50.9],[-65.1,51.0],[-64.8,51.0],[-64.8,50.8],[-65.0,50.8]],[[-115.8,50.3],[-115.8,50.5],[-115.7,50.5],[-115.7,50.3],[-115.8,50.3]],[[-99.2,49.5],[-99.6,49.5],[-99.6,49.6],[-99.7,49.6],[-99.7,49.7],[-99.8,49.7],[-99.8,49.8],[-99.3,49.8],[-99.3,49.7],[-98.9,49.7],[-98.9,49.6],[-99.2,49.6],[-99.2,49.5]],[[-114.9,49.4],[-114.9,49.5],[-114.6,49.5],[-114.6,49.4],[-114.9,49.4]],[[-115.2,49.3],[-115.2,49.1],[-115.3,49.1],[-115.3,49.3],[-115.2,49.3]],[[-115.2,48.9],[-115.2,49.1],[-115.1,49.1],[-115.1,49.0],[-115.0,49.0],[-115.0,48.9],[-115.2,48.9]],[[-114.0,49.2],[-114.0,48.8],[-114.1,48.8],[-114.1,48.9],[-114.2,48.9],[-114.2,49.1],[-114.3,49.1],[-114.3,49.2],[-114.2,49.2],[-114.2,49.3],[-114.1,49.3],[-114.1,49.2],[-114.0,49.2]],[[-113.8,48.8],[-113.8,48.9],[-113.6,48.9],[-113.6,48.8],[-113.5,48.8],[-113.5,48.7],[-113.7,48.7],[-113.7,48.8],[-113.8,48.8]],[[-114.0,48.2],[-114.0,47.3],[-114.1,47.3],[-114.1,47.2],[-114.3,47.2],[-114.3,47.4],[-114.4,47.4],[-114.4,47.3],[-114.6,47.3],[-114.6,47.4],[-114.7,47.4],[-114.7,47.9],[-114.5,47.9],[-114.5,47.7],[-114.4,47.7],[-114.4,47.9],[-114.2,47.9],[-114.2,48.1],[-114.3,48.1],[-114.3,48.2],[-114.4,48.2],[-114.4,48.3],[-114.3,48.3],[-114.3,48.4],[-114.2,48.4],[-114.2,48.3],[-114.1,48.3],[-114.1,48.2],[-114.0,48.2]],[[-113.2,47.6],[-113.2,47.7],[-113.1,47.7],[-113.1,47.9],[-113.0,47.9],[-113.0,47.6],[-113.2,47.6]],[[-70.5,47.2],[-70.5,47.3],[-70.3,47.3],[-70.3,47.2],[-70.5,47.2]],[[-114.2,47.1],[-114.2,47.0],[-114.5,47.0],[-114.5,47.1],[-114.2,47.1]],[[-114.2,46.9],[-114.2,47.0],[-114.0,47.0],[-114.0,46.9],[-113.9,46.9],[-113.9,46.8],[-114.0,46.8],[-114.0,46.7],[-113.9,46.7],[-113.9,46.5],[-114.0,46.5],[-114.0,46.2],[-114.2,46.2],[-114.2,46.5],[-114.1,46.5],[-114.1,46.9],[-114.2,46.9]],[[-70.7,47.1],[-70.6,47.1],[-70.6,46.9],[-70.8,46.9],[-70.8,47.0],[-70.7,47.0],[-70.7,47.1]],[[-91.2,46.5],[-91.1,46.5],[-91.1,46.6],[-90.9,46.6],[-90.9,46.8],[-90.6,46.8],[-90.6,46.6],[-90.7,46.6],[-90.7,46.4],[-91.2,46.4],[-91.2,46.5]],[[-112.7,46.2],[-112.8,46.2],[-112.8,46.5],[-112.7,46.5],[-112.7,46.2]],[[-113.1,46.3],[-113.1,46.4],[-112.9,46.4],[-112.9,46.3],[-113.0,46.3],[-113.0,46.2],[-113.2,46.2],[-113.2,46.3],[-113.1,46.3]],[[-79.6,46.2],[-80.1,46.2],[-80.1,46.3],[-79.6,46.3],[-79.6,46.2]],[[-113.1,46.1],[-113.1,46.0],[-113.3,46.0],[-113.3,45.9],[-113.5,45.9],[-113.5,45.8],[-113.6,45.8],[-113.6,46.0],[-113.4,46.0],[-113.4,46.1],[-113.1,46.1]],[[-114.4,45.8],[-114.4,46.0],[-114.3,46.0],[-114.3,45.8],[-114.4,45.8]],[[-113.3,45.5],[-113.3,45.7],[-113.2,45.7],[-113.2,45.5],[-113.3,45.5]],[[-84.4,45.7],[-84.4,45.5],[-84.5,45.5],[-84.5,45.7],[-84.4,45.7]],[[-84.4,45.4],[-84.4,45.5],[-84.2,45.5],[-84.2,45.4],[-84.4,45.4]],[[-72.0,45.1],[-72.1,45.1],[-72.1,45.2],[-72.2,45.2],[-72.2,45.3],[-72.0,45.3],[-72.0,45.1]],[[-72.4,45.1],[-72.1,45.1],[-72.1,45.0],[-72.2,45.0],[-72.2,44.8],[-72.3,44.8],[-72.3,44.9],[-72.4,44.9],[-72.4,45.1]],[[-72.6,44.5],[-72.7,44.5],[-72.7,44.7],[-72.6,44.7],[-72.6,44.5]],[[-72.8,44.4],[-72.7,44.4],[-72.7,44.3],[-72.4,44.3],[-72.4,44.2],[-72.8,44.2],[-72.8,44.4]]],[[[-66.4,51.9],[-66.6,51.9],[-66.6,51.8],[-66.5,51.8],[-66.5,51.6],[-66.4,51.6],[-66.4,51.5],[-66.3,51.5],[-66.3,51.8],[-66.4,51.8],[-66.4,51.9]]],[[[-66.2,52.6],[-66.2,52.5],[-66.0,52.5],[-66.0,52.6],[-66.2,52.6]]],[[[-65.4,52.8],[-65.4,52.7],[-65.2,52.7],[-65.2,52.6],[-65.1,52.6],[-65.1,52.8],[-65.2,52.8],[-65.2,52.9],[-65.3,52.9],[-65.3,52.8],[-65.4,52.8]]],[[[-76.1,54.4],[-76.1,54.5],[-76.4,54.5],[-76.4,54.3],[-76.3,54.3],[-76.3,54.4],[-76.1,54.4]]],[[[-61.2,54.6],[-62.0,54.6],[-62.0,54.5],[-61.2,54.5],[-61.2,54.6]]],[[[-60.3,54.6],[-60.3,54.7],[-60.4,54.7],[-60.4,54.9],[-60.3,54.9],[-60.3,55.0],[-60.7,55.0],[-60.7,54.9],[-60.8,54.9],[-60.8,54.8],[-60.9,54.8],[-60.9,54.7],[-60.7,54.7],[-60.7,54.6],[-60.8,54.6],[-60.8,54.5],[-60.5,54.5],[-60.5,54.6],[-60.3,54.6]]],[[[-60.3,54.8],[-60.3,54.7],[-59.8,54.7],[-59.8,54.9],[-60.0,54.9],[-60.0,54.8],[-60.3,54.8]]],[[[-61.0,55.0],[-60.7,55.0],[-60.7,55.2],[-61.0,55.2],[-61.0,55.0]]],[[[-98.0,57.0],[-98.0,56.9],[-97.8,56.9],[-97.8,57.0],[-98.0,57.0]]]]}},
{"type":"Feature","properties":{"k":"Dfc"},"geometry":{"type":"MultiPolygon","coordinates":[[[[-123.4,47.9],[-123.4,47.7],[-123.5,47.7],[-123.5,47.6],[-123.2,47.6],[-123.2,47.7],[-123.3,47.7],[-123.3,47.9],[-123.4,47.9]]],[[[-121.7,48.8],[-121.7,48.9],[-121.9,48.9],[-121.9,48.7],[-121.8,48.7],[-121.8,48.8],[-121.7,48.8]]],[[[-125.6,49.6],[-125.6,49.7],[-125.8,49.7],[-125.8,49.5],[-125.7,49.5],[-125.7,49.6],[-125.6,49.6]]],[[[-125.3,49.5],[-125.3,49.7],[-125.5,49.7],[-125.5,49.5],[-125.3,49.5]]],[[[-122.5,49.6],[-122.5,49.7],[-122.4,49.7],[-122.4,49.8],[-122.5,49.8],[-122.5,49.9],[-122.6,49.9],[-122.6,50.2],[-122.7,50.2],[-122.7,50.3],[-122.8,50.3],[-122.8,50.2],[-122.9,50.2],[-122.9,50.0],[-123.1,50.0],[-123.1,49.8],[-122.9,49.8],[-122.9,49.6],[-122.8,49.6],[-122.8,49.7],[-122.6,49.7],[-122.6,49.6],[-122.5,49.6]]],[[[-121.7,50.4],[-121.8,50.4],[-121.8,50.5],[-121.9,50.5],[-121.9,50.6],[-122.1,50.6],[-122.1,50.5],[-122.2,50.5],[-122.2,50.7],[-122.3,50.7],[-122.3,50.6],[-122.4,50.6],[-122.4,50.5],[-122.6,50.5],[-122.6,50.3],[-122.4,50.3],[-122.4,50.2],[-122.5,50.2],[-122.5,50.1],[-122.3,50.1],[-122.3,49.9],[-122.1,49.9],[-122.1,49.8],[-122.0,49.8],[-122.0,49.6],[-121.9,49.6],[-121.9,49.9],[-122.0,49.9],[-122.0,50.0],[-121.8,50.0],[-121.8,50.3],[-121.7,50.3],[-121.7,50.4]]],[[[-122.4,50.7],[-122.4,50.8],[-122.6,50.8],[-122.6,50.9],[-122.4,50.9],[-122.4,51.0],[-122.2,51.0],[-122.2,50.9],[-122.0,50.9],[-122.0,51.0],[-122.1,51.0],[-122.1,51.1],[-122.2,51.1],[-122.2,51.2],[-122.3,51.2],[-122.3,51.3],[-122.4,51.3],[-122.4,51.4],[-122.6,51.4],[-122.6,51.3],[-122.7,51.3],[-122.7,51.4],[-122.9,51.4],[-122.9,51.5],[-123.0,51.5],[-123.0,51.4],[-123.2,51.4],[-123.2,51.5],[-123.3,51.5],[-123.3,51.6],[-123.6,51.6],[-123.6,51.5],[-123.7,51.5],[-123.7,51.4],[-123.8,51.4],[-123.8,51.6],[-124.1,51.6],[-124.1,51.5],[-123.9,51.5],[-123.9,51.4],[-124.1,51.4],[-124.1,51.3],[-124.2,51.3],[-124.2,51.7],[-124.3,51.7],[-124.3,51.6],[-124.5,51.6],[-124.5,51.8],[-124.7,51.8],[-124.7,51.7],[-124.8,51.7],[-124.8,51.6],[-124.7,51.6],[-124.7,51.5],[-124.8,51.5],[-124.8,51.4],[-124.6,51.4],[-124.6,51.3],[-124.5,51.3],[-124.5,51.2],[-124.4,51.2],[-124.4,50.9],[-124.2,50.9],[-124.2,50.8],[-124.7,50.8],[-124.7,51.3],[-124.8,51.3],[-124.8,51.2],[-125.1,51.2],[-125.1,51.3],[-125.3,51.3],[-125.3,51.2],[-125.2,51.2],[-125.2,51.0],[-125.3,51.0],[-125.3,51.1],[-125.4,51.1],[-125.4,51.3],[-125.5,51.3],[-125.5,51.5],[-125.6,51.5],[-125.6,51.2],[-125.5,51.2],[-125.5,51.0],[-125.4,51.0],[-125.4,50.8],[-125.3,50.8],[-125.3,50.9],[-125.2,50.9],[-125.2,50.7],[-125.0,50.7],[-125.0,51.1],[-124.8,51.1],[-124.8,50.6],[-124.6,50.6],[-124.6,50.5],[-124.5,50.5],[-124.5,50.6],[-124.3,50.6],[-124.3,50.4],[-124.2,50.4],[-124.2,50.2],[-124.1,50.2],[-124.1,50.3],[-123.9,50.3],[-123.9,50.2],[-123.7,50.2],[-123.7,50.4],[-123.6,50.4],[-123.6,50.6],[-123.5,50.6],[-123.5,50.7],[-123.4,50.7],[-123.4,50.5],[-123.5,50.5],[-123.5,50.2],[-123.6,50.2],[-123.6,50.1],[-123.7,50.1],[-123.7,50.0],[-123.6,50.0],[-123.6,49.9],[-123.7,49.9],[-123.7,49.8],[-123.5,49.8],[-123.5,49.9],[-123.4,49.9],[-123.4,50.1],[-123.3,50.1],[-123.3,50.0],[-123.2,50.0],[-123.2,50.3],[-122.9,50.3],[-122.9,50.4],[-122.8,50.4],[-122.8,50.6],[-122.5,50.6],[-122.5,50.7],[-122.4,50.7]],[[-122.6,51.0],[-122.6,50.9],[-122.8,50.9],[-122.8,51.1],[-122.7,51.1],[-122.7,51.0],[-122.6,51.0]],[[-123.0,50.9],[-122.8,50.9],[-122.8,50.7],[-122.9,50.7],[-122.9,50.8],[-123.0,50.8],[-123.0,50.9]],[[-124.3,51.4],[-124.5,51.4],[-124.5,51.5],[-124.3,51.5],[-124.3,51.4]],[[-123.9,51.1],[-123.6,51.1],[-123.6,50.8],[-123.8,50.8],[-123.8,50.7],[-124.0,50.7],[-124.0,50.8],[-123.9,50.8],[-123.9,51.1]],[[-123.1,50.5],[-123.3,50.5],[-123.3,50.6],[-123.1,50.6],[-123.1,50.5]]],[[[-122.2,50.8],[-122.2,50.9],[-122.4,50.9],[-122.4,50.8],[-122.2,50.8]]],[[[-125.8,51.0],[-125.8,51.3],[-125.9,51.3],[-125.9,51.2],[-126.0,51.2],[-126.0,51.0],[-125.8,51.0]]],[[[-121.8,51.1],[-121.8,51.3],[-121.9,51.3],[-121.9,51.1],[-121.8,51.1]]],[[[-125.8,51.5],[-125.8,51.3],[-125.7,51.3],[-125.7,51.5],[-125.6,51.5],[-125.6,51.8],[-125.5,51.8],[-125.5,51.6],[-125.4,51.6],[-125.4,51.5],[-125.3,51.5],[-125.3,51.7],[-125.1,51.7],[-125.1,51.3],[-125.0,51.3],[-125.0,51.4],[-124.9,51.4],[-124.9,51.5],[-125.0,51.5],[-125.0,51.6],[-124.9,51.6],[-124.9,51.7],[-124.8,51.7],[-124.8,51.9],[-125.1,51.9],[-125.1,52.1],[-125.5,52.1],[-125.5,52.2],[-125.4,52.2],[-125.4,52.3],[-125.7,52.3],[-125.7,51.9],[-125.9,51.9],[-125.9,51.7],[-125.8,51.7],[-125.8,51.6],[-125.9,51.6],[-125.9,51.5],[-125.8,51.5]]],[[[-124.2,51.8],[-124.2,51.9],[-124.4,51.9],[-124.4,51.8],[-124.2,51.8]]],[[[-125.8,52.1],[-125.8,52.4],[-125.7,52.4],[-125.7,52.5],[-125.6,52.5],[-125.6,52.6],[-125.7,52.6],[-125.7,52.8],[-126.0,52.8],[-126.0,52.1],[-125.8,52.1]]],[[[-125.0,52.5],[-125.0,52.3],[-124.9,52.3],[-124.9,52.2],[-124.7,52.2],[-124.7,52.1],[-124.6,52.1],[-124.6,52.5],[-124.5,52.5],[-124.5,52.6],[-124.4,52.6],[-124.4,52.5],[-124.3,52.5],[-124.3,52.6],[-124.2,52.6],[-124.2,52.7],[-124.1,52.7],[-124.1,52.8],[-124.2,52.8],[-124.2,52.9],[-124.3,52.9],[-124.3,53.0],[-124.8,53.0],[-124.8,52.9],[-125.4,52.9],[-125.4,52.6],[-125.1,52.6],[-125.1,52.5],[-125.0,52.5]]],[[[-124.8,53.1],[-124.8,53.2],[-124.9,53.2],[-124.9,53.3],[-125.1,53.3],[-125.1,53.4],[-125.2,53.4],[-125.2,53.3],[-125.3,53.3],[-125.3,53.2],[-125.0,53.2],[-125.0,53.1],[-124.8,53.1]]],[[[-124.6,53.4],[-124.6,53.5],[-124.8,53.5],[-124.8,53.4],[-124.6,53.4]]],[[[-126.0,53.7],[-126.0,53.4],[-125.9,53.4],[-125.9,53.5],[-125.8,53.5],[-125.8,53.6],[-125.9,53.6],[-125.9,53.7],[-126.0,53.7]]],[[[-122.3,53.5],[-122.3,53.7],[-122.4,53.7],[-122.4,53.5],[-122.3,53.5]]],[[[-121.8,53.5],[-121.8,53.7],[-121.9,53.7],[-121.9,53.5],[-121.8,53.5]]],[[[-124.3,53.8],[-124.3,53.6],[-124.0,53.6],[-124.0,53.7],[-124.1,53.7],[-124.1,53.8],[-124.3,53.8]]],[[[-124.9,54.3],[-124.9,54.4],[-125.3,54.4],[-125.3,54.3],[-125.4,54.3],[-125.4,54.2],[-125.2,54.2],[-125.2,54.3],[-124.9,54.3]]],[[[-125.2,54.6],[-125.2,54.7],[-125.4,54.7],[-125.4,54.6],[-125.2,54.6]]],[[[-125.8,54.8],[-125.8,54.9],[-126.0,54.9],[-126.0,54.8],[-125.8,54.8]]],[[[-123.5,54.9],[-123.5,55.0],[-123.7,55.0],[-123.7,54.8],[-123.6,54.8],[-123.6,54.9],[-123.5,54.9]]],[[[-125.8,55.1],[-125.8,54.9],[-125.6,54.9],[-125.6,54.8],[-125.5,54.8],[-125.5,54.9],[-125.4,54.9],[-125.4,55.0],[-125.6,55.0],[-125.6,55.1],[-125.8,55.1]]],[[[-124.3,55.0],[-124.3,55.1],[-124.6,55.1],[-124.6,55.0],[-124.3,55.0]]],[[[-123.9,54.9],[-123.9,55.0],[-124.0,55.0],[-124.0,55.2],[-124.1,55.2],[-124.1,55.1],[-124.2,55.1],[-124.2,55.0],[-124.1,55.0],[-124.1,54.9],[-123.9,54.9]]],[[[-124.8,55.0],[-124.8,55.2],[-124.9,55.2],[-124.9,55.0],[-124.8,55.0]]],[[[-123.5,55.3],[-123.5,55.0],[-123.3,55.0],[-123.3,55.1],[-123.4,55.1],[-123.4,55.4],[-123.6,55.4],[-123.6,55.3],[-123.5,55.3]]],[[[-122.6,57.8],[-122.4,57.8],[-122.4,58.0],[-122.3,58.0],[-122.3,58.1],[-122.6,58.1],[-122.6,57.8]]],[[[-124.5,58.1],[-124.5,58.2],[-124.7,58.2],[-124.7,58.1],[-124.8,58.1],[-124.8,58.0],[-124.9,58.0],[-124.9,57.9],[-124.7,57.9],[-124.7,58.0],[-124.6,58.0],[-124.6,58.1],[-124.5,58.1]]],[[[-125.3,58.2],[-125.3,58.1],[-125.1,58.1],[-125.1,58.2],[-125.3,58.2]]],[[[-124.0,59.1],[-124.0,59.0],[-123.9,59.0],[-123.9,58.9],[-123.8,58.9],[-123.8,59.0],[-123.6,59.0],[-123.6,59.1],[-123.7,59.1],[-123.7,59.2],[-124.2,59.2],[-124.2,59.1],[-124.0,59.1]]],[[[-121.7,49.0],[-121.7,48.9],[-121.6,48.9],[-121.6,48.8],[-121.5,48.8],[-121.5,49.0],[-121.7,49.0]]],[[[-121.4,49.0],[-121.4,48.8],[-121.3,48.8],[-121.3,48.9],[-121.2,48.9],[-121.2,49.1],[-121.3,49.1],[-121.3,49.0],[-121.4,49.0]]],[[[-120.0,48.9],[-119.8,48.9],[-119.8,49.1],[-119.9,49.1],[-119.9,49.2],[-120.0,49.2],[-120.0,48.9]]],[[[-118.5,49.6],[-118.5,49.9],[-118.6,49.9],[-118.6,49.6],[-118.5,49.6]]],[[[-117.9,49.8],[-117.9,49.9],[-118.0,49.9],[-118.0,49.7],[-117.6,49.7],[-117.6,49.9],[-117.5,49.9],[-117.5,50.1],[-117.6,50.1],[-117.6,50.0],[-117.7,50.0],[-117.7,49.9],[-117.8,49.9],[-117.8,49.8],[-117.9,49.8]]],[[[-118.7,50.0],[-118.7,50.1],[-119.0,50.1],[-119.0,50.0],[-118.9,50.0],[-118.9,49.9],[-118.8,49.9],[-118.8,50.0],[-118.7,50.0]]],[[[-118.4,50.9],[-118.4,50.8],[-118.3,50.8],[-118.3,50.4],[-118.1,50.4],[-118.1,50.7],[-118.2,50.7],[-118.2,50.9],[-118.4,50.9]]],[[[-119.7,51.4],[-119.7,51.5],[-119.9,51.5],[-119.9,51.6],[-120.0,51.6],[-120.0,51.5],[-120.1,51.5],[-120.1,51.3],[-120.0,51.3],[-120.0,51.4],[-119.7,51.4]]],[[[-119.7,52.1],[-119.9,52.1],[-119.9,51.9],[-120.0,51.9],[-120.0,51.8],[-119.9,51.8],[-119.9,51.7],[-119.8,51.7],[-119.8,51.8],[-119.7,51.8],[-119.7,51.9],[-119.6,51.9],[-119.6,52.0],[-119.7,52.0],[-119.7,52.1]]],[[[-120.4,52.6],[-120.5,52.6],[-120.5,52.5],[-120.7,52.5],[-120.7,52.3],[-120.6,52.3],[-120.6,52.1],[-120.5,52.1],[-120.5,52.0],[-120.4,52.0],[-120.4,52.1],[-120.3,52.1],[-120.3,52.2],[-120.4,52.2],[-120.4,52.6]]],[[[-121.7,52.8],[-121.3,52.8],[-121.3,53.0],[-121.2,53.0],[-121.2,53.1],[-121.4,53.1],[-121.4,53.2],[-121.5,53.2],[-121.5,53.3],[-121.6,53.3],[-121.6,53.2],[-121.8,53.2],[-121.8,53.0],[-121.7,53.0],[-121.7,52.8]]],[[[-117.5,53.6],[-117.7,53.6],[-117.7,53.5],[-117.5,53.5],[-117.5,53.6]]],[[[-121.7,53.9],[-121.7,53.7],[-121.5,53.7],[-121.5,53.8],[-121.6,53.8],[-121.6,53.9],[-121.7,53.9]]],[[[-118.3,54.2],[-118.3,54.1],[-118.0,54.1],[-118.0,54.2],[-118.3,54.2]]],[[[-125.7,59.5],[-125.7,59.4],[-125.9,59.4],[-125.9,59.3],[-126.0,59.3],[-126.0,56.8],[-125.9,56.8],[-125.9,56.6],[-126.0,56.6],[-126.0,55.3],[-125.9,55.3],[-125.9,55.2],[-125.8,55.2],[-125.8,55.4],[-125.7,55.4],[-125.7,55.2],[-125.6,55.2],[-125.6,55.1],[-125.5,55.1],[-125.5,55.2],[-125.3,55.2],[-125.3,55.3],[-125.4,55.3],[-125.4,55.5],[-125.3,55.5],[-125.3,55.4],[-125.2,55.4],[-125.2,55.3],[-125.1,55.3],[-125.1,55.2],[-125.0,55.2],[-125.0,55.3],[-124.7,55.3],[-124.7,55.2],[-124.4,55.2],[-124.4,55.3],[-124.1,55.3],[-124.1,55.4],[-123.9,55.4],[-123.9,55.3],[-123.8,55.3],[-123.8,55.4],[-123.7,55.4],[-123.7,55.5],[-123.8,55.5],[-123.8,55.6],[-124.0,55.6],[-124.0,55.7],[-124.1,55.7],[-124.1,55.8],[-124.2,55.8],[-124.2,55.9],[-124.3,55.9],[-124.3,56.0],[-124.4,56.0],[-124.4,56.1],[-124.5,56.1],[-124.5,55.8],[-124.6,55.8],[-124.6,56.2],[-124.5,56.2],[-124.5,56.4],[-124.6,56.4],[-124.6,56.6],[-124.4,56.6],[-124.4,56.5],[-124.3,56.5],[-124.3,56.4],[-124.1,56.4],[-124.1,56.3],[-124.0,56.3],[-124.0,56.1],[-123.7,56.1],[-123.7,55.8],[-123.5,55.8],[-123.5,55.7],[-123.4,55.7],[-123.4,55.6],[-123.2,55.6],[-123.2,55.5],[-123.1,55.5],[-123.1,55.4],[-123.0,55.4],[-123.0,55.3],[-122.9,55.3],[-122.9,55.2],[-122.7,55.2],[-122.7,55.1],[-122.6,55.1],[-122.6,55.0],[-122.5,55.0],[-122.5,54.9],[-122.3,54.9],[-122.3,54.7],[-122.2,54.7],[-122.2,54.8],[-122.1,54.8],[-122.1,54.7],[-121.9,54.7],[-121.9,54.5],[-122.0,54.5],[-122.0,54.4],[-121.8,54.4],[-121.8,54.5],[-121.6,54.5],[-121.6,54.4],[-121.1,54.4],[-121.1,54.3],[-121.3,54.3],[-121.3,54.2],[-121.2,54.2],[-121.2,54.1],[-121.4,54.1],[-121.4,54.2],[-121.6,54.2],[-121.6,54.0],[-121.5,54.0],[-121.5,53.9],[-121.3,53.9],[-121.3,54.0],[-121.2,54.0],[-121.2,53.9],[-121.0,53.9],[-121.0,54.0],[-120.8,54.0],[-120.8,53.7],[-120.6,53.7],[-120.6,53.6],[-120.5,53.6],[-120.5,53.5],[-120.3,53.5],[-120.3,53.4],[-120.2,53.4],[-120.2,53.3],[-120.4,53.3],[-120.4,53.4],[-120.6,53.4],[-120.6,53.5],[-120.9,53.5],[-120.9,53.6],[-121.1,53.6],[-121.1,53.7],[-121.4,53.7],[-121.4,53.4],[-121.3,53.4],[-121.3,53.3],[-121.2,53.3],[-121.2,53.2],[-121.1,53.2],[-121.1,52.8],[-121.3,52.8],[-121.3,52.7],[-121.4,52.7],[-121.4,52.6],[-121.0,52.6],[-121.0,52.7],[-120.9,52.7],[-120.9,52.6],[-120.5,52.6],[-120.5,52.8],[-120.4,52.8],[-120.4,52.7],[-120.1,52.7],[-120.1,52.6],[-120.3,52.6],[-120.3,52.4],[-120.1,52.4],[-120.1,52.2],[-120.0,52.2],[-120.0,52.1],[-119.9,52.1],[-119.9,52.2],[-119.6,52.2],[-119.6,52.1],[-119.5,52.1],[-119.5,51.9],[-119.6,51.9],[-119.6,51.8],[-119.4,51.8],[-119.4,52.1],[-119.3,52.1],[-119.3,52.0],[-119.1,52.0],[-119.1,52.1],[-119.0,52.1],[-119.0,51.8],[-119.1,51.8],[-119.1,51.5],[-118.8,51.5],[-118.8,51.4],[-118.7,51.4],[-118.7,51.3],[-118.6,51.3],[-118.6,51.1],[-118.5,51.1],[-118.5,51.0],[-118.4,51.0],[-118.4,51.3],[-118.5,51.3],[-118.5,51.4],[-118.6,51.4],[-118.6,51.6],[-118.8,51.6],[-118.8,51.8],[-118.7,51.8],[-118.7,51.9],[-118.6,51.9],[-118.6,52.0],[-118.7,52.0],[-118.7,52.1],[-118.6,52.1],[-118.6,52.3],[-118.4,52.3],[-118.4,52.2],[-118.3,52.2],[-118.3,52.1],[-118.1,52.1],[-118.1,52.0],[-118.4,52.0],[-118.4,52.1],[-118.5,52.1],[-118.5,51.9],[-118.4,51.9],[-118.4,51.8],[-118.6,51.8],[-118.6,51.7],[-118.3,51.7],[-118.3,51.6],[-118.5,51.6],[-118.5,51.5],[-118.4,51.5],[-118.4,51.4],[-118.3,51.4],[-118.3,51.3],[-118.1,51.3],[-118.1,51.1],[-118.0,51.1],[-118.0,51.2],[-117.8,51.2],[-117.8,51.1],[-117.9,51.1],[-117.9,51.0],[-117.8,51.0],[-117.8,50.8],[-117.7,50.8],[-117.7,51.0],[-117.5,51.0],[-117.5,50.9],[-117.6,50.9],[-117.6,50.7],[-117.4,50.7],[-117.4,50.6],[-117.2,50.6],[-117.2,50.5],[-117.1,50.5],[-117.1,50.7],[-117.0,50.7],[-117.0,50.6],[-116.9,50.6],[-116.9,50.4],[-116.8,50.4],[-116.8,50.2],[-116.9,50.2],[-116.9,50.1],[-116.8,50.1],[-116.8,49.8],[-116.6,49.8],[-116.6,49.7],[-116.5,49.7],[-116.5,49.8],[-116.3,49.8],[-116.3,49.6],[-116.2,49.6],[-116.2,49.7],[-116.1,49.7],[-116.1,49.8],[-116.0,49.8],[-116.0,50.1],[-116.1,50.1],[-116.1,50.5],[-116.2,50.5],[-116.2,50.4],[-116.3,50.4],[-116.3,50.7],[-116.4,50.7],[-116.4,50.8],[-116.6,50.8],[-116.6,50.9],[-116.7,50.9],[-116.7,51.0],[-116.9,51.0],[-116.9,51.2],[-117.0,51.2],[-117.0,51.3],[-117.1,51.3],[-117.1,51.4],[-117.2,51.4],[-117.2,51.5],[-117.4,51.5],[-117.4,51.3],[-117.5,51.3],[-117.5,51.6],[-117.6,51.6],[-117.6,51.7],[-117.7,51.7],[-117.7,51.8],[-117.5,51.8],[-117.5,51.9],[-117.4,51.9],[-117.4,52.0],[-117.3,52.0],[-117.3,51.9],[-117.2,51.9],[-117.2,51.8],[-117.3,51.8],[-117.3,51.7],[-117.4,51.7],[-117.4,51.6],[-117.1,51.6],[-117.1,51.5],[-116.9,51.5],[-116.9,51.3],[-116.8,51.3],[-116.8,51.2],[-116.5,51.2],[-116.5,51.1],[-116.3,51.1],[-116.3,50.9],[-116.0,50.9],[-116.0,51.0],[-115.9,51.0],[-115.9,50.7],[-115.7,50.7],[-115.7,50.6],[-115.5,50.6],[-115.5,50.3],[-115.4,50.3],[-115.4,50.0],[-115.6,50.0],[-115.6,49.8],[-115.5,49.8],[-115.5,49.6],[-115.4,49.6],[-115.4,49.8],[-115.2,49.8],[-115.2,49.9],[-115.1,49.9],[-115.1,49.7],[-115.0,49.7],[-115.0,50.3],[-114.9,50.3],[-114.9,50.1],[-114.8,50.1],[-114.8,49.8],[-114.7,49.8],[-114.7,49.7],[-114.5,49.7],[-114.5,49.8],[-114.6,49.8],[-114.6,49.9],[-114.5,49.9],[-114.5,50.0],[-114.3,50.0],[-114.3,50.1],[-114.4,50.1],[-114.4,50.3],[-114.5,50.3],[-114.5,50.4],[-114.6,50.4],[-114.6,50.6],[-114.7,50.6],[-114.7,50.8],[-114.8,50.8],[-114.8,51.0],[-115.1,51.0],[-115.1,51.6],[-115.3,51.6],[-115.3,51.7],[-115.2,51.7],[-115.2,51.8],[-115.3,51.8],[-115.3,51.9],[-115.4,51.9],[-115.4,52.0],[-115.5,52.0],[-115.5,52.2],[-115.7,52.2],[-115.7,52.4],[-115.9,52.4],[-115.9,52.5],[-116.0,52.5],[-116.0,52.6],[-116.3,52.6],[-116.3,52.7],[-116.4,52.7],[-116.4,52.8],[-116.5,52.8],[-116.5,52.9],[-116.7,52.9],[-116.7,53.0],[-116.8,53.0],[-116.8,53.1],[-117.3,53.1],[-117.3,53.2],[-117.4,53.2],[-117.4,53.3],[-117.7,53.3],[-117.7,53.2],[-117.9,53.2],[-117.9,53.1],[-118.0,53.1],[-118.0,52.8],[-118.1,52.8],[-118.1,53.2],[-118.0,53.2],[-118.0,53.3],[-117.9,53.3],[-117.9,53.7],[-118.0,53.7],[-118.0,53.8],[-118.2,53.8],[-118.2,53.9],[-118.1,53.9],[-118.1,54.0],[-118.3,54.0],[-118.3,54.1],[-118.8,54.1],[-118.8,54.2],[-119.0,54.2],[-119.0,54.4],[-119.3,54.4],[-119.3,54.5],[-119.4,54.5],[-119.4,54.6],[-119.6,54.6],[-119.6,54.4],[-119.8,54.4],[-119.8,54.5],[-119.9,54.5],[-119.9,54.6],[-120.2,54.6],[-120.2,54.8],[-120.4,54.8],[-120.4,54.9],[-120.5,54.9],[-120.5,54.8],[-120.8,54.8],[-120.8,55.0],[-121.1,55.0],[-121.1,55.1],[-121.2,55.1],[-121.2,55.2],[-121.4,55.2],[-121.4,55.3],[-121.5,55.3],[-121.5,55.4],[-121.6,55.4],[-121.6,55.2],[-121.7,55.2],[-121.7,55.3],[-121.8,55.3],[-121.8,55.5],[-122.1,55.5],[-122.1,55.6],[-122.2,55.6],[-122.2,55.5],[-122.3,55.5],[-122.3,55.7],[-122.4,55.7],[-122.4,55.8],[-122.3,55.8],[-122.3,55.9],[-122.4,55.9],[-122.4,56.1],[-122.7,56.1],[-122.7,56.0],[-122.8,56.0],[-122.8,56.2],[-122.3,56.2],[-122.3,56.3],[-122.4,56.3],[-122.4,56.4],[-122.6,56.4],[-122.6,56.7],[-122.8,56.7],[-122.8,56.8],[-122.7,56.8],[-122.7,56.9],[-122.6,56.9],[-122.6,56.8],[-122.5,56.8],[-122.5,56.9],[-122.2,56.9],[-122.2,57.0],[-122.1,57.0],[-122.1,57.1],[-122.0,57.1],[-122.0,57.4],[-122.3,57.4],[-122.3,57.5],[-122.2,57.5],[-122.2,57.6],[-122.3,57.6],[-122.3,57.7],[-122.4,57.7],[-122.4,57.6],[-122.7,57.6],[-122.7,57.7],[-123.0,57.7],[-123.0,57.6],[-123.1,57.6],[-123.1,57.7],[-123.3,57.7],[-123.3,57.9],[-123.4,57.9],[-123.4,58.0],[-123.0,58.0],[-123.0,58.2],[-123.2,58.2],[-123.2,58.5],[-123.5,58.5],[-123.5,58.6],[-123.7,58.6],[-123.7,58.5],[-123.6,58.5],[-123.6,58.2],[-123.7,58.2],[-123.7,58.4],[-123.8,58.4],[-123.8,58.8],[-124.0,58.8],[-124.0,59.0],[-124.2,59.0],[-124.2,59.1],[-124.3,59.1],[-124.3,58.9],[-124.4,58.9],[-124.4,59.0],[-124.5,59.0],[-124.5,59.1],[-124.6,59.1],[-124.6,59.2],[-124.5,59.2],[-124.5,59.3],[-124.4,59.3],[-124.4,59.5],[-124.5,59.5],[-124.5,59.6],[-124.7,59.6],[-124.7,59.7],[-124.8,59.7],[-124.8,60.0],[-126.0,60.0],[-126.0,59.5],[-125.7,59.5]],[[-124.6,59.3],[-124.6,59.2],[-124.8,59.2],[-124.8,59.3],[-125.3,59.3],[-125.3,59.4],[-124.9,59.4],[-124.9,59.5],[-124.8,59.5],[-124.8,59.4],[-124.7,59.4],[-124.7,59.3],[-124.6,59.3]],[[-122.0,55.2],[-121.7,55.2],[-121.7,55.1],[-121.8,55.1],[-121.8,55.0],[-121.9,55.0],[-121.9,55.1],[-122.0,55.1],[-122.0,55.2]],[[-121.2,55.0],[-121.1,55.0],[-121.1,54.6],[-121.2,54.6],[-121.2,54.7],[-121.3,54.7],[-121.3,54.9],[-121.2,54.9],[-121.2,55.0]],[[-116.2,52.5],[-116.0,52.5],[-116.0,52.4],[-116.2,52.4],[-116.2,52.5]],[[-116.4,52.4],[-116.2,52.4],[-116.2,52.3],[-116.3,52.3],[-116.3,52.2],[-116.4,52.2],[-116.4,52.4]],[[-117.1,50.9],[-117.1,50.7],[-117.3,50.7],[-117.3,50.8],[-117.2,50.8],[-117.2,50.9],[-117.1,50.9]],[[-118.1,51.9],[-118.1,52.0],[-117.9,52.0],[-117.9,51.9],[-118.1,51.9]],[[-118.6,52.5],[-118.6,52.3],[-118.7,52.3],[-118.7,52.4],[-118.8,52.4],[-118.8,52.5],[-118.6,52.5]],[[-119.2,52.1],[-119.3,52.1],[-119.3,52.3],[-119.2,52.3],[-119.2,52.4],[-119.3,52.4],[-119.3,52.5],[-119.1,52.5],[-119.1,52.2],[-119.2,52.2],[-119.2,52.1]],[[-120.7,52.7],[-120.9,52.7],[-120.9,52.9],[-120.8,52.9],[-120.8,52.8],[-120.7,52.8],[-120.7,52.7]],[[-120.2,53.2],[-120.2,53.3],[-120.0,53.3],[-120.0,53.2],[-120.2,53.2]],[[-120.0,53.1],[-120.0,53.2],[-119.8,53.2],[-119.8,53.1],[-120.0,53.1]],[[-119.8,53.0],[-119.8,53.1],[-119.5,53.1],[-119.5,53.0],[-119.3,53.0],[-119.3,52.9],[-119.2,52.9],[-119.2,52.8],[-119.0,52.8],[-119.0,52.7],[-119.3,52.7],[-119.3,52.8],[-119.4,52.8],[-119.4,52.9],[-119.6,52.9],[-119.6,53.0],[-119.8,53.0]],[[-121.1,54.2],[-121.1,54.3],[-120.9,54.3],[-120.9,54.2],[-121.1,54.2]],[[-123.9,56.3],[-124.0,56.3],[-124.0,56.6],[-123.9,56.6],[-123.9,56.3]],[[-124.6,56.7],[-124.6,56.6],[-124.8,56.6],[-124.8,56.7],[-125.1,56.7],[-125.1,56.9],[-125.2,56.9],[-125.2,57.1],[-125.0,57.1],[-125.0,56.9],[-124.8,56.9],[-124.8,56.8],[-124.7,56.8],[-124.7,56.7],[-124.6,56.7]],[[-125.2,57.2],[-125.2,57.1],[-125.4,57.1],[-125.4,57.2],[-125.5,57.2],[-125.5,57.3],[-125.3,57.3],[-125.3,57.2],[-125.2,57.2]],[[-125.7,59.3],[-125.7,59.4],[-125.4,59.4],[-125.4,59.2],[-125.5,59.2],[-125.5,59.3],[-125.7,59.3]],[[-124.5,58.3],[-124.5,58.2],[-124.4,58.2],[-124.4,57.9],[-124.3,57.9],[-124.3,57.8],[-124.6,57.8],[-124.6,57.7],[-124.7,57.7],[-124.7,57.8],[-125.0,57.8],[-125.0,58.0],[-125.3,58.0],[-125.3,58.1],[-125.4,58.1],[-125.4,58.4],[-125.5,58.4],[-125.5,58.5],[-125.4,58.5],[-125.4,58.7],[-125.3,58.7],[-125.3,58.6],[-125.2,58.6],[-125.2,58.3],[-125.1,58.3],[-125.1,58.4],[-124.8,58.4],[-124.8,58.5],[-124.7,58.5],[-124.7,58.6],[-124.6,58.6],[-124.6,58.5],[-124.5,58.5],[-124.5,58.4],[-124.4,58.4],[-124.4,58.3],[-124.5,58.3]],[[-125.6,58.4],[-125.5,58.4],[-125.5,58.2],[-125.6,58.2],[-125.6,58.4]],[[-124.1,57.9],[-124.3,57.9],[-124.3,58.0],[-124.1,58.0],[-124.1,57.9]],[[-125.7,58.2],[-125.7,58.1],[-125.9,58.1],[-125.9,58.2],[-125.7,58.2]],[[-123.9,57.6],[-123.9,57.4],[-124.0,57.4],[-124.0,57.3],[-124.2,57.3],[-124.2,57.4],[-124.3,57.4],[-124.3,57.5],[-124.5,57.5],[-124.5,57.7],[-124.4,57.7],[-124.4,57.6],[-123.9,57.6]],[[-123.3,55.9],[-123.3,56.0],[-123.2,56.0],[-123.2,56.1],[-122.9,56.1],[-122.9,56.0],[-123.1,56.0],[-123.1,55.8],[-123.2,55.8],[-123.2,55.9],[-123.3,55.9]],[[-120.7,53.9],[-120.7,54.0],[-120.5,54.0],[-120.5,53.9],[-120.7,53.9]],[[-119.4,53.1],[-119.4,53.2],[-119.2,53.2],[-119.2,53.1],[-119.4,53.1]],[[-119.6,52.8],[-119.6,52.7],[-119.8,52.7],[-119.8,52.9],[-119.7,52.9],[-119.7,52.8],[-119.6,52.8]],[[-117.4,52.2],[-117.5,52.2],[-117.5,52.4],[-117.4,52.4],[-117.4,52.3],[-117.3,52.3],[-117.3,52.5],[-117.4,52.5],[-117.4,52.7],[-117.2,52.7],[-117.2,52.6],[-117.1,52.6],[-117.1,52.1],[-117.4,52.1],[-117.4,52.2]],[[-117.6,52.2],[-117.5,52.2],[-117.5,52.1],[-117.9,52.1],[-117.9,52.3],[-117.8,52.3],[-117.8,52.2],[-117.7,52.2],[-117.7,52.3],[-117.6,52.3],[-117.6,52.2]],[[-119.9,52.3],[-120.0,52.3],[-120.0,52.5],[-119.9,52.5],[-119.9,52.3]],[[-116.9,52.3],[-116.9,52.2],[-117.0,52.2],[-117.0,52.4],[-116.6,52.4],[-116.6,52.3],[-116.9,52.3]],[[-116.8,51.8],[-116.8,51.7],[-117.0,51.7],[-117.0,51.9],[-116.9,51.9],[-116.9,51.8],[-116.8,51.8]],[[-116.2,51.8],[-116.2,51.7],[-116.3,51.7],[-116.3,51.9],[-116.1,51.9],[-116.1,51.8],[-116.2,51.8]],[[-115.4,51.1],[-115.6,51.1],[-115.6,51.2],[-115.4,51.2],[-115.4,51.1]],[[-115.3,50.1],[-115.3,50.3],[-115.2,50.3],[-115.2,50.1],[-115.3,50.1]]],[[[-121.5,55.5],[-121.5,55.4],[-121.2,55.4],[-121.2,55.5],[-121.5,55.5]]],[[[-119.3,57.1],[-119.5,57.1],[-119.5,57.0],[-119.6,57.0],[-119.6,56.9],[-119.7,56.9],[-119.7,56.8],[-119.9,56.8],[-119.9,56.6],[-119.8,56.6],[-119.8,56.7],[-119.6,56.7],[-119.6,56.6],[-118.8,56.6],[-118.8,56.7],[-118.7,56.7],[-118.7,56.9],[-119.3,56.9],[-119.3,57.0],[-119.1,57.0],[-119.1,57.1],[-118.5,57.1],[-118.5,57.2],[-118.6,57.2],[-118.6,57.4],[-118.4,57.4],[-118.4,57.5],[-118.7,57.5],[-118.7,57.4],[-119.0,57.4],[-119.0,57.3],[-119.2,57.3],[-119.2,57.2],[-119.3,57.2],[-119.3,57.1]]],[[[-121.5,57.5],[-121.9,57.5],[-121.9,57.4],[-121.5,57.4],[-121.5,57.5]]],[[[-120.2,57.5],[-120.8,57.5],[-120.8,57.4],[-121.0,57.4],[-121.0,57.3],[-120.3,57.3],[-120.3,57.4],[-119.9,57.4],[-119.9,57.5],[-119.7,57.5],[-119.7,57.4],[-119.5,57.4],[-119.5,57.5],[-119.3,57.5],[-119.3,57.8],[-119.2,57.8],[-119.2,57.9],[-119.5,57.9],[-119.5,58.0],[-119.7,58.0],[-119.7,57.9],[-119.8,57.9],[-119.8,57.8],[-120.0,57.8],[-120.0,57.6],[-120.2,57.6],[-120.2,57.5]]],[[[-118.3,57.7],[-118.5,57.7],[-118.5,57.6],[-118.3,57.6],[-118.3,57.7]]],[[[-122.1,59.3],[-121.7,59.3],[-121.7,59.2],[-121.6,59.2],[-121.6,59.1],[-121.5,59.1],[-121.5,59.0],[-121.3,59.0],[-121.3,59.1],[-121.2,59.1],[-121.2,59.2],[-121.0,59.2],[-121.0,59.0],[-120.5,59.0],[-120.5,59.2],[-120.4,59.2],[-120.4,59.3],[-120.5,59.3],[-120.5,59.4],[-121.2,59.4],[-121.2,59.3],[-121.5,59.3],[-121.5,59.4],[-121.6,59.4],[-121.6,59.5],[-121.9,59.5],[-121.9,59.6],[-121.8,59.6],[-121.8,59.7],[-122.0,59.7],[-122.0,59.6],[-122.6,59.6],[-122.6,59.5],[-122.4,59.5],[-122.4,59.4],[-122.1,59.4],[-122.1,59.3]]],[[[-117.2,60.0],[-119.8,60.0],[-119.8,59.8],[-119.9,59.8],[-119.9,59.7],[-119.4,59.7],[-119.4,59.6],[-119.7,59.6],[-119.7,59.5],[-119.8,59.5],[-119.8,59.3],[-119.6,59.3],[-119.6,59.2],[-119.5,59.2],[-119.5,59.3],[-119.1,59.3],[-119.1,59.2],[-118.7,59.2],[-118.7,59.3],[-118.4,59.3],[-118.4,59.4],[-118.1,59.4],[-118.1,59.5],[-117.8,59.5],[-117.8,59.6],[-117.6,59.6],[-117.6,59.7],[-117.5,59.7],[-117.5,59.8],[-117.4,59.8],[-117.4,59.9],[-117.2,59.9],[-117.2,60.0]]],[[[-120.3,60.0],[-121.3,60.0],[-121.3,59.9],[-120.3,59.9],[-120.3,60.0]]],[[[-110.7,40.7],[-110.7,40.6],[-110.2,40.6],[-110.2,40.7],[-109.8,40.7],[-109.8,40.8],[-110.0,40.8],[-110.0,40.9],[-110.7,40.9],[-110.7,40.8],[-110.9,40.8],[-110.9,40.6],[-110.8,40.6],[-110.8,40.7],[-110.7,40.7]]],[[[-113.9,43.8],[-113.9,43.6],[-113.8,43.6],[-113.8,43.8],[-113.9,43.8]]],[[[-110.9,44.0],[-110.9,43.7],[-111.0,43.7],[-111.0,43.6],[-110.8,43.6],[-110.8,44.0],[-110.9,44.0]]],[[[-113.7,44.2],[-113.9,44.2],[-113.9,44.1],[-113.8,44.1],[-113.8,44.0],[-113.5,44.0],[-113.5,44.1],[-113.7,44.1],[-113.7,44.2]]],[[[-114.5,44.6],[-114.6,44.6],[-114.6,44.5],[-114.8,44.5],[-114.8,44.4],[-114.4,44.4],[-114.4,44.5],[-114.5,44.5],[-114.5,44.6]]],[[[-113.6,44.6],[-113.6,44.7],[-113.7,44.7],[-113.7,44.5],[-113.5,44.5],[-113.5,44.6],[-113.6,44.6]]],[[[-113.9,44.9],[-113.9,44.7],[-113.8,44.7],[-113.8,44.9],[-113.9,44.9]]],[[[-113.2,44.9],[-113.2,44.7],[-113.1,44.7],[-113.1,44.9],[-113.2,44.9]]],[[[-110.8,44.8],[-110.8,45.0],[-110.9,45.0],[-110.9,44.8],[-110.8,44.8]]],[[[-111.7,44.8],[-111.7,45.0],[-111.9,45.0],[-111.9,44.8],[-111.7,44.8]]],[[[-110.0,44.9],[-110.0,44.6],[-109.9,44.6],[-109.9,44.5],[-109.7,44.5],[-109.7,44.6],[-109.6,44.6],[-109.6,44.5],[-109.5,44.5],[-109.5,44.7],[-109.7,44.7],[-109.7,44.8],[-109.8,44.8],[-109.8,45.0],[-109.7,45.0],[-109.7,44.9],[-109.3,44.9],[-109.3,45.1],[-109.4,45.1],[-109.4,45.2],[-109.7,45.2],[-109.7,45.3],[-110.0,45.3],[-110.0,45.5],[-110.5,45.5],[-110.5,45.3],[-110.4,45.3],[-110.4,45.2],[-110.6,45.2],[-110.6,45.3],[-110.7,45.3],[-110.7,45.1],[-110.4,45.1],[-110.4,45.0],[-110.2,45.0],[-110.2,44.9],[-110.0,44.9]]],[[[-111.4,45.2],[-111.4,45.3],[-111.5,45.3],[-111.5,44.9],[-111.1,44.9],[-111.1,45.0],[-111.4,45.0],[-111.4,45.1],[-111.3,45.1],[-111.3,45.2],[-111.4,45.2]]],[[[-113.6,45.2],[-113.6,45.4],[-113.7,45.4],[-113.7,45.5],[-113.8,45.5],[-113.8,45.3],[-113.7,45.3],[-113.7,45.2],[-113.6,45.2]]],[[[-111.4,45.4],[-111.4,45.3],[-111.2,45.3],[-111.2,45.4],[-111.4,45.4]]],[[[-112.8,45.5],[-112.8,45.6],[-112.9,45.6],[-112.9,45.7],[-113.0,45.7],[-113.0,45.5],[-113.1,45.5],[-113.1,45.4],[-113.0,45.4],[-113.0,45.3],[-112.9,45.3],[-112.9,45.5],[-112.8,45.5]]],[[[-112.1,45.6],[-112.1,45.5],[-112.0,45.5],[-112.0,45.4],[-111.9,45.4],[-111.9,45.6],[-112.1,45.6]]],[[[-114.3,46.0],[-114.4,46.0],[-114.4,45.8],[-114.3,45.8],[-114.3,46.0]]],[[[-113.3,46.0],[-113.1,46.0],[-113.1,46.1],[-113.4,46.1],[-113.4,46.0],[-113.6,46.0],[-113.6,45.8],[-113.5,45.8],[-113.5,45.9],[-113.3,45.9],[-113.3,46.0]]],[[[-110.2,46.0],[-110.2,46.1],[-110.4,46.1],[-110.4,46.0],[-110.2,46.0]]],[[[-112.9,46.4],[-113.1,46.4],[-113.1,46.3],[-113.2,46.3],[-113.2,46.2],[-113.0,46.2],[-113.0,46.3],[-112.9,46.3],[-112.9,46.4]]],[[[-113.1,47.7],[-113.2,47.7],[-113.2,47.6],[-113.0,47.6],[-113.0,47.9],[-113.1,47.9],[-113.1,47.7]]],[[[-113.6,48.9],[-113.8,48.9],[-113.8,48.8],[-113.7,48.8],[-113.7,48.7],[-113.5,48.7],[-113.5,48.8],[-113.6,48.8],[-113.6,48.9]]],[[[-114.1,48.8],[-114.0,48.8],[-114.0,49.2],[-114.1,49.2],[-114.1,49.3],[-114.2,49.3],[-114.2,49.2],[-114.3,49.2],[-114.3,49.1],[-114.2,49.1],[-114.2,48.9],[-114.1,48.9],[-114.1,48.8]]],[[[-114.6,49.5],[-114.9,49.5],[-114.9,49.4],[-114.6,49.4],[-114.6,49.5]]],[[[-116.6,49.6],[-116.6,49.7],[-116.7,49.7],[-116.7,49.6],[-116.8,49.6],[-116.8,49.5],[-116.7,49.5],[-116.7,49.4],[-116.5,49.4],[-116.5,49.5],[-116.4,49.5],[-116.4,49.6],[-116.6,49.6]]],[[[-117.1,49.9],[-117.1,50.0],[-117.2,50.0],[-117.2,49.9],[-117.3,49.9],[-117.3,49.7],[-117.0,49.7],[-117.0,49.9],[-117.1,49.9]]],[[[-117.4,50.3],[-117.4,50.2],[-117.3,50.2],[-117.3,50.1],[-117.2,50.1],[-117.2,50.2],[-117.1,50.2],[-117.1,50.3],[-117.2,50.3],[-117.2,50.4],[-117.3,50.4],[-117.3,50.5],[-117.5,50.5],[-117.5,50.6],[-117.7,50.6],[-117.7,50.5],[-117.6,50.5],[-117.6,50.4],[-117.5,50.4],[-117.5,50.3],[-117.4,50.3]]],[[[-115.6,54.9],[-115.9,54.9],[-115.9,54.8],[-116.0,54.8],[-116.0,54.7],[-115.3,54.7],[-115.3,54.8],[-115.6,54.8],[-115.6,54.9]]],[[[-115.8,57.5],[-115.8,57.6],[-115.9,57.6],[-115.9,57.3],[-115.8,57.3],[-115.8,57.1],[-115.7,57.1],[-115.7,57.3],[-115.6,57.3],[-115.6,57.4],[-115.7,57.4],[-115.7,57.5],[-115.8,57.5]]],[[[-113.1,57.6],[-113.3,57.6],[-113.3,57.5],[-113.9,57.5],[-113.9,57.4],[-114.0,57.4],[-114.0,57.3],[-114.2,57.3],[-114.2,57.2],[-114.1,57.2],[-114.1,57.1],[-114.0,57.1],[-114.0,57.2],[-113.8,57.2],[-113.8,57.1],[-113.4,57.1],[-113.4,57.2],[-113.2,57.2],[-113.2,57.3],[-113.0,57.3],[-113.0,57.2],[-112.9,57.2],[-112.9,57.3],[-112.6,57.3],[-112.6,57.4],[-112.1,57.4],[-112.1,57.5],[-111.9,57.5],[-111.9,57.7],[-111.8,57.7],[-111.8,57.8],[-111.9,57.8],[-111.9,57.9],[-112.2,57.9],[-112.2,58.0],[-112.1,58.0],[-112.1,58.1],[-112.9,58.1],[-112.9,58.0],[-113.2,58.0],[-113.2,57.9],[-113.3,57.9],[-113.3,57.7],[-113.1,57.7],[-113.1,57.6]]],[[[-115.8,57.7],[-115.8,57.6],[-115.5,57.6],[-115.5,57.8],[-115.6,57.8],[-115.6,57.9],[-116.3,57.9],[-116.3,57.7],[-115.8,57.7]]],[[[-116.4,59.3],[-116.5,59.3],[-116.5,59.2],[-116.6,59.2],[-116.6,59.1],[-116.7,59.1],[-116.7,59.0],[-116.6,59.0],[-116.6,58.9],[-116.5,58.9],[-116.5,58.8],[-115.9,58.8],[-115.9,58.7],[-115.2,58.7],[-115.2,58.6],[-114.9,58.6],[-114.9,58.7],[-114.6,58.7],[-114.6,58.8],[-114.3,58.8],[-114.3,58.9],[-114.0,58.9],[-114.0,59.0],[-113.8,59.0],[-113.8,59.1],[-113.9,59.1],[-113.9,59.3],[-114.0,59.3],[-114.0,59.4],[-114.1,59.4],[-114.1,59.5],[-114.2,59.5],[-114.2,59.6],[-114.4,59.6],[-114.4,59.7],[-115.8,59.7],[-115.8,59.6],[-116.1,59.6],[-116.1,59.5],[-116.2,59.5],[-116.2,59.4],[-116.4,59.4],[-116.4,59.3]]],[[[-105.1,37.1],[-105.1,37.3],[-105.2,37.3],[-105.2,37.1],[-105.1,37.1]]],[[[-106.5,37.1],[-106.5,37.3],[-106.6,37.3],[-106.6,37.4],[-106.4,37.4],[-106.4,37.5],[-106.5,37.5],[-106.5,37.6],[-106.6,37.6],[-106.6,37.5],[-106.7,37.5],[-106.7,37.2],[-106.6,37.2],[-106.6,37.1],[-106.5,37.1]]],[[[-107.0,37.6],[-107.1,37.6],[-107.1,37.5],[-106.8,37.5],[-106.8,37.7],[-107.0,37.7],[-107.0,37.6]]],[[[-107.4,37.6],[-107.1,37.6],[-107.1,37.7],[-107.3,37.7],[-107.3,37.8],[-107.2,37.8],[-107.2,37.9],[-107.1,37.9],[-107.1,37.8],[-107.0,37.8],[-107.0,37.9],[-106.8,37.9],[-106.8,37.8],[-106.6,37.8],[-106.6,37.9],[-106.5,37.9],[-106.5,38.0],[-106.8,38.0],[-106.8,38.1],[-107.0,38.1],[-107.0,38.0],[-107.1,38.0],[-107.1,38.2],[-107.2,38.2],[-107.2,38.1],[-107.3,38.1],[-107.3,38.0],[-107.4,38.0],[-107.4,38.2],[-107.5,38.2],[-107.5,38.1],[-107.6,38.1],[-107.6,38.0],[-107.8,38.0],[-107.8,37.8],[-107.9,37.8],[-107.9,37.7],[-107.7,37.7],[-107.7,37.5],[-107.4,37.5],[-107.4,37.6]]],[[[-105.7,38.2],[-105.7,38.0],[-105.6,38.0],[-105.6,38.2],[-105.7,38.2]]],[[[-105.5,39.4],[-105.6,39.4],[-105.6,39.2],[-105.4,39.2],[-105.4,39.3],[-105.5,39.3],[-105.5,39.4]]],[[[-106.1,39.8],[-106.1,39.7],[-106.2,39.7],[-106.2,39.8],[-106.4,39.8],[-106.4,39.7],[-106.3,39.7],[-106.3,39.6],[-106.4,39.6],[-106.4,39.5],[-106.5,39.5],[-106.5,39.6],[-106.6,39.6],[-106.6,39.5],[-106.7,39.5],[-106.7,39.4],[-106.6,39.4],[-106.6,39.3],[-106.8,39.3],[-106.8,39.1],[-106.9,39.1],[-106.9,39.2],[-107.2,39.2],[-107.2,39.1],[-107.1,39.1],[-107.1,38.9],[-107.0,38.9],[-107.0,39.0],[-106.9,39.0],[-106.9,38.9],[-106.8,38.9],[-106.8,38.8],[-106.6,38.8],[-106.6,38.7],[-106.7,38.7],[-106.7,38.6],[-106.4,38.6],[-106.4,38.5],[-106.3,38.5],[-106.3,38.6],[-106.2,38.6],[-106.2,38.8],[-106.3,38.8],[-106.3,38.9],[-106.2,38.9],[-106.2,39.0],[-106.1,39.0],[-106.1,39.2],[-106.0,39.2],[-106.0,39.3],[-105.9,39.3],[-105.9,39.4],[-105.8,39.4],[-105.8,39.5],[-105.7,39.5],[-105.7,39.4],[-105.6,39.4],[-105.6,39.5],[-105.5,39.5],[-105.5,39.6],[-105.6,39.6],[-105.6,39.7],[-105.7,39.7],[-105.7,39.8],[-105.6,39.8],[-105.6,40.0],[-105.5,40.0],[-105.5,40.1],[-105.6,40.1],[-105.6,40.3],[-105.7,40.3],[-105.7,40.4],[-105.6,40.4],[-105.6,40.6],[-105.7,40.6],[-105.7,40.8],[-105.8,40.8],[-105.8,40.6],[-105.9,40.6],[-105.9,40.8],[-106.0,40.8],[-106.0,40.2],[-105.9,40.2],[-105.9,40.4],[-105.8,40.4],[-105.8,40.0],[-105.7,40.0],[-105.7,39.9],[-106.0,39.9],[-106.0,39.8],[-106.1,39.8]],[[-106.2,39.1],[-106.2,39.0],[-106.4,39.0],[-106.4,39.3],[-106.3,39.3],[-106.3,39.1],[-106.2,39.1]],[[-106.1,39.5],[-106.1,39.7],[-106.0,39.7],[-106.0,39.5],[-106.1,39.5]]],[[[-107.2,40.1],[-107.2,40.0],[-107.4,40.0],[-107.4,39.9],[-107.1,39.9],[-107.1,40.1],[-107.2,40.1]]],[[[-106.1,40.3],[-106.1,40.4],[-106.4,40.4],[-106.4,40.3],[-106.1,40.3]]],[[[-106.6,40.6],[-106.6,40.9],[-106.7,40.9],[-106.7,40.6],[-106.6,40.6]]],[[[-106.2,41.2],[-106.2,41.5],[-106.3,41.5],[-106.3,41.4],[-106.4,41.4],[-106.4,41.3],[-106.3,41.3],[-106.3,41.2],[-106.2,41.2]]],[[[-110.0,44.4],[-110.0,44.6],[-110.1,44.6],[-110.1,44.8],[-110.3,44.8],[-110.3,44.7],[-110.2,44.7],[-110.2,44.3],[-110.1,44.3],[-110.1,44.2],[-110.4,44.2],[-110.4,44.1],[-110.3,44.1],[-110.3,44.0],[-110.2,44.0],[-110.2,43.8],[-110.3,43.8],[-110.3,43.6],[-110.1,43.6],[-110.1,43.5],[-110.4,43.5],[-110.4,43.6],[-110.6,43.6],[-110.6,43.4],[-110.4,43.4],[-110.4,43.3],[-110.2,43.3],[-110.2,43.2],[-110.1,43.2],[-110.1,43.4],[-109.9,43.4],[-109.9,43.3],[-110.0,43.3],[-110.0,43.2],[-109.9,43.2],[-109.9,43.1],[-109.8,43.1],[-109.8,43.0],[-109.7,43.0],[-109.7,42.9],[-109.5,42.9],[-109.5,42.8],[-109.4,42.8],[-109.4,42.7],[-109.2,42.7],[-109.2,42.6],[-108.9,42.6],[-108.9,42.7],[-109.0,42.7],[-109.0,42.8],[-109.1,42.8],[-109.1,42.9],[-109.2,42.9],[-109.2,43.1],[-109.3,43.1],[-109.3,43.2],[-109.4,43.2],[-109.4,43.3],[-109.5,43.3],[-109.5,43.4],[-109.6,43.4],[-109.6,43.5],[-109.8,43.5],[-109.8,43.6],[-109.9,43.6],[-109.9,43.7],[-109.6,43.7],[-109.6,43.8],[-109.5,43.8],[-109.5,43.7],[-109.3,43.7],[-109.3,43.6],[-109.1,43.6],[-109.1,43.9],[-109.2,43.9],[-109.2,44.0],[-109.3,44.0],[-109.3,44.2],[-109.2,44.2],[-109.2,44.3],[-109.4,44.3],[-109.4,44.2],[-109.6,44.2],[-109.6,44.3],[-109.5,44.3],[-109.5,44.4],[-110.0,44.4]]],[[[-107.3,44.7],[-107.6,44.7],[-107.6,44.6],[-107.5,44.6],[-107.5,44.4],[-107.4,44.4],[-107.4,44.3],[-107.3,44.3],[-107.3,44.2],[-107.2,44.2],[-107.2,44.1],[-107.0,44.1],[-107.0,44.5],[-107.2,44.5],[-107.2,44.6],[-107.3,44.6],[-107.3,44.7]]],[[[-107.8,44.7],[-107.6,44.7],[-107.6,44.8],[-107.7,44.8],[-107.7,44.9],[-107.8,44.9],[-107.8,45.0],[-107.9,45.0],[-107.9,44.8],[-107.8,44.8],[-107.8,44.7]]],[[[-79.7,51.9],[-79.0,51.9],[-79.0,52.0],[-78.8,52.0],[-78.8,52.1],[-78.9,52.1],[-78.9,52.2],[-79.2,52.2],[-79.2,52.1],[-79.7,52.1],[-79.7,51.9]]],[[[-79.3,52.2],[-79.3,52.3],[-79.6,52.3],[-79.6,52.2],[-79.3,52.2]]],[[[-79.7,52.6],[-79.7,52.5],[-79.5,52.5],[-79.5,52.6],[-79.7,52.6]]],[[[-79.1,52.5],[-79.1,52.8],[-79.2,52.8],[-79.2,52.5],[-79.1,52.5]]],[[[-81.7,53.2],[-81.5,53.2],[-81.5,53.1],[-81.0,53.1],[-81.0,53.0],[-80.9,53.0],[-80.9,52.9],[-81.0,52.9],[-81.0,52.8],[-81.2,52.8],[-81.2,52.7],[-80.8,52.7],[-80.8,52.6],[-80.6,52.6],[-80.6,52.8],[-80.7,52.8],[-80.7,53.0],[-80.8,53.0],[-80.8,53.1],[-80.9,53.1],[-80.9,53.2],[-81.2,53.2],[-81.2,53.3],[-81.7,53.3],[-81.7,53.2]]],[[[-80.1,53.4],[-80.1,53.2],[-80.0,53.2],[-80.0,53.0],[-79.7,53.0],[-79.7,53.2],[-79.9,53.2],[-79.9,53.4],[-80.1,53.4]]],[[[-82.1,53.5],[-82.1,53.7],[-82.2,53.7],[-82.2,53.5],[-82.1,53.5]]],[[[-81.0,54.4],[-81.2,54.4],[-81.2,54.3],[-81.0,54.3],[-81.0,54.4]]],[[[-82.5,54.6],[-82.4,54.6],[-82.4,54.3],[-82.3,54.3],[-82.3,54.6],[-82.2,54.6],[-82.2,54.8],[-82.1,54.8],[-82.1,54.9],[-82.2,54.9],[-82.2,55.2],[-82.9,55.2],[-82.9,55.3],[-83.1,55.3],[-83.1,55.2],[-83.2,55.2],[-83.2,55.3],[-85.1,55.3],[-85.1,55.4],[-85.4,55.4],[-85.4,55.5],[-85.5,55.5],[-85.5,55.6],[-85.7,55.6],[-85.7,55.7],[-86.2,55.7],[-86.2,55.8],[-86.5,55.8],[-86.5,55.9],[-86.8,55.9],[-86.8,56.0],[-87.4,56.0],[-87.4,56.1],[-87.6,56.1],[-87.6,56.2],[-87.7,56.2],[-87.7,56.4],[-87.9,56.4],[-87.9,56.5],[-88.1,56.5],[-88.1,56.6],[-88.4,56.6],[-88.4,56.7],[-88.6,56.7],[-88.6,56.8],[-88.7,56.8],[-88.7,56.9],[-89.2,56.9],[-89.2,57.0],[-89.9,57.0],[-89.9,57.1],[-90.2,57.1],[-90.2,57.2],[-90.5,57.2],[-90.5,57.3],[-91.0,57.3],[-91.0,57.2],[-91.1,57.2],[-91.1,57.1],[-90.9,57.1],[-90.9,57.0],[-90.5,57.0],[-90.5,56.9],[-90.3,56.9],[-90.3,57.0],[-90.2,57.0],[-90.2,56.9],[-89.9,56.9],[-89.9,56.8],[-90.3,56.8],[-90.3,56.7],[-90.4,56.7],[-90.4,56.8],[-90.9,56.8],[-90.9,56.7],[-90.8,56.7],[-90.8,56.5],[-91.1,56.5],[-91.1,56.6],[-91.2,56.6],[-91.2,56.4],[-91.1,56.4],[-91.1,56.3],[-91.2,56.3],[-91.2,56.2],[-91.1,56.2],[-91.1,56.0],[-91.3,56.0],[-91.3,56.1],[-91.5,56.1],[-91.5,56.3],[-91.6,56.3],[-91.6,56.5],[-91.7,56.5],[-91.7,56.6],[-92.1,56.6],[-92.1,56.5],[-92.2,56.5],[-92.2,56.6],[-92.3,56.6],[-92.3,56.2],[-92.0,56.2],[-92.0,56.1],[-91.9,56.1],[-91.9,56.0],[-91.7,56.0],[-91.7,55.9],[-91.5,55.9],[-91.5,56.0],[-91.4,56.0],[-91.4,55.9],[-91.2,55.9],[-91.2,55.8],[-90.7,55.8],[-90.7,55.7],[-90.3,55.7],[-90.3,55.6],[-89.4,55.6],[-89.4,55.5],[-89.3,55.5],[-89.3,55.6],[-89.2,55.6],[-89.2,55.5],[-89.1,55.5],[-89.1,55.6],[-89.0,55.6],[-89.0,55.5],[-88.9,55.5],[-88.9,55.4],[-88.8,55.4],[-88.8,55.6],[-88.7,55.6],[-88.7,55.7],[-88.5,55.7],[-88.5,55.8],[-88.0,55.8],[-88.0,55.4],[-87.9,55.4],[-87.9,55.3],[-87.8,55.3],[-87.8,55.2],[-87.3,55.2],[-87.3,55.1],[-87.0,55.1],[-87.0,55.0],[-86.7,55.0],[-86.7,55.1],[-86.5,55.1],[-86.5,55.2],[-86.3,55.2],[-86.3,55.3],[-86.2,55.3],[-86.2,55.4],[-85.7,55.4],[-85.7,55.3],[-85.3,55.3],[-85.3,55.2],[-85.0,55.2],[-85.0,55.1],[-84.5,55.1],[-84.5,55.0],[-83.7,55.0],[-83.7,54.9],[-82.8,54.9],[-82.8,54.8],[-82.5,54.8],[-82.5,54.6]],[[-90.8,56.2],[-90.8,56.1],[-91.0,56.1],[-91.0,56.2],[-90.8,56.2]]],[[[-80.0,57.0],[-80.0,56.9],[-79.8,56.9],[-79.8,57.0],[-80.0,57.0]]],[[[-91.7,57.0],[-91.7,57.2],[-91.8,57.2],[-91.8,57.1],[-92.1,57.1],[-92.1,57.0],[-91.7,57.0]]],[[[-103.9,57.7],[-104.0,57.7],[-104.0,57.6],[-104.1,57.6],[-104.1,57.5],[-103.7,57.5],[-103.7,57.6],[-103.9,57.6],[-103.9,57.7]]],[[[-107.2,57.7],[-107.4,57.7],[-107.4,57.6],[-107.2,57.6],[-107.2,57.7]]],[[[-107.7,57.7],[-107.4,57.7],[-107.4,58.0],[-107.6,58.0],[-107.6,57.8],[-107.7,57.8],[-107.7,57.7]]],[[[-103.3,58.0],[-103.3,57.9],[-103.4,57.9],[-103.4,57.8],[-103.6,57.8],[-103.6,57.5],[-103.3,57.5],[-103.3,57.6],[-103.1,57.6],[-103.1,57.7],[-102.8,57.7],[-102.8,57.9],[-102.6,57.9],[-102.6,57.8],[-102.5,57.8],[-102.5,57.9],[-102.2,57.9],[-102.2,58.0],[-102.1,58.0],[-102.1,58.1],[-102.0,58.1],[-102.0,57.9],[-101.5,57.9],[-101.5,57.8],[-101.6,57.8],[-101.6,57.5],[-101.7,57.5],[-101.7,57.3],[-101.5,57.3],[-101.5,57.2],[-101.1,57.2],[-101.1,57.3],[-100.9,57.3],[-100.9,57.2],[-100.8,57.2],[-100.8,57.1],[-100.4,57.1],[-100.4,57.2],[-100.2,57.2],[-100.2,57.0],[-99.8,57.0],[-99.8,57.1],[-99.3,57.1],[-99.3,57.2],[-98.8,57.2],[-98.8,57.3],[-98.6,57.3],[-98.6,57.4],[-98.5,57.4],[-98.5,57.5],[-98.3,57.5],[-98.3,57.4],[-98.2,57.4],[-98.2,57.1],[-98.3,57.1],[-98.3,57.0],[-98.5,57.0],[-98.5,56.8],[-98.2,56.8],[-98.2,56.9],[-98.0,56.9],[-98.0,56.8],[-98.1,56.8],[-98.1,56.7],[-98.0,56.7],[-98.0,56.6],[-97.8,56.6],[-97.8,56.4],[-97.7,56.4],[-97.7,56.6],[-97.5,56.6],[-97.5,56.7],[-97.0,56.7],[-97.0,56.6],[-96.7,56.6],[-96.7,56.7],[-96.3,56.7],[-96.3,56.8],[-95.8,56.8],[-95.8,56.7],[-94.3,56.7],[-94.3,56.6],[-94.2,56.6],[-94.2,56.7],[-94.0,56.7],[-94.0,56.8],[-93.7,56.8],[-93.7,56.9],[-93.3,56.9],[-93.3,57.0],[-92.5,57.0],[-92.5,57.1],[-92.4,57.1],[-92.4,57.6],[-92.5,57.6],[-92.5,57.7],[-92.6,57.7],[-92.6,57.8],[-92.7,57.8],[-92.7,58.0],[-92.8,58.0],[-92.8,58.2],[-92.9,58.2],[-92.9,58.4],[-93.3,58.4],[-93.3,58.5],[-93.7,58.5],[-93.7,58.3],[-94.1,58.3],[-94.1,58.4],[-94.4,58.4],[-94.4,58.5],[-94.6,58.5],[-94.6,58.6],[-94.8,58.6],[-94.8,58.9],[-94.9,58.9],[-94.9,59.2],[-94.7,59.2],[-94.7,59.3],[-94.6,59.3],[-94.6,59.4],[-94.7,59.4],[-94.7,59.6],[-94.8,59.6],[-94.8,59.7],[-94.7,59.7],[-94.7,59.9],[-94.8,59.9],[-94.8,60.0],[-110.3,60.0],[-110.3,59.9],[-110.1,59.9],[-110.1,59.8],[-109.9,59.8],[-109.9,59.7],[-109.6,59.7],[-109.6,59.6],[-109.3,59.6],[-109.3,59.8],[-109.1,59.8],[-109.1,59.7],[-109.0,59.7],[-109.0,59.8],[-108.7,59.8],[-108.7,59.7],[-108.6,59.7],[-108.6,59.6],[-108.3,59.6],[-108.3,59.5],[-108.1,59.5],[-108.1,59.6],[-108.0,59.6],[-108.0,59.5],[-107.9,59.5],[-107.9,59.6],[-107.8,59.6],[-107.8,59.5],[-107.5,59.5],[-107.5,59.4],[-106.6,59.4],[-106.6,59.3],[-105.6,59.3],[-105.6,59.2],[-105.4,59.2],[-105.4,59.3],[-105.0,59.3],[-105.0,59.1],[-105.5,59.1],[-105.5,58.9],[-105.3,58.9],[-105.3,58.8],[-105.4,58.8],[-105.4,58.7],[-105.3,58.7],[-105.3,58.6],[-105.4,58.6],[-105.4,58.5],[-105.2,58.5],[-105.2,58.3],[-105.4,58.3],[-105.4,58.1],[-105.5,58.1],[-105.5,58.0],[-105.9,58.0],[-105.9,57.9],[-106.0,57.9],[-106.0,57.7],[-105.9,57.7],[-105.9,57.5],[-105.8,57.5],[-105.8,57.4],[-105.7,57.4],[-105.7,57.5],[-105.3,57.5],[-105.3,57.6],[-105.2,57.6],[-105.2,57.5],[-105.0,57.5],[-105.0,57.4],[-104.9,57.4],[-104.9,57.5],[-104.8,57.5],[-104.8,57.6],[-104.7,57.6],[-104.7,57.7],[-104.6,57.7],[-104.6,57.6],[-104.5,57.6],[-104.5,57.5],[-104.4,57.5],[-104.4,57.6],[-104.3,57.6],[-104.3,57.7],[-104.0,57.7],[-104.0,57.8],[-103.9,57.8],[-103.9,57.9],[-103.8,57.9],[-103.8,58.1],[-103.7,58.1],[-103.7,58.3],[-103.6,58.3],[-103.6,58.4],[-103.4,58.4],[-103.4,58.3],[-103.1,58.3],[-103.1,58.1],[-103.2,58.1],[-103.2,58.0],[-103.3,58.0]],[[-97.8,56.9],[-98.0,56.9],[-98.0,57.0],[-97.8,57.0],[-97.8,56.9]],[[-103.3,57.7],[-103.3,57.9],[-103.2,57.9],[-103.2,57.7],[-103.3,57.7]],[[-95.9,57.2],[-95.9,57.3],[-95.7,57.3],[-95.7,57.1],[-95.8,57.1],[-95.8,57.2],[-95.9,57.2]]],[[[-105.4,58.4],[-105.4,58.5],[-105.6,58.5],[-105.6,58.3],[-105.5,58.3],[-105.5,58.4],[-105.4,58.4]]],[[[-107.5,58.9],[-107.6,58.9],[-107.6,58.8],[-107.8,58.8],[-107.8,58.7],[-107.6,58.7],[-107.6,58.6],[-107.7,58.6],[-107.7,58.5],[-107.6,58.5],[-107.6,58.4],[-107.7,58.4],[-107.7,58.3],[-107.6,58.3],[-107.6,58.2],[-107.2,58.2],[-107.2,58.1],[-106.7,58.1],[-106.7,58.2],[-106.5,58.2],[-106.5,58.3],[-106.4,58.3],[-106.4,58.4],[-106.3,58.4],[-106.3,58.5],[-106.1,58.5],[-106.1,58.6],[-106.0,58.6],[-106.0,58.7],[-106.1,58.7],[-106.1,58.8],[-106.2,58.8],[-106.2,58.9],[-106.5,58.9],[-106.5,59.0],[-106.8,59.0],[-106.8,59.1],[-107.1,59.1],[-107.1,59.0],[-107.2,59.0],[-107.2,58.9],[-107.1,58.9],[-107.1,58.8],[-107.5,58.8],[-107.5,58.9]]],[[[-105.7,59.2],[-106.0,59.2],[-106.0,59.1],[-105.9,59.1],[-105.9,59.0],[-105.8,59.0],[-105.8,59.1],[-105.7,59.1],[-105.7,59.2]]],[[[-54.9,49.6],[-55.1,49.6],[-55.1,49.5],[-55.0,49.5],[-55.0,49.4],[-54.9,49.4],[-54.9,49.6]]],[[[-53.7,49.6],[-54.0,49.6],[-54.0,49.5],[-53.7,49.5],[-53.7,49.6]]],[[[-54.1,49.5],[-54.1,49.6],[-54.0,49.6],[-54.0,49.8],[-54.1,49.8],[-54.1,49.9],[-54.2,49.9],[-54.2,49.8],[-54.4,49.8],[-54.4,49.7],[-54.5,49.7],[-54.5,49.8],[-54.6,49.8],[-54.6,49.6],[-54.5,49.6],[-54.5,49.5],[-54.1,49.5]],[[-54.1,49.7],[-54.1,49.6],[-54.3,49.6],[-54.3,49.7],[-54.1,49.7]]],[[[-55.6,50.1],[-55.6,49.8],[-55.5,49.8],[-55.5,49.9],[-55.3,49.9],[-55.3,50.0],[-55.5,50.0],[-55.5,50.1],[-55.6,50.1]]],[[[-55.9,50.3],[-55.9,50.1],[-55.7,50.1],[-55.7,50.3],[-55.9,50.3]]],[[[-56.2,50.4],[-56.2,50.6],[-56.4,50.6],[-56.4,50.4],[-56.2,50.4]]],[[[-58.7,50.7],[-58.7,50.9],[-58.9,50.9],[-58.9,50.8],[-59.0,50.8],[-59.0,50.7],[-58.7,50.7]]],[[[-55.5,51.0],[-55.7,51.0],[-55.7,50.9],[-55.6,50.9],[-55.6,50.8],[-55.7,50.8],[-55.7,50.7],[-55.6,50.7],[-55.6,50.6],[-55.5,50.6],[-55.5,50.7],[-55.4,50.7],[-55.4,50.8],[-55.5,50.8],[-55.5,51.0]]],[[[-65.1,50.9],[-65.0,50.9],[-65.0,50.8],[-64.8,50.8],[-64.8,51.0],[-65.1,51.0],[-65.1,50.9]]],[[[-57.2,51.0],[-57.2,50.8],[-57.1,50.8],[-57.1,51.0],[-57.2,51.0]]],[[[-69.6,51.0],[-69.7,51.0],[-69.7,51.1],[-70.0,51.1],[-70.0,50.9],[-69.9,50.9],[-69.9,50.8],[-69.7,50.8],[-69.7,50.9],[-69.6,50.9],[-69.6,51.0]]],[[[-63.6,51.1],[-63.5,51.1],[-63.5,51.2],[-63.4,51.2],[-63.4,51.3],[-63.6,51.3],[-63.6,51.1]]],[[[-55.8,51.0],[-55.7,51.0],[-55.7,51.1],[-55.6,51.1],[-55.6,51.3],[-55.4,51.3],[-55.4,51.5],[-55.3,51.5],[-55.3,51.6],[-55.4,51.6],[-55.4,51.7],[-55.7,51.7],[-55.7,51.6],[-55.8,51.6],[-55.8,51.7],[-56.0,51.7],[-56.0,51.6],[-56.3,51.6],[-56.3,51.4],[-56.1,51.4],[-56.1,51.3],[-56.0,51.3],[-56.0,51.2],[-55.9,51.2],[-55.9,51.1],[-55.8,51.1],[-55.8,51.0]]],[[[-55.2,52.1],[-55.4,52.1],[-55.4,52.0],[-55.5,52.0],[-55.5,51.8],[-55.3,51.8],[-55.3,51.9],[-55.2,51.9],[-55.2,52.1]]],[[[-62.9,52.2],[-62.8,52.2],[-62.8,52.3],[-62.7,52.3],[-62.7,52.4],[-62.9,52.4],[-62.9,52.2]]],[[[-79.3,52.4],[-79.3,52.3],[-79.0,52.3],[-79.0,52.4],[-79.3,52.4]]],[[[-58.8,52.5],[-59.0,52.5],[-59.0,52.6],[-59.2,52.6],[-59.2,52.4],[-58.9,52.4],[-58.9,52.3],[-58.7,52.3],[-58.7,52.4],[-58.8,52.4],[-58.8,52.5]]],[[[-78.6,52.4],[-78.6,52.5],[-78.9,52.5],[-78.9,52.4],[-78.6,52.4]]],[[[-59.6,52.7],[-59.9,52.7],[-59.9,52.6],[-59.7,52.6],[-59.7,52.5],[-59.5,52.5],[-59.5,52.6],[-59.6,52.6],[-59.6,52.7]]],[[[-60.6,52.9],[-60.7,52.9],[-60.7,53.1],[-60.8,53.1],[-60.8,53.0],[-61.0,53.0],[-61.0,52.9],[-61.1,52.9],[-61.1,52.8],[-60.6,52.8],[-60.6,52.9]]],[[[-62.5,53.1],[-62.9,53.1],[-62.9,52.9],[-62.8,52.9],[-62.8,52.8],[-62.4,52.8],[-62.4,53.0],[-62.5,53.0],[-62.5,53.1]]],[[[-56.9,53.3],[-57.0,53.3],[-57.0,53.2],[-57.3,53.2],[-57.3,53.1],[-57.2,53.1],[-57.2,53.0],[-56.9,53.0],[-56.9,53.3]]],[[[-61.1,53.4],[-61.3,53.4],[-61.3,53.3],[-61.1,53.3],[-61.1,53.4]]],[[[-58.9,53.7],[-59.2,53.7],[-59.2,53.6],[-59.4,53.6],[-59.4,53.5],[-59.5,53.5],[-59.5,53.4],[-59.7,53.4],[-59.7,53.3],[-59.8,53.3],[-59.8,53.1],[-59.9,53.1],[-59.9,52.9],[-59.2,52.9],[-59.2,53.2],[-59.0,53.2],[-59.0,53.1],[-58.6,53.1],[-58.6,53.2],[-58.5,53.2],[-58.5,53.3],[-58.1,53.3],[-58.1,53.5],[-57.9,53.5],[-57.9,53.6],[-57.8,53.6],[-57.8,53.7],[-57.9,53.7],[-57.9,53.8],[-57.8,53.8],[-57.8,54.0],[-58.1,54.0],[-58.1,53.9],[-58.3,53.9],[-58.3,53.8],[-58.4,53.8],[-58.4,53.7],[-58.5,53.7],[-58.5,53.8],[-58.8,53.8],[-58.8,53.9],[-58.9,53.9],[-58.9,53.7]]],[[[-57.3,53.6],[-57.3,53.8],[-57.6,53.8],[-57.6,53.6],[-57.5,53.6],[-57.5,53.7],[-57.4,53.7],[-57.4,53.6],[-57.3,53.6]]],[[[-59.4,53.9],[-59.2,53.9],[-59.2,54.0],[-59.4,54.0],[-59.4,53.9]]],[[[-75.4,54.7],[-75.4,54.8],[-75.8,54.8],[-75.8,54.6],[-75.5,54.6],[-75.5,54.7],[-75.4,54.7]]],[[[-66.6,52.0],[-66.6,51.9],[-66.8,51.9],[-66.8,51.7],[-67.0,51.7],[-67.0,51.8],[-67.5,51.8],[-67.5,51.7],[-67.6,51.7],[-67.6,51.8],[-68.0,51.8],[-68.0,51.7],[-68.1,51.7],[-68.1,51.6],[-68.2,51.6],[-68.2,51.4],[-67.5,51.4],[-67.5,51.2],[-67.4,51.2],[-67.4,51.1],[-67.2,51.1],[-67.2,51.0],[-67.1,51.0],[-67.1,51.5],[-66.9,51.5],[-66.9,51.3],[-66.8,51.3],[-66.8,51.2],[-66.7,51.2],[-66.7,51.0],[-66.6,51.0],[-66.6,51.4],[-66.5,51.4],[-66.5,51.3],[-66.3,51.3],[-66.3,51.4],[-66.2,51.4],[-66.2,51.3],[-66.1,51.3],[-66.1,51.2],[-66.0,51.2],[-66.0,51.1],[-65.8,51.1],[-65.8,51.0],[-65.7,51.0],[-65.7,50.8],[-65.8,50.8],[-65.8,50.7],[-65.5,50.7],[-65.5,50.8],[-65.4,50.8],[-65.4,50.9],[-65.3,50.9],[-65.3,51.3],[-65.4,51.3],[-65.4,51.4],[-65.3,51.4],[-65.3,51.5],[-65.7,51.5],[-65.7,51.6],[-65.4,51.6],[-65.4,51.7],[-65.3,51.7],[-65.3,51.6],[-65.2,51.6],[-65.2,51.7],[-65.0,51.7],[-65.0,51.5],[-65.1,51.5],[-65.1,51.4],[-65.2,51.4],[-65.2,51.3],[-65.0,51.3],[-65.0,51.1],[-64.8,51.1],[-64.8,51.2],[-64.9,51.2],[-64.9,51.3],[-64.8,51.3],[-64.8,51.6],[-64.7,51.6],[-64.7,51.4],[-64.6,51.4],[-64.6,51.2],[-64.5,51.2],[-64.5,51.0],[-64.4,51.0],[-64.4,51.1],[-64.3,51.1],[-64.3,51.2],[-64.2,51.2],[-64.2,51.1],[-64.1,51.1],[-64.1,51.0],[-63.9,51.0],[-63.9,51.1],[-63.8,51.1],[-63.8,51.2],[-63.9,51.2],[-63.9,51.4],[-64.1,51.4],[-64.1,51.6],[-64.0,51.6],[-64.0,51.8],[-64.3,51.8],[-64.3,52.0],[-64.4,52.0],[-64.4,51.9],[-64.5,51.9],[-64.5,51.8],[-64.6,51.8],[-64.6,52.0],[-64.5,52.0],[-64.5,52.2],[-64.4,52.2],[-64.4,52.4],[-64.8,52.4],[-64.8,52.6],[-64.7,52.6],[-64.7,52.8],[-64.6,52.8],[-64.6,52.7],[-64.3,52.7],[-64.3,52.6],[-64.2,52.6],[-64.2,52.5],[-64.1,52.5],[-64.1,52.6],[-64.0,52.6],[-64.0,52.5],[-63.9,52.5],[-63.9,52.4],[-63.7,52.4],[-63.7,52.3],[-63.6,52.3],[-63.6,52.2],[-63.3,52.2],[-63.3,52.3],[-63.1,52.3],[-63.1,52.6],[-63.0,52.6],[-63.0,52.8],[-63.1,52.8],[-63.1,52.9],[-63.0,52.9],[-63.0,53.0],[-63.2,53.0],[-63.2,53.1],[-63.6,53.1],[-63.6,53.3],[-63.7,53.3],[-63.7,53.5],[-63.6,53.5],[-63.6,53.4],[-63.3,53.4],[-63.3,53.3],[-63.0,53.3],[-63.0,53.2],[-62.9,53.2],[-62.9,53.3],[-62.8,53.3],[-62.8,53.2],[-62.3,53.2],[-62.3,53.3],[-61.9,53.3],[-61.9,53.4],[-61.8,53.4],[-61.8,53.3],[-61.6,53.3],[-61.6,53.4],[-61.7,53.4],[-61.7,53.5],[-61.4,53.5],[-61.4,53.4],[-61.3,53.4],[-61.3,53.5],[-61.1,53.5],[-61.1,53.6],[-61.3,53.6],[-61.3,53.8],[-61.4,53.8],[-61.4,53.9],[-61.2,53.9],[-61.2,54.0],[-61.3,54.0],[-61.3,54.1],[-61.1,54.1],[-61.1,54.0],[-60.9,54.0],[-60.9,54.2],[-60.8,54.2],[-60.8,54.3],[-60.6,54.3],[-60.6,54.2],[-60.7,54.2],[-60.7,54.0],[-60.6,54.0],[-60.6,53.9],[-60.4,53.9],[-60.4,54.0],[-60.0,54.0],[-60.0,53.9],[-59.9,53.9],[-59.9,54.0],[-59.8,54.0],[-59.8,54.2],[-59.7,54.2],[-59.7,54.1],[-59.4,54.1],[-59.4,54.2],[-58.9,54.2],[-58.9,54.3],[-58.6,54.3],[-58.6,54.4],[-58.1,54.4],[-58.1,54.3],[-57.9,54.3],[-57.9,54.2],[-57.8,54.2],[-57.8,54.1],[-57.6,54.1],[-57.6,54.0],[-57.5,54.0],[-57.5,53.9],[-57.3,53.9],[-57.3,53.8],[-57.0,53.8],[-57.0,53.5],[-56.4,53.5],[-56.4,53.4],[-56.5,53.4],[-56.5,53.3],[-56.2,53.3],[-56.2,53.0],[-56.1,53.0],[-56.1,52.6],[-56.0,52.6],[-56.0,52.5],[-55.9,52.5],[-55.9,52.2],[-56.3,52.2],[-56.3,52.0],[-56.4,52.0],[-56.4,51.9],[-56.6,51.9],[-56.6,51.8],[-56.5,51.8],[-56.5,51.6],[-56.4,51.6],[-56.4,51.7],[-56.2,51.7],[-56.2,51.8],[-56.0,51.8],[-56.0,51.9],[-55.8,51.9],[-55.8,52.0],[-55.7,52.0],[-55.7,52.1],[-55.6,52.1],[-55.6,52.2],[-55.5,52.2],[-55.5,52.3],[-55.6,52.3],[-55.6,52.5],[-55.7,52.5],[-55.7,52.7],[-55.8,52.7],[-55.8,52.9],[-55.7,52.9],[-55.7,53.4],[-55.6,53.4],[-55.6,53.5],[-55.7,53.5],[-55.7,53.6],[-55.8,53.6],[-55.8,53.7],[-56.2,53.7],[-56.2,53.8],[-56.3,53.8],[-56.3,53.9],[-56.5,53.9],[-56.5,53.8],[-56.8,53.8],[-56.8,53.9],[-56.9,53.9],[-56.9,54.0],[-57.0,54.0],[-57.0,53.9],[-57.1,53.9],[-57.1,54.2],[-57.2,54.2],[-57.2,54.3],[-57.5,54.3],[-57.5,54.4],[-56.9,54.4],[-56.9,54.5],[-57.1,54.5],[-57.1,54.6],[-57.2,54.6],[-57.2,54.7],[-57.3,54.7],[-57.3,54.8],[-57.4,54.8],[-57.4,54.7],[-57.7,54.7],[-57.7,54.8],[-57.8,54.8],[-57.8,54.9],[-57.9,54.9],[-57.9,55.0],[-58.2,55.0],[-58.2,55.1],[-58.3,55.1],[-58.3,54.9],[-58.6,54.9],[-58.6,55.1],[-58.7,55.1],[-58.7,55.3],[-58.8,55.3],[-58.8,55.2],[-58.9,55.2],[-58.9,55.3],[-59.0,55.3],[-59.0,55.2],[-59.1,55.2],[-59.1,55.3],[-59.3,55.3],[-59.3,55.4],[-59.4,55.4],[-59.4,55.3],[-59.5,55.3],[-59.5,55.4],[-59.7,55.4],[-59.7,55.5],[-59.8,55.5],[-59.8,55.6],[-60.0,55.6],[-60.0,55.7],[-60.1,55.7],[-60.1,55.8],[-60.2,55.8],[-60.2,55.9],[-60.6,55.9],[-60.6,56.0],[-60.7,56.0],[-60.7,56.2],[-60.8,56.2],[-60.8,56.3],[-61.0,56.3],[-61.0,56.4],[-60.9,56.4],[-60.9,56.5],[-61.0,56.5],[-61.0,56.7],[-61.1,56.7],[-61.1,56.9],[-61.2,56.9],[-61.2,57.0],[-61.3,57.0],[-61.3,57.2],[-61.4,57.2],[-61.4,57.3],[-61.6,57.3],[-61.6,57.4],[-61.5,57.4],[-61.5,57.5],[-61.6,57.5],[-61.6,57.7],[-61.7,57.7],[-61.7,57.8],[-62.0,57.8],[-62.0,57.9],[-61.9,57.9],[-61.9,58.0],[-62.3,58.0],[-62.3,58.2],[-62.4,58.2],[-62.4,58.3],[-62.6,58.3],[-62.6,58.5],[-62.7,58.5],[-62.7,58.6],[-63.1,58.6],[-63.1,58.4],[-63.2,58.4],[-63.2,58.5],[-63.3,58.5],[-63.3,58.7],[-63.7,58.7],[-63.7,58.8],[-63.8,58.8],[-63.8,58.7],[-63.9,58.7],[-63.9,58.6],[-63.4,58.6],[-63.4,58.5],[-63.6,58.5],[-63.6,58.3],[-63.8,58.3],[-63.8,58.4],[-64.0,58.4],[-64.0,58.3],[-64.3,58.3],[-64.3,58.4],[-64.4,58.4],[-64.4,58.5],[-64.3,58.5],[-64.3,58.6],[-64.2,58.6],[-64.2,58.5],[-64.1,58.5],[-64.1,58.8],[-64.2,58.8],[-64.2,58.7],[-64.6,58.7],[-64.6,58.8],[-64.5,58.8],[-64.5,58.9],[-64.6,58.9],[-64.6,59.0],[-64.8,59.0],[-64.8,59.1],[-64.9,59.1],[-64.9,59.3],[-65.0,59.3],[-65.0,59.4],[-65.2,59.4],[-65.2,59.5],[-65.4,59.5],[-65.4,59.4],[-65.5,59.4],[-65.5,59.3],[-65.7,59.3],[-65.7,59.1],[-65.8,59.1],[-65.8,59.0],[-65.9,59.0],[-65.9,58.9],[-66.1,58.9],[-66.1,58.8],[-66.2,58.8],[-66.2,58.9],[-66.6,58.9],[-66.6,58.7],[-66.7,58.7],[-66.7,58.6],[-66.8,58.6],[-66.8,58.5],[-66.9,58.5],[-66.9,58.6],[-67.0,58.6],[-67.0,58.5],[-67.1,58.5],[-67.1,58.4],[-67.4,58.4],[-67.4,58.3],[-67.5,58.3],[-67.5,58.4],[-67.6,58.4],[-67.6,58.5],[-67.8,58.5],[-67.8,58.6],[-68.3,58.6],[-68.3,58.9],[-68.6,58.9],[-68.6,59.0],[-69.0,59.0],[-69.0,59.1],[-69.1,59.1],[-69.1,59.2],[-69.2,59.2],[-69.2,59.4],[-69.5,59.4],[-69.5,59.7],[-69.6,59.7],[-69.6,60.0],[-77.5,60.0],[-77.5,59.8],[-77.9,59.8],[-77.9,59.5],[-78.1,59.5],[-78.1,59.4],[-78.0,59.4],[-78.0,59.3],[-78.2,59.3],[-78.2,59.2],[-78.3,59.2],[-78.3,59.1],[-78.4,59.1],[-78.4,59.0],[-78.6,59.0],[-78.6,58.8],[-78.8,58.8],[-78.8,58.6],[-78.7,58.6],[-78.7,58.5],[-78.4,58.5],[-78.4,58.4],[-78.2,58.4],[-78.2,58.3],[-77.9,58.3],[-77.9,58.2],[-77.7,58.2],[-77.7,58.1],[-77.4,58.1],[-77.4,58.0],[-77.2,58.0],[-77.2,57.9],[-77.1,57.9],[-77.1,57.8],[-77.0,57.8],[-77.0,57.9],[-76.9,57.9],[-76.9,57.8],[-76.7,57.8],[-76.7,57.5],[-76.8,57.5],[-76.8,57.3],[-76.7,57.3],[-76.7,57.2],[-76.6,57.2],[-76.6,56.9],[-76.5,56.9],[-76.5,56.8],[-76.3,56.8],[-76.3,56.6],[-76.0,56.6],[-76.0,56.5],[-75.9,56.5],[-75.9,56.4],[-75.8,56.4],[-75.8,56.3],[-75.7,56.3],[-75.7,56.2],[-75.8,56.2],[-75.8,56.1],[-76.0,56.1],[-76.0,56.2],[-76.2,56.2],[-76.2,56.3],[-76.3,56.3],[-76.3,56.4],[-76.4,56.4],[-76.4,56.3],[-76.5,56.3],[-76.5,56.1],[-76.1,56.1],[-76.1,56.0],[-75.9,56.0],[-75.9,55.8],[-75.4,55.8],[-75.4,55.7],[-75.3,55.7],[-75.3,55.6],[-75.6,55.6],[-75.6,55.5],[-75.4,55.5],[-75.4,55.4],[-75.3,55.4],[-75.3,55.3],[-75.4,55.3],[-75.4,55.1],[-75.5,55.1],[-75.5,54.9],[-75.2,54.9],[-75.2,54.8],[-75.3,54.8],[-75.3,54.4],[-74.9,54.4],[-74.9,54.2],[-74.8,54.2],[-74.8,54.1],[-74.6,54.1],[-74.6,54.0],[-74.4,54.0],[-74.4,54.1],[-74.2,54.1],[-74.2,54.0],[-73.8,54.0],[-73.8,53.9],[-73.5,53.9],[-73.5,54.0],[-73.4,54.0],[-73.4,54.1],[-73.3,54.1],[-73.3,53.9],[-73.2,53.9],[-73.2,54.0],[-73.0,54.0],[-73.0,53.8],[-73.4,53.8],[-73.4,53.7],[-73.6,53.7],[-73.6,53.6],[-73.7,53.6],[-73.7,53.5],[-73.3,53.5],[-73.3,53.4],[-73.5,53.4],[-73.5,53.3],[-73.1,53.3],[-73.1,53.2],[-72.2,53.2],[-72.2,53.1],[-72.3,53.1],[-72.3,53.0],[-72.4,53.0],[-72.4,52.9],[-72.3,52.9],[-72.3,52.8],[-72.0,52.8],[-72.0,52.7],[-71.6,52.7],[-71.6,52.6],[-71.2,52.6],[-71.2,52.4],[-71.5,52.4],[-71.5,52.3],[-72.0,52.3],[-72.0,52.2],[-72.3,52.2],[-72.3,52.1],[-72.4,52.1],[-72.4,52.0],[-72.5,52.0],[-72.5,51.9],[-72.6,51.9],[-72.6,52.0],[-72.7,52.0],[-72.7,51.9],[-72.8,51.9],[-72.8,51.8],[-72.9,51.8],[-72.9,51.7],[-73.0,51.7],[-73.0,51.6],[-72.7,51.6],[-72.7,51.7],[-72.6,51.7],[-72.6,51.6],[-72.5,51.6],[-72.5,51.7],[-72.1,51.7],[-72.1,51.8],[-71.9,51.8],[-71.9,52.0],[-71.8,52.0],[-71.8,51.8],[-71.7,51.8],[-71.7,51.9],[-71.6,51.9],[-71.6,51.8],[-71.5,51.8],[-71.5,51.7],[-71.4,51.7],[-71.4,51.8],[-71.2,51.8],[-71.2,51.7],[-71.0,51.7],[-71.0,51.8],[-70.9,51.8],[-70.9,51.6],[-71.0,51.6],[-71.0,51.5],[-70.8,51.5],[-70.8,51.4],[-70.6,51.4],[-70.6,51.2],[-70.4,51.2],[-70.4,51.0],[-70.3,51.0],[-70.3,51.1],[-70.1,51.1],[-70.1,51.2],[-70.2,51.2],[-70.2,51.3],[-70.3,51.3],[-70.3,51.4],[-70.4,51.4],[-70.4,51.7],[-70.6,51.7],[-70.6,51.9],[-70.2,51.9],[-70.2,52.0],[-70.1,52.0],[-70.1,51.9],[-70.0,51.9],[-70.0,51.8],[-69.9,51.8],[-69.9,51.9],[-69.5,51.9],[-69.5,52.1],[-69.1,52.1],[-69.1,52.2],[-68.9,52.2],[-68.9,52.1],[-68.7,52.1],[-68.7,52.2],[-68.6,52.2],[-68.6,52.1],[-68.2,52.1],[-68.2,52.0],[-68.1,52.0],[-68.1,51.9],[-68.0,51.9],[-68.0,52.0],[-67.9,52.0],[-67.9,52.2],[-67.8,52.2],[-67.8,52.1],[-67.7,52.1],[-67.7,52.3],[-67.6,52.3],[-67.6,52.4],[-67.5,52.4],[-67.5,52.1],[-67.2,52.1],[-67.2,52.2],[-67.1,52.2],[-67.1,52.3],[-66.8,52.3],[-66.8,52.1],[-66.7,52.1],[-66.7,52.0],[-66.6,52.0]],[[-61.6,57.2],[-61.4,57.2],[-61.4,57.1],[-61.6,57.1],[-61.6,57.2]],[[-60.3,55.7],[-60.1,55.7],[-60.1,55.6],[-60.3,55.6],[-60.3,55.7]],[[-66.6,51.8],[-66.6,51.9],[-66.4,51.9],[-66.4,51.8],[-66.3,51.8],[-66.3,51.5],[-66.4,51.5],[-66.4,51.6],[-66.5,51.6],[-66.5,51.8],[-66.6,51.8]],[[-64.8,58.5],[-64.7,58.5],[-64.7,58.3],[-64.8,58.3],[-64.8,58.5]],[[-75.6,56.1],[-75.6,55.9],[-75.7,55.9],[-75.7,56.1],[-75.6,56.1]],[[-60.7,55.2],[-60.7,55.0],[-61.0,55.0],[-61.0,55.2],[-60.7,55.2]],[[-60.7,54.9],[-60.7,55.0],[-60.3,55.0],[-60.3,54.9],[-60.4,54.9],[-60.4,54.7],[-60.3,54.7],[-60.3,54.6],[-60.5,54.6],[-60.5,54.5],[-60.8,54.5],[-60.8,54.6],[-60.7,54.6],[-60.7,54.7],[-60.9,54.7],[-60.9,54.8],[-60.8,54.8],[-60.8,54.9],[-60.7,54.9]],[[-59.8,54.7],[-60.3,54.7],[-60.3,54.8],[-60.0,54.8],[-60.0,54.9],[-59.8,54.9],[-59.8,54.7]],[[-62.0,54.5],[-62.0,54.6],[-61.2,54.6],[-61.2,54.5],[-62.0,54.5]],[[-65.2,52.7],[-65.4,52.7],[-65.4,52.8],[-65.3,52.8],[-65.3,52.9],[-65.2,52.9],[-65.2,52.8],[-65.1,52.8],[-65.1,52.6],[-65.2,52.6],[-65.2,52.7]],[[-66.0,52.5],[-66.2,52.5],[-66.2,52.6],[-66.0,52.6],[-66.0,52.5]]],[[[-63.3,58.9],[-63.5,58.9],[-63.5,58.8],[-63.3,58.8],[-63.3,58.9]]],[[[-64.2,59.2],[-64.1,59.2],[-64.1,59.4],[-64.3,59.4],[-64.3,59.3],[-64.2,59.3],[-64.2,59.2]]]]}},
{"type":"Feature","properties":{"k":"ET"},"geometry":{"type":"MultiPolygon","coordinates":[[[[-124.2,50.9],[-124.4,50.9],[-124.4,50.8],[-124.2,50.8],[-124.2,50.9]]],[[[-123.6,50.8],[-123.6,51.1],[-123.9,51.1],[-123.9,50.8],[-124.0,50.8],[-124.0,50.7],[-123.8,50.7],[-123.8,50.8],[-123.6,50.8]]],[[[-124.7,50.9],[-124.4,50.9],[-124.4,51.2],[-124.5,51.2],[-124.5,51.3],[-124.6,51.3],[-124.6,51.4],[-124.7,51.4],[-124.7,50.9]]],[[[-125.3,51.5],[-125.5,51.5],[-125.5,51.3],[-125.4,51.3],[-125.4,51.1],[-125.3,51.1],[-125.3,51.0],[-125.2,51.0],[-125.2,51.2],[-125.3,51.2],[-125.3,51.3],[-125.1,51.3],[-125.1,51.7],[-125.3,51.7],[-125.3,51.5]]],[[[-124.9,51.4],[-124.8,51.4],[-124.8,51.5],[-124.7,51.5],[-124.7,51.6],[-124.8,51.6],[-124.8,51.7],[-124.9,51.7],[-124.9,51.6],[-125.0,51.6],[-125.0,51.5],[-124.9,51.5],[-124.9,51.4]]],[[[-125.9,51.2],[-125.9,51.6],[-125.8,51.6],[-125.8,51.7],[-125.9,51.7],[-125.9,51.9],[-125.8,51.9],[-125.8,52.1],[-126.0,52.1],[-126.0,51.2],[-125.9,51.2]]],[[[-117.0,51.7],[-116.8,51.7],[-116.8,51.8],[-116.9,51.8],[-116.9,51.9],[-117.0,51.9],[-117.0,51.7]]],[[[-116.3,51.7],[-116.2,51.7],[-116.2,51.8],[-116.1,51.8],[-116.1,51.9],[-116.3,51.9],[-116.3,51.7]]],[[[-117.5,52.1],[-117.5,52.2],[-117.6,52.2],[-117.6,52.3],[-117.7,52.3],[-117.7,52.2],[-117.8,52.2],[-117.8,52.3],[-117.9,52.3],[-117.9,52.1],[-117.5,52.1]]],[[[-117.0,52.2],[-116.9,52.2],[-116.9,52.3],[-116.6,52.3],[-116.6,52.4],[-117.0,52.4],[-117.0,52.2]]],[[[-117.5,52.4],[-117.5,52.2],[-117.4,52.2],[-117.4,52.1],[-117.1,52.1],[-117.1,52.6],[-117.2,52.6],[-117.2,52.7],[-117.4,52.7],[-117.4,52.5],[-117.3,52.5],[-117.3,52.3],[-117.4,52.3],[-117.4,52.4],[-117.5,52.4]]],[[[-119.8,52.7],[-119.6,52.7],[-119.6,52.8],[-119.7,52.8],[-119.7,52.9],[-119.8,52.9],[-119.8,52.7]]],[[[-119.2,53.2],[-119.4,53.2],[-119.4,53.1],[-119.2,53.1],[-119.2,53.2]]],[[[-124.0,57.4],[-123.9,57.4],[-123.9,57.6],[-124.4,57.6],[-124.4,57.7],[-124.5,57.7],[-124.5,57.5],[-124.3,57.5],[-124.3,57.4],[-124.2,57.4],[-124.2,57.3],[-124.0,57.3],[-124.0,57.4]]],[[[-124.3,58.0],[-124.3,57.9],[-124.1,57.9],[-124.1,58.0],[-124.3,58.0]]],[[[-125.4,58.1],[-125.3,58.1],[-125.3,58.0],[-125.0,58.0],[-125.0,57.8],[-124.7,57.8],[-124.7,57.7],[-124.6,57.7],[-124.6,57.8],[-124.3,57.8],[-124.3,57.9],[-124.4,57.9],[-124.4,58.2],[-124.5,58.2],[-124.5,58.3],[-124.4,58.3],[-124.4,58.4],[-124.5,58.4],[-124.5,58.5],[-124.6,58.5],[-124.6,58.6],[-124.7,58.6],[-124.7,58.5],[-124.8,58.5],[-124.8,58.4],[-125.1,58.4],[-125.1,58.3],[-125.2,58.3],[-125.2,58.6],[-125.3,58.6],[-125.3,58.7],[-125.4,58.7],[-125.4,58.5],[-125.5,58.5],[-125.5,58.4],[-125.4,58.4],[-125.4,58.1]],[[-124.7,58.2],[-124.5,58.2],[-124.5,58.1],[-124.6,58.1],[-124.6,58.0],[-124.7,58.0],[-124.7,57.9],[-124.9,57.9],[-124.9,58.0],[-124.8,58.0],[-124.8,58.1],[-124.7,58.1],[-124.7,58.2]],[[-125.1,58.1],[-125.3,58.1],[-125.3,58.2],[-125.1,58.2],[-125.1,58.1]]],[[[-79.8,55.7],[-79.9,55.7],[-79.9,55.6],[-79.7,55.6],[-79.7,55.8],[-79.8,55.8],[-79.8,55.7]]],[[[-79.4,55.9],[-79.4,55.7],[-79.3,55.7],[-79.3,55.8],[-79.1,55.8],[-79.1,55.9],[-79.4,55.9]]],[[[-80.0,55.9],[-80.0,56.0],[-80.2,56.0],[-80.2,55.9],[-80.1,55.9],[-80.1,55.8],[-80.0,55.8],[-80.0,55.7],[-79.9,55.7],[-79.9,55.9],[-80.0,55.9]]],[[[-78.8,56.0],[-78.6,56.0],[-78.6,56.1],[-78.8,56.1],[-78.8,56.0]]],[[[-80.0,56.1],[-80.0,56.0],[-79.9,56.0],[-79.9,56.2],[-80.1,56.2],[-80.1,56.1],[-80.0,56.1]]],[[[-78.9,56.9],[-78.9,56.5],[-78.7,56.5],[-78.7,56.9],[-78.9,56.9]]],[[[-79.7,56.9],[-79.7,56.8],[-79.5,56.8],[-79.5,56.9],[-79.6,56.9],[-79.6,57.0],[-79.8,57.0],[-79.8,56.9],[-79.7,56.9]]],[[[-78.7,57.0],[-78.7,57.4],[-78.9,57.4],[-78.9,57.3],[-78.8,57.3],[-78.8,57.0],[-78.7,57.0]]],[[[-78.7,57.5],[-78.7,57.4],[-78.6,57.4],[-78.6,57.3],[-78.5,57.3],[-78.5,57.2],[-78.3,57.2],[-78.3,57.1],[-78.2,57.1],[-78.2,57.3],[-78.3,57.3],[-78.3,57.4],[-78.4,57.4],[-78.4,57.5],[-78.5,57.5],[-78.5,57.6],[-78.6,57.6],[-78.6,57.5],[-78.7,57.5]]],[[[-79.7,57.6],[-79.9,57.6],[-79.9,57.2],[-79.8,57.2],[-79.8,57.4],[-79.7,57.4],[-79.7,57.6]]],[[[-79.0,58.7],[-78.9,58.7],[-78.9,58.9],[-79.0,58.9],[-79.0,58.7]]],[[[-80.1,59.6],[-80.1,59.7],[-79.9,59.7],[-79.9,59.8],[-79.8,59.8],[-79.8,60.0],[-80.0,60.0],[-80.0,59.9],[-80.2,59.9],[-80.2,59.8],[-80.5,59.8],[-80.5,59.7],[-80.7,59.7],[-80.7,59.6],[-80.5,59.6],[-80.5,59.5],[-80.7,59.5],[-80.7,59.2],[-80.6,59.2],[-80.6,59.1],[-80.7,59.1],[-80.7,59.0],[-80.5,59.0],[-80.5,59.2],[-80.4,59.2],[-80.4,59.3],[-80.2,59.3],[-80.2,59.6],[-80.1,59.6]]],[[[-77.4,56.5],[-77.5,56.5],[-77.5,56.3],[-77.4,56.3],[-77.4,56.5]]],[[[-78.2,56.5],[-78.0,56.5],[-78.0,56.6],[-78.2,56.6],[-78.2,56.5]]],[[[-78.5,56.8],[-78.5,56.6],[-78.3,56.6],[-78.3,56.7],[-78.4,56.7],[-78.4,56.8],[-78.5,56.8]]],[[[-61.0,56.9],[-61.1,56.9],[-61.1,56.7],[-61.0,56.7],[-61.0,56.5],[-60.8,56.5],[-60.8,56.8],[-60.9,56.8],[-60.9,57.0],[-61.0,57.0],[-61.0,56.9]]],[[[-61.6,57.6],[-61.6,57.5],[-61.5,57.5],[-61.5,57.4],[-61.4,57.4],[-61.4,57.5],[-61.3,57.5],[-61.3,57.6],[-61.4,57.6],[-61.4,57.7],[-61.5,57.7],[-61.5,57.6],[-61.6,57.6]]],[[[-61.8,57.9],[-62.0,57.9],[-62.0,57.8],[-61.7,57.8],[-61.7,57.7],[-61.6,57.7],[-61.6,58.0],[-61.8,58.0],[-61.8,57.9]]],[[[-62.0,58.3],[-62.2,58.3],[-62.2,58.1],[-62.1,58.1],[-62.1,58.2],[-62.0,58.2],[-62.0,58.3]]],[[[-67.6,58.6],[-67.6,58.4],[-67.5,58.4],[-67.5,58.3],[-67.4,58.3],[-67.4,58.6],[-67.6,58.6]]],[[[-62.5,58.6],[-62.7,58.6],[-62.7,58.5],[-62.6,58.5],[-62.6,58.3],[-62.4,58.3],[-62.4,58.4],[-62.5,58.4],[-62.5,58.6]]],[[[-68.9,59.2],[-69.1,59.2],[-69.1,59.1],[-69.0,59.1],[-69.0,59.0],[-68.8,59.0],[-68.8,59.1],[-68.9,59.1],[-68.9,59.2]]],[[[-66.2,59.1],[-66.2,58.8],[-66.1,58.8],[-66.1,58.9],[-65.9,58.9],[-65.9,59.0],[-65.8,59.0],[-65.8,59.1],[-65.7,59.1],[-65.7,59.3],[-65.5,59.3],[-65.5,59.4],[-65.4,59.4],[-65.4,59.5],[-65.2,59.5],[-65.2,59.4],[-65.0,59.4],[-65.0,59.3],[-64.9,59.3],[-64.9,59.1],[-64.8,59.1],[-64.8,59.0],[-64.6,59.0],[-64.6,58.9],[-64.5,58.9],[-64.5,58.8],[-64.6,58.8],[-64.6,58.7],[-64.2,58.7],[-64.2,58.8],[-64.1,58.8],[-64.1,58.5],[-64.2,58.5],[-64.2,58.6],[-64.3,58.6],[-64.3,58.5],[-64.4,58.5],[-64.4,58.4],[-64.3,58.4],[-64.3,58.3],[-64.0,58.3],[-64.0,58.4],[-63.8,58.4],[-63.8,58.3],[-63.6,58.3],[-63.6,58.5],[-63.4,58.5],[-63.4,58.6],[-63.9,58.6],[-63.9,58.7],[-63.8,58.7],[-63.8,58.8],[-63.7,58.8],[-63.7,58.7],[-63.3,58.7],[-63.3,58.5],[-63.2,58.5],[-63.2,58.4],[-63.1,58.4],[-63.1,58.6],[-62.8,58.6],[-62.8,58.8],[-62.9,58.8],[-62.9,58.9],[-63.0,58.9],[-63.0,59.0],[-63.1,59.0],[-63.1,59.1],[-63.3,59.1],[-63.3,59.3],[-63.5,59.3],[-63.5,59.4],[-63.6,59.4],[-63.6,59.5],[-63.7,59.5],[-63.7,59.6],[-63.8,59.6],[-63.8,59.7],[-63.9,59.7],[-63.9,59.8],[-64.0,59.8],[-64.0,60.0],[-65.3,60.0],[-65.3,59.9],[-65.5,59.9],[-65.5,59.8],[-65.6,59.8],[-65.6,59.6],[-65.5,59.6],[-65.5,59.5],[-65.7,59.5],[-65.7,59.4],[-65.8,59.4],[-65.8,59.3],[-65.9,59.3],[-65.9,59.1],[-66.2,59.1]],[[-64.1,59.4],[-64.1,59.2],[-64.2,59.2],[-64.2,59.3],[-64.3,59.3],[-64.3,59.4],[-64.1,59.4]],[[-63.5,58.8],[-63.5,58.9],[-63.3,58.9],[-63.3,58.8],[-63.5,58.8]]],[[[-69.2,59.2],[-69.1,59.2],[-69.1,59.4],[-69.2,59.4],[-69.2,59.2]]]]}}
]}
