{"type":"FeatureCollection","features":[
{"type":"Feature","properties":{"k":"BWh"},"geometry":{"type":"MultiPolygon","coordinates":[[[[9.1,35.0],[10.9,35.0],[10.9,35.1],[10.8,35.1],[10.8,35.2],[10.7,35.2],[10.7,35.1],[10.6,35.1],[10.6,35.2],[10.4,35.2],[10.4,35.1],[10.1,35.1],[10.1,35.3],[9.9,35.3],[9.9,35.2],[9.7,35.2],[9.7,35.1],[9.5,35.1],[9.5,35.2],[9.3,35.2],[9.3,35.1],[9.1,35.1],[9.1,35.0]]],[[[4.5,35.0],[5.9,35.0],[5.9,35.1],[5.8,35.1],[5.8,35.2],[5.5,35.2],[5.5,35.3],[5.6,35.3],[5.6,35.4],[5.5,35.4],[5.5,35.5],[5.3,35.5],[5.3,35.6],[5.1,35.6],[5.1,35.7],[4.8,35.7],[4.8,35.8],[4.1,35.8],[4.1,35.7],[4.0,35.7],[4.0,35.6],[3.9,35.6],[3.9,35.5],[4.0,35.5],[4.0,35.4],[4.1,35.4],[4.1,35.2],[4.2,35.2],[4.2,35.1],[4.5,35.1],[4.5,35.0]]],[[[40.0,35.0],[40.0,35.9],[39.8,35.9],[39.8,36.0],[38.7,36.0],[38.7,35.9],[38.3,35.9],[38.3,35.8],[38.1,35.8],[38.1,35.7],[38.0,35.7],[38.0,35.6],[37.9,35.6],[37.9,35.3],[37.8,35.3],[37.8,35.2],[37.6,35.2],[37.6,35.1],[38.3,35.1],[38.3,35.0],[38.5,35.0],[38.5,35.1],[38.7,35.1],[38.7,35.0],[40.0,35.0]]],[[[-2.2,36.8],[-2.2,36.9],[-2.4,36.9],[-2.4,36.8],[-2.2,36.8]]],[[[-1.4,37.4],[-1.4,37.5],[-1.7,37.5],[-1.7,37.4],[-1.8,37.4],[-1.8,37.3],[-2.0,37.3],[-2.0,37.1],[-1.9,37.1],[-1.9,37.0],[-2.2,37.0],[-2.2,36.9],[-2.1,36.9],[-2.1,36.8],[-1.9,36.8],[-1.9,36.9],[-1.8,36.9],[-1.8,37.2],[-1.7,37.2],[-1.7,37.3],[-1.6,37.3],[-1.6,37.4],[-1.4,37.4]]],[[[-1.4,37.6],[-1.4,37.5],[-1.2,37.5],[-1.2,37.6],[-1.4,37.6]]]]}},
{"type":"Feature","properties":{"k":"BWk"},"geometry":{"type":"MultiPolygon","coordinates":[[[[38.3,35.0],[38.3,35.1],[37.9,35.1],[37.9,35.0],[38.3,35.0]]],[[[38.5,35.0],[38.7,35.0],[38.7,35.1],[38.5,35.1],[38.5,35.0]]],[[[3.8,35.1],[4.2,35.1],[4.2,35.2],[4.1,35.2],[4.1,35.4],[4.0,35.4],[4.0,35.2],[3.8,35.2],[3.8,35.1]]]]}},
{"type":"Feature","properties":{"k":"BSh"},"geometry":{"type":"MultiPolygon","coordinates":[[[[-2.5,35.0],[-1.8,35.0],[-1.8,35.1],[-2.2,35.1],[-2.2,35.2],[-2.5,35.2],[-2.5,35.0]]],[[[-3.2,35.2],[-3.3,35.2],[-3.3,35.0],[-2.6,35.0],[-2.6,35.2],[-2.8,35.2],[-2.8,35.3],[-3.2,35.3],[-3.2,35.2]]],[[[-1.5,35.4],[-1.5,35.1],[-1.6,35.1],[-1.6,35.0],[-1.4,35.0],[-1.4,35.4],[-1.5,35.4]]],[[[-3.7,35.2],[-3.3,35.2],[-3.3,35.3],[-3.7,35.3],[-3.7,35.2]]],[[[-0.5,35.5],[-0.5,35.7],[-0.6,35.7],[-0.6,35.8],[-0.9,35.8],[-0.9,35.7],[-0.7,35.7],[-0.7,35.6],[-1.0,35.6],[-1.0,35.5],[-1.3,35.5],[-1.3,35.3],[-1.0,35.3],[-1.0,35.4],[-0.6,35.4],[-0.6,35.5],[-0.5,35.5]]],[[[-3.0,36.8],[-3.0,36.7],[-2.9,36.7],[-2.9,36.6],[-2.6,36.6],[-2.6,36.7],[-2.5,36.7],[-2.5,36.8],[-3.0,36.8]]],[[[-2.2,36.9],[-2.2,36.8],[-2.3,36.8],[-2.3,36.7],[-2.0,36.7],[-2.0,36.8],[-2.1,36.8],[-2.1,36.9],[-2.2,36.9]]],[[[-1.3,37.8],[-1.3,37.6],[-1.1,37.6],[-1.1,37.5],[-0.7,37.5],[-0.7,37.9],[-0.6,37.9],[-0.6,38.1],[-0.4,38.1],[-0.4,38.2],[-0.5,38.2],[-0.5,38.3],[-0.4,38.3],[-0.4,38.5],[-0.5,38.5],[-0.5,38.4],[-0.6,38.4],[-0.6,38.3],[-0.9,38.3],[-0.9,38.2],[-1.4,38.2],[-1.4,38.0],[-1.3,38.0],[-1.3,37.9],[-1.1,37.9],[-1.1,37.8],[-1.3,37.8]]],[[[-0.2,38.6],[-0.2,38.5],[0.0,38.5],[0.0,38.6],[-0.2,38.6]]],[[[-0.2,39.1],[-0.2,38.9],[0.0,38.9],[0.0,39.0],[-0.1,39.0],[-0.1,39.1],[-0.2,39.1]]],[[[-0.4,39.2],[-0.3,39.2],[-0.3,39.5],[-0.2,39.5],[-0.2,39.7],[-0.3,39.7],[-0.3,39.6],[-0.5,39.6],[-0.5,39.2],[-0.6,39.2],[-0.6,39.1],[-0.4,39.1],[-0.4,39.2]]],[[[33.6,35.1],[33.6,35.0],[33.9,35.0],[33.9,35.1],[34.0,35.1],[34.0,35.3],[33.5,35.3],[33.5,35.2],[33.3,35.2],[33.3,35.1],[33.6,35.1]]],[[[12.5,35.6],[12.5,35.5],[12.6,35.5],[12.6,35.4],[12.7,35.4],[12.7,35.6],[12.5,35.6]]],[[[0.8,35.9],[0.9,35.9],[0.9,36.0],[0.5,36.0],[0.5,35.8],[0.2,35.8],[0.2,35.9],[0.1,35.9],[0.1,36.0],[0.0,36.0],[0.0,35.9],[-0.1,35.9],[-0.1,35.8],[-0.2,35.8],[-0.2,35.9],[-0.3,35.9],[-0.3,36.0],[-0.4,36.0],[-0.4,35.8],[-0.5,35.8],[-0.5,35.7],[-0.4,35.7],[-0.4,35.5],[-0.1,35.5],[-0.1,35.1],[0.0,35.1],[0.0,35.5],[0.1,35.5],[0.1,35.6],[0.2,35.6],[0.2,35.7],[0.3,35.7],[0.3,35.6],[0.5,35.6],[0.5,35.4],[0.6,35.4],[0.6,35.3],[0.7,35.3],[0.7,35.4],[0.9,35.4],[0.9,35.5],[0.7,35.5],[0.7,35.8],[0.8,35.8],[0.8,35.9]]],[[[3.8,35.8],[3.8,35.6],[4.0,35.6],[4.0,35.7],[4.1,35.7],[4.1,35.8],[3.8,35.8]]],[[[1.0,35.9],[0.9,35.9],[0.9,35.7],[1.0,35.7],[1.0,35.9]]],[[[9.4,36.5],[9.4,36.3],[9.8,36.3],[9.8,36.2],[9.9,36.2],[9.9,36.1],[9.6,36.1],[9.6,35.9],[9.7,35.9],[9.7,35.7],[9.5,35.7],[9.5,35.6],[9.3,35.6],[9.3,35.3],[9.1,35.3],[9.1,35.1],[9.3,35.1],[9.3,35.2],[9.5,35.2],[9.5,35.1],[9.7,35.1],[9.7,35.2],[9.9,35.2],[9.9,35.3],[10.1,35.3],[10.1,35.1],[10.4,35.1],[10.4,35.2],[10.6,35.2],[10.6,35.1],[10.7,35.1],[10.7,35.2],[10.8,35.2],[10.8,35.1],[10.9,35.1],[10.9,35.0],[11.0,35.0],[11.0,35.1],[11.1,35.1],[11.1,35.2],[11.2,35.2],[11.2,35.3],[11.1,35.3],[11.1,35.9],[11.0,35.9],[11.0,35.7],[10.9,35.7],[10.9,35.8],[10.7,35.8],[10.7,35.9],[10.6,35.9],[10.6,36.1],[10.5,36.1],[10.5,36.3],[10.7,36.3],[10.7,36.4],[10.6,36.4],[10.6,36.5],[10.2,36.5],[10.2,36.6],[10.3,36.6],[10.3,36.7],[10.1,36.7],[10.1,36.8],[9.9,36.8],[9.9,36.7],[9.6,36.7],[9.6,36.4],[9.5,36.4],[9.5,36.5],[9.4,36.5]]],[[[8.2,36.0],[8.2,35.9],[8.3,35.9],[8.3,35.8],[8.4,35.8],[8.4,35.9],[8.5,35.9],[8.5,36.1],[8.4,36.1],[8.4,36.0],[8.2,36.0]]],[[[37.3,35.1],[37.6,35.1],[37.6,35.2],[37.8,35.2],[37.8,35.3],[37.9,35.3],[37.9,35.6],[38.0,35.6],[38.0,35.7],[38.1,35.7],[38.1,35.8],[38.3,35.8],[38.3,35.9],[38.7,35.9],[38.7,36.0],[39.8,36.0],[39.8,35.9],[40.0,35.9],[40.0,36.9],[39.2,36.9],[39.2,37.0],[38.9,37.0],[38.9,36.9],[38.7,36.9],[38.7,36.8],[38.6,36.8],[38.6,36.9],[38.4,36.9],[38.4,36.8],[38.5,36.8],[38.5,36.7],[38.3,36.7],[38.3,36.8],[38.2,36.8],[38.2,36.9],[37.9,36.9],[37.9,36.8],[37.8,36.8],[37.8,36.4],[37.6,36.4],[37.6,36.5],[37.5,36.5],[37.5,36.3],[37.3,36.3],[37.3,36.4],[37.2,36.4],[37.2,36.3],[37.1,36.3],[37.1,36.2],[37.0,36.2],[37.0,36.0],[36.9,36.0],[36.9,35.5],[36.8,35.5],[36.8,35.2],[36.7,35.2],[36.7,35.1],[36.8,35.1],[36.8,35.0],[37.3,35.0],[37.3,35.1]]],[[[1.1,36.1],[1.0,36.1],[1.0,36.0],[1.3,36.0],[1.3,36.2],[1.1,36.2],[1.1,36.1]]],[[[9.4,36.1],[9.4,36.3],[9.2,36.3],[9.2,36.2],[9.3,36.2],[9.3,36.1],[9.4,36.1]]],[[[1.6,38.6],[1.6,38.7],[1.5,38.7],[1.5,38.9],[1.6,38.9],[1.6,39.2],[1.4,39.2],[1.4,39.0],[1.3,39.0],[1.3,39.1],[1.2,39.1],[1.2,38.9],[1.3,38.9],[1.3,38.6],[1.6,38.6]]]]}},
{"type":"Feature","properties":{"k":"BSk"},"geometry":{"type":"MultiPolygon","coordinates":[[[[-3.3,35.2],[-3.4,35.2],[-3.4,35.1],[-3.5,35.1],[-3.5,35.0],[-3.3,35.0],[-3.3,35.2]]],[[[8.2,35.9],[8.2,36.1],[8.1,36.1],[8.1,36.0],[7.8,36.0],[7.8,35.9],[7.7,35.9],[7.7,35.8],[7.6,35.8],[7.6,35.7],[7.4,35.7],[7.4,35.8],[7.2,35.8],[7.2,35.9],[6.8,35.9],[6.8,36.0],[6.7,36.0],[6.7,36.1],[6.4,36.1],[6.4,36.2],[6.3,36.2],[6.3,36.1],[6.2,36.1],[6.2,36.0],[5.8,36.0],[5.8,36.1],[5.4,36.1],[5.4,36.2],[5.3,36.2],[5.3,36.1],[5.2,36.1],[5.2,36.2],[4.8,36.2],[4.8,36.1],[4.5,36.1],[4.5,36.2],[4.3,36.2],[4.3,36.1],[4.2,36.1],[4.2,36.0],[3.4,36.0],[3.4,35.9],[3.2,35.9],[3.2,35.8],[3.1,35.8],[3.1,35.9],[3.0,35.9],[3.0,35.8],[2.9,35.8],[2.9,35.9],[2.6,35.9],[2.6,35.8],[2.4,35.8],[2.4,35.7],[1.8,35.7],[1.8,35.8],[1.7,35.8],[1.7,35.7],[1.6,35.7],[1.6,35.8],[1.4,35.8],[1.4,35.7],[1.5,35.7],[1.5,35.6],[1.1,35.6],[1.1,35.7],[0.9,35.7],[0.9,35.4],[0.7,35.4],[0.7,35.3],[0.6,35.3],[0.6,35.4],[0.3,35.4],[0.3,35.3],[0.4,35.3],[0.4,35.2],[0.3,35.2],[0.3,35.1],[0.2,35.1],[0.2,35.2],[0.1,35.2],[0.1,35.1],[-0.4,35.1],[-0.4,35.0],[4.5,35.0],[4.5,35.1],[3.8,35.1],[3.8,35.2],[4.0,35.2],[4.0,35.5],[3.9,35.5],[3.9,35.6],[3.8,35.6],[3.8,35.8],[4.8,35.8],[4.8,35.7],[5.1,35.7],[5.1,35.6],[5.3,35.6],[5.3,35.5],[5.5,35.5],[5.5,35.4],[5.6,35.4],[5.6,35.3],[5.5,35.3],[5.5,35.2],[5.8,35.2],[5.8,35.1],[5.9,35.1],[5.9,35.0],[9.1,35.0],[9.1,35.3],[9.3,35.3],[9.3,35.6],[9.5,35.6],[9.5,35.7],[9.7,35.7],[9.7,35.9],[9.6,35.9],[9.6,36.0],[9.5,36.0],[9.5,36.1],[9.3,36.1],[9.3,36.0],[9.4,36.0],[9.4,35.8],[9.2,35.8],[9.2,35.7],[9.1,35.7],[9.1,35.8],[8.7,35.8],[8.7,35.9],[8.9,35.9],[8.9,36.0],[9.1,36.0],[9.1,36.1],[9.0,36.1],[9.0,36.2],[8.6,36.2],[8.6,36.1],[8.5,36.1],[8.5,35.9],[8.4,35.9],[8.4,35.8],[8.3,35.8],[8.3,35.9],[8.2,35.9]],[[6.2,35.4],[6.7,35.4],[6.7,35.2],[6.5,35.2],[6.5,35.3],[6.2,35.3],[6.2,35.4]],[[7.1,35.3],[6.8,35.3],[6.8,35.4],[7.1,35.4],[7.1,35.3]]],[[[-3.0,38.2],[-3.0,38.3],[-2.9,38.3],[-2.9,38.4],[-2.7,38.4],[-2.7,38.6],[-2.8,38.6],[-2.8,38.5],[-3.4,38.5],[-3.4,38.3],[-3.8,38.3],[-3.8,38.2],[-3.7,38.2],[-3.7,38.1],[-3.5,38.1],[-3.5,38.0],[-3.3,38.0],[-3.3,37.9],[-3.1,37.9],[-3.1,38.2],[-3.0,38.2]]],[[[-5.9,39.0],[-5.9,38.9],[-5.8,38.9],[-5.8,38.8],[-5.7,38.8],[-5.7,38.6],[-5.6,38.6],[-5.6,38.7],[-5.4,38.7],[-5.4,38.9],[-5.5,38.9],[-5.5,39.0],[-5.9,39.0]]],[[[-5.9,38.8],[-5.9,38.9],[-6.1,38.9],[-6.1,38.8],[-5.9,38.8]]],[[[-1.0,39.3],[-1.1,39.3],[-1.1,39.6],[-1.2,39.6],[-1.2,39.7],[-1.0,39.7],[-1.0,39.6],[-0.8,39.6],[-0.8,39.4],[-0.9,39.4],[-0.9,39.3],[-0.6,39.3],[-0.6,39.2],[-0.5,39.2],[-0.5,39.6],[-0.3,39.6],[-0.3,39.7],[-0.2,39.7],[-0.2,39.8],[0.0,39.8],[0.0,39.9],[0.1,39.9],[0.1,40.0],[-0.1,40.0],[-0.1,40.1],[-0.3,40.1],[-0.3,39.8],[-0.4,39.8],[-0.4,39.7],[-0.6,39.7],[-0.6,39.8],[-0.9,39.8],[-0.9,39.9],[-1.2,39.9],[-1.2,39.8],[-1.3,39.8],[-1.3,39.6],[-1.5,39.6],[-1.5,39.7],[-1.6,39.7],[-1.6,39.6],[-1.8,39.6],[-1.8,39.5],[-2.2,39.5],[-2.2,39.4],[-2.3,39.4],[-2.3,39.5],[-2.4,39.5],[-2.4,39.6],[-2.6,39.6],[-2.6,39.7],[-2.9,39.7],[-2.9,40.3],[-2.8,40.3],[-2.8,40.2],[-2.7,40.2],[-2.7,40.4],[-3.3,40.4],[-3.3,40.5],[-3.2,40.5],[-3.2,40.6],[-3.1,40.6],[-3.1,40.9],[-3.2,40.9],[-3.2,40.7],[-3.3,40.7],[-3.3,40.6],[-3.4,40.6],[-3.4,40.5],[-3.5,40.5],[-3.5,40.7],[-3.6,40.7],[-3.6,40.5],[-3.8,40.5],[-3.8,40.4],[-3.9,40.4],[-3.9,40.5],[-4.0,40.5],[-4.0,40.4],[-4.2,40.4],[-4.2,40.3],[-4.4,40.3],[-4.4,40.2],[-4.5,40.2],[-4.5,40.1],[-4.7,40.1],[-4.7,40.0],[-5.1,40.0],[-5.1,39.9],[-5.2,39.9],[-5.2,39.8],[-4.8,39.8],[-4.8,39.7],[-4.4,39.7],[-4.4,39.6],[-4.0,39.6],[-4.0,39.5],[-3.9,39.5],[-3.9,39.3],[-4.0,39.3],[-4.0,39.2],[-4.2,39.2],[-4.2,39.3],[-4.4,39.3],[-4.4,39.2],[-4.3,39.2],[-4.3,39.0],[-4.2,39.0],[-4.2,38.8],[-4.3,38.8],[-4.3,38.7],[-4.0,38.7],[-4.0,38.8],[-3.9,38.8],[-3.9,38.6],[-4.0,38.6],[-4.0,38.3],[-3.9,38.3],[-3.9,38.5],[-3.5,38.5],[-3.5,38.6],[-3.2,38.6],[-3.2,38.7],[-3.0,38.7],[-3.0,38.9],[-3.1,38.9],[-3.1,39.0],[-2.9,39.0],[-2.9,39.1],[-2.5,39.1],[-2.5,39.2],[-2.4,39.2],[-2.4,39.1],[-2.3,39.1],[-2.3,38.9],[-2.2,38.9],[-2.2,38.8],[-2.0,38.8],[-2.0,38.6],[-2.1,38.6],[-2.1,38.5],[-2.2,38.5],[-2.2,38.4],[-2.3,38.4],[-2.3,38.3],[-2.0,38.3],[-2.0,38.2],[-1.9,38.2],[-1.9,38.1],[-2.0,38.1],[-2.0,38.0],[-2.2,38.0],[-2.2,37.9],[-2.4,37.9],[-2.4,37.8],[-2.8,37.8],[-2.8,37.7],[-3.1,37.7],[-3.1,37.8],[-3.2,37.8],[-3.2,37.3],[-3.1,37.3],[-3.1,37.5],[-2.8,37.5],[-2.8,37.3],[-2.3,37.3],[-2.3,37.2],[-2.8,37.2],[-2.8,37.1],[-2.7,37.1],[-2.7,37.0],[-2.6,37.0],[-2.6,36.9],[-2.7,36.9],[-2.7,36.8],[-2.5,36.8],[-2.5,36.9],[-2.2,36.9],[-2.2,37.0],[-1.9,37.0],[-1.9,37.1],[-2.0,37.1],[-2.0,37.3],[-1.8,37.3],[-1.8,37.4],[-1.7,37.4],[-1.7,37.5],[-1.4,37.5],[-1.4,37.6],[-1.3,37.6],[-1.3,37.8],[-1.1,37.8],[-1.1,37.9],[-1.3,37.9],[-1.3,38.0],[-1.4,38.0],[-1.4,38.2],[-0.9,38.2],[-0.9,38.3],[-0.6,38.3],[-0.6,38.4],[-0.5,38.4],[-0.5,38.5],[-0.4,38.5],[-0.4,38.4],[-0.3,38.4],[-0.3,38.5],[-0.2,38.5],[-0.2,38.6],[-0.8,38.6],[-0.8,38.9],[-1.0,38.9],[-1.0,39.3]],[[-1.2,39.3],[-1.1,39.3],[-1.1,39.1],[-1.2,39.1],[-1.2,39.0],[-1.4,39.0],[-1.4,38.9],[-1.5,38.9],[-1.5,39.1],[-1.4,39.1],[-1.4,39.2],[-1.2,39.2],[-1.2,39.3]],[[-3.6,39.2],[-3.7,39.2],[-3.7,39.4],[-3.6,39.4],[-3.6,39.2]],[[-2.6,37.7],[-2.2,37.7],[-2.2,37.6],[-2.5,37.6],[-2.5,37.5],[-2.6,37.5],[-2.6,37.7]]],[[[-0.6,39.0],[-0.6,39.2],[-0.8,39.2],[-0.8,39.0],[-0.7,39.0],[-0.7,38.9],[-0.6,38.9],[-0.6,38.8],[-0.5,38.8],[-0.5,38.9],[-0.4,38.9],[-0.4,39.0],[-0.6,39.0]]],[[[-5.2,39.2],[-5.0,39.2],[-5.0,39.3],[-5.2,39.3],[-5.2,39.2]]],[[[-0.5,39.9],[-0.5,40.0],[-0.7,40.0],[-0.7,39.9],[-0.5,39.9]]],[[[0.2,40.2],[0.3,40.2],[0.3,40.3],[0.1,40.3],[0.1,40.1],[0.2,40.1],[0.2,40.2]]],[[[-1.1,40.2],[-1.1,40.4],[-1.2,40.4],[-1.2,40.2],[-1.1,40.2]]],[[[0.5,40.5],[0.3,40.5],[0.3,40.4],[0.4,40.4],[0.4,40.3],[0.5,40.3],[0.5,40.5]]],[[[-4.6,40.8],[-4.6,41.1],[-4.4,41.1],[-4.4,41.2],[-4.3,41.2],[-4.3,41.3],[-4.4,41.3],[-4.4,41.4],[-4.6,41.4],[-4.6,41.3],[-4.7,41.3],[-4.7,41.5],[-4.8,41.5],[-4.8,41.3],[-5.1,41.3],[-5.1,41.4],[-5.0,41.4],[-5.0,41.5],[-5.1,41.5],[-5.1,41.6],[-5.2,41.6],[-5.2,41.5],[-5.6,41.5],[-5.6,41.6],[-5.7,41.6],[-5.7,41.5],[-5.8,41.5],[-5.8,41.4],[-5.7,41.4],[-5.7,41.3],[-5.6,41.3],[-5.6,41.2],[-5.5,41.2],[-5.5,41.1],[-5.4,41.1],[-5.4,41.0],[-5.3,41.0],[-5.3,40.9],[-5.2,40.9],[-5.2,41.0],[-4.9,41.0],[-4.9,40.9],[-4.7,40.9],[-4.7,40.8],[-4.6,40.8]]],[[[0.9,41.6],[1.0,41.6],[1.0,41.7],[0.9,41.7],[0.9,41.8],[0.5,41.8],[0.5,41.9],[0.0,41.9],[0.0,41.8],[-0.1,41.8],[-0.1,41.9],[-0.3,41.9],[-0.3,42.0],[-0.5,42.0],[-0.5,41.8],[-0.4,41.8],[-0.4,41.7],[-0.6,41.7],[-0.6,42.0],[-0.9,42.0],[-0.9,41.9],[-1.1,41.9],[-1.1,42.1],[-1.3,42.1],[-1.3,42.0],[-1.4,42.0],[-1.4,42.1],[-1.5,42.1],[-1.5,42.2],[-1.7,42.2],[-1.7,41.8],[-1.5,41.8],[-1.5,41.6],[-1.7,41.6],[-1.7,41.5],[-1.8,41.5],[-1.8,41.3],[-1.6,41.3],[-1.6,41.2],[-1.5,41.2],[-1.5,41.3],[-1.4,41.3],[-1.4,41.2],[-1.3,41.2],[-1.3,41.3],[-1.2,41.3],[-1.2,41.2],[-1.1,41.2],[-1.1,41.3],[-1.0,41.3],[-1.0,41.0],[-0.9,41.0],[-0.9,40.9],[-0.8,40.9],[-0.8,41.2],[-0.7,41.2],[-0.7,41.0],[-0.4,41.0],[-0.4,40.9],[-0.3,40.9],[-0.3,40.8],[-0.2,40.8],[-0.2,40.9],[-0.1,40.9],[-0.1,41.0],[0.0,41.0],[0.0,41.1],[0.3,41.1],[0.3,41.2],[0.6,41.2],[0.6,41.4],[0.7,41.4],[0.7,41.5],[0.9,41.5],[0.9,41.6]]],[[[9.8,36.3],[9.7,36.3],[9.7,36.1],[9.9,36.1],[9.9,36.2],[9.8,36.2],[9.8,36.3]]],[[[22.4,38.9],[22.4,38.8],[22.6,38.8],[22.6,38.9],[22.4,38.9]]],[[[22.4,39.8],[22.4,39.5],[22.5,39.5],[22.5,39.6],[22.6,39.6],[22.6,39.5],[22.8,39.5],[22.8,39.6],[22.7,39.6],[22.7,39.7],[22.5,39.7],[22.5,39.8],[22.4,39.8]]],[[[31.0,39.8],[31.0,39.9],[30.7,39.9],[30.7,39.8],[30.6,39.8],[30.6,39.9],[30.5,39.9],[30.5,39.8],[30.4,39.8],[30.4,39.7],[30.6,39.7],[30.6,39.6],[30.9,39.6],[30.9,39.7],[31.1,39.7],[31.1,39.6],[31.3,39.6],[31.3,39.7],[31.2,39.7],[31.2,39.8],[31.0,39.8]]],[[[32.5,39.9],[32.2,39.9],[32.2,39.8],[32.3,39.8],[32.3,39.7],[32.4,39.7],[32.4,39.8],[32.5,39.8],[32.5,39.9]]],[[[30.2,40.0],[30.9,40.0],[30.9,40.1],[30.2,40.1],[30.2,40.0]]],[[[31.7,40.1],[31.7,40.2],[31.6,40.2],[31.6,40.1],[31.5,40.1],[31.5,40.2],[31.3,40.2],[31.3,40.0],[31.5,40.0],[31.5,39.9],[31.7,39.9],[31.7,40.0],[31.9,40.0],[31.9,40.1],[31.7,40.1]]],[[[23.6,40.3],[23.1,40.3],[23.1,40.2],[23.3,40.2],[23.3,39.9],[23.4,39.9],[23.4,40.1],[23.5,40.1],[23.5,40.2],[23.6,40.2],[23.6,40.3]]],[[[22.9,40.3],[23.1,40.3],[23.1,40.4],[23.0,40.4],[23.0,40.6],[22.8,40.6],[22.8,40.4],[22.9,40.4],[22.9,40.3]]],[[[16.0,41.5],[16.0,41.6],[15.6,41.6],[15.6,41.7],[15.5,41.7],[15.5,41.8],[15.4,41.8],[15.4,41.9],[15.6,41.9],[15.6,42.0],[15.0,42.0],[15.0,42.1],[14.9,42.1],[14.9,41.9],[15.2,41.9],[15.2,41.8],[15.3,41.8],[15.3,41.7],[15.4,41.7],[15.4,41.5],[15.7,41.5],[15.7,41.3],[15.8,41.3],[15.8,41.2],[16.0,41.2],[16.0,41.3],[16.3,41.3],[16.3,41.4],[16.1,41.4],[16.1,41.5],[16.0,41.5]]],[[[15.7,41.8],[15.8,41.8],[15.8,42.0],[15.7,42.0],[15.7,41.8]]],[[[15.9,41.9],[16.2,41.9],[16.2,42.0],[15.9,42.0],[15.9,41.9]]],[[[29.0,44.7],[29.0,44.6],[29.1,44.6],[29.1,44.7],[29.3,44.7],[29.3,44.8],[29.5,44.8],[29.5,44.7],[29.6,44.7],[29.6,44.8],[29.7,44.8],[29.7,45.1],[29.8,45.1],[29.8,45.6],[29.9,45.6],[29.9,45.7],[29.7,45.7],[29.7,45.6],[29.5,45.6],[29.5,45.5],[29.4,45.5],[29.4,45.4],[29.3,45.4],[29.3,45.2],[29.2,45.2],[29.2,45.0],[29.1,45.0],[29.1,44.9],[28.9,44.9],[28.9,44.7],[29.0,44.7]]],[[[37.9,35.0],[37.9,35.1],[37.3,35.1],[37.3,35.0],[37.9,35.0]]],[[[37.5,36.5],[37.4,36.5],[37.4,36.4],[37.3,36.4],[37.3,36.3],[37.5,36.3],[37.5,36.5]]],[[[37.6,36.4],[37.8,36.4],[37.8,36.5],[37.6,36.5],[37.6,36.4]]],[[[35.7,38.2],[35.7,38.4],[35.6,38.4],[35.6,38.2],[35.7,38.2]]],[[[33.5,39.3],[33.4,39.3],[33.4,39.2],[33.2,39.2],[33.2,39.1],[33.1,39.1],[33.1,38.9],[32.9,38.9],[32.9,39.0],[32.7,39.0],[32.7,38.8],[32.8,38.8],[32.8,38.7],[32.7,38.7],[32.7,38.6],[32.8,38.6],[32.8,38.5],[32.6,38.5],[32.6,38.6],[32.5,38.6],[32.5,38.7],[32.3,38.7],[32.3,38.9],[32.2,38.9],[32.2,39.0],[32.5,39.0],[32.5,39.1],[32.4,39.1],[32.4,39.2],[32.3,39.2],[32.3,39.4],[32.1,39.4],[32.1,39.5],[32.2,39.5],[32.2,39.6],[32.1,39.6],[32.1,39.7],[32.0,39.7],[32.0,39.8],[31.9,39.8],[31.9,39.7],[31.7,39.7],[31.7,39.4],[31.8,39.4],[31.8,39.2],[31.6,39.2],[31.6,39.1],[31.7,39.1],[31.7,39.0],[31.8,39.0],[31.8,38.9],[31.9,38.9],[31.9,38.8],[31.8,38.8],[31.8,38.6],[32.0,38.6],[32.0,38.5],[32.1,38.5],[32.1,38.4],[32.2,38.4],[32.2,38.3],[32.3,38.3],[32.3,38.2],[32.5,38.2],[32.5,38.1],[32.4,38.1],[32.4,37.7],[32.5,37.7],[32.5,37.6],[32.6,37.6],[32.6,37.4],[32.8,37.4],[32.8,37.3],[32.9,37.3],[32.9,37.2],[33.1,37.2],[33.1,37.1],[33.3,37.1],[33.3,37.2],[33.5,37.2],[33.5,37.4],[33.7,37.4],[33.7,37.5],[33.8,37.5],[33.8,37.4],[34.0,37.4],[34.0,37.5],[34.1,37.5],[34.1,37.6],[34.5,37.6],[34.5,37.8],[34.3,37.8],[34.3,37.9],[34.5,37.9],[34.5,38.0],[34.3,38.0],[34.3,38.1],[34.1,38.1],[34.1,38.2],[34.2,38.2],[34.2,38.3],[34.4,38.3],[34.4,38.4],[34.3,38.4],[34.3,38.5],[34.0,38.5],[34.0,38.6],[33.8,38.6],[33.8,38.7],[33.9,38.7],[33.9,38.8],[33.8,38.8],[33.8,38.9],[34.0,38.9],[34.0,38.8],[34.1,38.8],[34.1,38.7],[34.2,38.7],[34.2,38.6],[34.5,38.6],[34.5,38.7],[34.6,38.7],[34.6,38.6],[35.1,38.6],[35.1,38.2],[35.3,38.2],[35.3,38.1],[35.4,38.1],[35.4,38.2],[35.5,38.2],[35.5,38.4],[35.3,38.4],[35.3,38.7],[35.6,38.7],[35.6,38.8],[35.7,38.8],[35.7,38.9],[35.5,38.9],[35.5,39.0],[35.3,39.0],[35.3,39.1],[35.4,39.1],[35.4,39.2],[35.0,39.2],[35.0,38.9],[34.9,38.9],[34.9,39.0],[34.8,39.0],[34.8,38.9],[34.5,38.9],[34.5,39.0],[34.4,39.0],[34.4,39.1],[34.2,39.1],[34.2,39.2],[34.1,39.2],[34.1,39.1],[33.7,39.1],[33.7,39.2],[33.5,39.2],[33.5,39.3]],[[33.6,39.1],[33.6,39.0],[33.7,39.0],[33.7,38.9],[33.5,38.9],[33.5,39.0],[33.4,39.0],[33.4,39.1],[33.6,39.1]]],[[[38.3,38.4],[38.3,38.7],[38.1,38.7],[38.1,38.6],[38.0,38.6],[38.0,38.3],[38.2,38.3],[38.2,38.4],[38.3,38.4]]],[[[35.9,38.9],[35.9,39.1],[35.8,39.1],[35.8,38.9],[35.9,38.9]]],[[[33.1,39.3],[33.4,39.3],[33.4,39.5],[33.5,39.5],[33.5,40.0],[33.3,40.0],[33.3,39.9],[33.4,39.9],[33.4,39.8],[33.3,39.8],[33.3,39.7],[33.4,39.7],[33.4,39.6],[33.3,39.6],[33.3,39.5],[33.2,39.5],[33.2,39.4],[33.1,39.4],[33.1,39.3]]],[[[34.4,39.8],[34.1,39.8],[34.1,39.7],[34.3,39.7],[34.3,39.6],[34.4,39.6],[34.4,39.5],[34.5,39.5],[34.5,39.7],[34.4,39.7],[34.4,39.8]]],[[[34.0,39.8],[34.1,39.8],[34.1,39.9],[33.9,39.9],[33.9,39.7],[34.0,39.7],[34.0,39.8]]],[[[32.6,39.9],[32.8,39.9],[32.8,40.0],[32.6,40.0],[32.6,39.9]]],[[[33.7,40.2],[33.7,40.3],[33.5,40.3],[33.5,40.2],[33.7,40.2]]],[[[36.2,40.2],[36.2,40.4],[36.1,40.4],[36.1,40.3],[36.0,40.3],[36.0,40.2],[36.2,40.2]]],[[[33.7,40.4],[33.7,40.3],[34.1,40.3],[34.1,40.2],[34.0,40.2],[34.0,40.1],[34.1,40.1],[34.1,40.0],[34.2,40.0],[34.2,40.5],[34.5,40.5],[34.5,40.6],[34.6,40.6],[34.6,40.7],[34.4,40.7],[34.4,40.6],[34.1,40.6],[34.1,40.5],[33.6,40.5],[33.6,40.4],[33.7,40.4]]]]}},
{"type":"Feature","properties":{"k":"Csa"},"geometry":{"type":"MultiPolygon","coordinates":[[[[-1.9,35.1],[-1.8,35.1],[-1.8,35.0],[-1.6,35.0],[-1.6,35.1],[-1.5,35.1],[-1.5,35.3],[-1.6,35.3],[-1.6,35.2],[-1.9,35.2],[-1.9,35.1]]],[[[6.7,35.2],[6.7,35.4],[6.4,35.4],[6.4,35.3],[6.5,35.3],[6.5,35.2],[6.7,35.2]]],[[[-1.4,35.4],[-1.4,35.0],[-0.4,35.0],[-0.4,35.1],[-0.1,35.1],[-0.1,35.5],[-0.4,35.5],[-0.4,35.7],[-0.5,35.7],[-0.5,35.5],[-0.6,35.5],[-0.6,35.4],[-1.0,35.4],[-1.0,35.3],[-1.3,35.3],[-1.3,35.4],[-1.4,35.4]]],[[[0.0,35.1],[0.1,35.1],[0.1,35.2],[0.2,35.2],[0.2,35.1],[0.3,35.1],[0.3,35.2],[0.4,35.2],[0.4,35.3],[0.3,35.3],[0.3,35.4],[0.5,35.4],[0.5,35.6],[0.3,35.6],[0.3,35.7],[0.2,35.7],[0.2,35.6],[0.1,35.6],[0.1,35.5],[0.0,35.5],[0.0,35.1]]],[[[-2.9,35.3],[-2.9,35.5],[-3.0,35.5],[-3.0,35.4],[-3.1,35.4],[-3.1,35.3],[-2.9,35.3]]],[[[-1.3,35.6],[-1.3,35.5],[-1.0,35.5],[-1.0,35.6],[-0.7,35.6],[-0.7,35.7],[-0.9,35.7],[-0.9,35.8],[-1.0,35.8],[-1.0,35.7],[-1.2,35.7],[-1.2,35.6],[-1.3,35.6]]],[[[0.9,35.5],[0.9,35.9],[0.8,35.9],[0.8,35.8],[0.7,35.8],[0.7,35.5],[0.9,35.5]]],[[[0.9,36.0],[0.9,35.9],[1.0,35.9],[1.0,35.7],[1.1,35.7],[1.1,35.6],[1.5,35.6],[1.5,35.7],[1.4,35.7],[1.4,35.8],[1.6,35.8],[1.6,35.7],[1.7,35.7],[1.7,35.8],[1.8,35.8],[1.8,35.7],[2.4,35.7],[2.4,35.8],[2.6,35.8],[2.6,35.9],[2.9,35.9],[2.9,35.8],[3.0,35.8],[3.0,35.9],[3.1,35.9],[3.1,35.8],[3.2,35.8],[3.2,35.9],[3.4,35.9],[3.4,36.0],[4.2,36.0],[4.2,36.1],[4.3,36.1],[4.3,36.2],[4.5,36.2],[4.5,36.1],[4.8,36.1],[4.8,36.2],[5.2,36.2],[5.2,36.1],[5.3,36.1],[5.3,36.2],[5.4,36.2],[5.4,36.1],[5.8,36.1],[5.8,36.0],[6.2,36.0],[6.2,36.1],[6.3,36.1],[6.3,36.2],[6.4,36.2],[6.4,36.1],[6.7,36.1],[6.7,36.0],[6.8,36.0],[6.8,35.9],[7.2,35.9],[7.2,35.8],[7.4,35.8],[7.4,35.7],[7.6,35.7],[7.6,35.8],[7.7,35.8],[7.7,35.9],[7.8,35.9],[7.8,36.0],[8.1,36.0],[8.1,36.1],[8.2,36.1],[8.2,36.0],[8.4,36.0],[8.4,36.1],[8.6,36.1],[8.6,36.2],[9.0,36.2],[9.0,36.1],[9.1,36.1],[9.1,36.0],[8.9,36.0],[8.9,35.9],[8.7,35.9],[8.7,35.8],[9.1,35.8],[9.1,35.7],[9.2,35.7],[9.2,35.8],[9.4,35.8],[9.4,36.0],[9.3,36.0],[9.3,36.2],[9.2,36.2],[9.2,36.3],[9.4,36.3],[9.4,36.5],[9.5,36.5],[9.5,36.4],[9.6,36.4],[9.6,36.7],[9.9,36.7],[9.9,36.8],[10.1,36.8],[10.1,36.7],[10.3,36.7],[10.3,36.6],[10.2,36.6],[10.2,36.5],[10.6,36.5],[10.6,36.4],[10.9,36.4],[10.9,36.6],[11.0,36.6],[11.0,36.7],[11.1,36.7],[11.1,36.8],[11.2,36.8],[11.2,37.0],[11.1,37.0],[11.1,37.1],[10.9,37.1],[10.9,37.0],[10.7,37.0],[10.7,36.9],[10.5,36.9],[10.5,36.8],[10.4,36.8],[10.4,37.0],[10.3,37.0],[10.3,37.2],[10.2,37.2],[10.2,37.3],[9.9,37.3],[9.9,37.4],[9.5,37.4],[9.5,37.3],[9.1,37.3],[9.1,37.2],[8.9,37.2],[8.9,37.1],[8.8,37.1],[8.8,37.0],[8.1,37.0],[8.1,36.9],[7.8,36.9],[7.8,37.0],[7.6,37.0],[7.6,37.1],[7.1,37.1],[7.1,37.0],[7.0,37.0],[7.0,36.9],[6.9,36.9],[6.9,37.0],[6.6,37.0],[6.6,37.1],[6.2,37.1],[6.2,37.0],[6.1,37.0],[6.1,36.9],[5.6,36.9],[5.6,36.8],[5.5,36.8],[5.5,36.7],[5.2,36.7],[5.2,36.8],[5.1,36.8],[5.1,36.9],[4.5,36.9],[4.5,37.0],[4.4,37.0],[4.4,36.9],[4.3,36.9],[4.3,37.0],[4.1,37.0],[4.1,36.9],[4.0,36.9],[4.0,37.0],[3.8,37.0],[3.8,36.9],[3.5,36.9],[3.5,36.8],[3.3,36.8],[3.3,36.9],[3.2,36.9],[3.2,36.8],[3.1,36.8],[3.1,36.9],[2.8,36.9],[2.8,36.7],[2.6,36.7],[2.6,36.6],[2.5,36.6],[2.5,36.7],[2.1,36.7],[2.1,36.6],[1.1,36.6],[1.1,36.5],[0.9,36.5],[0.9,36.4],[0.6,36.4],[0.6,36.3],[0.3,36.3],[0.3,36.2],[0.2,36.2],[0.2,36.1],[0.1,36.1],[0.1,35.9],[0.2,35.9],[0.2,35.8],[0.5,35.8],[0.5,36.0],[0.9,36.0]],[[1.0,36.0],[1.0,36.1],[1.1,36.1],[1.1,36.2],[1.3,36.2],[1.3,36.0],[1.0,36.0]]],[[[-2.4,37.6],[-2.4,37.7],[-2.6,37.7],[-2.6,37.5],[-2.5,37.5],[-2.5,37.6],[-2.4,37.6]]],[[[-2.4,37.8],[-2.4,37.9],[-2.8,37.9],[-2.8,37.8],[-2.4,37.8]]],[[[-2.4,38.0],[-2.4,37.9],[-2.2,37.9],[-2.2,38.0],[-2.4,38.0]]],[[[-2.8,37.7],[-2.8,37.8],[-3.0,37.8],[-3.0,37.9],[-2.9,37.9],[-2.9,38.0],[-2.8,38.0],[-2.8,38.1],[-2.7,38.1],[-2.7,38.2],[-2.3,38.2],[-2.3,38.1],[-2.2,38.1],[-2.2,38.2],[-2.1,38.2],[-2.1,38.0],[-2.0,38.0],[-2.0,38.1],[-1.9,38.1],[-1.9,38.2],[-2.0,38.2],[-2.0,38.3],[-2.3,38.3],[-2.3,38.4],[-2.2,38.4],[-2.2,38.5],[-2.1,38.5],[-2.1,38.6],[-2.0,38.6],[-2.0,38.8],[-2.2,38.8],[-2.2,38.9],[-2.3,38.9],[-2.3,39.1],[-2.4,39.1],[-2.4,39.2],[-2.5,39.2],[-2.5,39.1],[-2.9,39.1],[-2.9,39.0],[-3.1,39.0],[-3.1,38.9],[-3.0,38.9],[-3.0,38.7],[-3.2,38.7],[-3.2,38.6],[-3.5,38.6],[-3.5,38.5],[-3.9,38.5],[-3.9,38.3],[-4.0,38.3],[-4.0,38.6],[-3.9,38.6],[-3.9,38.8],[-4.0,38.8],[-4.0,38.7],[-4.3,38.7],[-4.3,38.8],[-4.2,38.8],[-4.2,39.0],[-4.3,39.0],[-4.3,39.2],[-4.4,39.2],[-4.4,39.3],[-4.2,39.3],[-4.2,39.2],[-4.0,39.2],[-4.0,39.3],[-3.9,39.3],[-3.9,39.5],[-4.0,39.5],[-4.0,39.6],[-4.4,39.6],[-4.4,39.7],[-4.8,39.7],[-4.8,39.8],[-5.2,39.8],[-5.2,39.9],[-5.1,39.9],[-5.1,40.0],[-4.7,40.0],[-4.7,40.1],[-4.5,40.1],[-4.5,40.2],[-4.4,40.2],[-4.4,40.3],[-4.2,40.3],[-4.2,40.4],[-4.0,40.4],[-4.0,40.5],[-3.9,40.5],[-3.9,40.4],[-3.8,40.4],[-3.8,40.5],[-3.6,40.5],[-3.6,40.7],[-3.5,40.7],[-3.5,40.5],[-3.4,40.5],[-3.4,40.6],[-3.3,40.6],[-3.3,40.7],[-3.2,40.7],[-3.2,40.9],[-3.1,40.9],[-3.1,40.6],[-3.2,40.6],[-3.2,40.5],[-3.3,40.5],[-3.3,40.4],[-2.7,40.4],[-2.7,40.2],[-2.8,40.2],[-2.8,40.3],[-2.9,40.3],[-2.9,39.7],[-2.6,39.7],[-2.6,39.6],[-2.4,39.6],[-2.4,39.5],[-2.3,39.5],[-2.3,39.4],[-2.2,39.4],[-2.2,39.5],[-1.8,39.5],[-1.8,39.6],[-1.6,39.6],[-1.6,39.7],[-1.5,39.7],[-1.5,39.6],[-1.3,39.6],[-1.3,39.7],[-1.4,39.7],[-1.4,39.9],[-1.5,39.9],[-1.5,40.0],[-1.8,40.0],[-1.8,40.1],[-1.9,40.1],[-1.9,40.0],[-2.0,40.0],[-2.0,40.1],[-2.1,40.1],[-2.1,40.4],[-2.2,40.4],[-2.2,40.6],[-2.4,40.6],[-2.4,40.7],[-2.3,40.7],[-2.3,40.8],[-2.2,40.8],[-2.2,40.9],[-2.5,40.9],[-2.5,41.0],[-2.6,41.0],[-2.6,41.1],[-2.7,41.1],[-2.7,41.2],[-2.8,41.2],[-2.8,41.1],[-3.1,41.1],[-3.1,41.0],[-3.7,41.0],[-3.7,40.8],[-3.9,40.8],[-3.9,40.9],[-4.0,40.9],[-4.0,40.7],[-4.1,40.7],[-4.1,40.6],[-4.6,40.6],[-4.6,40.5],[-4.8,40.5],[-4.8,40.3],[-5.1,40.3],[-5.1,40.2],[-5.7,40.2],[-5.7,40.1],[-5.8,40.1],[-5.8,40.2],[-5.9,40.2],[-5.9,40.3],[-5.8,40.3],[-5.8,40.4],[-5.7,40.4],[-5.7,40.5],[-5.8,40.5],[-5.8,40.6],[-6.0,40.6],[-6.0,40.5],[-6.4,40.5],[-6.4,40.6],[-6.3,40.6],[-6.3,40.7],[-6.2,40.7],[-6.2,40.8],[-6.1,40.8],[-6.1,40.9],[-6.2,40.9],[-6.2,41.0],[-6.3,41.0],[-6.3,40.9],[-6.4,40.9],[-6.4,41.0],[-6.5,41.0],[-6.5,41.1],[-6.4,41.1],[-6.4,41.2],[-6.2,41.2],[-6.2,41.1],[-6.1,41.1],[-6.1,41.0],[-5.9,41.0],[-5.9,41.2],[-6.1,41.2],[-6.1,41.3],[-6.3,41.3],[-6.3,41.4],[-6.2,41.4],[-6.2,41.5],[-6.5,41.5],[-6.5,41.7],[-6.6,41.7],[-6.6,41.6],[-6.8,41.6],[-6.8,41.5],[-6.9,41.5],[-6.9,41.4],[-7.1,41.4],[-7.1,41.5],[-7.0,41.5],[-7.0,41.7],[-7.3,41.7],[-7.3,41.6],[-7.4,41.6],[-7.4,41.5],[-7.3,41.5],[-7.3,41.4],[-7.4,41.4],[-7.4,41.3],[-7.2,41.3],[-7.2,41.2],[-7.4,41.2],[-7.4,41.1],[-7.2,41.1],[-7.2,40.9],[-7.3,40.9],[-7.3,40.7],[-7.0,40.7],[-7.0,40.5],[-6.9,40.5],[-6.9,40.7],[-6.8,40.7],[-6.8,40.4],[-6.6,40.4],[-6.6,40.3],[-6.7,40.3],[-6.7,40.2],[-7.1,40.2],[-7.1,40.3],[-7.2,40.3],[-7.2,40.4],[-7.4,40.4],[-7.4,40.3],[-7.5,40.3],[-7.5,40.2],[-7.7,40.2],[-7.7,40.1],[-7.9,40.1],[-7.9,40.0],[-7.8,40.0],[-7.8,39.8],[-8.0,39.8],[-8.0,39.9],[-8.1,39.9],[-8.1,40.0],[-8.2,40.0],[-8.2,39.9],[-8.3,39.9],[-8.3,40.1],[-8.1,40.1],[-8.1,40.2],[-7.9,40.2],[-7.9,40.3],[-7.8,40.3],[-7.8,40.4],[-7.7,40.4],[-7.7,40.5],[-7.5,40.5],[-7.5,40.6],[-8.0,40.6],[-8.0,40.5],[-8.1,40.5],[-8.1,40.4],[-8.3,40.4],[-8.3,40.2],[-8.4,40.2],[-8.4,40.6],[-8.5,40.6],[-8.5,40.3],[-8.6,40.3],[-8.6,40.1],[-8.7,40.1],[-8.7,39.8],[-8.6,39.8],[-8.6,39.5],[-8.8,39.5],[-8.8,39.4],[-8.9,39.4],[-8.9,39.3],[-9.0,39.3],[-9.0,39.0],[-9.1,39.0],[-9.1,38.9],[-9.2,38.9],[-9.2,38.8],[-9.1,38.8],[-9.1,38.7],[-9.2,38.7],[-9.2,38.6],[-9.1,38.6],[-9.1,38.5],[-8.9,38.5],[-8.9,38.3],[-8.8,38.3],[-8.8,37.6],[-8.9,37.6],[-8.9,37.5],[-8.8,37.5],[-8.8,37.0],[-8.6,37.0],[-8.6,37.1],[-8.5,37.1],[-8.5,37.0],[-8.0,37.0],[-8.0,36.9],[-7.8,36.9],[-7.8,37.0],[-7.6,37.0],[-7.6,37.1],[-7.3,37.1],[-7.3,37.2],[-7.1,37.2],[-7.1,37.1],[-6.8,37.1],[-6.8,37.0],[-6.6,37.0],[-6.6,36.9],[-6.5,36.9],[-6.5,36.6],[-6.4,36.6],[-6.4,36.5],[-6.3,36.5],[-6.3,36.3],[-6.2,36.3],[-6.2,36.2],[-6.1,36.2],[-6.1,36.1],[-5.9,36.1],[-5.9,36.0],[-5.5,36.0],[-5.5,35.9],[-5.8,35.9],[-5.8,35.8],[-6.0,35.8],[-6.0,35.6],[-6.1,35.6],[-6.1,35.4],[-6.2,35.4],[-6.2,35.2],[-6.3,35.2],[-6.3,35.0],[-3.5,35.0],[-3.5,35.1],[-3.4,35.1],[-3.4,35.2],[-3.7,35.2],[-3.7,35.3],[-3.8,35.3],[-3.8,35.1],[-3.9,35.1],[-3.9,35.3],[-4.2,35.3],[-4.2,35.2],[-4.6,35.2],[-4.6,35.3],[-4.8,35.3],[-4.8,35.4],[-5.0,35.4],[-5.0,35.5],[-5.1,35.5],[-5.1,35.6],[-5.2,35.6],[-5.2,35.7],[-5.3,35.7],[-5.3,35.8],[-5.2,35.8],[-5.2,36.0],[-5.4,36.0],[-5.4,36.1],[-5.3,36.1],[-5.3,36.2],[-5.2,36.2],[-5.2,36.4],[-4.9,36.4],[-4.9,36.5],[-4.8,36.5],[-4.8,36.4],[-4.6,36.4],[-4.6,36.5],[-4.5,36.5],[-4.5,36.6],[-4.4,36.6],[-4.4,36.7],[-3.5,36.7],[-3.5,36.6],[-3.4,36.6],[-3.4,36.7],[-3.0,36.7],[-3.0,36.8],[-2.7,36.8],[-2.7,36.9],[-2.6,36.9],[-2.6,37.0],[-2.7,37.0],[-2.7,37.1],[-2.8,37.1],[-2.8,37.5],[-3.1,37.5],[-3.1,37.3],[-3.2,37.3],[-3.2,37.8],[-3.1,37.8],[-3.1,37.7],[-2.8,37.7]],[[-6.8,41.4],[-6.5,41.4],[-6.5,41.3],[-6.8,41.3],[-6.8,41.4]],[[-5.0,39.3],[-5.0,39.2],[-5.2,39.2],[-5.2,39.3],[-5.0,39.3]],[[-5.8,38.9],[-5.9,38.9],[-5.9,39.0],[-5.5,39.0],[-5.5,38.9],[-5.4,38.9],[-5.4,38.7],[-5.6,38.7],[-5.6,38.6],[-5.7,38.6],[-5.7,38.8],[-5.8,38.8],[-5.8,38.9]],[[-6.1,38.9],[-5.9,38.9],[-5.9,38.8],[-6.1,38.8],[-6.1,38.9]],[[-2.9,38.3],[-3.0,38.3],[-3.0,38.2],[-3.1,38.2],[-3.1,37.9],[-3.3,37.9],[-3.3,38.0],[-3.5,38.0],[-3.5,38.1],[-3.7,38.1],[-3.7,38.2],[-3.8,38.2],[-3.8,38.3],[-3.4,38.3],[-3.4,38.5],[-2.8,38.5],[-2.8,38.6],[-2.7,38.6],[-2.7,38.4],[-2.9,38.4],[-2.9,38.3]],[[-8.7,37.4],[-8.5,37.4],[-8.5,37.3],[-8.7,37.3],[-8.7,37.4]],[[-3.3,37.2],[-3.2,37.2],[-3.2,37.1],[-3.1,37.1],[-3.1,37.0],[-3.5,37.0],[-3.5,37.1],[-3.3,37.1],[-3.3,37.2]],[[-5.1,36.8],[-5.0,36.8],[-5.0,36.6],[-5.1,36.6],[-5.1,36.8]]],[[[-1.1,39.1],[-1.1,39.3],[-1.2,39.3],[-1.2,39.2],[-1.4,39.2],[-1.4,39.1],[-1.5,39.1],[-1.5,38.9],[-1.4,38.9],[-1.4,39.0],[-1.2,39.0],[-1.2,39.1],[-1.1,39.1]]],[[[-1.1,39.6],[-1.1,39.3],[-1.0,39.3],[-1.0,38.9],[-0.8,38.9],[-0.8,38.6],[0.1,38.6],[0.1,38.7],[0.3,38.7],[0.3,38.8],[0.2,38.8],[0.2,38.9],[-0.2,38.9],[-0.2,39.1],[-0.3,39.1],[-0.3,39.2],[-0.4,39.2],[-0.4,39.1],[-0.6,39.1],[-0.6,39.0],[-0.4,39.0],[-0.4,38.9],[-0.5,38.9],[-0.5,38.8],[-0.6,38.8],[-0.6,38.9],[-0.7,38.9],[-0.7,39.0],[-0.8,39.0],[-0.8,39.2],[-0.6,39.2],[-0.6,39.3],[-0.9,39.3],[-0.9,39.4],[-0.8,39.4],[-0.8,39.6],[-1.0,39.6],[-1.0,39.7],[-1.2,39.7],[-1.2,39.6],[-1.1,39.6]]],[[[-3.7,39.4],[-3.7,39.2],[-3.6,39.2],[-3.6,39.4],[-3.7,39.4]]],[[[-0.3,39.4],[-0.3,39.2],[-0.2,39.2],[-0.2,39.4],[-0.3,39.4]]],[[[3.4,39.5],[3.4,39.6],[3.5,39.6],[3.5,39.8],[3.2,39.8],[3.2,39.9],[3.3,39.9],[3.3,40.0],[2.9,40.0],[2.9,39.9],[2.6,39.9],[2.6,39.8],[2.5,39.8],[2.5,39.7],[2.3,39.7],[2.3,39.5],[2.5,39.5],[2.5,39.4],[2.6,39.4],[2.6,39.5],[2.7,39.5],[2.7,39.3],[3.3,39.3],[3.3,39.5],[3.4,39.5]]],[[[-0.3,39.8],[-0.3,40.1],[-0.6,40.1],[-0.6,40.0],[-0.5,40.0],[-0.5,39.9],[-0.7,39.9],[-0.7,39.8],[-0.6,39.8],[-0.6,39.7],[-0.4,39.7],[-0.4,39.8],[-0.3,39.8]]],[[[3.8,40.0],[3.8,39.9],[4.0,39.9],[4.0,39.8],[4.4,39.8],[4.4,39.9],[4.3,39.9],[4.3,40.1],[3.7,40.1],[3.7,40.0],[3.8,40.0]]],[[[-0.3,40.2],[-0.3,40.1],[-0.1,40.1],[-0.1,40.0],[0.2,40.0],[0.2,40.1],[0.1,40.1],[0.1,40.3],[0.3,40.3],[0.3,40.2],[0.4,40.2],[0.4,40.4],[0.3,40.4],[0.3,40.5],[0.7,40.5],[0.7,40.6],[0.9,40.6],[0.9,40.8],[0.8,40.8],[0.8,40.9],[1.0,40.9],[1.0,41.0],[1.3,41.0],[1.3,41.1],[1.7,41.1],[1.7,41.2],[2.2,41.2],[2.2,41.3],[2.3,41.3],[2.3,41.4],[2.4,41.4],[2.4,41.5],[2.2,41.5],[2.2,41.4],[1.8,41.4],[1.8,41.5],[1.7,41.5],[1.7,41.4],[1.5,41.4],[1.5,41.5],[1.3,41.5],[1.3,41.6],[0.9,41.6],[0.9,41.5],[0.7,41.5],[0.7,41.4],[0.6,41.4],[0.6,41.2],[0.3,41.2],[0.3,41.1],[0.1,41.1],[0.1,40.8],[0.2,40.8],[0.2,40.6],[0.1,40.6],[0.1,40.5],[0.0,40.5],[0.0,40.4],[-0.1,40.4],[-0.1,40.3],[-0.2,40.3],[-0.2,40.2],[-0.3,40.2]]],[[[-5.2,40.7],[-5.2,40.9],[-5.3,40.9],[-5.3,41.0],[-5.4,41.0],[-5.4,41.1],[-5.8,41.1],[-5.8,40.9],[-5.7,40.9],[-5.7,40.6],[-5.4,40.6],[-5.4,40.7],[-5.2,40.7]]],[[[-5.2,41.0],[-5.2,40.9],[-5.0,40.9],[-5.0,40.8],[-4.7,40.8],[-4.7,40.9],[-4.9,40.9],[-4.9,41.0],[-5.2,41.0]]],[[[-4.5,41.9],[-4.7,41.9],[-4.7,42.0],[-4.6,42.0],[-4.6,42.1],[-5.0,42.1],[-5.0,42.0],[-5.1,42.0],[-5.1,42.2],[-5.4,42.2],[-5.4,42.1],[-5.5,42.1],[-5.5,42.0],[-5.6,42.0],[-5.6,41.9],[-5.9,41.9],[-5.9,41.7],[-6.0,41.7],[-6.0,41.5],[-6.1,41.5],[-6.1,41.4],[-5.9,41.4],[-5.9,41.3],[-5.8,41.3],[-5.8,41.5],[-5.7,41.5],[-5.7,41.6],[-5.6,41.6],[-5.6,41.5],[-5.2,41.5],[-5.2,41.6],[-5.1,41.6],[-5.1,41.5],[-5.0,41.5],[-5.0,41.4],[-5.1,41.4],[-5.1,41.3],[-4.8,41.3],[-4.8,41.5],[-4.7,41.5],[-4.7,41.3],[-4.6,41.3],[-4.6,41.4],[-4.4,41.4],[-4.4,41.3],[-4.3,41.3],[-4.3,41.2],[-4.4,41.2],[-4.4,41.1],[-4.6,41.1],[-4.6,40.7],[-4.5,40.7],[-4.5,40.8],[-4.2,40.8],[-4.2,40.9],[-4.1,40.9],[-4.1,41.1],[-3.9,41.1],[-3.9,41.2],[-3.8,41.2],[-3.8,41.3],[-3.9,41.3],[-3.9,41.5],[-3.6,41.5],[-3.6,41.6],[-3.4,41.6],[-3.4,41.7],[-3.6,41.7],[-3.6,41.8],[-4.0,41.8],[-4.0,41.7],[-4.4,41.7],[-4.4,41.8],[-4.5,41.8],[-4.5,41.9]],[[-5.0,41.9],[-4.7,41.9],[-4.7,41.8],[-4.8,41.8],[-4.8,41.7],[-5.1,41.7],[-5.1,41.8],[-5.0,41.8],[-5.0,41.9]]],[[[-3.4,41.5],[-3.6,41.5],[-3.6,41.4],[-3.4,41.4],[-3.4,41.5]]],[[[-3.3,41.6],[-3.3,41.5],[-3.0,41.5],[-3.0,41.6],[-3.3,41.6]]],[[[-2.4,42.5],[-2.4,42.4],[-2.2,42.4],[-2.2,42.5],[-2.4,42.5]]],[[[2.4,41.6],[2.4,41.5],[2.7,41.5],[2.7,41.6],[2.9,41.6],[2.9,41.7],[3.1,41.7],[3.1,41.8],[3.3,41.8],[3.3,42.1],[3.2,42.1],[3.2,42.2],[3.3,42.2],[3.3,42.3],[3.4,42.3],[3.4,42.4],[3.2,42.4],[3.2,42.6],[3.1,42.6],[3.1,43.0],[3.2,43.0],[3.2,43.1],[3.3,43.1],[3.3,43.2],[3.6,43.2],[3.6,43.3],[3.7,43.3],[3.7,43.4],[3.9,43.4],[3.9,43.5],[4.1,43.5],[4.1,43.4],[4.5,43.4],[4.5,43.3],[5.2,43.3],[5.2,43.2],[5.3,43.2],[5.3,43.1],[5.4,43.1],[5.4,43.2],[5.5,43.2],[5.5,43.1],[5.7,43.1],[5.7,43.0],[6.1,43.0],[6.1,42.9],[6.5,42.9],[6.5,43.0],[6.6,43.0],[6.6,43.1],[6.7,43.1],[6.7,43.3],[6.8,43.3],[6.8,43.4],[7.0,43.4],[7.0,43.5],[7.2,43.5],[7.2,43.6],[7.4,43.6],[7.4,43.7],[7.8,43.7],[7.8,43.8],[7.7,43.8],[7.7,43.9],[7.5,43.9],[7.5,43.8],[7.2,43.8],[7.2,43.9],[7.1,43.9],[7.1,43.7],[6.7,43.7],[6.7,43.6],[6.2,43.6],[6.2,43.7],[6.1,43.7],[6.1,43.8],[6.0,43.8],[6.0,44.2],[5.9,44.2],[5.9,44.0],[5.7,44.0],[5.7,43.9],[5.4,43.9],[5.4,44.0],[5.3,44.0],[5.3,44.2],[4.9,44.2],[4.9,44.3],[4.4,44.3],[4.4,44.2],[4.3,44.2],[4.3,44.3],[4.1,44.3],[4.1,44.2],[3.8,44.2],[3.8,44.0],[3.6,44.0],[3.6,43.8],[3.5,43.8],[3.5,43.7],[3.4,43.7],[3.4,43.8],[3.3,43.8],[3.3,43.7],[3.1,43.7],[3.1,43.5],[3.0,43.5],[3.0,43.6],[2.9,43.6],[2.9,43.4],[2.6,43.4],[2.6,43.3],[2.4,43.3],[2.4,43.1],[2.5,43.1],[2.5,43.0],[2.7,43.0],[2.7,42.9],[2.6,42.9],[2.6,42.8],[2.5,42.8],[2.5,42.7],[2.6,42.7],[2.6,42.6],[2.7,42.6],[2.7,42.5],[2.8,42.5],[2.8,42.2],[2.9,42.2],[2.9,41.9],[2.8,41.9],[2.8,41.7],[2.6,41.7],[2.6,41.6],[2.4,41.6]],[[5.8,43.3],[5.7,43.3],[5.7,43.4],[5.9,43.4],[5.9,43.2],[5.8,43.2],[5.8,43.3]]],[[[6.8,35.4],[6.8,35.3],[7.1,35.3],[7.1,35.4],[6.8,35.4]]],[[[14.1,36.1],[14.1,36.0],[14.3,36.0],[14.3,35.8],[14.6,35.8],[14.6,36.0],[14.4,36.0],[14.4,36.1],[14.1,36.1]]],[[[9.7,36.3],[9.4,36.3],[9.4,36.1],[9.5,36.1],[9.5,36.0],[9.6,36.0],[9.6,36.1],[9.7,36.1],[9.7,36.3]]],[[[11.9,36.9],[11.9,36.7],[12.1,36.7],[12.1,36.9],[11.9,36.9]]],[[[15.0,38.3],[15.0,38.6],[14.7,38.6],[14.7,38.5],[14.9,38.5],[14.9,38.3],[15.0,38.3]]],[[[15.0,38.7],[15.0,38.6],[15.2,38.6],[15.2,38.7],[15.3,38.7],[15.3,38.9],[15.2,38.9],[15.2,38.8],[15.1,38.8],[15.1,38.7],[15.0,38.7]]],[[[16.0,41.3],[16.0,41.2],[15.9,41.2],[15.9,41.0],[15.8,41.0],[15.8,40.9],[15.9,40.9],[15.9,40.6],[16.0,40.6],[16.0,40.5],[16.2,40.5],[16.2,40.4],[16.0,40.4],[16.0,40.3],[15.9,40.3],[15.9,40.2],[16.1,40.2],[16.1,40.0],[15.8,40.0],[15.8,40.1],[15.7,40.1],[15.7,40.4],[15.6,40.4],[15.6,40.5],[15.7,40.5],[15.7,40.8],[15.5,40.8],[15.5,40.7],[15.3,40.7],[15.3,40.8],[15.2,40.8],[15.2,40.9],[15.1,40.9],[15.1,41.0],[15.0,41.0],[15.0,41.2],[14.9,41.2],[14.9,41.4],[14.7,41.4],[14.7,41.3],[14.4,41.3],[14.4,41.4],[14.2,41.4],[14.2,41.7],[14.0,41.7],[14.0,41.6],[13.9,41.6],[13.9,41.7],[13.8,41.7],[13.8,41.8],[13.6,41.8],[13.6,41.7],[13.4,41.7],[13.4,41.9],[13.2,41.9],[13.2,41.8],[13.1,41.8],[13.1,42.1],[12.8,42.1],[12.8,42.3],[12.7,42.3],[12.7,42.6],[12.6,42.6],[12.6,42.7],[12.8,42.7],[12.8,43.0],[12.6,43.0],[12.6,42.9],[12.5,42.9],[12.5,43.2],[12.4,43.2],[12.4,43.4],[12.1,43.4],[12.1,43.3],[11.9,43.3],[11.9,43.7],[11.8,43.7],[11.8,43.6],[11.6,43.6],[11.6,43.7],[11.5,43.7],[11.5,43.8],[11.6,43.8],[11.6,44.0],[11.4,44.0],[11.4,44.1],[11.5,44.1],[11.5,44.3],[11.3,44.3],[11.3,44.1],[11.2,44.1],[11.2,44.0],[10.8,44.0],[10.8,43.9],[10.6,43.9],[10.6,44.0],[10.5,44.0],[10.5,43.9],[10.3,43.9],[10.3,44.0],[10.2,44.0],[10.2,44.1],[10.1,44.1],[10.1,44.3],[10.0,44.3],[10.0,44.4],[9.9,44.4],[9.9,44.3],[9.6,44.3],[9.6,44.2],[9.5,44.2],[9.5,44.1],[9.7,44.1],[9.7,44.0],[10.1,44.0],[10.1,43.9],[10.2,43.9],[10.2,43.5],[10.3,43.5],[10.3,43.4],[10.4,43.4],[10.4,43.2],[10.5,43.2],[10.5,43.0],[10.4,43.0],[10.4,42.9],[10.1,42.9],[10.1,42.7],[10.5,42.7],[10.5,42.9],[10.7,42.9],[10.7,42.7],[10.9,42.7],[10.9,42.6],[11.1,42.6],[11.1,42.5],[11.0,42.5],[11.0,42.4],[10.8,42.4],[10.8,42.3],[11.0,42.3],[11.0,42.2],[11.2,42.2],[11.2,42.3],[11.6,42.3],[11.6,42.2],[11.7,42.2],[11.7,42.0],[11.9,42.0],[11.9,41.9],[12.1,41.9],[12.1,41.8],[12.2,41.8],[12.2,41.7],[12.3,41.7],[12.3,41.6],[12.4,41.6],[12.4,41.5],[12.5,41.5],[12.5,41.4],[12.8,41.4],[12.8,41.3],[13.0,41.3],[13.0,41.2],[13.8,41.2],[13.8,41.0],[13.9,41.0],[13.9,40.9],[14.0,40.9],[14.0,40.8],[13.8,40.8],[13.8,40.7],[14.2,40.7],[14.2,40.8],[14.3,40.8],[14.3,40.6],[14.2,40.6],[14.2,40.5],[14.5,40.5],[14.5,40.7],[14.6,40.7],[14.6,40.6],[14.8,40.6],[14.8,40.5],[14.9,40.5],[14.9,40.2],[15.0,40.2],[15.0,40.1],[15.2,40.1],[15.2,40.0],[15.3,40.0],[15.3,39.9],[15.5,39.9],[15.5,40.0],[15.7,40.0],[15.7,39.7],[15.8,39.7],[15.8,39.5],[15.9,39.5],[15.9,39.4],[16.0,39.4],[16.0,39.0],[16.1,39.0],[16.1,38.9],[16.2,38.9],[16.2,38.8],[15.9,38.8],[15.9,38.7],[15.8,38.7],[15.8,38.3],[15.2,38.3],[15.2,38.2],[14.6,38.2],[14.6,38.1],[13.8,38.1],[13.8,38.0],[13.7,38.0],[13.7,38.1],[13.6,38.1],[13.6,38.2],[13.4,38.2],[13.4,38.3],[13.2,38.3],[13.2,38.2],[13.0,38.2],[13.0,38.1],[12.8,38.1],[12.8,38.2],[12.6,38.2],[12.6,38.1],[12.3,38.1],[12.3,38.0],[12.2,38.0],[12.2,37.9],[12.4,37.9],[12.4,37.6],[12.6,37.6],[12.6,37.5],[13.0,37.5],[13.0,37.4],[13.2,37.4],[13.2,37.3],[13.4,37.3],[13.4,37.2],[13.6,37.2],[13.6,37.1],[13.9,37.1],[13.9,37.0],[14.0,37.0],[14.0,37.1],[14.1,37.1],[14.1,37.0],[14.3,37.0],[14.3,36.9],[14.4,36.9],[14.4,36.7],[14.9,36.7],[14.9,36.6],[15.2,36.6],[15.2,36.9],[15.3,36.9],[15.3,37.0],[15.4,37.0],[15.4,37.1],[15.3,37.1],[15.3,37.3],[15.2,37.3],[15.2,37.4],[15.1,37.4],[15.1,37.5],[15.2,37.5],[15.2,37.6],[15.3,37.6],[15.3,37.8],[15.4,37.8],[15.4,37.9],[15.5,37.9],[15.5,38.0],[15.6,38.0],[15.6,37.9],[16.2,37.9],[16.2,38.1],[16.3,38.1],[16.3,38.2],[16.4,38.2],[16.4,38.3],[16.6,38.3],[16.6,38.8],[16.8,38.8],[16.8,38.9],[17.0,38.9],[17.0,38.8],[17.1,38.8],[17.1,38.9],[17.2,38.9],[17.2,39.0],[17.3,39.0],[17.3,39.1],[17.2,39.1],[17.2,39.5],[17.0,39.5],[17.0,39.6],[16.8,39.6],[16.8,39.7],[16.6,39.7],[16.6,39.9],[16.7,39.9],[16.7,40.1],[16.8,40.1],[16.8,40.3],[16.9,40.3],[16.9,40.4],[17.0,40.4],[17.0,40.5],[17.1,40.5],[17.1,40.4],[17.2,40.4],[17.2,40.3],[17.5,40.3],[17.5,40.2],[17.6,40.2],[17.6,40.3],[17.7,40.3],[17.7,40.2],[17.9,40.2],[17.9,39.9],[18.1,39.9],[18.1,39.8],[18.3,39.8],[18.3,39.7],[18.4,39.7],[18.4,39.9],[18.5,39.9],[18.5,40.0],[18.6,40.0],[18.6,40.2],[18.5,40.2],[18.5,40.3],[18.4,40.3],[18.4,40.4],[18.3,40.4],[18.3,40.5],[18.2,40.5],[18.2,40.6],[18.1,40.6],[18.1,40.7],[17.9,40.7],[17.9,40.8],[17.6,40.8],[17.6,40.9],[17.4,40.9],[17.4,41.0],[17.2,41.0],[17.2,41.1],[17.0,41.1],[17.0,41.2],[16.6,41.2],[16.6,41.3],[16.4,41.3],[16.4,41.4],[16.3,41.4],[16.3,41.3],[16.0,41.3]],[[15.0,40.8],[15.2,40.8],[15.2,40.7],[15.0,40.7],[15.0,40.8]],[[16.1,39.9],[16.1,40.0],[16.4,40.0],[16.4,39.9],[16.2,39.9],[16.2,39.8],[16.1,39.8],[16.1,39.7],[16.0,39.7],[16.0,39.6],[15.9,39.6],[15.9,39.8],[16.0,39.8],[16.0,39.9],[16.1,39.9]],[[16.0,41.1],[16.0,41.2],[16.2,41.2],[16.2,41.1],[16.3,41.1],[16.3,41.0],[16.1,41.0],[16.1,41.1],[16.0,41.1]],[[11.6,42.8],[11.5,42.8],[11.5,42.9],[11.7,42.9],[11.7,42.7],[11.6,42.7],[11.6,42.8]],[[13.5,41.4],[13.7,41.4],[13.7,41.3],[13.5,41.3],[13.5,41.4]],[[15.4,40.5],[15.5,40.5],[15.5,40.3],[15.6,40.3],[15.6,40.2],[15.3,40.2],[15.3,40.3],[15.4,40.3],[15.4,40.5]],[[16.8,39.3],[16.7,39.3],[16.7,39.2],[16.8,39.2],[16.8,39.0],[16.2,39.0],[16.2,39.1],[16.3,39.1],[16.3,39.5],[16.7,39.5],[16.7,39.4],[16.8,39.4],[16.8,39.3]],[[16.4,38.4],[16.2,38.4],[16.2,38.6],[16.5,38.6],[16.5,38.5],[16.4,38.5],[16.4,38.4]],[[15.9,38.0],[15.8,38.0],[15.8,38.2],[16.0,38.2],[16.0,38.1],[15.9,38.1],[15.9,38.0]],[[14.6,38.0],[15.1,38.0],[15.1,37.9],[14.7,37.9],[14.7,37.8],[14.3,37.8],[14.3,37.9],[14.6,37.9],[14.6,38.0]],[[14.9,37.8],[15.1,37.8],[15.1,37.7],[14.9,37.7],[14.9,37.8]]],[[[12.8,41.0],[12.8,40.9],[12.9,40.9],[12.9,40.8],[13.0,40.8],[13.0,40.9],[13.1,40.9],[13.1,41.0],[12.8,41.0]]],[[[9.4,41.5],[9.4,41.7],[9.5,41.7],[9.5,42.0],[9.6,42.0],[9.6,42.6],[9.5,42.6],[9.5,43.1],[9.3,43.1],[9.3,42.8],[9.0,42.8],[9.0,42.7],[8.8,42.7],[8.8,42.6],[8.6,42.6],[8.6,42.4],[8.5,42.4],[8.5,42.1],[8.6,42.1],[8.6,42.0],[8.5,42.0],[8.5,41.8],[8.6,41.8],[8.6,41.7],[8.7,41.7],[8.7,41.5],[8.9,41.5],[8.9,41.4],[9.0,41.4],[9.0,41.3],[9.1,41.3],[9.1,41.2],[8.9,41.2],[8.9,41.1],[8.8,41.1],[8.8,41.0],[8.6,41.0],[8.6,40.9],[8.3,40.9],[8.3,41.0],[8.4,41.0],[8.4,41.2],[8.2,41.2],[8.2,41.0],[8.1,41.0],[8.1,40.5],[8.3,40.5],[8.3,40.3],[8.4,40.3],[8.4,40.1],[8.3,40.1],[8.3,39.9],[8.4,39.9],[8.4,39.5],[8.3,39.5],[8.3,39.2],[8.2,39.2],[8.2,39.0],[8.3,39.0],[8.3,38.9],[8.6,38.9],[8.6,38.8],[8.9,38.8],[8.9,38.9],[9.1,38.9],[9.1,39.1],[9.2,39.1],[9.2,39.2],[9.3,39.2],[9.3,39.1],[9.5,39.1],[9.5,39.0],[9.6,39.0],[9.6,39.1],[9.7,39.1],[9.7,39.9],[9.8,39.9],[9.8,40.1],[9.7,40.1],[9.7,40.3],[9.8,40.3],[9.8,40.4],[9.9,40.4],[9.9,40.6],[9.8,40.6],[9.8,41.0],[9.7,41.0],[9.7,41.1],[9.6,41.1],[9.6,41.2],[9.5,41.2],[9.5,41.3],[9.4,41.3],[9.4,41.4],[9.3,41.4],[9.3,41.5],[9.4,41.5]],[[9.0,42.1],[8.9,42.1],[8.9,42.2],[8.7,42.2],[8.7,42.3],[8.8,42.3],[8.8,42.5],[9.0,42.5],[9.0,42.6],[9.1,42.6],[9.1,42.3],[9.2,42.3],[9.2,42.4],[9.5,42.4],[9.5,42.3],[9.4,42.3],[9.4,42.2],[9.3,42.2],[9.3,41.7],[9.0,41.7],[9.0,41.8],[9.1,41.8],[9.1,41.9],[8.9,41.9],[8.9,42.0],[9.0,42.0],[9.0,42.1]],[[8.8,40.4],[9.0,40.4],[9.0,40.3],[8.8,40.3],[8.8,40.4]],[[9.4,39.8],[9.3,39.8],[9.3,39.9],[9.2,39.9],[9.2,40.0],[9.1,40.0],[9.1,40.1],[9.2,40.1],[9.2,40.2],[9.6,40.2],[9.6,40.1],[9.5,40.1],[9.5,39.9],[9.4,39.9],[9.4,39.8]]],[[[20.6,41.1],[20.4,41.1],[20.4,40.9],[20.8,40.9],[20.8,41.3],[20.6,41.3],[20.6,41.1]]],[[[20.3,41.9],[20.3,41.6],[20.4,41.6],[20.4,41.4],[20.6,41.4],[20.6,41.5],[20.5,41.5],[20.5,41.7],[20.4,41.7],[20.4,41.9],[20.3,41.9]]],[[[16.2,41.7],[16.2,41.9],[16.0,41.9],[16.0,41.6],[16.1,41.6],[16.1,41.7],[16.2,41.7]]],[[[13.6,42.1],[13.3,42.1],[13.3,42.0],[13.5,42.0],[13.5,41.9],[13.6,41.9],[13.6,42.1]]],[[[13.7,42.2],[13.7,42.1],[13.8,42.1],[13.8,42.0],[14.0,42.0],[14.0,42.1],[13.9,42.1],[13.9,42.2],[13.7,42.2]]],[[[10.2,42.4],[10.2,42.3],[10.4,42.3],[10.4,42.4],[10.2,42.4]]],[[[20.6,42.3],[20.6,42.4],[20.5,42.4],[20.5,42.5],[20.4,42.5],[20.4,42.3],[20.6,42.3]]],[[[16.3,43.0],[16.3,43.1],[16.0,43.1],[16.0,43.0],[15.9,43.0],[15.9,42.9],[16.1,42.9],[16.1,43.0],[16.3,43.0]]],[[[9.7,43.0],[9.9,43.0],[9.9,43.1],[9.7,43.1],[9.7,43.0]]],[[[15.2,44.2],[15.1,44.2],[15.1,44.1],[14.9,44.1],[14.9,44.0],[15.0,44.0],[15.0,43.9],[15.1,43.9],[15.1,43.8],[15.3,43.8],[15.3,43.7],[15.4,43.7],[15.4,43.6],[15.5,43.6],[15.5,43.7],[15.6,43.7],[15.6,43.6],[15.8,43.6],[15.8,43.5],[15.9,43.5],[15.9,43.4],[16.2,43.4],[16.2,43.3],[16.4,43.3],[16.4,43.2],[16.3,43.2],[16.3,43.1],[16.6,43.1],[16.6,42.9],[16.7,42.9],[16.7,42.7],[17.0,42.7],[17.0,42.8],[16.9,42.8],[16.9,42.9],[17.3,42.9],[17.3,42.7],[17.7,42.7],[17.7,42.6],[17.8,42.6],[17.8,42.7],[17.9,42.7],[17.9,42.6],[18.2,42.6],[18.2,42.5],[18.3,42.5],[18.3,42.4],[18.5,42.4],[18.5,42.3],[18.7,42.3],[18.7,42.4],[18.8,42.4],[18.8,42.5],[18.4,42.5],[18.4,42.8],[18.1,42.8],[18.1,42.9],[17.8,42.9],[17.8,43.0],[17.7,43.0],[17.7,43.1],[17.6,43.1],[17.6,43.2],[17.5,43.2],[17.5,43.3],[17.4,43.3],[17.4,43.2],[17.3,43.2],[17.3,43.3],[17.0,43.3],[17.0,43.5],[16.9,43.5],[16.9,43.6],[16.8,43.6],[16.8,43.8],[16.3,43.8],[16.3,43.9],[16.1,43.9],[16.1,43.8],[16.0,43.8],[16.0,43.9],[15.6,43.9],[15.6,44.0],[15.3,44.0],[15.3,44.1],[15.2,44.1],[15.2,44.2]],[[16.8,43.1],[17.0,43.1],[17.0,43.0],[16.8,43.0],[16.8,43.1]]],[[[9.8,43.5],[9.8,43.4],[10.0,43.4],[10.0,43.5],[9.8,43.5]]],[[[14.9,44.2],[15.1,44.2],[15.1,44.3],[14.9,44.3],[14.9,44.4],[14.8,44.4],[14.8,44.5],[14.6,44.5],[14.6,44.4],[14.5,44.4],[14.5,44.3],[14.6,44.3],[14.6,44.2],[14.8,44.2],[14.8,44.1],[14.9,44.1],[14.9,44.2]]],[[[8.0,44.5],[7.4,44.5],[7.4,44.4],[7.5,44.4],[7.5,44.3],[7.9,44.3],[7.9,44.4],[8.0,44.4],[8.0,44.5]]],[[[9.3,44.2],[9.5,44.2],[9.5,44.4],[9.0,44.4],[9.0,44.6],[8.9,44.6],[8.9,44.7],[9.0,44.7],[9.0,44.8],[9.1,44.8],[9.1,44.9],[9.2,44.9],[9.2,45.0],[9.0,45.0],[9.0,45.1],[8.7,45.1],[8.7,45.0],[8.6,45.0],[8.6,44.9],[8.5,44.9],[8.5,44.8],[8.3,44.8],[8.3,44.6],[8.1,44.6],[8.1,44.4],[8.2,44.4],[8.2,44.3],[8.3,44.3],[8.3,44.2],[8.2,44.2],[8.2,44.1],[8.0,44.1],[8.0,44.0],[7.9,44.0],[7.9,43.9],[7.8,43.9],[7.8,43.8],[8.1,43.8],[8.1,43.9],[8.2,43.9],[8.2,44.0],[8.3,44.0],[8.3,44.1],[8.5,44.1],[8.5,44.3],[8.7,44.3],[8.7,44.4],[8.9,44.4],[8.9,44.3],[9.3,44.3],[9.3,44.2]],[[8.7,44.6],[8.9,44.6],[8.9,44.5],[8.7,44.5],[8.7,44.6]],[[8.5,44.6],[8.6,44.6],[8.6,44.4],[8.5,44.4],[8.5,44.6]]],[[[9.6,44.8],[9.8,44.8],[9.8,44.7],[9.9,44.7],[9.9,44.5],[10.0,44.5],[10.0,44.6],[10.2,44.6],[10.2,44.8],[10.1,44.8],[10.1,44.9],[9.6,44.9],[9.6,44.8]]],[[[24.6,35.4],[24.3,35.4],[24.3,35.5],[24.2,35.5],[24.2,35.6],[23.8,35.6],[23.8,35.7],[23.5,35.7],[23.5,35.6],[23.4,35.6],[23.4,35.5],[23.5,35.5],[23.5,35.2],[24.0,35.2],[24.0,35.1],[24.5,35.1],[24.5,35.0],[26.3,35.0],[26.3,35.1],[26.4,35.1],[26.4,35.4],[26.1,35.4],[26.1,35.3],[26.0,35.3],[26.0,35.2],[25.8,35.2],[25.8,35.4],[25.3,35.4],[25.3,35.5],[24.6,35.5],[24.6,35.4]],[[24.1,35.4],[24.1,35.3],[23.9,35.3],[23.9,35.4],[24.1,35.4]],[[24.9,35.3],[24.9,35.2],[24.7,35.2],[24.7,35.3],[24.9,35.3]]],[[[27.0,35.3],[27.0,35.4],[27.3,35.4],[27.3,35.6],[27.2,35.6],[27.2,35.7],[27.3,35.7],[27.3,36.0],[27.2,36.0],[27.2,35.9],[27.1,35.9],[27.1,35.7],[27.0,35.7],[27.0,35.5],[26.8,35.5],[26.8,35.3],[27.0,35.3]]],[[[23.3,35.9],[23.3,36.0],[23.2,36.0],[23.2,35.8],[23.4,35.8],[23.4,35.9],[23.3,35.9]]],[[[26.3,36.1],[26.3,36.0],[26.5,36.0],[26.5,36.1],[26.3,36.1]]],[[[25.1,36.3],[25.1,36.2],[25.3,36.2],[25.3,36.3],[25.1,36.3]]],[[[25.7,36.4],[25.7,36.3],[25.9,36.3],[25.9,36.4],[25.7,36.4]]],[[[26.6,36.5],[26.6,36.3],[26.7,36.3],[26.7,36.5],[26.6,36.5]]],[[[25.5,36.5],[25.3,36.5],[25.3,36.4],[25.4,36.4],[25.4,36.3],[25.5,36.3],[25.5,36.5]]],[[[26.5,36.5],[26.5,36.7],[26.3,36.7],[26.3,36.6],[26.1,36.6],[26.1,36.5],[26.5,36.5]]],[[[25.4,36.6],[25.4,36.8],[25.1,36.8],[25.1,36.7],[24.8,36.7],[24.8,36.6],[24.9,36.6],[24.9,36.5],[25.0,36.5],[25.0,36.6],[25.2,36.6],[25.2,36.7],[25.3,36.7],[25.3,36.6],[25.4,36.6]]],[[[24.6,36.8],[24.6,36.9],[24.5,36.9],[24.5,36.8],[24.3,36.8],[24.3,36.9],[24.2,36.9],[24.2,36.7],[24.3,36.7],[24.3,36.6],[24.6,36.6],[24.6,36.7],[24.7,36.7],[24.7,36.8],[24.6,36.8]]],[[[26.1,37.0],[25.9,37.0],[25.9,37.2],[25.7,37.2],[25.7,37.1],[25.6,37.1],[25.6,37.2],[25.1,37.2],[25.1,37.1],[25.0,37.1],[25.0,37.0],[24.9,37.0],[24.9,36.9],[25.4,36.9],[25.4,36.8],[25.7,36.8],[25.7,36.7],[25.9,36.7],[25.9,36.8],[26.1,36.8],[26.1,37.0]],[[25.7,37.0],[25.9,37.0],[25.9,36.9],[25.7,36.9],[25.7,37.0]]],[[[24.8,37.1],[24.6,37.1],[24.6,36.9],[24.8,36.9],[24.8,37.1]]],[[[26.5,36.9],[26.5,37.1],[26.4,37.1],[26.4,37.0],[26.2,37.0],[26.2,36.9],[26.5,36.9]]],[[[25.6,38.7],[25.5,38.7],[25.5,38.5],[25.7,38.5],[25.7,38.6],[25.6,38.6],[25.6,38.7]]],[[[24.5,38.8],[24.5,38.7],[24.7,38.7],[24.7,38.9],[24.6,38.9],[24.6,39.0],[24.5,39.0],[24.5,39.1],[24.4,39.1],[24.4,38.9],[24.3,38.9],[24.3,38.8],[24.5,38.8]]],[[[22.3,38.8],[22.4,38.8],[22.4,38.6],[22.3,38.6],[22.3,38.5],[22.2,38.5],[22.2,38.6],[21.9,38.6],[21.9,38.5],[21.8,38.5],[21.8,38.7],[21.7,38.7],[21.7,38.6],[21.6,38.6],[21.6,38.7],[21.5,38.7],[21.5,38.8],[21.7,38.8],[21.7,39.0],[21.6,39.0],[21.6,39.1],[21.5,39.1],[21.5,39.2],[21.4,39.2],[21.4,39.3],[21.3,39.3],[21.3,39.4],[21.2,39.4],[21.2,39.6],[21.0,39.6],[21.0,39.7],[21.1,39.7],[21.1,39.8],[20.7,39.8],[20.7,40.0],[20.9,40.0],[20.9,40.1],[20.8,40.1],[20.8,40.2],[20.7,40.2],[20.7,40.1],[20.6,40.1],[20.6,40.2],[20.5,40.2],[20.5,40.5],[20.2,40.5],[20.2,40.6],[20.3,40.6],[20.3,41.1],[20.4,41.1],[20.4,41.3],[20.2,41.3],[20.2,41.2],[20.0,41.2],[20.0,41.3],[19.9,41.3],[19.9,41.5],[20.1,41.5],[20.1,41.7],[19.9,41.7],[19.9,41.6],[19.7,41.6],[19.7,41.7],[19.8,41.7],[19.8,41.8],[19.7,41.8],[19.7,41.9],[19.6,41.9],[19.6,42.0],[19.5,42.0],[19.5,42.2],[19.4,42.2],[19.4,42.3],[19.3,42.3],[19.3,42.4],[19.1,42.4],[19.1,42.1],[19.0,42.1],[19.0,42.0],[19.1,42.0],[19.1,41.9],[19.2,41.9],[19.2,41.8],[19.5,41.8],[19.5,41.6],[19.4,41.6],[19.4,41.5],[19.3,41.5],[19.3,41.4],[19.4,41.4],[19.4,40.9],[19.3,40.9],[19.3,40.6],[19.2,40.6],[19.2,40.4],[19.3,40.4],[19.3,40.2],[19.5,40.2],[19.5,40.1],[19.7,40.1],[19.7,40.0],[19.8,40.0],[19.8,39.8],[19.6,39.8],[19.6,39.9],[19.3,39.9],[19.3,39.8],[19.4,39.8],[19.4,39.7],[19.6,39.7],[19.6,39.6],[19.8,39.6],[19.8,39.4],[20.0,39.4],[20.0,39.3],[20.1,39.3],[20.1,39.1],[20.3,39.1],[20.3,39.2],[20.5,39.2],[20.5,39.1],[20.6,39.1],[20.6,39.0],[20.7,39.0],[20.7,38.9],[20.6,38.9],[20.6,38.8],[20.5,38.8],[20.5,38.4],[20.3,38.4],[20.3,38.1],[20.5,38.1],[20.5,38.0],[20.6,38.0],[20.6,37.7],[20.7,37.7],[20.7,37.6],[20.9,37.6],[20.9,37.7],[21.0,37.7],[21.0,37.9],[20.8,37.9],[20.8,38.0],[20.9,38.0],[20.9,38.2],[20.8,38.2],[20.8,38.4],[20.9,38.4],[20.9,38.3],[21.0,38.3],[21.0,38.2],[21.1,38.2],[21.1,38.3],[21.3,38.3],[21.3,38.1],[21.2,38.1],[21.2,38.0],[21.1,38.0],[21.1,37.8],[21.2,37.8],[21.2,37.7],[21.3,37.7],[21.3,37.6],[21.4,37.6],[21.4,37.5],[21.6,37.5],[21.6,37.3],[21.5,37.3],[21.5,37.0],[21.6,37.0],[21.6,36.7],[21.8,36.7],[21.8,36.6],[21.9,36.6],[21.9,36.7],[22.0,36.7],[22.0,37.0],[22.1,37.0],[22.1,36.8],[22.3,36.8],[22.3,36.4],[22.6,36.4],[22.6,36.5],[22.5,36.5],[22.5,36.6],[22.6,36.6],[22.6,36.7],[22.8,36.7],[22.8,36.6],[22.9,36.6],[22.9,36.4],[22.8,36.4],[22.8,36.3],[22.9,36.3],[22.9,36.0],[23.0,36.0],[23.0,36.1],[23.1,36.1],[23.1,36.2],[23.2,36.2],[23.2,36.3],[23.1,36.3],[23.1,36.4],[23.2,36.4],[23.2,36.6],[23.1,36.6],[23.1,36.7],[23.2,36.7],[23.2,36.8],[23.1,36.8],[23.1,37.1],[23.0,37.1],[23.0,37.2],[22.9,37.2],[22.9,37.4],[23.0,37.4],[23.0,37.3],[23.1,37.3],[23.1,37.2],[23.3,37.2],[23.3,37.3],[23.4,37.3],[23.4,37.2],[23.5,37.2],[23.5,37.3],[23.6,37.3],[23.6,37.9],[23.7,37.9],[23.7,37.7],[23.8,37.7],[23.8,37.8],[23.9,37.8],[23.9,37.6],[24.2,37.6],[24.2,37.5],[24.3,37.5],[24.3,37.3],[24.4,37.3],[24.4,37.1],[24.6,37.1],[24.6,37.2],[24.7,37.2],[24.7,37.3],[24.6,37.3],[24.6,37.4],[24.5,37.4],[24.5,37.5],[24.4,37.5],[24.4,37.6],[24.5,37.6],[24.5,37.7],[24.2,37.7],[24.2,37.8],[24.1,37.8],[24.1,38.1],[24.2,38.1],[24.2,37.9],[24.7,37.9],[24.7,37.8],[24.8,37.8],[24.8,37.7],[24.6,37.7],[24.6,37.6],[24.7,37.6],[24.7,37.5],[24.8,37.5],[24.8,37.3],[25.0,37.3],[25.0,37.5],[25.2,37.5],[25.2,37.3],[25.3,37.3],[25.3,37.4],[25.6,37.4],[25.6,37.5],[25.3,37.5],[25.3,37.7],[25.0,37.7],[25.0,38.0],[24.6,38.0],[24.6,38.2],[24.3,38.2],[24.3,38.6],[24.2,38.6],[24.2,38.7],[23.8,38.7],[23.8,38.8],[23.6,38.8],[23.6,38.9],[23.5,38.9],[23.5,39.0],[23.4,39.0],[23.4,39.1],[23.6,39.1],[23.6,39.0],[23.8,39.0],[23.8,39.1],[24.0,39.1],[24.0,39.0],[24.2,39.0],[24.2,39.1],[24.1,39.1],[24.1,39.3],[24.2,39.3],[24.2,39.5],[24.1,39.5],[24.1,39.4],[24.0,39.4],[24.0,39.3],[23.8,39.3],[23.8,39.2],[23.7,39.2],[23.7,39.3],[23.3,39.3],[23.3,39.4],[23.2,39.4],[23.2,39.5],[23.1,39.5],[23.1,39.6],[23.0,39.6],[23.0,39.7],[22.9,39.7],[22.9,39.9],[22.8,39.9],[22.8,40.0],[22.7,40.0],[22.7,40.1],[22.6,40.1],[22.6,39.9],[22.5,39.9],[22.5,39.7],[22.7,39.7],[22.7,39.6],[22.8,39.6],[22.8,39.5],[22.6,39.5],[22.6,39.6],[22.5,39.6],[22.5,39.5],[22.4,39.5],[22.4,39.6],[22.3,39.6],[22.3,39.8],[22.2,39.8],[22.2,39.9],[21.8,39.9],[21.8,40.0],[21.6,40.0],[21.6,40.1],[21.5,40.1],[21.5,40.2],[21.3,40.2],[21.3,40.1],[21.2,40.1],[21.2,39.9],[21.3,39.9],[21.3,39.7],[21.5,39.7],[21.5,39.4],[21.6,39.4],[21.6,39.3],[21.7,39.3],[21.7,39.2],[21.9,39.2],[21.9,39.1],[22.0,39.1],[22.0,39.0],[21.9,39.0],[21.9,38.9],[22.0,38.9],[22.0,38.8],[22.2,38.8],[22.2,38.9],[22.3,38.9],[22.3,38.8]],[[21.3,39.2],[21.4,39.2],[21.4,39.0],[21.3,39.0],[21.3,39.2]],[[22.4,38.5],[22.4,38.6],[22.6,38.6],[22.6,38.5],[22.4,38.5]],[[22.6,38.8],[22.4,38.8],[22.4,38.9],[22.6,38.9],[22.6,38.8]],[[19.8,40.3],[20.0,40.3],[20.0,40.1],[20.1,40.1],[20.1,40.0],[19.9,40.0],[19.9,40.2],[19.8,40.2],[19.8,40.3]],[[20.2,40.2],[20.4,40.2],[20.4,40.1],[20.5,40.1],[20.5,40.0],[20.3,40.0],[20.3,40.1],[20.2,40.1],[20.2,40.2]],[[22.5,39.1],[22.8,39.1],[22.8,39.0],[22.5,39.0],[22.5,39.1]],[[21.4,38.3],[21.7,38.3],[21.7,38.2],[21.4,38.2],[21.4,38.3]],[[22.2,38.3],[22.5,38.3],[22.5,38.2],[22.2,38.2],[22.2,38.3]],[[22.9,38.1],[22.6,38.1],[22.6,38.3],[22.7,38.3],[22.7,38.2],[22.9,38.2],[22.9,38.1]],[[21.8,38.2],[22.0,38.2],[22.0,38.1],[21.8,38.1],[21.8,38.2]],[[22.5,37.9],[22.4,37.9],[22.4,37.8],[22.3,37.8],[22.3,37.9],[21.8,37.9],[21.8,38.0],[22.1,38.0],[22.1,38.1],[22.4,38.1],[22.4,38.0],[22.5,38.0],[22.5,37.9]],[[22.1,37.6],[22.0,37.6],[22.0,37.7],[22.3,37.7],[22.3,37.5],[22.1,37.5],[22.1,37.6]],[[22.6,37.3],[22.7,37.3],[22.7,37.1],[22.6,37.1],[22.6,37.2],[22.5,37.2],[22.5,37.3],[22.4,37.3],[22.4,37.4],[22.6,37.4],[22.6,37.3]],[[22.2,37.2],[22.3,37.2],[22.3,37.1],[22.4,37.1],[22.4,36.9],[22.3,36.9],[22.3,37.0],[22.2,37.0],[22.2,37.2]]],[[[29.9,39.5],[29.9,39.4],[30.1,39.4],[30.1,39.5],[29.9,39.5]]],[[[24.9,39.6],[24.9,39.4],[25.1,39.4],[25.1,39.6],[24.9,39.6]]],[[[29.4,39.8],[29.4,39.5],[29.6,39.5],[29.6,39.6],[29.5,39.6],[29.5,39.7],[29.6,39.7],[29.6,39.8],[29.4,39.8]]],[[[30.2,39.6],[30.6,39.6],[30.6,39.7],[30.4,39.7],[30.4,39.8],[30.5,39.8],[30.5,39.9],[30.3,39.9],[30.3,39.7],[30.2,39.7],[30.2,39.6]]],[[[25.0,39.8],[25.3,39.8],[25.3,39.7],[25.4,39.7],[25.4,39.9],[25.5,39.9],[25.5,40.1],[25.1,40.1],[25.1,40.0],[25.0,40.0],[25.0,39.8]]],[[[25.8,40.1],[26.1,40.1],[26.1,40.2],[26.0,40.2],[26.0,40.3],[25.7,40.3],[25.7,40.2],[25.6,40.2],[25.6,40.1],[25.7,40.1],[25.7,40.0],[25.8,40.0],[25.8,40.1]]],[[[25.5,40.3],[25.7,40.3],[25.7,40.5],[25.6,40.5],[25.6,40.6],[25.5,40.6],[25.5,40.5],[25.4,40.5],[25.4,40.4],[25.5,40.4],[25.5,40.3]]],[[[21.2,40.6],[21.1,40.6],[21.1,40.4],[21.2,40.4],[21.2,40.6]]],[[[22.5,40.6],[22.5,40.4],[22.7,40.4],[22.7,40.5],[22.8,40.5],[22.8,40.6],[22.7,40.6],[22.7,40.7],[22.4,40.7],[22.4,40.6],[22.5,40.6]]],[[[20.7,40.8],[20.7,40.7],[20.9,40.7],[20.9,40.8],[20.7,40.8]]],[[[32.2,35.0],[33.6,35.0],[33.6,35.1],[33.3,35.1],[33.3,35.2],[33.5,35.2],[33.5,35.3],[34.2,35.3],[34.2,35.4],[34.4,35.4],[34.4,35.5],[34.5,35.5],[34.5,35.6],[34.6,35.6],[34.6,35.7],[34.3,35.7],[34.3,35.6],[34.1,35.6],[34.1,35.5],[33.7,35.5],[33.7,35.4],[33.0,35.4],[33.0,35.5],[32.9,35.5],[32.9,35.2],[32.5,35.2],[32.5,35.1],[32.3,35.1],[32.3,35.2],[32.2,35.2],[32.2,35.0]]],[[[34.3,37.6],[34.1,37.6],[34.1,37.5],[34.0,37.5],[34.0,37.4],[34.2,37.4],[34.2,37.5],[34.3,37.5],[34.3,37.6]]],[[[34.6,37.7],[34.6,37.9],[34.3,37.9],[34.3,37.8],[34.5,37.8],[34.5,37.7],[34.6,37.7]]],[[[38.2,38.3],[38.7,38.3],[38.7,38.4],[38.9,38.4],[38.9,38.5],[38.6,38.5],[38.6,38.6],[38.5,38.6],[38.5,38.7],[38.6,38.7],[38.6,38.8],[38.3,38.8],[38.3,38.4],[38.2,38.4],[38.2,38.3]]],[[[24.0,40.1],[24.0,40.2],[24.2,40.2],[24.2,40.1],[24.4,40.1],[24.4,40.3],[24.3,40.3],[24.3,40.4],[24.1,40.4],[24.1,40.5],[24.0,40.5],[24.0,40.6],[23.8,40.6],[23.8,40.7],[24.3,40.7],[24.3,40.8],[24.4,40.8],[24.4,40.9],[24.6,40.9],[24.6,40.8],[24.5,40.8],[24.5,40.6],[24.6,40.6],[24.6,40.5],[24.8,40.5],[24.8,40.8],[24.9,40.8],[24.9,40.9],[25.4,40.9],[25.4,40.8],[26.0,40.8],[26.0,40.6],[26.1,40.6],[26.1,40.5],[26.3,40.5],[26.3,40.4],[26.2,40.4],[26.2,40.1],[26.1,40.1],[26.1,40.0],[26.0,40.0],[26.0,39.9],[25.9,39.9],[25.9,39.8],[26.0,39.8],[26.0,39.7],[26.1,39.7],[26.1,39.6],[26.0,39.6],[26.0,39.3],[25.8,39.3],[25.8,39.1],[26.0,39.1],[26.0,39.0],[26.2,39.0],[26.2,38.9],[26.6,38.9],[26.6,39.0],[26.8,39.0],[26.8,38.8],[26.7,38.8],[26.7,38.6],[26.6,38.6],[26.6,38.7],[26.3,38.7],[26.3,38.6],[26.1,38.6],[26.1,38.7],[26.0,38.7],[26.0,38.6],[25.8,38.6],[25.8,38.4],[25.9,38.4],[25.9,38.3],[25.8,38.3],[25.8,38.2],[25.9,38.2],[25.9,38.1],[26.1,38.1],[26.1,38.2],[26.4,38.2],[26.4,38.1],[26.8,38.1],[26.8,38.0],[27.1,38.0],[27.1,37.9],[27.2,37.9],[27.2,37.8],[26.9,37.8],[26.9,37.9],[26.7,37.9],[26.7,37.8],[26.5,37.8],[26.5,37.7],[26.0,37.7],[26.0,37.6],[25.9,37.6],[25.9,37.5],[26.3,37.5],[26.3,37.6],[26.4,37.6],[26.4,37.5],[26.6,37.5],[26.6,37.6],[27.1,37.6],[27.1,37.5],[26.9,37.5],[26.9,37.4],[27.0,37.4],[27.0,37.2],[27.1,37.2],[27.1,37.3],[27.4,37.3],[27.4,37.2],[27.2,37.2],[27.2,37.0],[27.1,37.0],[27.1,37.1],[26.9,37.1],[26.9,37.3],[26.8,37.3],[26.8,37.5],[26.7,37.5],[26.7,37.4],[26.5,37.4],[26.5,37.2],[26.6,37.2],[26.6,37.3],[26.7,37.3],[26.7,37.1],[26.8,37.1],[26.8,37.0],[26.9,37.0],[26.9,36.5],[27.2,36.5],[27.2,36.4],[27.3,36.4],[27.3,36.3],[27.5,36.3],[27.5,36.2],[27.6,36.2],[27.6,36.1],[27.7,36.1],[27.7,35.8],[27.9,35.8],[27.9,35.9],[28.0,35.9],[28.0,36.0],[28.1,36.0],[28.1,36.1],[28.2,36.1],[28.2,36.3],[28.3,36.3],[28.3,36.5],[28.2,36.5],[28.2,36.6],[28.3,36.6],[28.3,36.7],[28.6,36.7],[28.6,36.6],[28.8,36.6],[28.8,36.5],[28.9,36.5],[28.9,36.6],[29.0,36.6],[29.0,36.5],[29.1,36.5],[29.1,36.3],[29.2,36.3],[29.2,36.2],[29.4,36.2],[29.4,36.1],[30.0,36.1],[30.0,36.2],[30.2,36.2],[30.2,36.3],[30.3,36.3],[30.3,36.2],[30.4,36.2],[30.4,36.1],[30.5,36.1],[30.5,36.3],[30.6,36.3],[30.6,36.8],[31.3,36.8],[31.3,36.7],[31.5,36.7],[31.5,36.6],[31.8,36.6],[31.8,36.5],[32.0,36.5],[32.0,36.4],[32.1,36.4],[32.1,36.3],[32.2,36.3],[32.2,36.2],[32.3,36.2],[32.3,36.1],[32.5,36.1],[32.5,36.0],[33.1,36.0],[33.1,36.1],[33.8,36.1],[33.8,36.2],[34.0,36.2],[34.0,36.3],[34.1,36.3],[34.1,36.4],[34.2,36.4],[34.2,36.5],[34.3,36.5],[34.3,36.6],[34.5,36.6],[34.5,36.7],[34.7,36.7],[34.7,36.8],[34.8,36.8],[34.8,36.7],[35.0,36.7],[35.0,36.6],[35.2,36.6],[35.2,36.5],[35.6,36.5],[35.6,36.6],[35.7,36.6],[35.7,36.7],[35.9,36.7],[35.9,36.8],[36.1,36.8],[36.1,36.6],[36.0,36.6],[36.0,36.5],[35.8,36.5],[35.8,36.4],[35.7,36.4],[35.7,36.2],[35.8,36.2],[35.8,36.1],[35.9,36.1],[35.9,36.0],[35.8,36.0],[35.8,35.7],[35.7,35.7],[35.7,35.5],[35.8,35.5],[35.8,35.4],[35.9,35.4],[35.9,35.2],[35.8,35.2],[35.8,35.0],[36.8,35.0],[36.8,35.1],[36.7,35.1],[36.7,35.2],[36.8,35.2],[36.8,35.5],[36.9,35.5],[36.9,36.0],[37.0,36.0],[37.0,36.2],[37.1,36.2],[37.1,36.3],[37.2,36.3],[37.2,36.4],[37.4,36.4],[37.4,36.5],[37.8,36.5],[37.8,36.8],[37.9,36.8],[37.9,36.9],[38.2,36.9],[38.2,36.8],[38.3,36.8],[38.3,36.7],[38.5,36.7],[38.5,36.8],[38.4,36.8],[38.4,36.9],[38.6,36.9],[38.6,36.8],[38.7,36.8],[38.7,36.9],[38.9,36.9],[38.9,37.0],[39.2,37.0],[39.2,36.9],[40.0,36.9],[40.0,38.5],[39.8,38.5],[39.8,38.4],[39.7,38.4],[39.7,38.3],[39.5,38.3],[39.5,38.2],[39.1,38.2],[39.1,38.0],[38.8,38.0],[38.8,37.9],[38.7,37.9],[38.7,38.0],[38.3,38.0],[38.3,37.9],[38.0,37.9],[38.0,37.8],[37.9,37.8],[37.9,37.9],[37.6,37.9],[37.6,37.8],[37.4,37.8],[37.4,37.7],[37.3,37.7],[37.3,37.6],[37.0,37.6],[37.0,37.7],[37.1,37.7],[37.1,37.8],[37.0,37.8],[37.0,37.9],[36.6,37.9],[36.6,37.7],[36.5,37.7],[36.5,37.6],[36.4,37.6],[36.4,37.7],[36.2,37.7],[36.2,37.9],[36.1,37.9],[36.1,38.0],[36.0,38.0],[36.0,37.9],[35.9,37.9],[35.9,38.0],[35.8,38.0],[35.8,37.8],[35.6,37.8],[35.6,37.7],[35.5,37.7],[35.5,37.8],[35.3,37.8],[35.3,37.6],[35.1,37.6],[35.1,37.4],[34.9,37.4],[34.9,37.5],[34.8,37.5],[34.8,37.3],[34.6,37.3],[34.6,37.2],[34.5,37.2],[34.5,37.1],[34.4,37.1],[34.4,36.9],[34.3,36.9],[34.3,36.8],[33.7,36.8],[33.7,36.7],[33.5,36.7],[33.5,36.8],[33.6,36.8],[33.6,36.9],[33.5,36.9],[33.5,37.1],[33.7,37.1],[33.7,37.2],[33.8,37.2],[33.8,37.5],[33.7,37.5],[33.7,37.4],[33.5,37.4],[33.5,37.2],[33.3,37.2],[33.3,37.1],[33.1,37.1],[33.1,37.2],[32.9,37.2],[32.9,37.3],[32.8,37.3],[32.8,37.4],[32.6,37.4],[32.6,37.6],[32.5,37.6],[32.5,37.7],[32.3,37.7],[32.3,37.4],[32.4,37.4],[32.4,37.3],[32.2,37.3],[32.2,37.4],[32.0,37.4],[32.0,37.7],[31.9,37.7],[31.9,37.9],[31.6,37.9],[31.6,38.0],[31.5,38.0],[31.5,38.1],[31.4,38.1],[31.4,38.2],[31.3,38.2],[31.3,38.3],[31.2,38.3],[31.2,38.4],[30.9,38.4],[30.9,38.5],[31.0,38.5],[31.0,38.6],[31.1,38.6],[31.1,38.5],[31.3,38.5],[31.3,38.4],[31.4,38.4],[31.4,38.3],[31.5,38.3],[31.5,38.2],[31.6,38.2],[31.6,38.1],[31.9,38.1],[31.9,38.2],[32.1,38.2],[32.1,38.1],[32.3,38.1],[32.3,38.3],[32.2,38.3],[32.2,38.4],[32.1,38.4],[32.1,38.5],[32.0,38.5],[32.0,38.6],[31.8,38.6],[31.8,38.8],[31.9,38.8],[31.9,38.9],[31.8,38.9],[31.8,39.0],[31.7,39.0],[31.7,39.1],[31.6,39.1],[31.6,39.2],[31.8,39.2],[31.8,39.4],[31.7,39.4],[31.7,39.7],[31.9,39.7],[31.9,39.8],[32.0,39.8],[32.0,39.7],[32.1,39.7],[32.1,39.6],[32.2,39.6],[32.2,39.5],[32.1,39.5],[32.1,39.4],[32.3,39.4],[32.3,39.2],[32.4,39.2],[32.4,39.1],[32.5,39.1],[32.5,39.0],[32.6,39.0],[32.6,38.9],[32.7,38.9],[32.7,39.0],[32.9,39.0],[32.9,38.9],[33.1,38.9],[33.1,39.1],[33.2,39.1],[33.2,39.2],[33.4,39.2],[33.4,39.3],[33.1,39.3],[33.1,39.4],[33.0,39.4],[33.0,39.2],[32.9,39.2],[32.9,39.1],[32.8,39.1],[32.8,39.2],[32.7,39.2],[32.7,39.1],[32.6,39.1],[32.6,39.2],[32.5,39.2],[32.5,39.3],[32.4,39.3],[32.4,39.5],[32.5,39.5],[32.5,39.7],[32.6,39.7],[32.6,39.8],[32.4,39.8],[32.4,39.7],[32.3,39.7],[32.3,39.8],[32.2,39.8],[32.2,39.9],[32.6,39.9],[32.6,40.0],[32.7,40.0],[32.7,40.2],[32.8,40.2],[32.8,40.3],[32.6,40.3],[32.6,40.2],[32.5,40.2],[32.5,40.4],[32.4,40.4],[32.4,40.3],[32.0,40.3],[32.0,40.2],[31.7,40.2],[31.7,40.1],[31.9,40.1],[31.9,40.0],[31.7,40.0],[31.7,39.8],[31.4,39.8],[31.4,39.9],[31.0,39.9],[31.0,39.8],[31.2,39.8],[31.2,39.7],[31.3,39.7],[31.3,39.6],[31.1,39.6],[31.1,39.7],[30.9,39.7],[30.9,39.6],[30.6,39.6],[30.6,39.4],[30.7,39.4],[30.7,39.3],[30.8,39.3],[30.8,39.2],[30.9,39.2],[30.9,38.9],[30.6,38.9],[30.6,39.0],[30.5,39.0],[30.5,39.1],[30.4,39.1],[30.4,39.2],[30.3,39.2],[30.3,39.1],[30.2,39.1],[30.2,39.2],[29.9,39.2],[29.9,38.9],[29.8,38.9],[29.8,38.8],[29.4,38.8],[29.4,38.9],[29.6,38.9],[29.6,39.1],[29.7,39.1],[29.7,39.3],[29.6,39.3],[29.6,39.2],[29.3,39.2],[29.3,39.6],[29.2,39.6],[29.2,39.9],[29.1,39.9],[29.1,40.0],[28.9,40.0],[28.9,40.1],[29.0,40.1],[29.0,40.2],[29.2,40.2],[29.2,40.1],[29.4,40.1],[29.4,40.0],[29.5,40.0],[29.5,39.9],[29.7,39.9],[29.7,40.1],[29.8,40.1],[29.8,40.2],[29.9,40.2],[29.9,40.1],[30.0,40.1],[30.0,40.0],[30.2,40.0],[30.2,40.1],[30.9,40.1],[30.9,40.0],[31.1,40.0],[31.1,40.1],[31.3,40.1],[31.3,40.2],[30.9,40.2],[30.9,40.3],[30.7,40.3],[30.7,40.2],[30.4,40.2],[30.4,40.6],[30.2,40.6],[30.2,40.8],[30.1,40.8],[30.1,41.1],[30.2,41.1],[30.2,41.2],[29.5,41.2],[29.5,41.3],[28.9,41.3],[28.9,41.4],[28.5,41.4],[28.5,41.5],[28.3,41.5],[28.3,41.6],[28.2,41.6],[28.2,41.7],[28.1,41.7],[28.1,41.8],[28.0,41.8],[28.0,41.9],[28.1,41.9],[28.1,42.1],[28.0,42.1],[28.0,42.2],[27.9,42.2],[27.9,42.0],[27.5,42.0],[27.5,41.9],[27.0,41.9],[27.0,41.8],[26.9,41.8],[26.9,41.9],[26.8,41.9],[26.8,41.8],[26.3,41.8],[26.3,41.7],[25.5,41.7],[25.5,41.6],[25.1,41.6],[25.1,41.4],[25.0,41.4],[25.0,41.3],[24.6,41.3],[24.6,41.4],[24.4,41.4],[24.4,41.3],[24.2,41.3],[24.2,41.2],[24.0,41.2],[24.0,41.3],[23.9,41.3],[23.9,41.1],[23.7,41.1],[23.7,41.0],[23.6,41.0],[23.6,40.8],[23.5,40.8],[23.5,40.7],[23.4,40.7],[23.4,40.5],[23.5,40.5],[23.5,40.4],[23.4,40.4],[23.4,40.3],[23.6,40.3],[23.6,40.2],[23.5,40.2],[23.5,40.1],[23.4,40.1],[23.4,39.9],[24.0,39.9],[24.0,40.0],[24.1,40.0],[24.1,40.1],[24.0,40.1]],[[30.1,40.6],[30.2,40.6],[30.2,40.5],[29.9,40.5],[29.9,40.4],[29.8,40.4],[29.8,40.6],[30.0,40.6],[30.0,40.7],[30.1,40.7],[30.1,40.6]],[[29.0,39.9],[29.1,39.9],[29.1,39.7],[29.0,39.7],[29.0,39.9]],[[29.9,38.7],[29.9,38.9],[30.1,38.9],[30.1,38.7],[30.4,38.7],[30.4,38.8],[30.5,38.8],[30.5,38.7],[30.6,38.7],[30.6,38.6],[30.5,38.6],[30.5,38.4],[30.6,38.4],[30.6,38.2],[30.5,38.2],[30.5,38.3],[30.3,38.3],[30.3,38.6],[30.0,38.6],[30.0,38.7],[29.9,38.7]],[[27.8,36.3],[27.5,36.3],[27.5,36.5],[27.3,36.5],[27.3,36.6],[27.7,36.6],[27.7,36.5],[28.0,36.5],[28.0,36.4],[27.8,36.4],[27.8,36.3]],[[27.3,36.8],[27.3,36.6],[27.2,36.6],[27.2,36.8],[27.3,36.8]],[[24.0,40.3],[24.0,40.2],[23.8,40.2],[23.8,40.3],[24.0,40.3]],[[27.8,41.7],[27.6,41.7],[27.6,41.9],[27.7,41.9],[27.7,41.8],[27.8,41.8],[27.8,41.7]],[[24.4,41.2],[24.6,41.2],[24.6,41.1],[24.4,41.1],[24.4,41.2]],[[27.8,40.7],[27.4,40.7],[27.4,40.8],[27.5,40.8],[27.5,40.9],[27.7,40.9],[27.7,41.0],[27.8,41.0],[27.8,40.9],[28.0,40.9],[28.0,41.0],[28.5,41.0],[28.5,40.9],[29.0,40.9],[29.0,40.8],[29.3,40.8],[29.3,40.7],[28.9,40.7],[28.9,40.6],[28.7,40.6],[28.7,40.5],[28.8,40.5],[28.8,40.4],[28.1,40.4],[28.1,40.5],[28.0,40.5],[28.0,40.6],[27.8,40.6],[27.8,40.7]],[[27.3,40.7],[27.4,40.7],[27.4,40.5],[27.1,40.5],[27.1,40.6],[27.3,40.6],[27.3,40.7]],[[32.3,40.1],[32.5,40.1],[32.5,40.0],[32.3,40.0],[32.3,40.1]],[[28.5,39.8],[28.7,39.8],[28.7,39.7],[28.6,39.7],[28.6,39.6],[28.4,39.6],[28.4,39.8],[28.3,39.8],[28.3,39.9],[28.5,39.9],[28.5,39.8]],[[26.8,39.8],[27.0,39.8],[27.0,39.7],[26.9,39.7],[26.9,39.6],[26.7,39.6],[26.7,39.7],[26.8,39.7],[26.8,39.8]],[[26.4,39.5],[26.8,39.5],[26.8,39.4],[26.4,39.4],[26.4,39.5]],[[28.6,39.4],[28.9,39.4],[28.9,39.2],[28.6,39.2],[28.6,39.3],[28.3,39.3],[28.3,39.4],[28.5,39.4],[28.5,39.5],[28.6,39.5],[28.6,39.4]],[[29.2,39.1],[29.0,39.1],[29.0,39.3],[29.1,39.3],[29.1,39.2],[29.2,39.2],[29.2,39.1]],[[31.1,38.9],[31.7,38.9],[31.7,38.8],[31.5,38.8],[31.5,38.7],[31.3,38.7],[31.3,38.8],[31.1,38.8],[31.1,38.9]],[[28.0,38.4],[28.2,38.4],[28.2,38.3],[28.0,38.3],[28.0,38.4]],[[30.0,38.3],[29.9,38.3],[29.9,38.4],[30.1,38.4],[30.1,38.2],[30.0,38.2],[30.0,38.3]],[[30.5,38.1],[30.8,38.1],[30.8,38.0],[30.5,38.0],[30.5,38.1]],[[31.8,37.3],[31.6,37.3],[31.6,37.2],[31.3,37.2],[31.3,37.6],[31.2,37.6],[31.2,37.8],[31.0,37.8],[31.0,38.1],[31.2,38.1],[31.2,38.0],[31.3,38.0],[31.3,37.8],[31.4,37.8],[31.4,37.4],[31.5,37.4],[31.5,37.5],[31.8,37.5],[31.8,37.4],[31.9,37.4],[31.9,37.3],[32.0,37.3],[32.0,37.2],[32.5,37.2],[32.5,36.9],[32.6,36.9],[32.6,37.0],[32.8,37.0],[32.8,36.9],[33.0,36.9],[33.0,36.8],[33.1,36.8],[33.1,36.6],[32.9,36.6],[32.9,36.7],[32.8,36.7],[32.8,36.8],[32.7,36.8],[32.7,36.7],[32.6,36.7],[32.6,36.5],[32.8,36.5],[32.8,36.4],[32.9,36.4],[32.9,36.3],[32.5,36.3],[32.5,36.4],[32.4,36.4],[32.4,36.6],[32.2,36.6],[32.2,36.7],[32.3,36.7],[32.3,36.8],[32.0,36.8],[32.0,36.9],[31.9,36.9],[31.9,37.0],[31.8,37.0],[31.8,37.1],[31.9,37.1],[31.9,37.2],[31.8,37.2],[31.8,37.3]],[[30.1,37.8],[30.2,37.8],[30.2,37.6],[30.1,37.6],[30.1,37.8]],[[39.8,37.7],[39.7,37.7],[39.7,37.8],[39.9,37.8],[39.9,37.6],[39.8,37.6],[39.8,37.7]],[[30.2,37.2],[30.0,37.2],[30.0,37.3],[30.2,37.3],[30.2,37.2]],[[29.8,37.2],[30.0,37.2],[30.0,37.1],[29.8,37.1],[29.8,37.2]],[[27.8,37.0],[28.0,37.0],[28.0,36.9],[27.8,36.9],[27.8,37.0]],[[30.0,36.8],[29.7,36.8],[29.7,36.9],[29.8,36.9],[29.8,37.0],[29.9,37.0],[29.9,36.9],[30.0,36.9],[30.0,36.8]],[[29.5,36.8],[29.7,36.8],[29.7,36.6],[29.6,36.6],[29.6,36.5],[29.5,36.5],[29.5,36.8]],[[33.3,36.8],[33.3,36.9],[33.1,36.9],[33.1,37.0],[33.4,37.0],[33.4,36.8],[33.3,36.8]],[[27.4,36.9],[27.6,36.9],[27.6,36.8],[27.4,36.8],[27.4,36.9]],[[30.3,36.6],[30.2,36.6],[30.2,36.5],[30.0,36.5],[30.0,36.7],[30.1,36.7],[30.1,36.8],[30.2,36.8],[30.2,36.9],[30.4,36.9],[30.4,36.8],[30.3,36.8],[30.3,36.6]]],[[[39.5,38.8],[39.4,38.8],[39.4,38.7],[39.2,38.7],[39.2,38.6],[39.1,38.6],[39.1,38.5],[39.4,38.5],[39.4,38.6],[39.9,38.6],[39.9,38.7],[39.5,38.7],[39.5,38.8]]],[[[32.4,39.0],[32.2,39.0],[32.2,38.9],[32.3,38.9],[32.3,38.7],[32.5,38.7],[32.5,38.6],[32.6,38.6],[32.6,38.5],[32.8,38.5],[32.8,38.6],[32.7,38.6],[32.7,38.7],[32.8,38.7],[32.8,38.8],[32.5,38.8],[32.5,38.9],[32.4,38.9],[32.4,39.0]]],[[[39.1,38.8],[39.4,38.8],[39.4,38.9],[39.1,38.9],[39.1,39.0],[38.8,39.0],[38.8,39.1],[38.7,39.1],[38.7,39.0],[38.6,39.0],[38.6,38.9],[38.7,38.9],[38.7,38.8],[39.0,38.8],[39.0,38.6],[39.1,38.6],[39.1,38.8]]],[[[33.7,39.0],[33.6,39.0],[33.6,39.1],[33.4,39.1],[33.4,39.0],[33.5,39.0],[33.5,38.9],[33.7,38.9],[33.7,39.0]]],[[[34.8,39.5],[34.7,39.5],[34.7,39.2],[34.8,39.2],[34.8,39.3],[34.9,39.3],[34.9,39.4],[35.0,39.4],[35.0,39.5],[35.1,39.5],[35.1,39.6],[34.8,39.6],[34.8,39.5]]],[[[32.7,39.8],[32.7,39.5],[32.8,39.5],[32.8,39.8],[32.7,39.8]]],[[[33.7,40.0],[33.7,39.9],[33.5,39.9],[33.5,39.5],[33.4,39.5],[33.4,39.3],[33.5,39.3],[33.5,39.2],[33.7,39.2],[33.7,39.1],[34.0,39.1],[34.0,39.3],[33.8,39.3],[33.8,39.4],[33.9,39.4],[33.9,39.5],[34.0,39.5],[34.0,39.7],[33.9,39.7],[33.9,39.9],[34.1,39.9],[34.1,39.8],[34.4,39.8],[34.4,39.7],[34.5,39.7],[34.5,39.5],[34.7,39.5],[34.7,39.6],[34.6,39.6],[34.6,39.7],[34.7,39.7],[34.7,39.8],[34.6,39.8],[34.6,39.9],[34.2,39.9],[34.2,40.0],[34.1,40.0],[34.1,40.1],[34.0,40.1],[34.0,40.2],[34.1,40.2],[34.1,40.3],[33.7,40.3],[33.7,40.1],[33.8,40.1],[33.8,40.2],[33.9,40.2],[33.9,40.0],[33.7,40.0]],[[33.7,39.8],[33.7,39.9],[33.8,39.9],[33.8,39.7],[33.7,39.7],[33.7,39.6],[33.6,39.6],[33.6,39.8],[33.7,39.8]]],[[[33.2,39.8],[33.0,39.8],[33.0,39.7],[33.3,39.7],[33.3,39.8],[33.4,39.8],[33.4,39.9],[33.2,39.9],[33.2,39.8]]],[[[35.6,39.8],[35.6,40.1],[35.5,40.1],[35.5,39.8],[35.6,39.8]]],[[[35.0,40.0],[35.0,40.3],[34.9,40.3],[34.9,40.2],[34.7,40.2],[34.7,40.1],[34.9,40.1],[34.9,40.0],[35.0,40.0]]],[[[35.7,40.3],[35.6,40.3],[35.6,40.1],[35.8,40.1],[35.8,40.2],[35.7,40.2],[35.7,40.3]]],[[[34.2,40.5],[34.2,40.0],[34.3,40.0],[34.3,40.1],[34.5,40.1],[34.5,40.0],[34.6,40.0],[34.6,40.2],[34.4,40.2],[34.4,40.4],[34.3,40.4],[34.3,40.5],[34.2,40.5]]],[[[33.5,40.3],[33.7,40.3],[33.7,40.4],[33.6,40.4],[33.6,40.5],[33.3,40.5],[33.3,40.4],[33.2,40.4],[33.2,40.3],[33.4,40.3],[33.4,40.0],[33.5,40.0],[33.5,40.1],[33.6,40.1],[33.6,40.2],[33.5,40.2],[33.5,40.3]]],[[[31.6,40.2],[31.7,40.2],[31.7,40.3],[31.8,40.3],[31.8,40.4],[31.5,40.4],[31.5,40.3],[31.6,40.3],[31.6,40.2]]],[[[35.0,40.4],[35.0,40.3],[35.2,40.3],[35.2,40.1],[35.4,40.1],[35.4,40.3],[35.6,40.3],[35.6,40.4],[35.8,40.4],[35.8,40.5],[36.0,40.5],[36.0,40.4],[35.9,40.4],[35.9,40.3],[35.8,40.3],[35.8,40.2],[36.0,40.2],[36.0,40.3],[36.1,40.3],[36.1,40.4],[36.2,40.4],[36.2,40.5],[36.1,40.5],[36.1,40.6],[35.9,40.6],[35.9,40.7],[35.8,40.7],[35.8,40.8],[35.7,40.8],[35.7,40.9],[35.6,40.9],[35.6,40.8],[35.5,40.8],[35.5,40.6],[35.3,40.6],[35.3,40.4],[35.0,40.4]]],[[[36.2,40.8],[36.2,40.7],[36.4,40.7],[36.4,40.6],[36.8,40.6],[36.8,40.5],[37.0,40.5],[37.0,40.6],[36.9,40.6],[36.9,40.7],[36.6,40.7],[36.6,40.8],[36.5,40.8],[36.5,40.9],[36.4,40.9],[36.4,40.8],[36.2,40.8]]],[[[39.2,41.1],[39.2,41.0],[39.5,41.0],[39.5,40.9],[39.8,40.9],[39.8,41.1],[39.5,41.1],[39.5,41.2],[39.4,41.2],[39.4,41.1],[39.2,41.1]]],[[[35.8,41.6],[35.8,41.4],[35.9,41.4],[35.9,41.5],[36.2,41.5],[36.2,41.7],[36.1,41.7],[36.1,41.8],[35.8,41.8],[35.8,41.7],[35.6,41.7],[35.6,41.6],[35.8,41.6]]],[[[35.0,41.9],[35.2,41.9],[35.2,42.0],[35.3,42.0],[35.3,42.1],[34.8,42.1],[34.8,42.0],[35.0,42.0],[35.0,41.9]]]]}},
{"type":"Feature","properties":{"k":"Csb"},"geometry":{"type":"MultiPolygon","coordinates":[[[[6.2,35.3],[6.4,35.3],[6.4,35.4],[6.2,35.4],[6.2,35.3]]],[[[-9.0,37.0],[-8.8,37.0],[-8.8,37.5],[-8.9,37.5],[-8.9,37.2],[-9.0,37.2],[-9.0,37.0]]],[[[-2.8,37.3],[-2.8,37.2],[-2.3,37.2],[-2.3,37.3],[-2.8,37.3]]],[[[-8.5,37.3],[-8.5,37.4],[-8.7,37.4],[-8.7,37.3],[-8.5,37.3]]],[[[-8.9,37.9],[-8.8,37.9],[-8.8,38.1],[-8.9,38.1],[-8.9,37.9]]],[[[-2.4,37.9],[-2.4,38.0],[-2.1,38.0],[-2.1,38.2],[-2.2,38.2],[-2.2,38.1],[-2.3,38.1],[-2.3,38.2],[-2.7,38.2],[-2.7,38.1],[-2.8,38.1],[-2.8,38.0],[-2.9,38.0],[-2.9,37.9],[-3.0,37.9],[-3.0,37.8],[-2.8,37.8],[-2.8,37.9],[-2.4,37.9]]],[[[-9.1,38.6],[-9.2,38.6],[-9.2,38.5],[-9.3,38.5],[-9.3,38.4],[-8.9,38.4],[-8.9,38.5],[-9.1,38.5],[-9.1,38.6]]],[[[-0.7,40.0],[-0.8,40.0],[-0.8,39.9],[-0.9,39.9],[-0.9,39.8],[-0.7,39.8],[-0.7,40.0]]],[[[-7.3,40.6],[-7.5,40.6],[-7.5,40.5],[-7.7,40.5],[-7.7,40.4],[-7.8,40.4],[-7.8,40.3],[-7.9,40.3],[-7.9,40.2],[-8.1,40.2],[-8.1,40.1],[-8.3,40.1],[-8.3,39.9],[-8.2,39.9],[-8.2,40.0],[-8.1,40.0],[-8.1,39.9],[-8.0,39.9],[-8.0,39.8],[-7.8,39.8],[-7.8,40.0],[-7.9,40.0],[-7.9,40.1],[-7.7,40.1],[-7.7,40.2],[-7.5,40.2],[-7.5,40.3],[-7.4,40.3],[-7.4,40.4],[-7.2,40.4],[-7.2,40.3],[-7.1,40.3],[-7.1,40.2],[-6.7,40.2],[-6.7,40.3],[-6.6,40.3],[-6.6,40.4],[-6.8,40.4],[-6.8,40.7],[-6.9,40.7],[-6.9,40.5],[-7.0,40.5],[-7.0,40.7],[-7.3,40.7],[-7.3,40.6]]],[[[-9.5,38.6],[-9.2,38.6],[-9.2,38.7],[-9.1,38.7],[-9.1,38.8],[-9.2,38.8],[-9.2,38.9],[-9.1,38.9],[-9.1,39.0],[-9.0,39.0],[-9.0,39.3],[-8.9,39.3],[-8.9,39.4],[-8.8,39.4],[-8.8,39.5],[-8.6,39.5],[-8.6,39.8],[-8.7,39.8],[-8.7,40.1],[-8.6,40.1],[-8.6,40.3],[-8.5,40.3],[-8.5,40.6],[-8.4,40.6],[-8.4,40.2],[-8.3,40.2],[-8.3,40.4],[-8.1,40.4],[-8.1,40.5],[-8.0,40.5],[-8.0,40.6],[-7.5,40.6],[-7.5,40.7],[-7.3,40.7],[-7.3,40.9],[-7.2,40.9],[-7.2,41.1],[-7.4,41.1],[-7.4,41.2],[-7.2,41.2],[-7.2,41.3],[-7.4,41.3],[-7.4,41.4],[-7.3,41.4],[-7.3,41.5],[-7.4,41.5],[-7.4,41.6],[-7.3,41.6],[-7.3,41.7],[-7.0,41.7],[-7.0,41.5],[-7.1,41.5],[-7.1,41.4],[-6.9,41.4],[-6.9,41.5],[-6.8,41.5],[-6.8,41.6],[-6.6,41.6],[-6.6,41.7],[-6.5,41.7],[-6.5,41.5],[-6.2,41.5],[-6.2,41.4],[-6.3,41.4],[-6.3,41.3],[-6.1,41.3],[-6.1,41.2],[-5.9,41.2],[-5.9,41.0],[-6.1,41.0],[-6.1,41.1],[-6.2,41.1],[-6.2,41.2],[-6.4,41.2],[-6.4,41.1],[-6.5,41.1],[-6.5,41.0],[-6.4,41.0],[-6.4,40.9],[-6.3,40.9],[-6.3,41.0],[-6.2,41.0],[-6.2,40.9],[-6.1,40.9],[-6.1,40.8],[-6.2,40.8],[-6.2,40.7],[-6.3,40.7],[-6.3,40.6],[-6.4,40.6],[-6.4,40.5],[-6.0,40.5],[-6.0,40.6],[-5.8,40.6],[-5.8,40.5],[-5.7,40.5],[-5.7,40.4],[-5.8,40.4],[-5.8,40.3],[-5.9,40.3],[-5.9,40.2],[-5.8,40.2],[-5.8,40.1],[-5.7,40.1],[-5.7,40.2],[-5.5,40.2],[-5.5,40.3],[-5.2,40.3],[-5.2,40.2],[-5.1,40.2],[-5.1,40.3],[-4.8,40.3],[-4.8,40.5],[-4.6,40.5],[-4.6,40.6],[-4.1,40.6],[-4.1,40.7],[-4.0,40.7],[-4.0,40.9],[-3.9,40.9],[-3.9,40.8],[-3.7,40.8],[-3.7,41.0],[-3.1,41.0],[-3.1,41.1],[-2.8,41.1],[-2.8,41.2],[-2.7,41.2],[-2.7,41.1],[-2.6,41.1],[-2.6,41.0],[-2.5,41.0],[-2.5,40.9],[-2.2,40.9],[-2.2,40.8],[-2.3,40.8],[-2.3,40.7],[-2.4,40.7],[-2.4,40.6],[-2.2,40.6],[-2.2,40.4],[-2.1,40.4],[-2.1,40.1],[-2.0,40.1],[-2.0,40.0],[-1.9,40.0],[-1.9,40.1],[-1.8,40.1],[-1.8,40.0],[-1.5,40.0],[-1.5,40.3],[-1.6,40.3],[-1.6,40.5],[-1.7,40.5],[-1.7,40.6],[-1.8,40.6],[-1.8,40.7],[-1.9,40.7],[-1.9,40.8],[-2.0,40.8],[-2.0,40.9],[-2.1,40.9],[-2.1,41.1],[-2.4,41.1],[-2.4,41.4],[-2.8,41.4],[-2.8,41.3],[-3.1,41.3],[-3.1,41.4],[-3.2,41.4],[-3.2,41.5],[-3.3,41.5],[-3.3,41.6],[-3.0,41.6],[-3.0,41.5],[-2.9,41.5],[-2.9,41.8],[-2.8,41.8],[-2.8,42.2],[-2.9,42.2],[-2.9,42.3],[-3.1,42.3],[-3.1,42.4],[-3.2,42.4],[-3.2,42.5],[-3.1,42.5],[-3.1,42.6],[-3.0,42.6],[-3.0,42.5],[-2.9,42.5],[-2.9,42.4],[-2.8,42.4],[-2.8,42.3],[-2.6,42.3],[-2.6,42.4],[-2.5,42.4],[-2.5,42.3],[-2.4,42.3],[-2.4,42.5],[-2.0,42.5],[-2.0,42.6],[-2.1,42.6],[-2.1,42.7],[-2.4,42.7],[-2.4,42.8],[-2.5,42.8],[-2.5,42.9],[-2.6,42.9],[-2.6,43.0],[-4.0,43.0],[-4.0,42.9],[-4.3,42.9],[-4.3,43.0],[-4.5,43.0],[-4.5,42.9],[-5.1,42.9],[-5.1,43.1],[-5.6,43.1],[-5.6,43.0],[-5.7,43.0],[-5.7,43.1],[-5.9,43.1],[-5.9,43.0],[-6.4,43.0],[-6.4,43.1],[-6.5,43.1],[-6.5,43.2],[-6.4,43.2],[-6.4,43.3],[-6.8,43.3],[-6.8,43.4],[-6.9,43.4],[-6.9,43.3],[-7.1,43.3],[-7.1,43.5],[-7.2,43.5],[-7.2,43.4],[-7.3,43.4],[-7.3,43.3],[-7.5,43.3],[-7.5,43.4],[-7.8,43.4],[-7.8,43.3],[-7.9,43.3],[-7.9,43.4],[-8.0,43.4],[-8.0,43.5],[-7.9,43.5],[-7.9,43.6],[-7.8,43.6],[-7.8,43.7],[-7.7,43.7],[-7.7,43.8],[-7.9,43.8],[-7.9,43.7],[-8.0,43.7],[-8.0,43.8],[-8.1,43.8],[-8.1,43.7],[-8.2,43.7],[-8.2,43.6],[-8.4,43.6],[-8.4,43.4],[-9.0,43.4],[-9.0,43.3],[-9.1,43.3],[-9.1,43.2],[-9.3,43.2],[-9.3,42.8],[-9.2,42.8],[-9.2,42.7],[-9.1,42.7],[-9.1,42.4],[-9.0,42.4],[-9.0,42.1],[-8.9,42.1],[-8.9,41.5],[-8.8,41.5],[-8.8,41.1],[-8.7,41.1],[-8.7,40.8],[-8.8,40.8],[-8.8,40.5],[-8.9,40.5],[-8.9,40.2],[-9.0,40.2],[-9.0,39.9],[-9.1,39.9],[-9.1,39.6],[-9.2,39.6],[-9.2,39.5],[-9.3,39.5],[-9.3,39.4],[-9.5,39.4],[-9.5,39.3],[-9.4,39.3],[-9.4,39.1],[-9.5,39.1],[-9.5,38.6]],[[-3.6,41.6],[-3.6,41.5],[-3.9,41.5],[-3.9,41.3],[-3.8,41.3],[-3.8,41.2],[-3.9,41.2],[-3.9,41.1],[-4.1,41.1],[-4.1,40.9],[-4.2,40.9],[-4.2,40.8],[-4.5,40.8],[-4.5,40.7],[-4.6,40.7],[-4.6,40.8],[-5.0,40.8],[-5.0,40.9],[-5.2,40.9],[-5.2,40.7],[-5.4,40.7],[-5.4,40.6],[-5.7,40.6],[-5.7,40.9],[-5.8,40.9],[-5.8,41.1],[-5.5,41.1],[-5.5,41.2],[-5.6,41.2],[-5.6,41.3],[-5.7,41.3],[-5.7,41.4],[-5.8,41.4],[-5.8,41.3],[-5.9,41.3],[-5.9,41.4],[-6.1,41.4],[-6.1,41.5],[-6.0,41.5],[-6.0,41.7],[-5.9,41.7],[-5.9,41.9],[-5.6,41.9],[-5.6,42.0],[-5.5,42.0],[-5.5,42.1],[-5.4,42.1],[-5.4,42.2],[-5.1,42.2],[-5.1,42.0],[-5.0,42.0],[-5.0,42.1],[-4.6,42.1],[-4.6,42.0],[-4.7,42.0],[-4.7,41.9],[-4.5,41.9],[-4.5,41.8],[-4.4,41.8],[-4.4,41.7],[-4.0,41.7],[-4.0,41.8],[-3.6,41.8],[-3.6,41.7],[-3.4,41.7],[-3.4,41.6],[-3.6,41.6]],[[-3.6,41.4],[-3.6,41.5],[-3.4,41.5],[-3.4,41.4],[-3.6,41.4]]],[[[-6.5,41.3],[-6.5,41.4],[-6.8,41.4],[-6.8,41.3],[-6.5,41.3]]],[[[-4.7,41.8],[-4.7,41.9],[-5.0,41.9],[-5.0,41.8],[-5.1,41.8],[-5.1,41.7],[-4.8,41.7],[-4.8,41.8],[-4.7,41.8]]],[[[2.5,43.0],[2.5,42.8],[2.6,42.8],[2.6,42.9],[2.7,42.9],[2.7,43.0],[2.5,43.0]]],[[[5.7,43.4],[5.7,43.3],[5.8,43.3],[5.8,43.2],[5.9,43.2],[5.9,43.4],[5.7,43.4]]],[[[-5.2,43.6],[-5.4,43.6],[-5.4,43.3],[-5.1,43.3],[-5.1,43.5],[-5.2,43.5],[-5.2,43.6]]],[[[-4.8,43.5],[-4.8,43.4],[-4.6,43.4],[-4.6,43.5],[-4.8,43.5]]],[[[-6.8,43.5],[-6.8,43.4],[-6.5,43.4],[-6.5,43.5],[-6.4,43.5],[-6.4,43.6],[-6.9,43.6],[-6.9,43.5],[-6.8,43.5]]],[[[2.9,43.6],[2.8,43.6],[2.8,43.5],[2.7,43.5],[2.7,43.4],[2.9,43.4],[2.9,43.6]]],[[[-7.6,43.8],[-7.6,43.7],[-7.4,43.7],[-7.4,43.8],[-7.6,43.8]]],[[[3.3,43.7],[3.3,43.8],[3.1,43.8],[3.1,43.7],[3.3,43.7]]],[[[3.3,43.9],[3.3,43.8],[3.4,43.8],[3.4,43.7],[3.5,43.7],[3.5,43.8],[3.6,43.8],[3.6,44.0],[3.4,44.0],[3.4,43.9],[3.3,43.9]]],[[[5.3,44.1],[5.3,44.0],[5.4,44.0],[5.4,43.9],[5.7,43.9],[5.7,44.0],[5.9,44.0],[5.9,44.1],[5.7,44.1],[5.7,44.2],[5.6,44.2],[5.6,44.1],[5.3,44.1]]],[[[15.1,37.7],[15.1,37.8],[14.9,37.8],[14.9,37.7],[15.1,37.7]]],[[[15.1,37.9],[15.1,38.0],[14.6,38.0],[14.6,37.9],[14.3,37.9],[14.3,37.8],[14.7,37.8],[14.7,37.9],[15.1,37.9]]],[[[15.8,38.2],[15.8,38.0],[15.9,38.0],[15.9,38.1],[16.0,38.1],[16.0,38.2],[15.8,38.2]]],[[[16.2,38.6],[16.2,38.4],[16.4,38.4],[16.4,38.5],[16.5,38.5],[16.5,38.6],[16.2,38.6]]],[[[16.7,39.2],[16.7,39.3],[16.8,39.3],[16.8,39.4],[16.7,39.4],[16.7,39.5],[16.3,39.5],[16.3,39.1],[16.2,39.1],[16.2,39.0],[16.8,39.0],[16.8,39.2],[16.7,39.2]]],[[[21.4,39.2],[21.5,39.2],[21.5,39.4],[21.4,39.4],[21.4,39.5],[21.2,39.5],[21.2,39.4],[21.3,39.4],[21.3,39.3],[21.4,39.3],[21.4,39.2]]],[[[16.4,40.0],[16.1,40.0],[16.1,39.9],[16.0,39.9],[16.0,39.8],[15.9,39.8],[15.9,39.6],[16.0,39.6],[16.0,39.7],[16.1,39.7],[16.1,39.8],[16.2,39.8],[16.2,39.9],[16.4,39.9],[16.4,40.0]]],[[[20.7,39.8],[21.0,39.8],[21.0,39.9],[20.7,39.9],[20.7,39.8]]],[[[9.3,39.9],[9.3,39.8],[9.4,39.8],[9.4,39.9],[9.5,39.9],[9.5,40.1],[9.6,40.1],[9.6,40.2],[9.2,40.2],[9.2,40.1],[9.1,40.1],[9.1,40.0],[9.2,40.0],[9.2,39.9],[9.3,39.9]]],[[[20.4,40.1],[20.4,40.2],[20.2,40.2],[20.2,40.1],[20.3,40.1],[20.3,40.0],[20.5,40.0],[20.5,40.1],[20.4,40.1]]],[[[20.0,40.1],[20.0,40.3],[19.8,40.3],[19.8,40.2],[19.9,40.2],[19.9,40.0],[20.1,40.0],[20.1,40.1],[20.0,40.1]]],[[[21.0,40.2],[21.0,40.3],[20.8,40.3],[20.8,40.2],[21.0,40.2]]],[[[15.5,40.3],[15.5,40.5],[15.4,40.5],[15.4,40.3],[15.3,40.3],[15.3,40.2],[15.6,40.2],[15.6,40.3],[15.5,40.3]]],[[[15.8,40.0],[16.1,40.0],[16.1,40.2],[15.9,40.2],[15.9,40.3],[16.0,40.3],[16.0,40.4],[16.2,40.4],[16.2,40.5],[16.0,40.5],[16.0,40.6],[15.9,40.6],[15.9,40.7],[15.7,40.7],[15.7,40.5],[15.6,40.5],[15.6,40.4],[15.7,40.4],[15.7,40.1],[15.8,40.1],[15.8,40.0]]],[[[9.0,40.3],[9.0,40.4],[8.8,40.4],[8.8,40.3],[9.0,40.3]]],[[[20.8,40.5],[20.8,40.6],[20.6,40.6],[20.6,40.4],[20.5,40.4],[20.5,40.2],[20.6,40.2],[20.6,40.1],[20.7,40.1],[20.7,40.5],[20.8,40.5]]],[[[20.8,40.7],[20.8,40.6],[20.9,40.6],[20.9,40.5],[21.0,40.5],[21.0,40.3],[21.1,40.3],[21.1,40.1],[21.3,40.1],[21.3,40.2],[21.2,40.2],[21.2,40.4],[21.1,40.4],[21.1,40.6],[21.0,40.6],[21.0,41.0],[20.9,41.0],[20.9,40.7],[20.8,40.7]]],[[[15.2,40.7],[15.2,40.8],[15.0,40.8],[15.0,40.7],[15.2,40.7]]],[[[15.5,40.8],[15.3,40.8],[15.3,40.7],[15.5,40.7],[15.5,40.8]]],[[[20.8,40.9],[20.6,40.9],[20.6,40.7],[20.7,40.7],[20.7,40.8],[20.8,40.8],[20.8,40.9]]],[[[13.7,41.3],[13.7,41.4],[13.5,41.4],[13.5,41.3],[13.7,41.3]]],[[[13.3,41.9],[13.4,41.9],[13.4,41.7],[13.6,41.7],[13.6,41.8],[13.8,41.8],[13.8,41.9],[13.9,41.9],[13.9,42.0],[13.8,42.0],[13.8,42.1],[13.6,42.1],[13.6,41.9],[13.5,41.9],[13.5,42.0],[13.3,42.0],[13.3,41.9]]],[[[8.9,42.2],[8.9,42.1],[9.0,42.1],[9.0,42.0],[8.9,42.0],[8.9,41.9],[9.1,41.9],[9.1,41.8],[9.0,41.8],[9.0,41.7],[9.3,41.7],[9.3,42.2],[9.4,42.2],[9.4,42.3],[9.5,42.3],[9.5,42.4],[9.2,42.4],[9.2,42.3],[9.1,42.3],[9.1,42.6],[9.0,42.6],[9.0,42.5],[8.8,42.5],[8.8,42.3],[8.7,42.3],[8.7,42.2],[8.9,42.2]]],[[[11.5,42.9],[11.5,42.8],[11.6,42.8],[11.6,42.7],[11.7,42.7],[11.7,42.9],[11.5,42.9]]],[[[7.7,43.8],[7.8,43.8],[7.8,43.9],[7.9,43.9],[7.9,44.0],[8.0,44.0],[8.0,44.1],[8.2,44.1],[8.2,44.2],[8.3,44.2],[8.3,44.3],[8.2,44.3],[8.2,44.4],[7.9,44.4],[7.9,44.3],[7.8,44.3],[7.8,44.1],[7.5,44.1],[7.5,44.0],[7.2,44.0],[7.2,44.1],[7.1,44.1],[7.1,44.0],[6.9,44.0],[6.9,43.9],[6.7,43.9],[6.7,44.0],[6.6,44.0],[6.6,43.9],[6.3,43.9],[6.3,43.8],[6.2,43.8],[6.2,43.9],[6.1,43.9],[6.1,44.0],[6.0,44.0],[6.0,43.8],[6.1,43.8],[6.1,43.7],[6.2,43.7],[6.2,43.6],[6.7,43.6],[6.7,43.7],[7.1,43.7],[7.1,43.9],[7.2,43.9],[7.2,43.8],[7.5,43.8],[7.5,43.9],[7.7,43.9],[7.7,43.8]]],[[[9.5,44.2],[9.6,44.2],[9.6,44.4],[9.5,44.4],[9.5,44.2]]],[[[8.6,44.4],[8.6,44.6],[8.5,44.6],[8.5,44.4],[8.6,44.4]]],[[[24.7,35.2],[24.9,35.2],[24.9,35.3],[24.7,35.3],[24.7,35.2]]],[[[23.9,35.3],[24.1,35.3],[24.1,35.4],[23.9,35.4],[23.9,35.3]]],[[[22.3,37.1],[22.3,37.2],[22.2,37.2],[22.2,37.0],[22.3,37.0],[22.3,36.9],[22.4,36.9],[22.4,37.1],[22.3,37.1]]],[[[22.7,37.1],[22.7,37.3],[22.6,37.3],[22.6,37.4],[22.4,37.4],[22.4,37.3],[22.5,37.3],[22.5,37.2],[22.6,37.2],[22.6,37.1],[22.7,37.1]]],[[[22.0,37.7],[22.0,37.6],[22.1,37.6],[22.1,37.5],[22.3,37.5],[22.3,37.7],[22.0,37.7]]],[[[22.4,37.8],[22.4,37.9],[22.5,37.9],[22.5,38.0],[22.4,38.0],[22.4,38.1],[22.1,38.1],[22.1,38.0],[21.8,38.0],[21.8,37.9],[22.3,37.9],[22.3,37.8],[22.4,37.8]]],[[[28.2,38.3],[28.2,38.4],[28.0,38.4],[28.0,38.3],[28.2,38.3]]],[[[22.6,38.6],[22.4,38.6],[22.4,38.5],[22.6,38.5],[22.6,38.6]]],[[[29.9,38.9],[29.9,38.8],[30.1,38.8],[30.1,38.9],[29.9,38.9]]],[[[21.9,39.2],[21.5,39.2],[21.5,39.1],[21.6,39.1],[21.6,39.0],[21.7,39.0],[21.7,38.8],[21.5,38.8],[21.5,38.7],[21.6,38.7],[21.6,38.6],[21.7,38.6],[21.7,38.7],[21.8,38.7],[21.8,38.5],[21.9,38.5],[21.9,38.6],[22.1,38.6],[22.1,38.7],[22.2,38.7],[22.2,38.8],[22.0,38.8],[22.0,38.9],[21.9,38.9],[21.9,39.0],[22.0,39.0],[22.0,39.1],[21.9,39.1],[21.9,39.2]]],[[[29.4,38.8],[29.7,38.8],[29.7,38.9],[29.4,38.9],[29.4,38.8]]],[[[22.8,39.0],[22.8,39.1],[22.5,39.1],[22.5,39.0],[22.8,39.0]]],[[[29.0,39.3],[29.0,39.1],[29.2,39.1],[29.2,39.2],[29.1,39.2],[29.1,39.3],[29.0,39.3]]],[[[28.6,39.3],[28.6,39.2],[28.7,39.2],[28.7,39.3],[28.9,39.3],[28.9,39.4],[28.6,39.4],[28.6,39.5],[28.5,39.5],[28.5,39.4],[28.3,39.4],[28.3,39.3],[28.6,39.3]]],[[[29.6,39.3],[29.7,39.3],[29.7,39.1],[29.8,39.1],[29.8,39.0],[29.9,39.0],[29.9,39.2],[30.2,39.2],[30.2,39.1],[30.3,39.1],[30.3,39.3],[30.2,39.3],[30.2,39.5],[30.6,39.5],[30.6,39.6],[30.2,39.6],[30.2,39.7],[30.3,39.7],[30.3,39.9],[30.4,39.9],[30.4,40.0],[30.0,40.0],[30.0,40.1],[29.9,40.1],[29.9,40.2],[29.8,40.2],[29.8,40.1],[29.7,40.1],[29.7,39.9],[29.9,39.9],[29.9,39.8],[30.0,39.8],[30.0,39.6],[29.7,39.6],[29.7,39.8],[29.6,39.8],[29.6,39.7],[29.5,39.7],[29.5,39.6],[29.6,39.6],[29.6,39.5],[29.4,39.5],[29.4,39.9],[29.3,39.9],[29.3,40.0],[29.1,40.0],[29.1,39.9],[29.2,39.9],[29.2,39.6],[29.3,39.6],[29.3,39.2],[29.6,39.2],[29.6,39.3]],[[30.0,39.3],[29.7,39.3],[29.7,39.5],[30.1,39.5],[30.1,39.4],[30.0,39.4],[30.0,39.3]]],[[[27.0,39.7],[27.0,39.8],[26.8,39.8],[26.8,39.7],[26.7,39.7],[26.7,39.6],[26.9,39.6],[26.9,39.7],[27.0,39.7]]],[[[28.7,39.7],[28.7,39.8],[28.5,39.8],[28.5,39.9],[28.3,39.9],[28.3,39.8],[28.4,39.8],[28.4,39.6],[28.6,39.6],[28.6,39.7],[28.7,39.7]]],[[[28.9,40.0],[29.1,40.0],[29.1,40.2],[29.0,40.2],[29.0,40.1],[28.9,40.1],[28.9,40.0]]],[[[30.7,40.2],[30.7,40.3],[30.8,40.3],[30.8,40.4],[30.7,40.4],[30.7,40.5],[30.5,40.5],[30.5,40.6],[30.4,40.6],[30.4,40.2],[30.7,40.2]]],[[[30.2,40.5],[30.2,40.6],[30.1,40.6],[30.1,40.7],[30.0,40.7],[30.0,40.6],[29.8,40.6],[29.8,40.4],[29.9,40.4],[29.9,40.5],[30.2,40.5]]],[[[39.8,40.9],[39.6,40.9],[39.6,40.8],[39.8,40.8],[39.8,40.9]]],[[[36.2,41.0],[36.2,40.8],[36.4,40.8],[36.4,41.0],[36.2,41.0]]],[[[31.9,41.0],[31.9,40.9],[32.2,40.9],[32.2,41.0],[31.9,41.0]]],[[[35.9,40.9],[36.1,40.9],[36.1,41.1],[35.8,41.1],[35.8,41.0],[35.9,41.0],[35.9,40.9]]],[[[27.6,41.9],[27.6,41.7],[27.8,41.7],[27.8,41.8],[27.7,41.8],[27.7,41.9],[27.6,41.9]]]]}},
{"type":"Feature","properties":{"k":"Cfa"},"geometry":{"type":"MultiPolygon","coordinates":[[[[-1.3,39.7],[-1.3,39.8],[-1.2,39.8],[-1.2,39.9],[-1.1,39.9],[-1.1,40.0],[-1.3,40.0],[-1.3,40.2],[-1.4,40.2],[-1.4,40.0],[-1.5,40.0],[-1.5,39.9],[-1.4,39.9],[-1.4,39.7],[-1.3,39.7]]],[[[-1.1,40.5],[-1.1,40.3],[-1.0,40.3],[-1.0,40.5],[-1.1,40.5]]],[[[-1.5,41.2],[-1.6,41.2],[-1.6,41.1],[-1.4,41.1],[-1.4,41.0],[-1.6,41.0],[-1.6,40.9],[-1.5,40.9],[-1.5,40.7],[-1.4,40.7],[-1.4,40.5],[-1.3,40.5],[-1.3,40.3],[-1.2,40.3],[-1.2,40.6],[-1.3,40.6],[-1.3,40.8],[-1.2,40.8],[-1.2,41.0],[-1.3,41.0],[-1.3,41.1],[-1.2,41.1],[-1.2,41.3],[-1.3,41.3],[-1.3,41.2],[-1.4,41.2],[-1.4,41.3],[-1.5,41.3],[-1.5,41.2]]],[[[0.1,41.1],[0.0,41.1],[0.0,41.0],[-0.1,41.0],[-0.1,40.9],[-0.2,40.9],[-0.2,40.8],[-0.3,40.8],[-0.3,40.9],[-0.4,40.9],[-0.4,41.0],[-0.7,41.0],[-0.7,40.8],[-0.6,40.8],[-0.6,40.9],[-0.5,40.9],[-0.5,40.8],[-0.4,40.8],[-0.4,40.7],[-0.1,40.7],[-0.1,40.8],[0.1,40.8],[0.1,41.1]]],[[[-1.7,41.2],[-1.6,41.2],[-1.6,41.3],[-1.8,41.3],[-1.8,41.5],[-1.9,41.5],[-1.9,41.4],[-2.1,41.4],[-2.1,41.5],[-2.2,41.5],[-2.2,41.4],[-2.3,41.4],[-2.3,41.3],[-2.4,41.3],[-2.4,41.2],[-1.9,41.2],[-1.9,41.1],[-1.7,41.1],[-1.7,41.2]]],[[[2.2,41.9],[2.3,41.9],[2.3,42.1],[2.2,42.1],[2.2,41.9]]],[[[1.4,42.1],[1.1,42.1],[1.1,42.2],[1.0,42.2],[1.0,42.3],[0.9,42.3],[0.9,42.2],[0.8,42.2],[0.8,42.3],[0.7,42.3],[0.7,42.2],[0.5,42.2],[0.5,42.3],[0.3,42.3],[0.3,42.5],[0.1,42.5],[0.1,42.2],[-0.4,42.2],[-0.4,42.3],[-0.7,42.3],[-0.7,42.4],[-0.8,42.4],[-0.8,42.3],[-1.1,42.3],[-1.1,42.4],[-1.3,42.4],[-1.3,42.5],[-1.1,42.5],[-1.1,42.6],[-1.4,42.6],[-1.4,42.5],[-1.6,42.5],[-1.6,42.6],[-1.8,42.6],[-1.8,42.7],[-1.9,42.7],[-1.9,42.6],[-2.0,42.6],[-2.0,42.5],[-2.2,42.5],[-2.2,42.3],[-2.1,42.3],[-2.1,42.2],[-1.9,42.2],[-1.9,42.1],[-2.0,42.1],[-2.0,42.0],[-1.8,42.0],[-1.8,41.9],[-1.7,41.9],[-1.7,42.2],[-1.5,42.2],[-1.5,42.1],[-1.4,42.1],[-1.4,42.0],[-1.3,42.0],[-1.3,42.1],[-1.1,42.1],[-1.1,41.9],[-0.9,41.9],[-0.9,42.0],[-0.6,42.0],[-0.6,41.7],[-0.4,41.7],[-0.4,41.8],[-0.5,41.8],[-0.5,42.0],[-0.3,42.0],[-0.3,41.9],[-0.1,41.9],[-0.1,41.8],[0.0,41.8],[0.0,41.9],[0.5,41.9],[0.5,41.8],[0.9,41.8],[0.9,41.7],[1.0,41.7],[1.0,41.6],[1.3,41.6],[1.3,41.5],[1.5,41.5],[1.5,41.4],[1.7,41.4],[1.7,41.5],[1.8,41.5],[1.8,41.4],[2.2,41.4],[2.2,41.5],[2.4,41.5],[2.4,41.6],[2.6,41.6],[2.6,41.7],[2.8,41.7],[2.8,41.9],[2.9,41.9],[2.9,42.2],[2.8,42.2],[2.8,42.4],[2.7,42.4],[2.7,42.3],[2.5,42.3],[2.5,42.2],[2.6,42.2],[2.6,41.9],[2.5,41.9],[2.5,41.7],[2.0,41.7],[2.0,41.8],[2.1,41.8],[2.1,42.0],[1.9,42.0],[1.9,42.1],[1.8,42.1],[1.8,42.0],[1.5,42.0],[1.5,41.9],[1.4,41.9],[1.4,42.1]],[[0.9,42.1],[1.1,42.1],[1.1,42.0],[0.9,42.0],[0.9,42.1]]],[[[12.9,42.5],[12.8,42.5],[12.8,42.1],[12.9,42.1],[12.9,42.3],[13.0,42.3],[13.0,42.4],[12.9,42.4],[12.9,42.5]]],[[[12.7,42.5],[12.8,42.5],[12.8,42.7],[12.6,42.7],[12.6,42.6],[12.7,42.6],[12.7,42.5]]],[[[12.8,43.0],[12.8,43.3],[12.7,43.3],[12.7,43.4],[12.5,43.4],[12.5,43.5],[12.3,43.5],[12.3,43.6],[12.1,43.6],[12.1,43.7],[12.0,43.7],[12.0,43.6],[11.9,43.6],[11.9,43.3],[12.1,43.3],[12.1,43.4],[12.4,43.4],[12.4,43.2],[12.5,43.2],[12.5,42.9],[12.6,42.9],[12.6,43.0],[12.8,43.0]]],[[[12.3,43.7],[12.3,43.6],[12.5,43.6],[12.5,43.5],[12.8,43.5],[12.8,43.3],[12.9,43.3],[12.9,43.2],[13.0,43.2],[13.0,43.0],[13.1,43.0],[13.1,43.1],[13.2,43.1],[13.2,43.0],[13.3,43.0],[13.3,42.9],[13.4,42.9],[13.4,42.8],[13.6,42.8],[13.6,42.4],[13.7,42.4],[13.7,42.5],[13.8,42.5],[13.8,42.4],[13.9,42.4],[13.9,42.3],[13.7,42.3],[13.7,42.2],[14.2,42.2],[14.2,42.1],[14.1,42.1],[14.1,42.0],[14.3,42.0],[14.3,41.9],[14.5,41.9],[14.5,41.8],[14.4,41.8],[14.4,41.7],[14.5,41.7],[14.5,41.4],[14.7,41.4],[14.7,41.5],[14.9,41.5],[14.9,41.2],[15.0,41.2],[15.0,41.0],[15.1,41.0],[15.1,40.9],[15.2,40.9],[15.2,40.8],[15.9,40.8],[15.9,40.9],[15.8,40.9],[15.8,41.0],[15.9,41.0],[15.9,41.2],[15.8,41.2],[15.8,41.3],[15.7,41.3],[15.7,41.5],[15.4,41.5],[15.4,41.7],[15.3,41.7],[15.3,41.8],[15.2,41.8],[15.2,41.9],[14.9,41.9],[14.9,42.1],[14.8,42.1],[14.8,42.2],[14.7,42.2],[14.7,42.3],[14.5,42.3],[14.5,42.4],[14.4,42.4],[14.4,42.5],[14.2,42.5],[14.2,42.6],[14.1,42.6],[14.1,42.7],[14.0,42.7],[14.0,43.0],[13.9,43.0],[13.9,43.2],[13.8,43.2],[13.8,43.4],[13.7,43.4],[13.7,43.6],[13.6,43.6],[13.6,43.7],[13.3,43.7],[13.3,43.8],[13.1,43.8],[13.1,43.9],[13.0,43.9],[13.0,44.0],[12.7,44.0],[12.7,44.1],[12.6,44.1],[12.6,44.2],[12.5,44.2],[12.5,44.3],[12.4,44.3],[12.4,44.5],[12.3,44.5],[12.3,44.7],[12.5,44.7],[12.5,44.9],[12.6,44.9],[12.6,45.0],[12.5,45.0],[12.5,45.1],[12.4,45.1],[12.4,45.4],[12.7,45.4],[12.7,45.5],[12.9,45.5],[12.9,45.6],[13.2,45.6],[13.2,45.7],[13.3,45.7],[13.3,45.6],[13.5,45.6],[13.5,45.5],[13.4,45.5],[13.4,45.4],[13.5,45.4],[13.5,45.1],[13.6,45.1],[13.6,45.0],[13.7,45.0],[13.7,44.8],[13.9,44.8],[13.9,44.7],[14.0,44.7],[14.0,44.8],[14.1,44.8],[14.1,44.9],[14.2,44.9],[14.2,45.0],[14.3,45.0],[14.3,44.7],[14.2,44.7],[14.2,44.5],[14.4,44.5],[14.4,44.4],[14.6,44.4],[14.6,44.7],[14.7,44.7],[14.7,44.6],[14.8,44.6],[14.8,44.4],[14.9,44.4],[14.9,44.3],[15.1,44.3],[15.1,44.2],[15.2,44.2],[15.2,44.1],[15.3,44.1],[15.3,44.0],[15.6,44.0],[15.6,43.9],[16.0,43.9],[16.0,43.8],[16.1,43.8],[16.1,43.9],[16.3,43.9],[16.3,44.1],[16.0,44.1],[16.0,44.2],[15.7,44.2],[15.7,44.3],[15.3,44.3],[15.3,44.4],[15.2,44.4],[15.2,44.5],[15.1,44.5],[15.1,44.6],[15.0,44.6],[15.0,44.7],[14.9,44.7],[14.9,45.2],[14.7,45.2],[14.7,45.3],[14.6,45.3],[14.6,45.4],[14.3,45.4],[14.3,45.3],[14.5,45.3],[14.5,45.2],[14.2,45.2],[14.2,45.3],[14.1,45.3],[14.1,45.4],[14.0,45.4],[14.0,45.5],[13.9,45.5],[13.9,45.8],[14.0,45.8],[14.0,45.9],[13.8,45.9],[13.8,46.0],[13.6,46.0],[13.6,46.1],[13.5,46.1],[13.5,46.2],[13.2,46.2],[13.2,46.3],[13.0,46.3],[13.0,46.2],[12.6,46.2],[12.6,46.1],[12.5,46.1],[12.5,46.0],[12.1,46.0],[12.1,46.1],[11.9,46.1],[11.9,45.9],[11.8,45.9],[11.8,45.8],[11.3,45.8],[11.3,45.6],[11.2,45.6],[11.2,45.5],[11.0,45.5],[11.0,45.6],[10.8,45.6],[10.8,45.8],[10.6,45.8],[10.6,45.7],[10.5,45.7],[10.5,45.8],[10.4,45.8],[10.4,45.6],[10.1,45.6],[10.1,45.8],[10.0,45.8],[10.0,45.7],[9.8,45.7],[9.8,45.8],[9.4,45.8],[9.4,45.9],[9.3,45.9],[9.3,45.8],[9.1,45.8],[9.1,45.9],[9.0,45.9],[9.0,46.0],[8.9,46.0],[8.9,45.9],[8.8,45.9],[8.8,46.1],[9.0,46.1],[9.0,46.3],[8.9,46.3],[8.9,46.2],[8.7,46.2],[8.7,46.1],[8.6,46.1],[8.6,46.0],[8.4,46.0],[8.4,45.9],[8.5,45.9],[8.5,45.8],[8.4,45.8],[8.4,45.7],[8.3,45.7],[8.3,45.6],[7.8,45.6],[7.8,45.5],[7.7,45.5],[7.7,45.4],[7.6,45.4],[7.6,45.3],[7.5,45.3],[7.5,45.1],[7.3,45.1],[7.3,44.6],[7.5,44.6],[7.5,44.5],[8.0,44.5],[8.0,44.6],[8.3,44.6],[8.3,44.8],[8.5,44.8],[8.5,44.9],[8.6,44.9],[8.6,45.0],[8.7,45.0],[8.7,45.1],[9.0,45.1],[9.0,45.0],[9.2,45.0],[9.2,44.9],[9.4,44.9],[9.4,44.8],[9.6,44.8],[9.6,44.9],[10.1,44.9],[10.1,44.8],[10.2,44.8],[10.2,44.6],[10.3,44.6],[10.3,44.5],[10.5,44.5],[10.5,44.4],[10.9,44.4],[10.9,44.3],[11.0,44.3],[11.0,44.2],[11.3,44.2],[11.3,44.3],[11.5,44.3],[11.5,44.2],[11.6,44.2],[11.6,44.1],[11.7,44.1],[11.7,44.0],[11.8,44.0],[11.8,43.9],[12.1,43.9],[12.1,43.8],[12.3,43.8],[12.3,43.9],[12.4,43.9],[12.4,43.7],[12.3,43.7]],[[13.7,45.6],[13.5,45.6],[13.5,45.7],[13.7,45.7],[13.7,45.6]],[[15.4,40.9],[15.2,40.9],[15.2,41.0],[15.4,41.0],[15.4,40.9]]],[[[2.4,43.3],[2.1,43.3],[2.1,43.4],[2.0,43.4],[2.0,43.5],[2.3,43.5],[2.3,43.7],[2.2,43.7],[2.2,43.8],[2.3,43.8],[2.3,44.0],[2.2,44.0],[2.2,44.1],[2.1,44.1],[2.1,44.0],[2.0,44.0],[2.0,44.1],[1.9,44.1],[1.9,44.0],[1.8,44.0],[1.8,43.9],[1.7,43.9],[1.7,44.1],[1.6,44.1],[1.6,44.2],[1.2,44.2],[1.2,44.3],[1.1,44.3],[1.1,44.2],[0.6,44.2],[0.6,44.4],[1.0,44.4],[1.0,44.5],[0.1,44.5],[0.1,44.4],[0.2,44.4],[0.2,44.3],[0.3,44.3],[0.3,44.2],[0.2,44.2],[0.2,44.0],[0.1,44.0],[0.1,43.9],[-0.1,43.9],[-0.1,44.0],[-0.8,44.0],[-0.8,43.9],[-1.0,43.9],[-1.0,43.6],[-0.7,43.6],[-0.7,43.7],[-0.2,43.7],[-0.2,43.6],[0.1,43.6],[0.1,43.7],[0.0,43.7],[0.0,43.8],[0.2,43.8],[0.2,43.7],[0.6,43.7],[0.6,43.6],[0.7,43.6],[0.7,43.5],[0.8,43.5],[0.8,43.4],[1.0,43.4],[1.0,43.5],[1.1,43.5],[1.1,43.3],[1.5,43.3],[1.5,43.2],[1.6,43.2],[1.6,43.3],[2.0,43.3],[2.0,43.1],[2.1,43.1],[2.1,43.0],[2.3,43.0],[2.3,43.1],[2.4,43.1],[2.4,43.3]]],[[[0.2,44.9],[0.2,44.8],[0.5,44.8],[0.5,44.9],[0.2,44.9]]],[[[5.7,45.5],[5.7,45.7],[5.5,45.7],[5.5,45.8],[5.4,45.8],[5.4,45.9],[5.3,45.9],[5.3,46.0],[5.2,46.0],[5.2,45.9],[5.0,45.9],[5.0,45.8],[4.8,45.8],[4.8,45.4],[4.7,45.4],[4.7,45.3],[4.8,45.3],[4.8,44.8],[4.6,44.8],[4.6,44.6],[4.5,44.6],[4.5,44.7],[4.3,44.7],[4.3,44.6],[4.2,44.6],[4.2,44.5],[4.1,44.5],[4.1,44.3],[4.3,44.3],[4.3,44.2],[4.4,44.2],[4.4,44.3],[4.9,44.3],[4.9,44.2],[5.3,44.2],[5.3,44.3],[5.2,44.3],[5.2,44.4],[5.1,44.4],[5.1,44.5],[5.0,44.5],[5.0,44.6],[5.1,44.6],[5.1,45.0],[5.3,45.0],[5.3,45.1],[5.0,45.1],[5.0,45.4],[4.9,45.4],[4.9,45.5],[5.0,45.5],[5.0,45.7],[5.1,45.7],[5.1,45.6],[5.6,45.6],[5.6,45.5],[5.7,45.5]]],[[[6.1,45.5],[6.3,45.5],[6.3,45.6],[6.1,45.6],[6.1,45.5]]],[[[5.7,45.9],[5.7,45.7],[5.8,45.7],[5.8,45.9],[5.7,45.9]]],[[[4.7,45.9],[4.8,45.9],[4.8,46.2],[4.7,46.2],[4.7,45.9]]],[[[9.2,45.9],[9.3,45.9],[9.3,46.1],[9.5,46.1],[9.5,46.2],[9.2,46.2],[9.2,45.9]]],[[[11.3,46.4],[11.4,46.4],[11.4,46.5],[11.2,46.5],[11.2,46.3],[11.3,46.3],[11.3,46.4]]],[[[16.2,41.2],[16.0,41.2],[16.0,41.1],[16.1,41.1],[16.1,41.0],[16.3,41.0],[16.3,41.1],[16.2,41.1],[16.2,41.2]]],[[[21.5,41.6],[21.5,41.5],[21.3,41.5],[21.3,41.3],[21.1,41.3],[21.1,41.2],[21.2,41.2],[21.2,41.1],[21.3,41.1],[21.3,40.8],[21.4,40.8],[21.4,40.7],[21.5,40.7],[21.5,40.5],[21.6,40.5],[21.6,40.3],[21.5,40.3],[21.5,40.4],[21.4,40.4],[21.4,40.6],[21.2,40.6],[21.2,40.4],[21.3,40.4],[21.3,40.2],[21.5,40.2],[21.5,40.1],[21.6,40.1],[21.6,40.0],[21.8,40.0],[21.8,39.9],[22.2,39.9],[22.2,39.8],[22.3,39.8],[22.3,39.6],[22.4,39.6],[22.4,39.8],[22.5,39.8],[22.5,39.9],[22.6,39.9],[22.6,40.4],[22.5,40.4],[22.5,40.6],[22.4,40.6],[22.4,40.7],[22.7,40.7],[22.7,40.6],[23.0,40.6],[23.0,40.4],[23.1,40.4],[23.1,40.3],[23.4,40.3],[23.4,40.4],[23.5,40.4],[23.5,40.5],[23.4,40.5],[23.4,40.7],[23.5,40.7],[23.5,40.8],[23.6,40.8],[23.6,41.0],[23.7,41.0],[23.7,41.2],[23.5,41.2],[23.5,41.3],[23.6,41.3],[23.6,41.5],[23.5,41.5],[23.5,41.6],[23.4,41.6],[23.4,41.7],[23.3,41.7],[23.3,41.8],[23.2,41.8],[23.2,42.1],[23.1,42.1],[23.1,42.2],[23.2,42.2],[23.2,42.3],[22.8,42.3],[22.8,42.4],[22.6,42.4],[22.6,42.3],[22.7,42.3],[22.7,42.2],[22.9,42.2],[22.9,42.1],[23.0,42.1],[23.0,42.0],[22.9,42.0],[22.9,41.9],[23.1,41.9],[23.1,41.5],[22.8,41.5],[22.8,41.6],[22.6,41.6],[22.6,41.7],[22.4,41.7],[22.4,41.8],[22.6,41.8],[22.6,41.9],[22.8,41.9],[22.8,42.0],[22.2,42.0],[22.2,42.2],[22.0,42.2],[22.0,42.6],[21.8,42.6],[21.8,42.5],[21.7,42.5],[21.7,42.6],[21.5,42.6],[21.5,42.5],[21.4,42.5],[21.4,42.4],[21.3,42.4],[21.3,42.6],[21.2,42.6],[21.2,42.8],[21.3,42.8],[21.3,42.9],[20.9,42.9],[20.9,43.0],[20.8,43.0],[20.8,42.8],[20.7,42.8],[20.7,42.7],[20.6,42.7],[20.6,42.8],[20.3,42.8],[20.3,42.5],[20.2,42.5],[20.2,42.4],[20.0,42.4],[20.0,42.3],[19.9,42.3],[19.9,42.2],[19.6,42.2],[19.6,42.3],[19.5,42.3],[19.5,42.4],[19.4,42.4],[19.4,42.6],[19.1,42.6],[19.1,42.7],[19.0,42.7],[19.0,42.4],[18.9,42.4],[18.9,42.3],[18.8,42.3],[18.8,42.4],[18.7,42.4],[18.7,42.2],[19.0,42.2],[19.0,42.1],[19.1,42.1],[19.1,42.4],[19.3,42.4],[19.3,42.3],[19.4,42.3],[19.4,42.2],[19.5,42.2],[19.5,42.0],[19.6,42.0],[19.6,41.9],[19.7,41.9],[19.7,41.8],[19.8,41.8],[19.8,41.7],[19.7,41.7],[19.7,41.6],[19.9,41.6],[19.9,41.7],[20.1,41.7],[20.1,42.0],[20.0,42.0],[20.0,42.1],[20.3,42.1],[20.3,42.3],[20.4,42.3],[20.4,42.5],[20.5,42.5],[20.5,42.4],[20.6,42.4],[20.6,42.2],[20.8,42.2],[20.8,42.3],[20.9,42.3],[20.9,42.5],[21.0,42.5],[21.0,42.4],[21.1,42.4],[21.1,42.3],[21.2,42.3],[21.2,42.1],[21.0,42.1],[21.0,42.0],[20.9,42.0],[20.9,41.8],[21.0,41.8],[21.0,41.9],[21.5,41.9],[21.5,41.8],[21.6,41.8],[21.6,41.6],[21.5,41.6]],[[22.5,40.1],[22.5,39.9],[22.3,39.9],[22.3,40.0],[22.4,40.0],[22.4,40.1],[22.5,40.1]],[[21.5,41.4],[21.5,41.5],[21.7,41.5],[21.7,41.3],[21.6,41.3],[21.6,41.4],[21.5,41.4]],[[21.3,42.3],[21.5,42.3],[21.5,42.4],[21.6,42.4],[21.6,42.1],[21.3,42.1],[21.3,42.3]],[[22.3,41.3],[22.3,41.1],[22.0,41.1],[22.0,41.0],[21.9,41.0],[21.9,40.9],[21.8,40.9],[21.8,40.8],[21.6,40.8],[21.6,40.9],[21.7,40.9],[21.7,41.1],[21.8,41.1],[21.8,41.2],[22.1,41.2],[22.1,41.3],[22.3,41.3]],[[22.3,41.0],[22.3,41.1],[22.4,41.1],[22.4,40.9],[22.2,40.9],[22.2,41.0],[22.3,41.0]],[[22.0,40.6],[22.1,40.6],[22.1,40.4],[21.9,40.4],[21.9,40.5],[21.8,40.5],[21.8,40.6],[21.9,40.6],[21.9,40.7],[22.0,40.7],[22.0,40.6]],[[22.2,40.1],[22.1,40.1],[22.1,40.3],[22.3,40.3],[22.3,40.2],[22.2,40.2],[22.2,40.1]]],[[[24.2,41.3],[24.2,41.4],[24.1,41.4],[24.1,41.5],[24.0,41.5],[24.0,41.6],[23.8,41.6],[23.8,41.7],[23.7,41.7],[23.7,41.5],[23.8,41.5],[23.8,41.4],[23.7,41.4],[23.7,41.3],[23.8,41.3],[23.8,41.1],[23.9,41.1],[23.9,41.3],[24.2,41.3]]],[[[15.6,41.6],[16.0,41.6],[16.0,41.9],[15.8,41.9],[15.8,41.8],[15.7,41.8],[15.7,42.0],[15.6,42.0],[15.6,41.9],[15.4,41.9],[15.4,41.8],[15.5,41.8],[15.5,41.7],[15.6,41.7],[15.6,41.6]]],[[[20.5,42.1],[20.3,42.1],[20.3,41.9],[20.4,41.9],[20.4,42.0],[20.5,42.0],[20.5,42.1]]],[[[22.9,42.4],[23.1,42.4],[23.1,42.5],[22.9,42.5],[22.9,42.4]]],[[[23.2,42.7],[23.4,42.7],[23.4,42.6],[23.6,42.6],[23.6,42.7],[23.5,42.7],[23.5,42.8],[23.2,42.8],[23.2,42.7]]],[[[17.9,43.5],[17.8,43.5],[17.8,43.4],[17.3,43.4],[17.3,43.5],[17.1,43.5],[17.1,43.3],[17.3,43.3],[17.3,43.2],[17.4,43.2],[17.4,43.3],[17.5,43.3],[17.5,43.2],[17.6,43.2],[17.6,43.1],[17.7,43.1],[17.7,43.0],[17.8,43.0],[17.8,42.9],[18.1,42.9],[18.1,43.1],[18.0,43.1],[18.0,43.2],[17.9,43.2],[17.9,43.5]]],[[[17.7,43.5],[17.8,43.5],[17.8,43.6],[18.0,43.6],[18.0,43.7],[17.9,43.7],[17.9,43.8],[17.8,43.8],[17.8,43.7],[17.7,43.7],[17.7,43.5]]],[[[26.1,43.7],[26.2,43.7],[26.2,43.8],[26.5,43.8],[26.5,43.9],[26.8,43.9],[26.8,44.0],[26.4,44.0],[26.4,43.9],[26.1,43.9],[26.1,43.8],[26.0,43.8],[26.0,43.9],[25.8,43.9],[25.8,43.8],[25.7,43.8],[25.7,43.7],[26.0,43.7],[26.0,43.6],[26.1,43.6],[26.1,43.7]]],[[[19.6,44.1],[19.5,44.1],[19.5,43.9],[19.6,43.9],[19.6,44.1]]],[[[22.1,44.3],[22.2,44.3],[22.2,44.5],[22.1,44.5],[22.1,44.3]]],[[[18.4,44.6],[18.4,44.7],[18.2,44.7],[18.2,44.6],[18.3,44.6],[18.3,44.5],[18.4,44.5],[18.4,44.4],[18.9,44.4],[18.9,44.5],[18.7,44.5],[18.7,44.6],[18.4,44.6]]],[[[17.0,44.8],[17.0,45.0],[17.2,45.0],[17.2,44.9],[17.1,44.9],[17.1,44.8],[17.5,44.8],[17.5,44.7],[17.6,44.7],[17.6,44.8],[17.7,44.8],[17.7,44.7],[17.8,44.7],[17.8,44.6],[18.0,44.6],[18.0,44.4],[18.2,44.4],[18.2,44.5],[18.1,44.5],[18.1,44.7],[18.2,44.7],[18.2,44.9],[18.4,44.9],[18.4,44.7],[18.5,44.7],[18.5,44.8],[18.7,44.8],[18.7,44.7],[18.9,44.7],[18.9,44.6],[19.1,44.6],[19.1,44.5],[19.0,44.5],[19.0,44.4],[19.2,44.4],[19.2,44.5],[19.4,44.5],[19.4,44.3],[19.7,44.3],[19.7,44.4],[19.8,44.4],[19.8,44.2],[20.6,44.2],[20.6,43.9],[20.5,43.9],[20.5,44.0],[20.3,44.0],[20.3,43.8],[20.5,43.8],[20.5,43.6],[20.6,43.6],[20.6,43.7],[20.7,43.7],[20.7,43.6],[21.0,43.6],[21.0,43.4],[21.1,43.4],[21.1,43.3],[21.2,43.3],[21.2,43.1],[21.4,43.1],[21.4,43.2],[21.6,43.2],[21.6,42.9],[21.5,42.9],[21.5,42.8],[21.9,42.8],[21.9,42.9],[22.2,42.9],[22.2,43.0],[22.1,43.0],[22.1,43.1],[22.0,43.1],[22.0,43.2],[22.4,43.2],[22.4,43.3],[22.1,43.3],[22.1,43.4],[22.2,43.4],[22.2,43.5],[22.3,43.5],[22.3,43.6],[22.4,43.6],[22.4,43.8],[22.5,43.8],[22.5,43.7],[22.6,43.7],[22.6,43.6],[22.7,43.6],[22.7,43.5],[23.0,43.5],[23.0,43.3],[23.1,43.3],[23.1,43.2],[23.6,43.2],[23.6,43.1],[23.7,43.1],[23.7,42.9],[23.9,42.9],[23.9,43.1],[24.1,43.1],[24.1,43.0],[24.5,43.0],[24.5,43.1],[24.7,43.1],[24.7,43.0],[24.8,43.0],[24.8,42.9],[25.3,42.9],[25.3,43.0],[25.2,43.0],[25.2,43.1],[25.4,43.1],[25.4,42.9],[26.0,42.9],[26.0,43.0],[26.1,43.0],[26.1,42.9],[26.2,42.9],[26.2,43.1],[26.0,43.1],[26.0,43.2],[26.1,43.2],[26.1,43.3],[25.9,43.3],[25.9,43.4],[25.8,43.4],[25.8,43.5],[25.7,43.5],[25.7,43.6],[25.6,43.6],[25.6,43.5],[25.4,43.5],[25.4,43.4],[25.3,43.4],[25.3,43.5],[25.2,43.5],[25.2,43.4],[25.1,43.4],[25.1,43.5],[24.9,43.5],[24.9,43.4],[24.8,43.4],[24.8,43.3],[24.7,43.3],[24.7,43.6],[24.8,43.6],[24.8,43.7],[25.0,43.7],[25.0,43.8],[24.8,43.8],[24.8,43.9],[24.7,43.9],[24.7,44.0],[24.4,44.0],[24.4,43.9],[24.3,43.9],[24.3,44.0],[24.0,44.0],[24.0,44.1],[23.9,44.1],[23.9,44.2],[23.8,44.2],[23.8,44.5],[23.6,44.5],[23.6,44.6],[23.5,44.6],[23.5,44.7],[23.4,44.7],[23.4,44.9],[23.3,44.9],[23.3,45.1],[23.2,45.1],[23.2,45.0],[23.0,45.0],[23.0,45.1],[22.9,45.1],[22.9,45.0],[22.8,45.0],[22.8,44.9],[22.9,44.9],[22.9,44.8],[22.6,44.8],[22.6,44.7],[22.5,44.7],[22.5,44.6],[22.4,44.6],[22.4,44.5],[22.3,44.5],[22.3,44.1],[22.1,44.1],[22.1,44.0],[21.9,44.0],[21.9,43.8],[22.2,43.8],[22.2,43.6],[22.1,43.6],[22.1,43.5],[22.0,43.5],[22.0,43.4],[21.9,43.4],[21.9,43.5],[21.8,43.5],[21.8,43.6],[21.9,43.6],[21.9,43.7],[21.6,43.7],[21.6,43.9],[21.5,43.9],[21.5,44.2],[21.6,44.2],[21.6,44.3],[21.5,44.3],[21.5,44.4],[21.8,44.4],[21.8,44.5],[21.7,44.5],[21.7,44.6],[22.0,44.6],[22.0,44.7],[21.7,44.7],[21.7,44.8],[21.6,44.8],[21.6,44.9],[21.7,44.9],[21.7,45.1],[21.8,45.1],[21.8,45.3],[21.9,45.3],[21.9,45.4],[22.0,45.4],[22.0,45.5],[22.2,45.5],[22.2,45.6],[22.1,45.6],[22.1,45.7],[22.2,45.7],[22.2,45.8],[22.3,45.8],[22.3,46.0],[22.1,46.0],[22.1,46.1],[22.0,46.1],[22.0,46.0],[21.9,46.0],[21.9,46.1],[21.6,46.1],[21.6,46.2],[21.7,46.2],[21.7,46.3],[21.9,46.3],[21.9,46.5],[22.0,46.5],[22.0,46.7],[22.1,46.7],[22.1,46.8],[21.9,46.8],[21.9,46.9],[21.8,46.9],[21.8,47.1],[21.6,47.1],[21.6,47.0],[21.5,47.0],[21.5,46.9],[21.2,46.9],[21.2,46.8],[21.1,46.8],[21.1,46.9],[20.7,46.9],[20.7,46.8],[20.3,46.8],[20.3,46.7],[20.0,46.7],[20.0,46.6],[19.9,46.6],[19.9,46.5],[19.8,46.5],[19.8,46.4],[19.7,46.4],[19.7,46.3],[19.5,46.3],[19.5,46.6],[19.4,46.6],[19.4,46.7],[19.3,46.7],[19.3,46.8],[19.2,46.8],[19.2,47.3],[19.1,47.3],[19.1,47.4],[18.9,47.4],[18.9,47.3],[18.6,47.3],[18.6,47.2],[18.4,47.2],[18.4,47.3],[18.3,47.3],[18.3,47.2],[18.1,47.2],[18.1,47.1],[18.0,47.1],[18.0,47.0],[17.8,47.0],[17.8,46.9],[17.3,46.9],[17.3,47.0],[17.4,47.0],[17.4,47.3],[17.5,47.3],[17.5,47.4],[17.6,47.4],[17.6,47.5],[18.1,47.5],[18.1,47.6],[18.2,47.6],[18.2,47.7],[18.3,47.7],[18.3,47.8],[18.2,47.8],[18.2,48.1],[18.1,48.1],[18.1,48.2],[17.9,48.2],[17.9,48.3],[17.6,48.3],[17.6,48.2],[17.3,48.2],[17.3,48.1],[17.2,48.1],[17.2,48.0],[17.1,48.0],[17.1,47.9],[16.7,47.9],[16.7,47.6],[16.8,47.6],[16.8,47.5],[16.9,47.5],[16.9,47.4],[16.8,47.4],[16.8,47.2],[16.7,47.2],[16.7,47.1],[16.6,47.1],[16.6,47.0],[16.8,47.0],[16.8,47.1],[16.9,47.1],[16.9,47.2],[17.0,47.2],[17.0,47.0],[16.9,47.0],[16.9,46.9],[17.1,46.9],[17.1,46.8],[16.9,46.8],[16.9,46.5],[16.6,46.5],[16.6,46.7],[16.0,46.7],[16.0,46.5],[16.4,46.5],[16.4,46.4],[16.1,46.4],[16.1,46.3],[16.2,46.3],[16.2,46.2],[16.7,46.2],[16.7,46.1],[15.9,46.1],[15.9,46.2],[15.7,46.2],[15.7,46.1],[15.6,46.1],[15.6,46.0],[15.4,46.0],[15.4,45.9],[15.2,45.9],[15.2,45.8],[15.3,45.8],[15.3,45.7],[15.2,45.7],[15.2,45.6],[15.1,45.6],[15.1,45.5],[15.2,45.5],[15.2,45.3],[15.3,45.3],[15.3,45.2],[15.5,45.2],[15.5,45.1],[15.6,45.1],[15.6,45.2],[15.7,45.2],[15.7,45.1],[16.0,45.1],[16.0,45.2],[16.2,45.2],[16.2,45.3],[16.4,45.3],[16.4,45.2],[16.3,45.2],[16.3,45.1],[16.2,45.1],[16.2,44.9],[16.6,44.9],[16.6,44.7],[16.7,44.7],[16.7,44.8],[17.0,44.8]],[[23.2,44.7],[23.4,44.7],[23.4,44.6],[23.3,44.6],[23.3,44.4],[23.1,44.4],[23.1,44.5],[22.9,44.5],[22.9,44.6],[22.8,44.6],[22.8,44.7],[23.0,44.7],[23.0,44.6],[23.2,44.6],[23.2,44.7]],[[23.2,44.9],[23.2,44.7],[23.1,44.7],[23.1,44.8],[23.0,44.8],[23.0,44.9],[23.2,44.9]],[[21.6,43.3],[21.2,43.3],[21.2,43.4],[21.3,43.4],[21.3,43.5],[21.5,43.5],[21.5,43.4],[21.6,43.4],[21.6,43.3]],[[17.0,45.1],[17.0,45.0],[16.6,45.0],[16.6,45.1],[17.0,45.1]],[[18.5,46.2],[18.3,46.2],[18.3,46.1],[18.0,46.1],[18.0,46.2],[18.2,46.2],[18.2,46.3],[18.3,46.3],[18.3,46.4],[18.4,46.4],[18.4,46.3],[18.5,46.3],[18.5,46.2]],[[16.0,46.0],[16.2,46.0],[16.2,45.9],[16.0,45.9],[16.0,46.0]],[[17.7,45.6],[17.7,45.5],[17.6,45.5],[17.6,45.4],[17.5,45.4],[17.5,45.3],[17.4,45.3],[17.4,45.4],[17.3,45.4],[17.3,45.6],[17.7,45.6]],[[17.7,45.4],[17.7,45.5],[17.9,45.5],[17.9,45.4],[17.7,45.4]],[[20.9,43.8],[20.8,43.8],[20.8,43.9],[21.0,43.9],[21.0,43.7],[20.9,43.7],[20.9,43.8]],[[24.3,43.7],[24.3,43.6],[24.2,43.6],[24.2,43.5],[23.9,43.5],[23.9,43.7],[24.3,43.7]],[[24.3,43.5],[24.3,43.6],[24.5,43.6],[24.5,43.5],[24.3,43.5]],[[24.8,43.2],[25.1,43.2],[25.1,43.1],[25.0,43.1],[25.0,43.0],[24.9,43.0],[24.9,43.1],[24.8,43.1],[24.8,43.2]]],[[[22.9,45.9],[22.9,45.8],[23.2,45.8],[23.2,45.9],[22.9,45.9]]],[[[22.5,45.9],[22.7,45.9],[22.7,46.0],[22.5,46.0],[22.5,45.9]]],[[[19.7,47.2],[19.5,47.2],[19.5,47.1],[19.6,47.1],[19.6,47.0],[19.8,47.0],[19.8,47.1],[19.7,47.1],[19.7,47.2]]],[[[19.3,47.2],[19.5,47.2],[19.5,47.3],[19.4,47.3],[19.4,47.4],[19.3,47.4],[19.3,47.2]]],[[[34.8,40.5],[34.7,40.5],[34.7,40.4],[35.1,40.4],[35.1,40.5],[35.0,40.5],[35.0,40.6],[34.8,40.6],[34.8,40.5]]],[[[34.6,40.5],[34.7,40.5],[34.7,40.7],[34.6,40.7],[34.6,40.6],[34.5,40.6],[34.5,40.5],[34.3,40.5],[34.3,40.4],[34.6,40.4],[34.6,40.5]]],[[[33.8,40.5],[33.8,40.7],[33.6,40.7],[33.6,40.6],[33.5,40.6],[33.5,40.5],[33.8,40.5]]],[[[35.6,40.8],[35.6,40.9],[35.3,40.9],[35.3,40.7],[35.5,40.7],[35.5,40.8],[35.6,40.8]]],[[[34.1,41.0],[34.3,41.0],[34.3,41.1],[34.1,41.1],[34.1,41.0]]],[[[39.2,41.0],[39.2,41.1],[38.8,41.1],[38.8,41.0],[37.9,41.0],[37.9,41.1],[37.8,41.1],[37.8,41.2],[37.6,41.2],[37.6,41.1],[37.4,41.1],[37.4,41.2],[37.1,41.2],[37.1,41.3],[37.0,41.3],[37.0,41.4],[36.5,41.4],[36.5,41.3],[36.4,41.3],[36.4,41.4],[36.2,41.4],[36.2,41.5],[35.9,41.5],[35.9,41.4],[36.1,41.4],[36.1,41.3],[36.2,41.3],[36.2,41.2],[36.5,41.2],[36.5,41.1],[36.6,41.1],[36.6,40.8],[36.7,40.8],[36.7,41.0],[36.9,41.0],[36.9,41.1],[37.0,41.1],[37.0,41.0],[37.4,41.0],[37.4,40.9],[37.6,40.9],[37.6,41.0],[37.8,41.0],[37.8,40.8],[37.9,40.8],[37.9,40.9],[38.3,40.9],[38.3,40.8],[38.8,40.8],[38.8,40.9],[39.0,40.9],[39.0,41.0],[39.2,41.0]]],[[[33.0,41.1],[33.0,41.2],[32.8,41.2],[32.8,41.3],[32.6,41.3],[32.6,41.2],[32.5,41.2],[32.5,41.1],[32.6,41.1],[32.6,41.0],[32.7,41.0],[32.7,41.1],[33.0,41.1]]],[[[35.6,41.0],[35.6,41.3],[35.2,41.3],[35.2,41.4],[35.0,41.4],[35.0,41.5],[34.9,41.5],[34.9,41.6],[34.6,41.6],[34.6,41.5],[34.7,41.5],[34.7,41.3],[34.8,41.3],[34.8,41.2],[34.7,41.2],[34.7,41.1],[34.6,41.1],[34.6,41.2],[34.4,41.2],[34.4,41.0],[34.5,41.0],[34.5,40.9],[34.8,40.9],[34.8,40.8],[34.9,40.8],[34.9,40.7],[35.0,40.7],[35.0,41.0],[34.8,41.0],[34.8,41.1],[34.9,41.1],[34.9,41.2],[35.1,41.2],[35.1,41.1],[35.5,41.1],[35.5,41.0],[35.6,41.0]]],[[[32.3,41.4],[32.6,41.4],[32.6,41.5],[32.7,41.5],[32.7,41.7],[32.8,41.7],[32.8,41.9],[32.5,41.9],[32.5,41.8],[32.2,41.8],[32.2,41.7],[32.1,41.7],[32.1,41.6],[31.8,41.6],[31.8,41.5],[31.6,41.5],[31.6,41.4],[31.3,41.4],[31.3,41.2],[31.2,41.2],[31.2,41.1],[30.8,41.1],[30.8,41.2],[30.2,41.2],[30.2,41.1],[30.1,41.1],[30.1,40.8],[30.2,40.8],[30.2,40.6],[30.8,40.6],[30.8,40.8],[31.0,40.8],[31.0,40.7],[31.2,40.7],[31.2,40.8],[31.3,40.8],[31.3,40.9],[31.2,40.9],[31.2,41.0],[31.4,41.0],[31.4,41.1],[31.6,41.1],[31.6,41.2],[31.8,41.2],[31.8,41.3],[31.7,41.3],[31.7,41.4],[31.9,41.4],[31.9,41.2],[32.2,41.2],[32.2,41.3],[32.3,41.3],[32.3,41.4]]],[[[33.0,41.3],[33.0,41.2],[33.2,41.2],[33.2,41.3],[33.0,41.3]]],[[[35.8,41.6],[35.6,41.6],[35.6,41.5],[35.7,41.5],[35.7,41.4],[35.8,41.4],[35.8,41.6]]],[[[35.3,41.6],[35.6,41.6],[35.6,41.7],[35.4,41.7],[35.4,41.8],[35.2,41.8],[35.2,41.7],[35.3,41.7],[35.3,41.6]]],[[[34.9,41.8],[35.2,41.8],[35.2,41.9],[35.0,41.9],[35.0,42.0],[34.2,42.0],[34.2,41.9],[34.9,41.9],[34.9,41.8]]],[[[32.9,41.8],[33.0,41.8],[33.0,41.9],[33.3,41.9],[33.3,42.0],[33.5,42.0],[33.5,42.1],[33.2,42.1],[33.2,42.0],[32.9,42.0],[32.9,41.8]]],[[[29.7,45.6],[29.7,45.7],[30.0,45.7],[30.0,45.8],[30.3,45.8],[30.3,45.9],[30.4,45.9],[30.4,46.0],[30.5,46.0],[30.5,46.2],[30.4,46.2],[30.4,46.1],[30.2,46.1],[30.2,46.0],[30.0,46.0],[30.0,45.9],[29.8,45.9],[29.8,45.8],[29.5,45.8],[29.5,45.7],[29.4,45.7],[29.4,45.6],[29.3,45.6],[29.3,45.5],[29.1,45.5],[29.1,45.4],[29.0,45.4],[29.0,45.3],[28.8,45.3],[28.8,45.1],[28.7,45.1],[28.7,44.9],[28.8,44.9],[28.8,44.8],[28.6,44.8],[28.6,44.6],[28.4,44.6],[28.4,44.5],[28.1,44.5],[28.1,44.6],[28.0,44.6],[28.0,44.7],[27.9,44.7],[27.9,44.6],[27.8,44.6],[27.8,44.5],[27.7,44.5],[27.7,44.4],[27.5,44.4],[27.5,44.3],[27.2,44.3],[27.2,44.2],[26.9,44.2],[26.9,43.9],[27.1,43.9],[27.1,44.0],[27.2,44.0],[27.2,44.1],[27.3,44.1],[27.3,43.6],[27.2,43.6],[27.2,43.5],[27.1,43.5],[27.1,43.4],[26.9,43.4],[26.9,43.3],[26.6,43.3],[26.6,43.4],[26.4,43.4],[26.4,43.3],[26.5,43.3],[26.5,43.2],[26.6,43.2],[26.6,43.1],[26.5,43.1],[26.5,43.0],[26.9,43.0],[26.9,42.9],[26.6,42.9],[26.6,42.7],[25.7,42.7],[25.7,42.6],[25.5,42.6],[25.5,42.7],[25.1,42.7],[25.1,42.6],[25.3,42.6],[25.3,42.4],[25.1,42.4],[25.1,42.5],[25.0,42.5],[25.0,42.6],[24.8,42.6],[24.8,42.7],[24.6,42.7],[24.6,42.6],[24.7,42.6],[24.7,42.5],[24.1,42.5],[24.1,42.4],[24.0,42.4],[24.0,42.3],[23.9,42.3],[23.9,42.2],[24.1,42.2],[24.1,42.1],[24.3,42.1],[24.3,42.0],[24.9,42.0],[24.9,41.9],[25.2,41.9],[25.2,41.6],[25.5,41.6],[25.5,41.7],[26.3,41.7],[26.3,41.8],[26.8,41.8],[26.8,41.9],[26.9,41.9],[26.9,41.8],[27.0,41.8],[27.0,41.9],[27.1,41.9],[27.1,42.1],[27.3,42.1],[27.3,42.0],[27.9,42.0],[27.9,42.2],[27.8,42.2],[27.8,42.4],[27.7,42.4],[27.7,42.6],[27.8,42.6],[27.8,42.7],[27.9,42.7],[27.9,42.9],[28.0,42.9],[28.0,43.2],[28.1,43.2],[28.1,43.3],[28.2,43.3],[28.2,43.4],[28.4,43.4],[28.4,43.3],[28.5,43.3],[28.5,43.4],[28.6,43.4],[28.6,43.5],[28.7,43.5],[28.7,43.6],[28.6,43.6],[28.6,43.8],[28.7,43.8],[28.7,44.1],[28.8,44.1],[28.8,44.2],[28.7,44.2],[28.7,44.3],[28.8,44.3],[28.8,44.4],[28.9,44.4],[28.9,44.6],[29.0,44.6],[29.0,44.7],[28.9,44.7],[28.9,44.9],[29.1,44.9],[29.1,45.0],[29.2,45.0],[29.2,45.2],[29.3,45.2],[29.3,45.4],[29.4,45.4],[29.4,45.5],[29.5,45.5],[29.5,45.6],[29.7,45.6]]],[[[35.0,45.8],[35.0,45.7],[34.8,45.7],[34.8,45.8],[34.7,45.8],[34.7,45.9],[34.6,45.9],[34.6,46.0],[34.4,46.0],[34.4,45.9],[34.3,45.9],[34.3,46.0],[33.7,46.0],[33.7,46.1],[33.5,46.1],[33.5,46.2],[32.3,46.2],[32.3,46.3],[32.0,46.3],[32.0,46.4],[31.8,46.4],[31.8,46.5],[31.7,46.5],[31.7,46.3],[31.6,46.3],[31.6,46.4],[31.5,46.4],[31.5,46.2],[31.8,46.2],[31.8,46.1],[32.0,46.1],[32.0,46.2],[32.1,46.2],[32.1,46.1],[32.3,46.1],[32.3,46.0],[33.1,46.0],[33.1,46.1],[33.2,46.1],[33.2,46.0],[33.6,46.0],[33.6,45.9],[33.3,45.9],[33.3,45.8],[33.2,45.8],[33.2,45.9],[33.1,45.9],[33.1,45.8],[33.0,45.8],[33.0,45.7],[32.8,45.7],[32.8,45.6],[32.6,45.6],[32.6,45.5],[32.4,45.5],[32.4,45.3],[33.0,45.3],[33.0,45.2],[33.1,45.2],[33.1,45.1],[33.5,45.1],[33.5,45.0],[33.6,45.0],[33.6,44.9],[33.5,44.9],[33.5,44.7],[33.4,44.7],[33.4,44.6],[33.3,44.6],[33.3,44.5],[33.5,44.5],[33.5,44.4],[33.7,44.4],[33.7,44.3],[34.0,44.3],[34.0,44.4],[33.9,44.4],[33.9,44.5],[34.0,44.5],[34.0,44.8],[34.1,44.8],[34.1,44.9],[34.3,44.9],[34.3,45.0],[34.9,45.0],[34.9,44.9],[34.6,44.9],[34.6,44.8],[34.4,44.8],[34.4,44.7],[34.3,44.7],[34.3,44.5],[34.4,44.5],[34.4,44.6],[34.5,44.6],[34.5,44.7],[34.7,44.7],[34.7,44.8],[35.0,44.8],[35.0,44.7],[35.1,44.7],[35.1,44.8],[35.2,44.8],[35.2,44.9],[35.4,44.9],[35.4,45.0],[35.5,45.0],[35.5,45.1],[35.7,45.1],[35.7,45.0],[36.5,45.0],[36.5,45.2],[36.6,45.2],[36.6,45.1],[36.9,45.1],[36.9,45.0],[37.2,45.0],[37.2,44.9],[37.3,44.9],[37.3,44.7],[37.4,44.7],[37.4,44.6],[37.9,44.6],[37.9,44.5],[38.1,44.5],[38.1,44.4],[38.3,44.4],[38.3,44.3],[38.7,44.3],[38.7,44.2],[38.8,44.2],[38.8,44.1],[39.0,44.1],[39.0,44.0],[39.2,44.0],[39.2,43.9],[39.3,43.9],[39.3,43.8],[39.4,43.8],[39.4,43.7],[39.5,43.7],[39.5,43.6],[39.7,43.6],[39.7,43.5],[39.8,43.5],[39.8,43.4],[39.9,43.4],[39.9,43.3],[40.0,43.3],[40.0,43.7],[39.7,43.7],[39.7,43.9],[39.4,43.9],[39.4,44.2],[39.5,44.2],[39.5,44.3],[39.7,44.3],[39.7,44.2],[39.9,44.2],[39.9,44.3],[40.0,44.3],[40.0,45.1],[39.9,45.1],[39.9,45.2],[39.6,45.2],[39.6,45.3],[39.4,45.3],[39.4,45.4],[39.1,45.4],[39.1,45.5],[38.5,45.5],[38.5,45.6],[38.3,45.6],[38.3,45.7],[38.2,45.7],[38.2,45.8],[38.1,45.8],[38.1,46.1],[37.9,46.1],[37.9,45.9],[37.8,45.9],[37.8,45.8],[37.7,45.8],[37.7,45.7],[37.6,45.7],[37.6,45.5],[37.5,45.5],[37.5,45.4],[37.0,45.4],[37.0,45.5],[36.0,45.5],[36.0,45.4],[35.9,45.4],[35.9,45.5],[35.7,45.5],[35.7,45.4],[35.4,45.4],[35.4,45.5],[35.3,45.5],[35.3,45.6],[35.1,45.6],[35.1,45.8],[35.0,45.8]]],[[[34.8,46.1],[34.8,45.9],[34.9,45.9],[34.9,46.0],[35.1,46.0],[35.1,46.1],[35.3,46.1],[35.3,46.3],[35.2,46.3],[35.2,46.2],[34.9,46.2],[34.9,46.1],[34.8,46.1]]],[[[36.3,46.6],[36.1,46.6],[36.1,46.4],[36.2,46.4],[36.2,46.5],[36.3,46.5],[36.3,46.6]]],[[[31.6,46.5],[31.6,46.6],[31.4,46.6],[31.4,46.5],[31.6,46.5]]]]}},
{"type":"Feature","properties":{"k":"Cfb"},"geometry":{"type":"MultiPolygon","coordinates":[[[[-1.1,40.2],[-1.2,40.2],[-1.2,40.0],[-1.1,40.0],[-1.1,39.9],[-0.8,39.9],[-0.8,40.0],[-0.6,40.0],[-0.6,40.1],[-0.5,40.1],[-0.5,40.2],[-0.2,40.2],[-0.2,40.3],[-0.1,40.3],[-0.1,40.4],[0.0,40.4],[0.0,40.5],[0.1,40.5],[0.1,40.6],[0.2,40.6],[0.2,40.8],[-0.1,40.8],[-0.1,40.7],[-0.4,40.7],[-0.4,40.8],[-0.5,40.8],[-0.5,40.9],[-0.6,40.9],[-0.6,40.8],[-0.7,40.8],[-0.7,41.0],[-0.8,41.0],[-0.8,40.9],[-0.9,40.9],[-0.9,41.0],[-1.0,41.0],[-1.0,41.1],[-1.1,41.1],[-1.1,41.2],[-1.2,41.2],[-1.2,41.1],[-1.3,41.1],[-1.3,41.0],[-1.2,41.0],[-1.2,40.8],[-1.3,40.8],[-1.3,40.6],[-1.2,40.6],[-1.2,40.4],[-1.1,40.4],[-1.1,40.5],[-1.0,40.5],[-1.0,40.3],[-1.1,40.3],[-1.1,40.2]],[[-0.6,40.2],[-0.6,40.1],[-0.8,40.1],[-0.8,40.2],[-0.6,40.2]]],[[[-1.4,40.2],[-1.2,40.2],[-1.2,40.3],[-1.3,40.3],[-1.3,40.5],[-1.4,40.5],[-1.4,40.7],[-1.5,40.7],[-1.5,40.9],[-1.6,40.9],[-1.6,41.0],[-1.4,41.0],[-1.4,41.1],[-1.6,41.1],[-1.6,41.2],[-1.7,41.2],[-1.7,41.1],[-1.9,41.1],[-1.9,41.2],[-2.4,41.2],[-2.4,41.1],[-2.1,41.1],[-2.1,40.9],[-2.0,40.9],[-2.0,40.8],[-1.9,40.8],[-1.9,40.7],[-1.8,40.7],[-1.8,40.6],[-1.7,40.6],[-1.7,40.5],[-1.6,40.5],[-1.6,40.3],[-1.5,40.3],[-1.5,40.0],[-1.4,40.0],[-1.4,40.2]]],[[[-2.4,42.4],[-2.4,42.3],[-2.5,42.3],[-2.5,42.4],[-2.6,42.4],[-2.6,42.3],[-2.8,42.3],[-2.8,42.4],[-2.9,42.4],[-2.9,42.5],[-3.0,42.5],[-3.0,42.6],[-3.1,42.6],[-3.1,42.5],[-3.2,42.5],[-3.2,42.4],[-3.1,42.4],[-3.1,42.3],[-2.9,42.3],[-2.9,42.2],[-2.8,42.2],[-2.8,41.8],[-2.9,41.8],[-2.9,41.5],[-3.2,41.5],[-3.2,41.4],[-3.1,41.4],[-3.1,41.3],[-2.8,41.3],[-2.8,41.4],[-2.4,41.4],[-2.4,41.3],[-2.3,41.3],[-2.3,41.4],[-2.2,41.4],[-2.2,41.5],[-2.1,41.5],[-2.1,41.4],[-1.9,41.4],[-1.9,41.5],[-1.7,41.5],[-1.7,41.6],[-1.6,41.6],[-1.6,41.8],[-1.7,41.8],[-1.7,41.9],[-1.8,41.9],[-1.8,42.0],[-2.0,42.0],[-2.0,42.1],[-1.9,42.1],[-1.9,42.2],[-2.1,42.2],[-2.1,42.3],[-2.2,42.3],[-2.2,42.4],[-2.4,42.4]]],[[[1.1,42.0],[1.1,42.1],[0.9,42.1],[0.9,42.0],[1.1,42.0]]],[[[-6.9,43.4],[-6.8,43.4],[-6.8,43.5],[-6.9,43.5],[-6.9,43.6],[-7.3,43.6],[-7.3,43.7],[-7.6,43.7],[-7.6,43.8],[-7.7,43.8],[-7.7,43.7],[-7.8,43.7],[-7.8,43.6],[-7.9,43.6],[-7.9,43.5],[-8.0,43.5],[-8.0,43.4],[-7.9,43.4],[-7.9,43.3],[-7.8,43.3],[-7.8,43.4],[-7.5,43.4],[-7.5,43.3],[-7.3,43.3],[-7.3,43.4],[-7.2,43.4],[-7.2,43.5],[-7.1,43.5],[-7.1,43.3],[-6.9,43.3],[-6.9,43.4]]],[[[6.9,43.9],[6.9,44.1],[6.8,44.1],[6.8,44.0],[6.7,44.0],[6.7,43.9],[6.9,43.9]]],[[[7.6,44.2],[7.6,44.3],[7.5,44.3],[7.5,44.4],[7.4,44.4],[7.4,44.5],[7.5,44.5],[7.5,44.6],[7.3,44.6],[7.3,44.5],[7.2,44.5],[7.2,44.4],[7.3,44.4],[7.3,44.3],[7.4,44.3],[7.4,44.2],[7.6,44.2]]],[[[8.9,44.7],[8.9,44.6],[9.0,44.6],[9.0,44.4],[9.6,44.4],[9.6,44.3],[9.9,44.3],[9.9,44.4],[10.0,44.4],[10.0,44.3],[10.1,44.3],[10.1,44.1],[10.2,44.1],[10.2,44.0],[10.3,44.0],[10.3,43.9],[10.5,43.9],[10.5,44.0],[10.6,44.0],[10.6,43.9],[10.8,43.9],[10.8,44.0],[11.2,44.0],[11.2,44.1],[11.3,44.1],[11.3,44.2],[11.0,44.2],[11.0,44.3],[10.9,44.3],[10.9,44.4],[10.5,44.4],[10.5,44.5],[10.3,44.5],[10.3,44.6],[10.0,44.6],[10.0,44.5],[9.9,44.5],[9.9,44.7],[9.8,44.7],[9.8,44.8],[9.4,44.8],[9.4,44.9],[9.1,44.9],[9.1,44.8],[9.0,44.8],[9.0,44.7],[8.9,44.7]],[[10.3,44.3],[10.6,44.3],[10.6,44.2],[10.8,44.2],[10.8,44.1],[10.5,44.1],[10.5,44.2],[10.3,44.2],[10.3,44.3]]],[[[5.3,44.8],[5.3,45.0],[5.1,45.0],[5.1,44.6],[5.0,44.6],[5.0,44.5],[5.1,44.5],[5.1,44.4],[5.2,44.4],[5.2,44.3],[5.3,44.3],[5.3,44.1],[5.6,44.1],[5.6,44.2],[5.7,44.2],[5.7,44.1],[5.9,44.1],[5.9,44.2],[6.0,44.2],[6.0,44.0],[6.1,44.0],[6.1,43.9],[6.2,43.9],[6.2,43.8],[6.3,43.8],[6.3,43.9],[6.6,43.9],[6.6,44.0],[6.4,44.0],[6.4,44.2],[6.1,44.2],[6.1,44.4],[6.4,44.4],[6.4,44.6],[6.0,44.6],[6.0,44.5],[5.9,44.5],[5.9,44.6],[5.6,44.6],[5.6,44.7],[5.5,44.7],[5.5,44.8],[5.3,44.8]]],[[[8.0,44.6],[8.0,44.4],[8.1,44.4],[8.1,44.6],[8.0,44.6]]],[[[8.9,44.5],[8.9,44.6],[8.7,44.6],[8.7,44.5],[8.9,44.5]]],[[[7.2,45.0],[7.2,44.7],[7.3,44.7],[7.3,45.0],[7.2,45.0]]],[[[5.8,44.9],[5.8,45.1],[5.6,45.1],[5.6,44.8],[5.7,44.8],[5.7,44.7],[5.8,44.7],[5.8,44.8],[5.9,44.8],[5.9,44.9],[5.8,44.9]]],[[[6.3,45.5],[6.0,45.5],[6.0,45.4],[6.3,45.4],[6.3,45.5]]],[[[10.4,45.7],[10.1,45.7],[10.1,45.6],[10.4,45.6],[10.4,45.7]]],[[[8.5,45.9],[8.3,45.9],[8.3,45.8],[8.2,45.8],[8.2,45.7],[8.1,45.7],[8.1,45.6],[8.3,45.6],[8.3,45.7],[8.4,45.7],[8.4,45.8],[8.5,45.8],[8.5,45.9]]],[[[9.9,45.8],[9.9,45.9],[9.8,45.9],[9.8,45.7],[10.0,45.7],[10.0,45.8],[9.9,45.8]]],[[[9.5,45.9],[9.5,45.8],[9.7,45.8],[9.7,45.9],[9.5,45.9]]],[[[9.2,46.0],[9.0,46.0],[9.0,45.9],[9.1,45.9],[9.1,45.8],[9.3,45.8],[9.3,45.9],[9.2,45.9],[9.2,46.0]]],[[[8.9,46.0],[9.0,46.0],[9.0,46.1],[8.8,46.1],[8.8,45.9],[8.9,45.9],[8.9,46.0]]],[[[-2.3,46.7],[-2.3,46.8],[-2.4,46.8],[-2.4,46.6],[-2.2,46.6],[-2.2,46.7],[-2.3,46.7]]],[[[-2.3,49.3],[-2.3,49.1],[-2.0,49.1],[-2.0,49.3],[-2.3,49.3]]],[[[-2.7,49.4],[-2.5,49.4],[-2.5,49.6],[-2.6,49.6],[-2.6,49.5],[-2.7,49.5],[-2.7,49.4]]],[[[1.0,42.2],[1.1,42.2],[1.1,42.1],[1.4,42.1],[1.4,41.9],[1.5,41.9],[1.5,42.0],[1.8,42.0],[1.8,42.1],[1.9,42.1],[1.9,42.0],[2.1,42.0],[2.1,41.8],[2.0,41.8],[2.0,41.7],[2.5,41.7],[2.5,41.9],[2.6,41.9],[2.6,42.2],[2.5,42.2],[2.5,42.3],[2.7,42.3],[2.7,42.4],[2.8,42.4],[2.8,42.5],[2.7,42.5],[2.7,42.6],[2.6,42.6],[2.6,42.7],[2.5,42.7],[2.5,43.1],[2.3,43.1],[2.3,43.0],[2.1,43.0],[2.1,43.1],[2.0,43.1],[2.0,43.3],[1.6,43.3],[1.6,43.2],[1.5,43.2],[1.5,43.3],[1.1,43.3],[1.1,43.5],[1.0,43.5],[1.0,43.4],[0.8,43.4],[0.8,43.5],[0.7,43.5],[0.7,43.6],[0.6,43.6],[0.6,43.7],[0.2,43.7],[0.2,43.8],[0.0,43.8],[0.0,43.7],[0.1,43.7],[0.1,43.6],[-0.2,43.6],[-0.2,43.7],[-0.7,43.7],[-0.7,43.6],[-1.0,43.6],[-1.0,43.9],[-0.8,43.9],[-0.8,44.0],[-0.1,44.0],[-0.1,43.9],[0.1,43.9],[0.1,44.0],[0.2,44.0],[0.2,44.2],[0.3,44.2],[0.3,44.3],[0.2,44.3],[0.2,44.4],[0.1,44.4],[0.1,44.5],[1.0,44.5],[1.0,44.4],[0.6,44.4],[0.6,44.2],[1.1,44.2],[1.1,44.3],[1.2,44.3],[1.2,44.2],[1.6,44.2],[1.6,44.1],[1.7,44.1],[1.7,43.9],[1.8,43.9],[1.8,44.0],[1.9,44.0],[1.9,44.1],[2.0,44.1],[2.0,44.0],[2.1,44.0],[2.1,44.1],[2.2,44.1],[2.2,44.0],[2.3,44.0],[2.3,43.8],[2.2,43.8],[2.2,43.7],[2.3,43.7],[2.3,43.5],[2.0,43.5],[2.0,43.4],[2.1,43.4],[2.1,43.3],[2.6,43.3],[2.6,43.4],[2.7,43.4],[2.7,43.5],[2.8,43.5],[2.8,43.6],[3.0,43.6],[3.0,43.7],[3.1,43.7],[3.1,43.8],[3.3,43.8],[3.3,43.9],[3.4,43.9],[3.4,44.0],[3.8,44.0],[3.8,44.2],[4.1,44.2],[4.1,44.5],[4.2,44.5],[4.2,44.6],[4.3,44.6],[4.3,44.7],[4.5,44.7],[4.5,44.6],[4.6,44.6],[4.6,44.8],[4.8,44.8],[4.8,45.3],[4.7,45.3],[4.7,45.4],[4.8,45.4],[4.8,45.8],[5.0,45.8],[5.0,45.9],[5.2,45.9],[5.2,46.0],[5.3,46.0],[5.3,45.9],[5.4,45.9],[5.4,45.8],[5.5,45.8],[5.5,45.7],[5.7,45.7],[5.7,45.5],[5.6,45.5],[5.6,45.6],[5.1,45.6],[5.1,45.7],[5.0,45.7],[5.0,45.5],[4.9,45.5],[4.9,45.4],[5.0,45.4],[5.0,45.1],[5.3,45.1],[5.3,45.0],[5.5,45.0],[5.5,45.1],[5.4,45.1],[5.4,45.2],[5.7,45.2],[5.7,45.4],[5.8,45.4],[5.8,45.5],[6.0,45.5],[6.0,45.6],[5.9,45.6],[5.9,45.7],[6.1,45.7],[6.1,45.8],[6.2,45.8],[6.2,45.7],[6.3,45.7],[6.3,45.6],[6.5,45.6],[6.5,45.8],[6.3,45.8],[6.3,45.9],[6.2,45.9],[6.2,46.0],[6.4,46.0],[6.4,46.1],[6.5,46.1],[6.5,46.2],[6.4,46.2],[6.4,46.3],[6.9,46.3],[6.9,46.2],[7.0,46.2],[7.0,46.4],[6.9,46.4],[6.9,46.6],[7.0,46.6],[7.0,46.7],[7.2,46.7],[7.2,46.8],[7.4,46.8],[7.4,46.9],[7.5,46.9],[7.5,46.7],[7.6,46.7],[7.6,46.5],[7.7,46.5],[7.7,46.9],[7.8,46.9],[7.8,47.1],[8.0,47.1],[8.0,47.0],[8.2,47.0],[8.2,46.9],[8.6,46.9],[8.6,47.2],[9.0,47.2],[9.0,47.3],[9.1,47.3],[9.1,47.4],[9.5,47.4],[9.5,47.2],[9.3,47.2],[9.3,47.0],[9.4,47.0],[9.4,46.9],[9.5,46.9],[9.5,47.1],[9.6,47.1],[9.6,47.2],[9.7,47.2],[9.7,47.4],[9.8,47.4],[9.8,47.7],[9.7,47.7],[9.7,47.8],[9.8,47.8],[9.8,48.1],[9.7,48.1],[9.7,48.0],[9.5,48.0],[9.5,47.9],[9.4,47.9],[9.4,47.8],[9.3,47.8],[9.3,47.9],[8.7,47.9],[8.7,47.8],[8.3,47.8],[8.3,47.7],[8.1,47.7],[8.1,47.6],[7.9,47.6],[7.9,47.8],[7.8,47.8],[7.8,47.9],[8.0,47.9],[8.0,48.1],[8.1,48.1],[8.1,48.2],[8.4,48.2],[8.4,48.4],[8.2,48.4],[8.2,48.7],[8.4,48.7],[8.4,48.8],[8.7,48.8],[8.7,48.7],[8.6,48.7],[8.6,48.6],[8.5,48.6],[8.5,48.5],[8.6,48.5],[8.6,48.3],[9.0,48.3],[9.0,48.4],[9.2,48.4],[9.2,48.5],[9.4,48.5],[9.4,48.6],[9.8,48.6],[9.8,48.7],[9.9,48.7],[9.9,48.8],[10.1,48.8],[10.1,49.2],[10.2,49.2],[10.2,49.3],[10.5,49.3],[10.5,49.1],[10.8,49.1],[10.8,49.0],[11.0,49.0],[11.0,49.1],[11.2,49.1],[11.2,49.3],[11.3,49.3],[11.3,49.6],[11.2,49.6],[11.2,49.8],[11.1,49.8],[11.1,49.9],[11.0,49.9],[11.0,50.1],[11.3,50.1],[11.3,50.3],[10.7,50.3],[10.7,50.4],[10.3,50.4],[10.3,50.5],[10.2,50.5],[10.2,50.4],[10.1,50.4],[10.1,50.3],[9.9,50.3],[9.9,50.2],[9.8,50.2],[9.8,50.3],[9.6,50.3],[9.6,50.4],[9.8,50.4],[9.8,50.6],[10.0,50.6],[10.0,50.7],[10.3,50.7],[10.3,50.6],[10.4,50.6],[10.4,50.8],[10.3,50.8],[10.3,50.9],[10.9,50.9],[10.9,50.8],[11.1,50.8],[11.1,50.9],[11.2,50.9],[11.2,50.8],[11.3,50.8],[11.3,50.6],[11.4,50.6],[11.4,50.7],[12.2,50.7],[12.2,50.8],[12.3,50.8],[12.3,50.7],[12.6,50.7],[12.6,50.8],[12.7,50.8],[12.7,50.9],[12.8,50.9],[12.8,50.8],[13.0,50.8],[13.0,50.9],[13.1,50.9],[13.1,51.0],[13.8,51.0],[13.8,50.9],[14.1,50.9],[14.1,51.0],[14.0,51.0],[14.0,51.2],[14.2,51.2],[14.2,51.1],[14.5,51.1],[14.5,51.2],[15.1,51.2],[15.1,51.3],[15.2,51.3],[15.2,51.4],[15.6,51.4],[15.6,51.5],[15.8,51.5],[15.8,51.7],[16.0,51.7],[16.0,51.6],[16.2,51.6],[16.2,51.5],[16.3,51.5],[16.3,51.6],[16.4,51.6],[16.4,51.8],[16.3,51.8],[16.3,51.9],[16.4,51.9],[16.4,52.0],[16.5,52.0],[16.5,52.1],[16.2,52.1],[16.2,52.3],[16.1,52.3],[16.1,52.4],[15.9,52.4],[15.9,52.5],[16.0,52.5],[16.0,52.6],[16.2,52.6],[16.2,52.7],[16.1,52.7],[16.1,52.9],[15.8,52.9],[15.8,53.0],[15.6,53.0],[15.6,52.9],[15.4,52.9],[15.4,53.0],[15.3,53.0],[15.3,53.1],[15.4,53.1],[15.4,53.3],[15.3,53.3],[15.3,53.4],[15.2,53.4],[15.2,53.5],[15.1,53.5],[15.1,53.6],[15.2,53.6],[15.2,53.7],[15.3,53.7],[15.3,53.8],[15.5,53.8],[15.5,53.9],[15.9,53.9],[15.9,54.0],[16.2,54.0],[16.2,54.1],[16.4,54.1],[16.4,54.2],[16.5,54.2],[16.5,54.3],[16.8,54.3],[16.8,54.4],[17.1,54.4],[17.1,54.5],[17.2,54.5],[17.2,54.6],[17.6,54.6],[17.6,54.7],[18.3,54.7],[18.3,54.6],[18.5,54.6],[18.5,54.5],[18.6,54.5],[18.6,54.6],[18.8,54.6],[18.8,54.5],[18.9,54.5],[18.9,54.7],[18.7,54.7],[18.7,54.8],[18.4,54.8],[18.4,54.9],[17.7,54.9],[17.7,54.8],[17.1,54.8],[17.1,54.7],[16.9,54.7],[16.9,54.6],[16.4,54.6],[16.4,54.5],[16.3,54.5],[16.3,54.4],[16.1,54.4],[16.1,54.3],[15.6,54.3],[15.6,54.2],[15.1,54.2],[15.1,54.1],[14.6,54.1],[14.6,54.0],[14.1,54.0],[14.1,54.1],[13.9,54.1],[13.9,54.2],[13.8,54.2],[13.8,54.4],[13.7,54.4],[13.7,54.6],[13.5,54.6],[13.5,54.7],[13.1,54.7],[13.1,54.6],[13.0,54.6],[13.0,54.5],[12.4,54.5],[12.4,54.4],[12.3,54.4],[12.3,54.3],[12.1,54.3],[12.1,54.2],[11.6,54.2],[11.6,54.1],[11.3,54.1],[11.3,54.0],[11.2,54.0],[11.2,54.1],[11.1,54.1],[11.1,54.3],[11.2,54.3],[11.2,54.4],[11.4,54.4],[11.4,54.5],[11.6,54.5],[11.6,54.6],[11.9,54.6],[11.9,54.5],[12.0,54.5],[12.0,54.7],[12.2,54.7],[12.2,54.8],[12.3,54.8],[12.3,54.9],[12.6,54.9],[12.6,55.1],[12.2,55.1],[12.2,55.2],[12.5,55.2],[12.5,55.4],[12.3,55.4],[12.3,55.5],[12.4,55.5],[12.4,55.6],[12.5,55.6],[12.5,55.5],[12.8,55.5],[12.8,55.3],[13.6,55.3],[13.6,55.4],[14.0,55.4],[14.0,55.3],[14.3,55.3],[14.3,55.4],[14.4,55.4],[14.4,55.6],[14.3,55.6],[14.3,55.9],[14.5,55.9],[14.5,56.0],[14.6,56.0],[14.6,55.9],[14.8,55.9],[14.8,56.0],[14.9,56.0],[14.9,56.1],[15.4,56.1],[15.4,56.0],[15.9,56.0],[15.9,56.1],[16.0,56.1],[16.0,56.2],[16.1,56.2],[16.1,56.4],[16.2,56.4],[16.2,56.5],[16.3,56.5],[16.3,56.4],[16.4,56.4],[16.4,56.3],[16.3,56.3],[16.3,56.1],[16.4,56.1],[16.4,56.2],[16.6,56.2],[16.6,56.4],[16.7,56.4],[16.7,56.6],[16.8,56.6],[16.8,56.8],[16.9,56.8],[16.9,56.9],[17.0,56.9],[17.0,57.1],[17.1,57.1],[17.1,57.3],[17.2,57.3],[17.2,57.4],[16.9,57.4],[16.9,57.2],[16.8,57.2],[16.8,57.3],[16.7,57.3],[16.7,57.4],[16.6,57.4],[16.6,57.3],[16.5,57.3],[16.5,57.2],[16.4,57.2],[16.4,57.0],[16.3,57.0],[16.3,56.9],[16.2,56.9],[16.2,56.8],[16.1,56.8],[16.1,56.6],[16.0,56.6],[16.0,56.5],[15.9,56.5],[15.9,56.4],[15.7,56.4],[15.7,56.3],[14.5,56.3],[14.5,56.2],[13.9,56.2],[13.9,55.9],[14.0,55.9],[14.0,55.7],[13.8,55.7],[13.8,55.8],[13.6,55.8],[13.6,55.9],[13.5,55.9],[13.5,56.0],[13.4,56.0],[13.4,56.1],[13.2,56.1],[13.2,56.2],[13.1,56.2],[13.1,56.3],[12.9,56.3],[12.9,56.4],[12.7,56.4],[12.7,56.5],[12.5,56.5],[12.5,56.4],[12.6,56.4],[12.6,56.3],[12.4,56.3],[12.4,56.2],[12.1,56.2],[12.1,56.1],[11.9,56.1],[11.9,56.0],[11.0,56.0],[11.0,55.9],[11.1,55.9],[11.1,55.8],[10.8,55.8],[10.8,55.7],[10.9,55.7],[10.9,55.6],[11.0,55.6],[11.0,55.5],[11.1,55.5],[11.1,55.4],[10.8,55.4],[10.8,55.6],[10.7,55.6],[10.7,55.9],[10.8,55.9],[10.8,56.0],[10.6,56.0],[10.6,56.1],[10.8,56.1],[10.8,56.2],[10.9,56.2],[10.9,56.3],[11.0,56.3],[11.0,56.5],[10.9,56.5],[10.9,56.6],[10.4,56.6],[10.4,56.8],[10.3,56.8],[10.3,56.9],[10.4,56.9],[10.4,57.1],[10.5,57.1],[10.5,57.2],[10.6,57.2],[10.6,57.5],[10.5,57.5],[10.5,57.6],[10.6,57.6],[10.6,57.7],[10.7,57.7],[10.7,57.8],[10.4,57.8],[10.4,57.7],[10.2,57.7],[10.2,57.6],[9.8,57.6],[9.8,57.5],[9.7,57.5],[9.7,57.4],[9.6,57.4],[9.6,57.3],[9.5,57.3],[9.5,57.2],[8.5,57.2],[8.5,57.1],[8.4,57.1],[8.4,57.0],[8.3,57.0],[8.3,56.9],[8.2,56.9],[8.2,56.7],[8.1,56.7],[8.1,55.6],[8.0,55.6],[8.0,55.5],[8.2,55.5],[8.2,55.4],[8.4,55.4],[8.4,55.1],[8.3,55.1],[8.3,54.9],[8.2,54.9],[8.2,54.6],[8.4,54.6],[8.4,54.4],[8.5,54.4],[8.5,54.2],[8.8,54.2],[8.8,53.9],[8.6,53.9],[8.6,54.0],[8.7,54.0],[8.7,54.1],[8.5,54.1],[8.5,54.0],[8.4,54.0],[8.4,53.8],[7.1,53.8],[7.1,53.7],[6.6,53.7],[6.6,53.6],[6.2,53.6],[6.2,53.5],[5.2,53.5],[5.2,53.4],[5.0,53.4],[5.0,53.3],[4.8,53.3],[4.8,53.2],[4.7,53.2],[4.7,53.0],[4.6,53.0],[4.6,52.6],[4.5,52.6],[4.5,52.4],[4.4,52.4],[4.4,52.3],[4.3,52.3],[4.3,52.2],[4.2,52.2],[4.2,52.1],[4.1,52.1],[4.1,52.0],[3.9,52.0],[3.9,51.9],[3.8,51.9],[3.8,51.8],[3.6,51.8],[3.6,51.6],[3.4,51.6],[3.4,51.4],[3.0,51.4],[3.0,51.3],[2.8,51.3],[2.8,51.2],[2.5,51.2],[2.5,51.1],[2.0,51.1],[2.0,51.0],[1.6,51.0],[1.6,50.9],[1.5,50.9],[1.5,50.2],[1.4,50.2],[1.4,50.1],[1.2,50.1],[1.2,50.0],[0.9,50.0],[0.9,49.9],[0.4,49.9],[0.4,49.8],[0.1,49.8],[0.1,49.6],[0.0,49.6],[0.0,49.4],[-0.1,49.4],[-0.1,49.3],[-0.3,49.3],[-0.3,49.4],[-1.1,49.4],[-1.1,49.5],[-1.2,49.5],[-1.2,49.7],[-1.3,49.7],[-1.3,49.8],[-1.5,49.8],[-1.5,49.7],[-1.8,49.7],[-1.8,49.8],[-2.0,49.8],[-2.0,49.6],[-1.9,49.6],[-1.9,49.3],[-1.7,49.3],[-1.7,49.0],[-1.6,49.0],[-1.6,48.9],[-1.9,48.9],[-1.9,48.7],[-2.6,48.7],[-2.6,48.6],[-2.8,48.6],[-2.8,48.7],[-2.9,48.7],[-2.9,48.9],[-3.7,48.9],[-3.7,48.8],[-4.1,48.8],[-4.1,48.7],[-4.7,48.7],[-4.7,48.6],[-4.8,48.6],[-4.8,48.4],[-4.9,48.4],[-4.9,48.5],[-5.2,48.5],[-5.2,48.4],[-5.0,48.4],[-5.0,48.3],[-4.7,48.3],[-4.7,48.2],[-4.6,48.2],[-4.6,48.1],[-4.9,48.1],[-4.9,48.0],[-4.5,48.0],[-4.5,47.9],[-4.4,47.9],[-4.4,47.7],[-4.1,47.7],[-4.1,47.8],[-4.0,47.8],[-4.0,47.7],[-3.6,47.7],[-3.6,47.6],[-3.2,47.6],[-3.2,47.4],[-3.3,47.4],[-3.3,47.2],[-3.0,47.2],[-3.0,47.3],[-2.8,47.3],[-2.8,47.4],[-2.6,47.4],[-2.6,47.2],[-2.3,47.2],[-2.3,46.9],[-2.2,46.9],[-2.2,46.8],[-2.1,46.8],[-2.1,46.7],[-2.0,46.7],[-2.0,46.6],[-1.9,46.6],[-1.9,46.4],[-1.5,46.4],[-1.5,46.3],[-1.6,46.3],[-1.6,46.1],[-1.5,46.1],[-1.5,46.0],[-1.4,46.0],[-1.4,45.9],[-1.3,45.9],[-1.3,45.6],[-1.2,45.6],[-1.2,45.0],[-1.3,45.0],[-1.3,44.2],[-1.4,44.2],[-1.4,43.9],[-1.5,43.9],[-1.5,43.6],[-1.6,43.6],[-1.6,43.5],[-1.7,43.5],[-1.7,43.4],[-2.1,43.4],[-2.1,43.3],[-2.2,43.3],[-2.2,43.4],[-2.6,43.4],[-2.6,43.5],[-3.0,43.5],[-3.0,43.4],[-3.2,43.4],[-3.2,43.5],[-3.5,43.5],[-3.5,43.6],[-3.7,43.6],[-3.7,43.5],[-4.2,43.5],[-4.2,43.4],[-4.3,43.4],[-4.3,43.5],[-4.4,43.5],[-4.4,43.4],[-4.8,43.4],[-4.8,43.5],[-5.1,43.5],[-5.1,43.3],[-5.4,43.3],[-5.4,43.6],[-5.7,43.6],[-5.7,43.5],[-5.8,43.5],[-5.8,43.7],[-6.0,43.7],[-6.0,43.6],[-6.4,43.6],[-6.4,43.5],[-6.5,43.5],[-6.5,43.4],[-6.8,43.4],[-6.8,43.3],[-6.4,43.3],[-6.4,43.2],[-6.5,43.2],[-6.5,43.1],[-6.4,43.1],[-6.4,43.0],[-5.9,43.0],[-5.9,43.1],[-5.7,43.1],[-5.7,43.0],[-5.6,43.0],[-5.6,43.1],[-5.1,43.1],[-5.1,42.9],[-4.5,42.9],[-4.5,43.0],[-4.3,43.0],[-4.3,42.9],[-4.0,42.9],[-4.0,43.0],[-2.6,43.0],[-2.6,42.9],[-2.5,42.9],[-2.5,42.8],[-2.4,42.8],[-2.4,42.7],[-2.1,42.7],[-2.1,42.6],[-1.9,42.6],[-1.9,42.7],[-1.8,42.7],[-1.8,42.6],[-1.6,42.6],[-1.6,42.5],[-1.4,42.5],[-1.4,42.6],[-1.1,42.6],[-1.1,42.5],[-1.3,42.5],[-1.3,42.4],[-1.1,42.4],[-1.1,42.3],[-0.8,42.3],[-0.8,42.4],[-0.7,42.4],[-0.7,42.3],[-0.4,42.3],[-0.4,42.2],[0.1,42.2],[0.1,42.5],[0.3,42.5],[0.3,42.3],[0.5,42.3],[0.5,42.2],[0.7,42.2],[0.7,42.3],[0.8,42.3],[0.8,42.2],[0.9,42.2],[0.9,42.3],[1.0,42.3],[1.0,42.2]],[[16.7,57.2],[16.8,57.2],[16.8,57.0],[16.7,57.0],[16.7,57.2]],[[5.8,45.7],[5.7,45.7],[5.7,45.9],[5.8,45.9],[5.8,45.7]],[[1.2,42.2],[1.1,42.2],[1.1,42.4],[0.8,42.4],[0.8,42.5],[0.6,42.5],[0.6,42.4],[0.5,42.4],[0.5,42.6],[-0.2,42.6],[-0.2,42.5],[-0.3,42.5],[-0.3,42.8],[-0.4,42.8],[-0.4,42.7],[-0.7,42.7],[-0.7,42.8],[-0.8,42.8],[-0.8,43.0],[-0.7,43.0],[-0.7,42.9],[-0.6,42.9],[-0.6,42.8],[-0.5,42.8],[-0.5,42.9],[-0.4,42.9],[-0.4,43.0],[-0.3,43.0],[-0.3,42.9],[0.0,42.9],[0.0,43.0],[0.2,43.0],[0.2,42.9],[0.3,42.9],[0.3,42.8],[0.4,42.8],[0.4,42.9],[0.6,42.9],[0.6,42.8],[0.5,42.8],[0.5,42.7],[0.6,42.7],[0.6,42.6],[0.7,42.6],[0.7,42.7],[0.8,42.7],[0.8,42.9],[0.9,42.9],[0.9,42.8],[1.4,42.8],[1.4,42.9],[1.5,42.9],[1.5,42.7],[1.8,42.7],[1.8,42.6],[1.9,42.6],[1.9,42.7],[2.3,42.7],[2.3,42.6],[2.2,42.6],[2.2,42.5],[2.4,42.5],[2.4,42.4],[2.3,42.4],[2.3,42.3],[2.2,42.3],[2.2,42.4],[2.0,42.4],[2.0,42.5],[1.8,42.5],[1.8,42.4],[1.5,42.4],[1.5,42.5],[1.4,42.5],[1.4,42.4],[1.3,42.4],[1.3,42.3],[1.2,42.3],[1.2,42.2]],[[10.5,56.1],[10.5,56.0],[10.4,56.0],[10.4,55.9],[10.5,55.9],[10.5,55.6],[10.4,55.6],[10.4,55.8],[10.3,55.8],[10.3,56.1],[10.5,56.1]],[[12.8,55.6],[12.8,55.7],[12.7,55.7],[12.7,55.8],[12.9,55.8],[12.9,55.6],[12.8,55.6]],[[10.9,55.2],[10.9,55.3],[11.1,55.3],[11.1,55.1],[11.3,55.1],[11.3,55.0],[11.0,55.0],[11.0,55.2],[10.9,55.2]],[[9.7,55.1],[9.7,55.2],[9.9,55.2],[9.9,55.1],[9.7,55.1]],[[11.4,55.0],[11.4,55.1],[11.6,55.1],[11.6,55.0],[11.4,55.0]],[[8.4,54.9],[8.4,55.0],[8.6,55.0],[8.6,54.9],[8.4,54.9]],[[10.9,54.8],[10.9,54.7],[11.2,54.7],[11.2,54.6],[11.0,54.6],[11.0,54.4],[10.5,54.4],[10.5,54.5],[10.1,54.5],[10.1,55.0],[10.2,55.0],[10.2,54.8],[10.6,54.8],[10.6,54.7],[10.8,54.7],[10.8,54.8],[10.9,54.8]],[[6.9,53.4],[6.9,53.5],[6.8,53.5],[6.8,53.6],[7.0,53.6],[7.0,53.4],[6.9,53.4]],[[5.4,53.3],[5.4,53.4],[5.6,53.4],[5.6,53.3],[5.4,53.3]],[[5.0,53.1],[5.0,53.2],[5.3,53.2],[5.3,53.1],[5.1,53.1],[5.1,53.0],[4.9,53.0],[4.9,53.1],[5.0,53.1]],[[11.2,51.7],[11.2,51.5],[10.9,51.5],[10.9,51.6],[10.4,51.6],[10.4,51.7],[10.3,51.7],[10.3,51.8],[10.2,51.8],[10.2,51.9],[10.7,51.9],[10.7,51.8],[11.0,51.8],[11.0,51.7],[11.2,51.7]],[[10.5,51.3],[10.5,51.4],[10.7,51.4],[10.7,51.3],[10.5,51.3]],[[8.5,51.1],[8.5,51.0],[8.4,51.0],[8.4,50.9],[8.2,50.9],[8.2,51.0],[8.1,51.0],[8.1,51.1],[8.3,51.1],[8.3,51.3],[8.7,51.3],[8.7,51.2],[8.6,51.2],[8.6,51.1],[8.5,51.1]],[[9.2,50.4],[9.2,50.6],[9.3,50.6],[9.3,50.4],[9.2,50.4]],[[-1.8,48.7],[-1.8,48.8],[-1.6,48.8],[-1.6,48.7],[-1.8,48.7]],[[7.0,48.1],[7.0,48.2],[7.1,48.2],[7.1,47.9],[6.9,47.9],[6.9,47.8],[6.8,47.8],[6.8,48.1],[7.0,48.1]],[[6.1,46.7],[6.1,46.8],[6.2,46.8],[6.2,46.9],[6.4,46.9],[6.4,47.1],[6.6,47.1],[6.6,47.2],[6.9,47.2],[6.9,47.3],[7.4,47.3],[7.4,47.2],[7.2,47.2],[7.2,47.1],[6.9,47.1],[6.9,47.0],[6.8,47.0],[6.8,46.9],[6.6,46.9],[6.6,46.8],[6.5,46.8],[6.5,46.7],[6.4,46.7],[6.4,46.6],[6.3,46.6],[6.3,46.5],[6.2,46.5],[6.2,46.4],[6.1,46.4],[6.1,46.3],[5.9,46.3],[5.9,46.6],[6.0,46.6],[6.0,46.7],[6.1,46.7]],[[4.8,46.2],[4.8,45.9],[4.7,45.9],[4.7,46.2],[4.8,46.2]],[[3.8,45.5],[3.8,45.7],[3.9,45.7],[3.9,45.5],[3.8,45.5]],[[2.9,45.6],[2.9,45.4],[2.8,45.4],[2.8,45.6],[2.9,45.6]],[[2.9,45.2],[2.9,45.4],[3.0,45.4],[3.0,45.2],[2.9,45.2]],[[2.6,45.1],[2.6,45.2],[2.8,45.2],[2.8,45.1],[2.9,45.1],[2.9,45.0],[2.7,45.0],[2.7,45.1],[2.6,45.1]],[[4.2,44.8],[4.1,44.8],[4.1,45.0],[4.2,45.0],[4.2,44.8]],[[3.9,44.8],[4.1,44.8],[4.1,44.7],[3.9,44.7],[3.9,44.8]],[[0.5,44.8],[0.2,44.8],[0.2,44.9],[0.5,44.9],[0.5,44.8]],[[3.8,44.7],[3.8,44.4],[3.6,44.4],[3.6,44.5],[3.7,44.5],[3.7,44.6],[3.5,44.6],[3.5,44.7],[3.4,44.7],[3.4,44.9],[3.5,44.9],[3.5,44.8],[3.7,44.8],[3.7,44.7],[3.8,44.7]],[[2.9,44.6],[2.9,44.7],[3.2,44.7],[3.2,44.6],[2.9,44.6]],[[1.5,42.2],[1.5,42.3],[1.7,42.3],[1.7,42.2],[1.5,42.2]],[[2.3,42.1],[2.3,41.9],[2.2,41.9],[2.2,42.1],[2.3,42.1]]],[[[-6.4,50.0],[-6.4,49.9],[-6.5,49.9],[-6.5,49.8],[-6.3,49.8],[-6.3,49.9],[-6.2,49.9],[-6.2,50.0],[-6.4,50.0]]],[[[-10.7,52.0],[-10.5,52.0],[-10.5,51.8],[-10.4,51.8],[-10.4,51.7],[-10.2,51.7],[-10.2,51.6],[-10.3,51.6],[-10.3,51.5],[-10.0,51.5],[-10.0,51.6],[-9.9,51.6],[-9.9,51.4],[-9.2,51.4],[-9.2,51.5],[-8.7,51.5],[-8.7,51.6],[-8.4,51.6],[-8.4,51.7],[-8.1,51.7],[-8.1,51.8],[-7.8,51.8],[-7.8,51.9],[-7.5,51.9],[-7.5,52.1],[-6.8,52.1],[-6.8,52.2],[-6.7,52.2],[-6.7,52.1],[-6.3,52.1],[-6.3,52.4],[-6.2,52.4],[-6.2,52.5],[-6.1,52.5],[-6.1,52.8],[-6.0,52.8],[-6.0,53.6],[-6.1,53.6],[-6.1,53.7],[-6.2,53.7],[-6.2,53.9],[-6.1,53.9],[-6.1,54.0],[-5.9,54.0],[-5.9,54.1],[-5.8,54.1],[-5.8,54.2],[-5.5,54.2],[-5.5,54.3],[-5.4,54.3],[-5.4,54.6],[-5.5,54.6],[-5.5,54.7],[-5.6,54.7],[-5.6,54.9],[-5.8,54.9],[-5.8,55.0],[-5.9,55.0],[-5.9,55.1],[-6.0,55.1],[-6.0,55.3],[-6.1,55.3],[-6.1,55.4],[-6.3,55.4],[-6.3,55.3],[-6.7,55.3],[-6.7,55.2],[-6.9,55.2],[-6.9,55.3],[-7.1,55.3],[-7.1,55.4],[-7.2,55.4],[-7.2,55.5],[-7.3,55.5],[-7.3,55.4],[-7.4,55.4],[-7.4,55.3],[-8.3,55.3],[-8.3,55.2],[-8.4,55.2],[-8.4,55.1],[-8.6,55.1],[-8.6,54.8],[-8.8,54.8],[-8.8,54.7],[-8.9,54.7],[-8.9,54.6],[-8.5,54.6],[-8.5,54.5],[-8.7,54.5],[-8.7,54.3],[-9.2,54.3],[-9.2,54.4],[-10.1,54.4],[-10.1,54.3],[-10.2,54.3],[-10.2,54.2],[-10.3,54.2],[-10.3,54.1],[-10.2,54.1],[-10.2,54.0],[-10.3,54.0],[-10.3,53.9],[-10.1,53.9],[-10.1,53.8],[-10.2,53.8],[-10.2,53.7],[-10.3,53.7],[-10.3,53.3],[-10.2,53.3],[-10.2,53.4],[-10.1,53.4],[-10.1,53.3],[-9.9,53.3],[-9.9,53.1],[-9.7,53.1],[-9.7,53.0],[-9.5,53.0],[-9.5,52.9],[-9.6,52.9],[-9.6,52.8],[-9.7,52.8],[-9.7,52.7],[-9.9,52.7],[-9.9,52.6],[-10.0,52.6],[-10.0,52.4],[-10.1,52.4],[-10.1,52.3],[-10.5,52.3],[-10.5,52.2],[-10.6,52.2],[-10.6,52.1],[-10.7,52.1],[-10.7,52.0]],[[-10.2,52.0],[-10.5,52.0],[-10.5,52.1],[-10.2,52.1],[-10.2,52.0]],[[-9.6,53.2],[-9.3,53.2],[-9.3,53.1],[-9.6,53.1],[-9.6,53.2]]],[[[-4.8,54.3],[-4.8,54.1],[-4.9,54.1],[-4.9,54.0],[-4.5,54.0],[-4.5,54.1],[-4.3,54.1],[-4.3,54.5],[-4.5,54.5],[-4.5,54.4],[-4.6,54.4],[-4.6,54.3],[-4.8,54.3]]],[[[1.4,53.0],[0.4,53.0],[0.4,53.3],[0.3,53.3],[0.3,53.5],[0.2,53.5],[0.2,53.7],[0.1,53.7],[0.1,53.8],[0.0,53.8],[0.0,53.9],[-0.1,53.9],[-0.1,54.1],[0.0,54.1],[0.0,54.2],[-0.2,54.2],[-0.2,54.3],[-0.4,54.3],[-0.4,54.5],[-0.6,54.5],[-0.6,54.6],[-1.0,54.6],[-1.0,54.7],[-1.1,54.7],[-1.1,54.8],[-1.3,54.8],[-1.3,55.0],[-1.4,55.0],[-1.4,55.2],[-1.5,55.2],[-1.5,55.5],[-1.6,55.5],[-1.6,55.7],[-1.9,55.7],[-1.9,55.8],[-2.0,55.8],[-2.0,55.9],[-2.1,55.9],[-2.1,56.0],[-2.5,56.0],[-2.5,56.3],[-2.6,56.3],[-2.6,56.4],[-2.7,56.4],[-2.7,56.5],[-2.5,56.5],[-2.5,56.6],[-2.4,56.6],[-2.4,56.7],[-2.3,56.7],[-2.3,56.8],[-2.2,56.8],[-2.2,56.9],[-2.1,56.9],[-2.1,57.0],[-2.0,57.0],[-2.0,57.3],[-1.8,57.3],[-1.8,57.4],[-1.7,57.4],[-1.7,57.6],[-1.8,57.6],[-1.8,57.7],[-2.8,57.7],[-2.8,57.8],[-2.9,57.8],[-2.9,57.7],[-3.2,57.7],[-3.2,57.8],[-3.5,57.8],[-3.5,57.7],[-3.8,57.7],[-3.8,57.8],[-3.7,57.8],[-3.7,57.9],[-3.8,57.9],[-3.8,58.0],[-3.6,58.0],[-3.6,58.1],[-3.4,58.1],[-3.4,58.2],[-3.2,58.2],[-3.2,58.3],[-3.1,58.3],[-3.1,58.4],[-3.0,58.4],[-3.0,58.6],[-2.9,58.6],[-2.9,58.8],[-2.8,58.8],[-2.8,58.9],[-2.7,58.9],[-2.7,59.0],[-2.5,59.0],[-2.5,59.2],[-2.3,59.2],[-2.3,59.4],[-2.7,59.4],[-2.7,59.3],[-2.8,59.3],[-2.8,59.4],[-3.1,59.4],[-3.1,59.2],[-3.4,59.2],[-3.4,58.9],[-3.5,58.9],[-3.5,58.8],[-3.4,58.8],[-3.4,58.7],[-3.7,58.7],[-3.7,58.6],[-4.7,58.6],[-4.7,58.7],[-5.1,58.7],[-5.1,58.6],[-5.2,58.6],[-5.2,58.4],[-5.3,58.4],[-5.3,58.3],[-5.5,58.3],[-5.5,58.0],[-5.7,58.0],[-5.7,57.9],[-5.9,57.9],[-5.9,57.6],[-6.1,57.6],[-6.1,57.7],[-6.2,57.7],[-6.2,57.8],[-6.3,57.8],[-6.3,58.1],[-6.2,58.1],[-6.2,58.2],[-6.1,58.2],[-6.1,58.5],[-6.2,58.5],[-6.2,58.6],[-6.3,58.6],[-6.3,58.5],[-6.5,58.5],[-6.5,58.4],[-6.9,58.4],[-6.9,58.3],[-7.1,58.3],[-7.1,58.2],[-7.2,58.2],[-7.2,57.8],[-7.3,57.8],[-7.3,57.7],[-7.6,57.7],[-7.6,57.6],[-7.7,57.6],[-7.7,57.5],[-7.5,57.5],[-7.5,57.1],[-7.6,57.1],[-7.6,56.9],[-7.7,56.9],[-7.7,56.7],[-7.6,56.7],[-7.6,56.8],[-7.4,56.8],[-7.4,56.9],[-7.3,56.9],[-7.3,57.0],[-7.2,57.0],[-7.2,57.3],[-7.1,57.3],[-7.1,57.6],[-7.0,57.6],[-7.0,57.7],[-6.8,57.7],[-6.8,57.8],[-6.6,57.8],[-6.6,57.9],[-6.4,57.9],[-6.4,57.8],[-6.5,57.8],[-6.5,57.6],[-6.6,57.6],[-6.6,57.7],[-6.7,57.7],[-6.7,57.6],[-6.8,57.6],[-6.8,57.3],[-6.5,57.3],[-6.5,57.2],[-6.4,57.2],[-6.4,57.1],[-6.7,57.1],[-6.7,56.9],[-6.6,56.9],[-6.6,57.0],[-6.5,57.0],[-6.5,56.9],[-6.3,56.9],[-6.3,56.7],[-6.4,56.7],[-6.4,56.8],[-6.5,56.8],[-6.5,56.7],[-6.7,56.7],[-6.7,56.6],[-7.0,56.6],[-7.0,56.4],[-6.8,56.4],[-6.8,56.5],[-6.5,56.5],[-6.5,56.3],[-6.4,56.3],[-6.4,56.2],[-6.3,56.2],[-6.3,55.9],[-6.5,55.9],[-6.5,55.8],[-6.6,55.8],[-6.6,55.6],[-6.4,55.6],[-6.4,55.5],[-6.2,55.5],[-6.2,55.6],[-6.0,55.6],[-6.0,55.7],[-5.9,55.7],[-5.9,55.8],[-5.8,55.8],[-5.8,55.4],[-5.9,55.4],[-5.9,55.3],[-5.8,55.3],[-5.8,55.2],[-5.7,55.2],[-5.7,55.3],[-5.6,55.3],[-5.6,55.2],[-5.5,55.2],[-5.5,55.5],[-5.4,55.5],[-5.4,55.4],[-5.0,55.4],[-5.0,55.6],[-5.1,55.6],[-5.1,55.7],[-4.9,55.7],[-4.9,55.6],[-4.7,55.6],[-4.7,55.5],[-4.8,55.5],[-4.8,55.4],[-4.9,55.4],[-4.9,55.2],[-5.1,55.2],[-5.1,55.1],[-5.2,55.1],[-5.2,54.8],[-5.1,54.8],[-5.1,54.7],[-5.0,54.7],[-5.0,54.6],[-4.8,54.6],[-4.8,54.7],[-4.9,54.7],[-4.9,54.8],[-4.7,54.8],[-4.7,54.7],[-4.5,54.7],[-4.5,54.6],[-4.3,54.6],[-4.3,54.8],[-4.2,54.8],[-4.2,54.7],[-3.9,54.7],[-3.9,54.8],[-3.6,54.8],[-3.6,54.6],[-3.7,54.6],[-3.7,54.4],[-3.5,54.4],[-3.5,54.2],[-3.4,54.2],[-3.4,54.1],[-3.3,54.1],[-3.3,54.0],[-3.1,54.0],[-3.1,53.5],[-3.2,53.5],[-3.2,53.4],[-3.6,53.4],[-3.6,53.3],[-3.7,53.3],[-3.7,53.4],[-3.9,53.4],[-3.9,53.3],[-4.0,53.3],[-4.0,53.4],[-4.2,53.4],[-4.2,53.5],[-4.7,53.5],[-4.7,53.2],[-4.6,53.2],[-4.6,53.1],[-4.4,53.1],[-4.4,53.0],[-4.7,53.0],[-4.7,52.9],[-4.8,52.9],[-4.8,52.7],[-4.4,52.7],[-4.4,52.8],[-4.3,52.8],[-4.3,52.9],[-4.2,52.9],[-4.2,52.5],[-4.1,52.5],[-4.1,52.4],[-4.2,52.4],[-4.2,52.3],[-4.4,52.3],[-4.4,52.2],[-4.8,52.2],[-4.8,52.1],[-5.1,52.1],[-5.1,52.0],[-5.4,52.0],[-5.4,51.7],[-5.3,51.7],[-5.3,51.6],[-4.6,51.6],[-4.6,51.7],[-4.4,51.7],[-4.4,51.5],[-3.8,51.5],[-3.8,51.4],[-3.6,51.4],[-3.6,51.3],[-4.2,51.3],[-4.2,51.2],[-4.3,51.2],[-4.3,51.0],[-4.4,51.0],[-4.4,51.1],[-4.6,51.1],[-4.6,50.8],[-4.7,50.8],[-4.7,50.7],[-4.8,50.7],[-4.8,50.6],[-5.1,50.6],[-5.1,50.5],[-5.2,50.5],[-5.2,50.4],[-5.3,50.4],[-5.3,50.3],[-5.6,50.3],[-5.6,50.2],[-5.8,50.2],[-5.8,50.0],[-5.5,50.0],[-5.5,50.1],[-5.4,50.1],[-5.4,50.0],[-5.3,50.0],[-5.3,49.9],[-5.1,49.9],[-5.1,50.0],[-5.0,50.0],[-5.0,50.1],[-4.9,50.1],[-4.9,50.2],[-4.7,50.2],[-4.7,50.3],[-4.1,50.3],[-4.1,50.2],[-3.6,50.2],[-3.6,50.3],[-3.4,50.3],[-3.4,50.6],[-3.0,50.6],[-3.0,50.7],[-2.8,50.7],[-2.8,50.6],[-2.5,50.6],[-2.5,50.5],[-2.4,50.5],[-2.4,50.6],[-2.1,50.6],[-2.1,50.5],[-1.9,50.5],[-1.9,50.7],[-1.6,50.7],[-1.6,50.6],[-1.4,50.6],[-1.4,50.5],[-1.1,50.5],[-1.1,50.6],[-1.0,50.6],[-1.0,50.7],[-0.5,50.7],[-0.5,50.8],[-0.1,50.8],[-0.1,50.7],[0.4,50.7],[0.4,50.8],[0.7,50.8],[0.7,50.9],[1.0,50.9],[1.0,51.0],[1.3,51.0],[1.3,51.1],[1.5,51.1],[1.5,51.4],[1.0,51.4],[1.0,51.7],[1.2,51.7],[1.2,51.8],[1.3,51.8],[1.3,51.9],[1.5,51.9],[1.5,52.0],[1.6,52.0],[1.6,52.1],[1.7,52.1],[1.7,52.3],[1.8,52.3],[1.8,52.8],[1.6,52.8],[1.6,52.9],[1.4,52.9],[1.4,53.0]],[[0.2,53.0],[0.4,53.0],[0.4,52.9],[0.2,52.9],[0.2,53.0]],[[-4.8,57.7],[-5.0,57.7],[-5.0,57.9],[-4.7,57.9],[-4.7,57.8],[-4.8,57.8],[-4.8,57.7]],[[-5.0,57.2],[-5.2,57.2],[-5.2,57.1],[-5.3,57.1],[-5.3,57.3],[-5.1,57.3],[-5.1,57.4],[-5.0,57.4],[-5.0,57.5],[-4.8,57.5],[-4.8,57.4],[-4.9,57.4],[-4.9,57.3],[-5.0,57.3],[-5.0,57.2]],[[-4.6,57.0],[-4.6,56.9],[-4.7,56.9],[-4.7,57.1],[-4.5,57.1],[-4.5,57.2],[-4.3,57.2],[-4.3,57.3],[-4.0,57.3],[-4.0,57.1],[-4.3,57.1],[-4.3,57.0],[-4.6,57.0]],[[-4.6,56.7],[-4.6,56.9],[-4.4,56.9],[-4.4,56.8],[-4.5,56.8],[-4.5,56.7],[-4.6,56.7]],[[-4.2,57.0],[-3.9,57.0],[-3.9,57.1],[-3.8,57.1],[-3.8,57.0],[-3.7,57.0],[-3.7,57.2],[-3.3,57.2],[-3.3,57.3],[-3.1,57.3],[-3.1,57.2],[-3.2,57.2],[-3.2,57.1],[-3.3,57.1],[-3.3,57.0],[-2.9,57.0],[-2.9,56.8],[-3.0,56.8],[-3.0,56.9],[-3.2,56.9],[-3.2,56.8],[-4.0,56.8],[-4.0,56.9],[-4.1,56.9],[-4.1,56.8],[-4.3,56.8],[-4.3,56.9],[-4.2,56.9],[-4.2,57.0]],[[-6.1,57.0],[-6.0,57.0],[-6.0,56.8],[-6.1,56.8],[-6.1,57.0]],[[-4.6,56.6],[-4.2,56.6],[-4.2,56.5],[-4.6,56.5],[-4.6,56.6]],[[-5.9,56.2],[-5.8,56.2],[-5.8,56.1],[-6.0,56.1],[-6.0,56.0],[-6.1,56.0],[-6.1,56.2],[-6.0,56.2],[-6.0,56.3],[-5.9,56.3],[-5.9,56.2]],[[-3.1,56.1],[-2.9,56.1],[-2.9,56.0],[-3.1,56.0],[-3.1,56.1]],[[-3.4,51.3],[-3.2,51.3],[-3.2,51.2],[-3.4,51.2],[-3.4,51.3]]],[[[-8.7,57.9],[-8.7,57.8],[-8.6,57.8],[-8.6,57.7],[-8.5,57.7],[-8.5,57.8],[-8.4,57.8],[-8.4,57.9],[-8.7,57.9]]],[[[10.3,58.9],[10.3,59.0],[10.0,59.0],[10.0,58.9],[10.3,58.9]]],[[[10.3,59.1],[10.3,59.0],[10.6,59.0],[10.6,59.1],[10.3,59.1]]],[[[-1.0,60.2],[-1.1,60.2],[-1.1,60.3],[-0.9,60.3],[-0.9,60.4],[-1.0,60.4],[-1.0,60.5],[-0.7,60.5],[-0.7,60.9],[-1.0,60.9],[-1.0,60.8],[-1.2,60.8],[-1.2,60.5],[-1.3,60.5],[-1.3,60.7],[-1.5,60.7],[-1.5,60.6],[-1.7,60.6],[-1.7,60.4],[-1.8,60.4],[-1.8,60.3],[-1.7,60.3],[-1.7,60.2],[-1.6,60.2],[-1.6,60.1],[-1.4,60.1],[-1.4,59.8],[-1.2,59.8],[-1.2,59.9],[-1.1,59.9],[-1.1,60.1],[-1.0,60.1],[-1.0,60.2]]],[[[5.4,61.7],[5.3,61.7],[5.3,61.8],[5.4,61.8],[5.4,61.9],[5.6,61.9],[5.6,62.1],[5.7,62.1],[5.7,62.2],[5.9,62.2],[5.9,62.1],[6.2,62.1],[6.2,62.2],[6.0,62.2],[6.0,62.3],[6.2,62.3],[6.2,62.4],[6.4,62.4],[6.4,62.3],[6.5,62.3],[6.5,62.4],[6.9,62.4],[6.9,62.5],[6.8,62.5],[6.8,62.6],[7.1,62.6],[7.1,62.5],[7.2,62.5],[7.2,62.7],[7.4,62.7],[7.4,62.8],[7.3,62.8],[7.3,62.9],[7.7,62.9],[7.7,62.8],[7.8,62.8],[7.8,62.9],[8.0,62.9],[8.0,63.0],[8.3,63.0],[8.3,63.1],[8.4,63.1],[8.4,63.2],[8.5,63.2],[8.5,63.1],[8.6,63.1],[8.6,63.3],[8.8,63.3],[8.8,63.4],[9.1,63.4],[9.1,63.3],[9.2,63.3],[9.2,63.4],[9.3,63.4],[9.3,63.5],[9.4,63.5],[9.4,63.6],[9.6,63.6],[9.6,63.5],[9.7,63.5],[9.7,63.6],[9.8,63.6],[9.8,63.7],[9.9,63.7],[9.9,63.9],[10.1,63.9],[10.1,64.1],[10.2,64.1],[10.2,64.2],[10.1,64.2],[10.1,64.3],[10.0,64.3],[10.0,64.2],[9.8,64.2],[9.8,64.0],[9.7,64.0],[9.7,63.9],[9.3,63.9],[9.3,63.6],[9.2,63.6],[9.2,63.7],[9.0,63.7],[9.0,63.8],[8.9,63.8],[8.9,63.9],[9.2,63.9],[9.2,64.1],[9.1,64.1],[9.1,64.0],[8.8,64.0],[8.8,63.9],[8.4,63.9],[8.4,63.7],[8.2,63.7],[8.2,63.5],[8.0,63.5],[8.0,63.6],[7.9,63.6],[7.9,63.5],[7.7,63.5],[7.7,63.3],[7.8,63.3],[7.8,63.2],[7.5,63.2],[7.5,63.1],[7.1,63.1],[7.1,63.0],[6.9,63.0],[6.9,62.9],[6.7,62.9],[6.7,62.8],[6.3,62.8],[6.3,62.7],[6.1,62.7],[6.1,62.6],[6.0,62.6],[6.0,62.5],[5.8,62.5],[5.8,62.4],[5.7,62.4],[5.7,62.5],[5.5,62.5],[5.5,62.3],[5.2,62.3],[5.2,62.1],[5.1,62.1],[5.1,62.2],[5.0,62.2],[5.0,62.1],[4.9,62.1],[4.9,61.8],[4.8,61.8],[4.8,61.7],[4.7,61.7],[4.7,61.5],[4.9,61.5],[4.9,61.4],[4.7,61.4],[4.7,61.3],[4.6,61.3],[4.6,61.2],[4.7,61.2],[4.7,61.1],[4.6,61.1],[4.6,61.0],[4.7,61.0],[4.7,60.8],[4.6,60.8],[4.6,60.7],[4.7,60.7],[4.7,60.5],[4.9,60.5],[4.9,60.2],[5.0,60.2],[5.0,59.6],[5.1,59.6],[5.1,59.5],[5.0,59.5],[5.0,59.4],[4.8,59.4],[4.8,59.2],[4.9,59.2],[4.9,59.3],[5.0,59.3],[5.0,59.2],[5.1,59.2],[5.1,59.1],[5.3,59.1],[5.3,59.0],[5.4,59.0],[5.4,58.7],[5.5,58.7],[5.5,58.6],[5.6,58.6],[5.6,58.5],[5.7,58.5],[5.7,58.4],[6.0,58.4],[6.0,58.3],[6.3,58.3],[6.3,58.2],[6.5,58.2],[6.5,58.0],[6.9,58.0],[6.9,57.9],[7.1,57.9],[7.1,58.0],[7.2,58.0],[7.2,57.9],[7.7,57.9],[7.7,58.0],[8.2,58.0],[8.2,58.1],[8.4,58.1],[8.4,58.2],[8.6,58.2],[8.6,58.3],[8.8,58.3],[8.8,58.4],[9.0,58.4],[9.0,58.5],[9.1,58.5],[9.1,58.6],[9.3,58.6],[9.3,58.7],[9.5,58.7],[9.5,58.8],[9.7,58.8],[9.7,58.9],[9.9,58.9],[9.9,59.0],[9.6,59.0],[9.6,58.9],[9.4,58.9],[9.4,58.8],[9.1,58.8],[9.1,58.7],[8.9,58.7],[8.9,58.6],[8.7,58.6],[8.7,58.5],[8.5,58.5],[8.5,58.4],[8.4,58.4],[8.4,58.3],[8.3,58.3],[8.3,58.4],[8.2,58.4],[8.2,58.3],[7.9,58.3],[7.9,58.2],[6.9,58.2],[6.9,58.3],[6.8,58.3],[6.8,58.4],[6.4,58.4],[6.4,58.5],[6.2,58.5],[6.2,58.7],[6.0,58.7],[6.0,58.8],[6.2,58.8],[6.2,58.9],[6.1,58.9],[6.1,59.2],[6.2,59.2],[6.2,59.3],[6.1,59.3],[6.1,59.4],[5.8,59.4],[5.8,59.7],[5.9,59.7],[5.9,60.0],[6.0,60.0],[6.0,60.1],[5.7,60.1],[5.7,60.4],[5.6,60.4],[5.6,60.7],[5.4,60.7],[5.4,60.9],[5.3,60.9],[5.3,61.0],[5.5,61.0],[5.5,61.1],[5.4,61.1],[5.4,61.3],[5.5,61.3],[5.5,61.4],[5.4,61.4],[5.4,61.5],[5.5,61.5],[5.5,61.6],[5.4,61.6],[5.4,61.7]],[[5.1,61.7],[5.3,61.7],[5.3,61.6],[5.1,61.6],[5.1,61.7]]],[[[15.7,40.8],[15.7,40.7],[15.9,40.7],[15.9,40.8],[15.7,40.8]]],[[[15.2,41.0],[15.2,40.9],[15.4,40.9],[15.4,41.0],[15.2,41.0]]],[[[14.7,41.5],[14.7,41.4],[14.9,41.4],[14.9,41.5],[14.7,41.5]]],[[[14.3,42.0],[14.1,42.0],[14.1,41.8],[14.0,41.8],[14.0,41.7],[14.2,41.7],[14.2,41.4],[14.4,41.4],[14.4,41.3],[14.7,41.3],[14.7,41.4],[14.5,41.4],[14.5,41.7],[14.4,41.7],[14.4,41.8],[14.5,41.8],[14.5,41.9],[14.3,41.9],[14.3,42.0]]],[[[14.0,42.0],[14.1,42.0],[14.1,42.1],[14.2,42.1],[14.2,42.2],[13.9,42.2],[13.9,42.1],[14.0,42.1],[14.0,42.0]]],[[[12.8,42.3],[12.8,42.5],[12.7,42.5],[12.7,42.3],[12.8,42.3]]],[[[12.9,43.3],[12.8,43.3],[12.8,42.5],[12.9,42.5],[12.9,42.4],[13.0,42.4],[13.0,42.3],[12.9,42.3],[12.9,42.1],[13.1,42.1],[13.1,41.8],[13.2,41.8],[13.2,41.9],[13.3,41.9],[13.3,42.1],[13.4,42.1],[13.4,42.2],[13.3,42.2],[13.3,42.3],[13.5,42.3],[13.5,42.2],[13.6,42.2],[13.6,42.1],[13.7,42.1],[13.7,42.3],[13.9,42.3],[13.9,42.4],[13.8,42.4],[13.8,42.5],[13.7,42.5],[13.7,42.4],[13.6,42.4],[13.6,42.8],[13.4,42.8],[13.4,42.9],[13.3,42.9],[13.3,42.8],[13.1,42.8],[13.1,42.9],[13.2,42.9],[13.2,43.1],[13.1,43.1],[13.1,43.0],[13.0,43.0],[13.0,43.2],[12.9,43.2],[12.9,43.3]],[[13.3,42.7],[13.4,42.7],[13.4,42.5],[13.3,42.5],[13.3,42.7]]],[[[12.7,43.3],[12.8,43.3],[12.8,43.5],[12.5,43.5],[12.5,43.4],[12.7,43.4],[12.7,43.3]]],[[[12.3,43.5],[12.5,43.5],[12.5,43.6],[12.3,43.6],[12.3,43.5]]],[[[12.1,43.6],[12.3,43.6],[12.3,43.7],[12.4,43.7],[12.4,43.9],[12.3,43.9],[12.3,43.8],[12.1,43.8],[12.1,43.9],[11.8,43.9],[11.8,44.0],[11.7,44.0],[11.7,44.1],[11.6,44.1],[11.6,44.2],[11.5,44.2],[11.5,44.1],[11.4,44.1],[11.4,44.0],[11.6,44.0],[11.6,43.8],[11.5,43.8],[11.5,43.7],[11.6,43.7],[11.6,43.6],[11.8,43.6],[11.8,43.7],[11.9,43.7],[11.9,43.6],[12.0,43.6],[12.0,43.7],[12.1,43.7],[12.1,43.6]]],[[[15.2,44.9],[15.2,45.1],[14.9,45.1],[14.9,44.8],[15.0,44.8],[15.0,44.9],[15.1,44.9],[15.1,44.5],[15.2,44.5],[15.2,44.4],[15.3,44.4],[15.3,44.3],[15.7,44.3],[15.7,44.2],[16.0,44.2],[16.0,44.1],[16.3,44.1],[16.3,44.2],[16.1,44.2],[16.1,44.3],[16.0,44.3],[16.0,44.4],[15.9,44.4],[15.9,44.5],[15.8,44.5],[15.8,44.6],[15.7,44.6],[15.7,44.7],[15.6,44.7],[15.6,44.5],[15.5,44.5],[15.5,44.7],[15.4,44.7],[15.4,44.9],[15.2,44.9]]],[[[15.1,45.3],[15.2,45.3],[15.2,45.5],[15.0,45.5],[15.0,45.4],[15.1,45.4],[15.1,45.3]]],[[[11.2,45.6],[11.0,45.6],[11.0,45.5],[11.2,45.5],[11.2,45.6]]],[[[15.1,45.7],[15.1,45.6],[15.2,45.6],[15.2,45.7],[15.3,45.7],[15.3,45.8],[15.2,45.8],[15.2,45.9],[15.4,45.9],[15.4,46.0],[15.6,46.0],[15.6,46.1],[15.7,46.1],[15.7,46.2],[15.9,46.2],[15.9,46.1],[16.7,46.1],[16.7,46.2],[16.2,46.2],[16.2,46.3],[16.1,46.3],[16.1,46.4],[16.4,46.4],[16.4,46.5],[16.0,46.5],[16.0,46.7],[15.9,46.7],[15.9,46.6],[15.6,46.6],[15.6,46.4],[15.4,46.4],[15.4,46.3],[15.0,46.3],[15.0,46.2],[15.2,46.2],[15.2,46.1],[15.1,46.1],[15.1,46.0],[14.9,46.0],[14.9,46.1],[14.8,46.1],[14.8,46.2],[14.3,46.2],[14.3,46.0],[14.1,46.0],[14.1,45.9],[14.2,45.9],[14.2,45.8],[13.9,45.8],[13.9,45.5],[14.0,45.5],[14.0,45.4],[14.1,45.4],[14.1,45.3],[14.2,45.3],[14.2,45.2],[14.3,45.2],[14.3,45.4],[14.5,45.4],[14.5,45.5],[14.3,45.5],[14.3,45.9],[14.6,45.9],[14.6,45.8],[14.7,45.8],[14.7,45.7],[14.8,45.7],[14.8,45.4],[14.9,45.4],[14.9,45.7],[15.1,45.7]]],[[[13.8,46.2],[13.5,46.2],[13.5,46.1],[13.6,46.1],[13.6,46.0],[13.7,46.0],[13.7,46.1],[13.8,46.1],[13.8,46.2]]],[[[12.1,46.0],[12.2,46.0],[12.2,46.1],[12.4,46.1],[12.4,46.2],[12.1,46.2],[12.1,46.0]]],[[[11.0,46.4],[11.0,46.2],[11.1,46.2],[11.1,46.4],[11.0,46.4]]],[[[12.3,48.0],[12.3,48.1],[12.0,48.1],[12.0,48.0],[12.1,48.0],[12.1,47.9],[12.2,47.9],[12.2,48.0],[12.3,48.0]]],[[[14.5,48.1],[14.5,48.2],[14.6,48.2],[14.6,48.1],[14.7,48.1],[14.7,48.3],[14.1,48.3],[14.1,48.4],[14.0,48.4],[14.0,48.3],[13.7,48.3],[13.7,48.2],[13.9,48.2],[13.9,48.1],[14.5,48.1]]],[[[12.9,48.8],[12.5,48.8],[12.5,48.7],[12.3,48.7],[12.3,48.6],[13.0,48.6],[13.0,48.4],[13.1,48.4],[13.1,48.3],[12.3,48.3],[12.3,48.4],[12.2,48.4],[12.2,48.3],[12.1,48.3],[12.1,48.2],[12.3,48.2],[12.3,48.1],[12.9,48.1],[12.9,48.2],[13.2,48.2],[13.2,48.3],[13.6,48.3],[13.6,48.4],[13.5,48.4],[13.5,48.5],[13.2,48.5],[13.2,48.6],[13.1,48.6],[13.1,48.7],[12.9,48.7],[12.9,48.8]]],[[[12.0,48.2],[12.0,48.5],[11.6,48.5],[11.6,48.6],[11.8,48.6],[11.8,48.7],[11.9,48.7],[11.9,48.8],[12.5,48.8],[12.5,48.9],[11.5,48.9],[11.5,48.8],[10.7,48.8],[10.7,49.0],[10.5,49.0],[10.5,48.8],[10.6,48.8],[10.6,48.7],[10.3,48.7],[10.3,48.6],[10.1,48.6],[10.1,48.5],[10.0,48.5],[10.0,48.4],[9.9,48.4],[9.9,48.3],[9.7,48.3],[9.7,48.2],[9.8,48.2],[9.8,48.1],[10.0,48.1],[10.0,48.0],[10.1,48.0],[10.1,47.9],[10.2,47.9],[10.2,48.0],[10.3,48.0],[10.3,48.1],[10.5,48.1],[10.5,48.2],[10.6,48.2],[10.6,48.3],[10.7,48.3],[10.7,48.2],[10.8,48.2],[10.8,48.1],[10.9,48.1],[10.9,48.2],[11.3,48.2],[11.3,48.1],[11.8,48.1],[11.8,48.2],[12.0,48.2]]],[[[12.0,48.6],[12.0,48.5],[12.2,48.5],[12.2,48.6],[12.0,48.6]]],[[[14.8,50.0],[15.3,50.0],[15.3,50.1],[15.2,50.1],[15.2,50.3],[14.6,50.3],[14.6,50.4],[14.4,50.4],[14.4,50.5],[13.9,50.5],[13.9,50.4],[14.2,50.4],[14.2,50.3],[14.1,50.3],[14.1,50.2],[14.4,50.2],[14.4,50.0],[14.7,50.0],[14.7,50.1],[14.8,50.1],[14.8,50.0]]],[[[13.5,50.4],[13.5,50.3],[13.8,50.3],[13.8,50.4],[13.5,50.4]]],[[[15.0,55.0],[15.0,54.9],[15.1,54.9],[15.1,55.0],[15.2,55.0],[15.2,55.2],[15.0,55.2],[15.0,55.3],[14.7,55.3],[14.7,55.2],[14.6,55.2],[14.6,55.1],[14.7,55.1],[14.7,55.0],[15.0,55.0]]],[[[11.7,56.7],[11.7,56.8],[11.5,56.8],[11.5,56.6],[11.6,56.6],[11.6,56.7],[11.7,56.7]]],[[[11.2,57.2],[11.2,57.4],[10.9,57.4],[10.9,57.3],[10.8,57.3],[10.8,57.2],[11.2,57.2]]],[[[12.9,56.6],[12.9,56.4],[13.1,56.4],[13.1,56.5],[13.0,56.5],[13.0,56.7],[12.8,56.7],[12.8,56.8],[12.7,56.8],[12.7,57.0],[12.5,57.0],[12.5,57.2],[12.4,57.2],[12.4,57.3],[12.3,57.3],[12.3,57.5],[12.2,57.5],[12.2,57.6],[12.0,57.6],[12.0,57.9],[11.9,57.9],[11.9,58.1],[11.8,58.1],[11.8,58.2],[11.7,58.2],[11.7,58.3],[11.6,58.3],[11.6,58.4],[11.4,58.4],[11.4,58.5],[11.3,58.5],[11.3,58.7],[11.2,58.7],[11.2,58.9],[11.1,58.9],[11.1,59.0],[10.9,59.0],[10.9,58.8],[11.1,58.8],[11.1,58.6],[11.0,58.6],[11.0,58.5],[11.2,58.5],[11.2,58.4],[11.1,58.4],[11.1,58.3],[11.3,58.3],[11.3,58.0],[11.5,58.0],[11.5,57.8],[11.6,57.8],[11.6,57.6],[11.7,57.6],[11.7,57.5],[11.9,57.5],[11.9,57.3],[12.0,57.3],[12.0,57.2],[12.1,57.2],[12.1,57.1],[12.2,57.1],[12.2,57.0],[12.3,57.0],[12.3,56.9],[12.4,56.9],[12.4,56.8],[12.6,56.8],[12.6,56.6],[12.9,56.6]]],[[[10.2,64.4],[10.2,64.2],[10.4,64.2],[10.4,64.3],[10.5,64.3],[10.5,64.4],[10.8,64.4],[10.8,64.5],[10.9,64.5],[10.9,64.6],[11.0,64.6],[11.0,64.8],[11.1,64.8],[11.1,64.9],[11.2,64.9],[11.2,65.1],[10.8,65.1],[10.8,65.0],[10.7,65.0],[10.7,64.9],[10.5,64.9],[10.5,64.8],[10.7,64.8],[10.7,64.7],[10.8,64.7],[10.8,64.6],[10.6,64.6],[10.6,64.5],[10.4,64.5],[10.4,64.4],[10.2,64.4]]],[[[11.6,65.2],[11.7,65.2],[11.7,65.4],[11.6,65.4],[11.6,65.2]]],[[[12.3,66.2],[12.3,66.3],[12.1,66.3],[12.1,66.2],[12.0,66.2],[12.0,66.1],[11.9,66.1],[11.9,65.9],[11.7,65.9],[11.7,65.6],[11.6,65.6],[11.6,65.5],[11.8,65.5],[11.8,65.6],[11.9,65.6],[11.9,65.5],[12.0,65.5],[12.0,65.6],[12.1,65.6],[12.1,65.7],[12.2,65.7],[12.2,65.9],[12.3,65.9],[12.3,66.1],[12.4,66.1],[12.4,66.2],[12.3,66.2]]],[[[12.3,66.4],[12.3,66.3],[12.5,66.3],[12.5,66.2],[12.6,66.2],[12.6,66.4],[12.3,66.4]]],[[[12.3,66.5],[12.3,66.6],[12.0,66.6],[12.0,66.4],[12.2,66.4],[12.2,66.5],[12.3,66.5]]],[[[20.2,41.3],[20.0,41.3],[20.0,41.2],[20.2,41.2],[20.2,41.3]]],[[[20.2,41.9],[20.2,42.1],[20.0,42.1],[20.0,42.0],[20.1,42.0],[20.1,41.9],[20.2,41.9]]],[[[19.0,42.9],[18.5,42.9],[18.5,42.7],[18.4,42.7],[18.4,42.5],[18.8,42.5],[18.8,42.3],[18.9,42.3],[18.9,42.4],[19.0,42.4],[19.0,42.9]]],[[[18.4,42.9],[18.5,42.9],[18.5,43.1],[18.3,43.1],[18.3,43.3],[18.2,43.3],[18.2,43.4],[18.1,43.4],[18.1,43.3],[17.9,43.3],[17.9,43.2],[18.0,43.2],[18.0,43.1],[18.1,43.1],[18.1,42.8],[18.4,42.8],[18.4,42.9]]],[[[18.6,43.6],[18.6,43.5],[18.8,43.5],[18.8,43.6],[18.6,43.6]]],[[[17.8,43.5],[17.4,43.5],[17.4,43.6],[17.3,43.6],[17.3,43.7],[17.1,43.7],[17.1,43.8],[17.0,43.8],[17.0,43.9],[16.8,43.9],[16.8,44.0],[16.7,44.0],[16.7,44.1],[16.6,44.1],[16.6,43.8],[16.8,43.8],[16.8,43.6],[16.9,43.6],[16.9,43.5],[17.0,43.5],[17.0,43.3],[17.1,43.3],[17.1,43.5],[17.3,43.5],[17.3,43.4],[17.8,43.4],[17.8,43.5]]],[[[20.3,43.8],[20.3,44.0],[20.2,44.0],[20.2,43.9],[20.1,43.9],[20.1,43.8],[20.0,43.8],[20.0,43.7],[20.1,43.7],[20.1,43.6],[20.2,43.6],[20.2,43.7],[20.5,43.7],[20.5,43.8],[20.3,43.8]]],[[[16.4,44.1],[16.3,44.1],[16.3,43.8],[16.4,43.8],[16.4,44.1]]],[[[18.1,43.9],[18.1,43.8],[18.4,43.8],[18.4,43.9],[18.3,43.9],[18.3,44.1],[18.1,44.1],[18.1,44.2],[17.7,44.2],[17.7,44.1],[17.9,44.1],[17.9,44.0],[18.0,44.0],[18.0,43.9],[18.1,43.9]]],[[[18.2,44.3],[18.2,44.4],[17.9,44.4],[17.9,44.3],[18.2,44.3]]],[[[16.1,44.5],[16.1,44.3],[16.2,44.3],[16.2,44.5],[16.1,44.5]]],[[[19.2,44.5],[19.2,44.4],[19.4,44.4],[19.4,44.5],[19.2,44.5]]],[[[19.2,44.3],[19.2,44.4],[19.0,44.4],[19.0,44.5],[19.1,44.5],[19.1,44.6],[18.9,44.6],[18.9,44.7],[18.7,44.7],[18.7,44.8],[18.5,44.8],[18.5,44.7],[18.4,44.7],[18.4,44.6],[18.7,44.6],[18.7,44.5],[18.9,44.5],[18.9,44.3],[19.0,44.3],[19.0,44.1],[19.3,44.1],[19.3,44.2],[19.4,44.2],[19.4,44.3],[19.2,44.3]]],[[[18.2,44.6],[18.2,44.7],[18.1,44.7],[18.1,44.5],[18.2,44.5],[18.2,44.4],[18.3,44.4],[18.3,44.3],[18.7,44.3],[18.7,44.4],[18.4,44.4],[18.4,44.5],[18.3,44.5],[18.3,44.6],[18.2,44.6]]],[[[17.2,45.0],[17.0,45.0],[17.0,44.8],[16.7,44.8],[16.7,44.7],[16.6,44.7],[16.6,44.6],[16.7,44.6],[16.7,44.5],[16.8,44.5],[16.8,44.3],[16.9,44.3],[16.9,44.6],[16.8,44.6],[16.8,44.7],[17.1,44.7],[17.1,44.3],[17.3,44.3],[17.3,44.4],[17.2,44.4],[17.2,44.6],[17.4,44.6],[17.4,44.5],[17.5,44.5],[17.5,44.6],[17.7,44.6],[17.7,44.5],[18.0,44.5],[18.0,44.6],[17.8,44.6],[17.8,44.7],[17.7,44.7],[17.7,44.8],[17.6,44.8],[17.6,44.7],[17.5,44.7],[17.5,44.8],[17.1,44.8],[17.1,44.9],[17.2,44.9],[17.2,45.0]]],[[[18.2,44.9],[18.2,44.7],[18.4,44.7],[18.4,44.9],[18.2,44.9]]],[[[15.3,45.3],[15.2,45.3],[15.2,45.1],[15.4,45.1],[15.4,45.0],[15.6,45.0],[15.6,44.9],[15.7,44.9],[15.7,44.8],[15.8,44.8],[15.8,44.7],[15.9,44.7],[15.9,44.5],[16.1,44.5],[16.1,44.7],[16.0,44.7],[16.0,44.8],[16.2,44.8],[16.2,44.5],[16.4,44.5],[16.4,44.6],[16.3,44.6],[16.3,44.8],[16.4,44.8],[16.4,44.7],[16.6,44.7],[16.6,44.9],[16.2,44.9],[16.2,45.1],[16.3,45.1],[16.3,45.2],[16.4,45.2],[16.4,45.3],[16.2,45.3],[16.2,45.2],[16.0,45.2],[16.0,45.1],[15.7,45.1],[15.7,45.2],[15.6,45.2],[15.6,45.1],[15.5,45.1],[15.5,45.2],[15.3,45.2],[15.3,45.3]]],[[[16.6,45.0],[17.0,45.0],[17.0,45.1],[16.6,45.1],[16.6,45.0]]],[[[17.4,45.6],[17.3,45.6],[17.3,45.4],[17.4,45.4],[17.4,45.3],[17.5,45.3],[17.5,45.4],[17.6,45.4],[17.6,45.5],[17.4,45.5],[17.4,45.6]]],[[[16.2,45.9],[16.2,46.0],[16.0,46.0],[16.0,45.9],[16.2,45.9]]],[[[18.3,46.1],[18.3,46.2],[18.5,46.2],[18.5,46.3],[18.4,46.3],[18.4,46.4],[18.3,46.4],[18.3,46.3],[18.2,46.3],[18.2,46.2],[18.0,46.2],[18.0,46.1],[18.3,46.1]]],[[[17.3,47.0],[17.3,46.9],[17.5,46.9],[17.5,47.1],[17.6,47.1],[17.6,47.3],[17.7,47.3],[17.7,47.5],[17.6,47.5],[17.6,47.4],[17.5,47.4],[17.5,47.3],[17.4,47.3],[17.4,47.0],[17.3,47.0]]],[[[17.3,48.1],[17.3,48.2],[17.0,48.2],[17.0,48.4],[16.9,48.4],[16.9,48.5],[16.8,48.5],[16.8,48.9],[16.7,48.9],[16.7,48.7],[16.6,48.7],[16.6,48.6],[16.5,48.6],[16.5,48.4],[16.2,48.4],[16.2,48.5],[16.1,48.5],[16.1,48.4],[15.7,48.4],[15.7,48.2],[16.1,48.2],[16.1,48.3],[16.3,48.3],[16.3,48.2],[16.2,48.2],[16.2,47.8],[16.1,47.8],[16.1,47.7],[16.5,47.7],[16.5,47.4],[16.6,47.4],[16.6,47.2],[16.5,47.2],[16.5,46.9],[16.4,46.9],[16.4,46.8],[16.3,46.8],[16.3,46.7],[16.6,46.7],[16.6,46.5],[16.9,46.5],[16.9,46.8],[17.1,46.8],[17.1,46.9],[16.9,46.9],[16.9,47.0],[17.0,47.0],[17.0,47.2],[16.9,47.2],[16.9,47.1],[16.8,47.1],[16.8,47.0],[16.6,47.0],[16.6,47.1],[16.7,47.1],[16.7,47.2],[16.8,47.2],[16.8,47.4],[16.9,47.4],[16.9,47.5],[16.8,47.5],[16.8,47.6],[16.7,47.6],[16.7,47.9],[17.1,47.9],[17.1,48.0],[17.2,48.0],[17.2,48.1],[17.3,48.1]]],[[[17.6,48.3],[17.8,48.3],[17.8,48.4],[17.5,48.4],[17.5,48.3],[17.4,48.3],[17.4,48.2],[17.6,48.2],[17.6,48.3]]],[[[16.4,48.9],[16.4,48.8],[16.6,48.8],[16.6,48.9],[16.4,48.9]]],[[[19.3,54.4],[19.1,54.4],[19.1,54.3],[19.3,54.3],[19.3,54.4]]],[[[18.4,57.9],[18.4,57.8],[18.3,57.8],[18.3,57.7],[18.2,57.7],[18.2,57.6],[18.1,57.6],[18.1,57.5],[18.0,57.5],[18.0,57.3],[17.9,57.3],[17.9,57.2],[18.1,57.2],[18.1,56.9],[18.4,56.9],[18.4,57.1],[18.6,57.1],[18.6,57.2],[18.8,57.2],[18.8,57.3],[18.9,57.3],[18.9,57.4],[19.0,57.4],[19.0,57.5],[18.9,57.5],[18.9,57.7],[19.1,57.7],[19.1,57.8],[19.2,57.8],[19.2,57.9],[19.4,57.9],[19.4,58.0],[18.6,58.0],[18.6,57.9],[18.4,57.9]],[[18.4,57.3],[18.4,57.8],[18.6,57.8],[18.6,57.4],[18.5,57.4],[18.5,57.3],[18.4,57.3]]],[[[16.7,57.5],[16.7,57.4],[16.8,57.4],[16.8,57.8],[16.7,57.8],[16.7,57.7],[16.6,57.7],[16.6,57.5],[16.7,57.5]]],[[[16.8,58.0],[16.8,57.8],[16.9,57.8],[16.9,58.0],[16.8,58.0]]],[[[19.1,58.4],[19.1,58.3],[19.4,58.3],[19.4,58.4],[19.1,58.4]]],[[[22.3,39.9],[22.5,39.9],[22.5,40.1],[22.4,40.1],[22.4,40.0],[22.3,40.0],[22.3,39.9]]],[[[20.2,40.6],[20.2,40.5],[20.4,40.5],[20.4,40.6],[20.2,40.6]]],[[[30.8,40.8],[30.8,40.7],[31.0,40.7],[31.0,40.8],[30.8,40.8]]],[[[38.6,40.8],[38.6,40.7],[38.8,40.7],[38.8,40.8],[38.6,40.8]]],[[[20.4,40.9],[20.3,40.9],[20.3,40.7],[20.4,40.7],[20.4,40.9]]],[[[37.9,40.9],[37.9,40.8],[38.1,40.8],[38.1,40.7],[38.2,40.7],[38.2,40.8],[38.3,40.8],[38.3,40.9],[37.9,40.9]]],[[[21.0,41.1],[21.0,40.7],[21.1,40.7],[21.1,41.1],[21.0,41.1]]],[[[37.9,40.7],[37.9,40.8],[37.8,40.8],[37.8,41.0],[37.6,41.0],[37.6,40.9],[37.4,40.9],[37.4,41.0],[37.0,41.0],[37.0,41.1],[36.9,41.1],[36.9,41.0],[36.7,41.0],[36.7,40.8],[36.9,40.8],[36.9,40.9],[37.2,40.9],[37.2,40.8],[37.4,40.8],[37.4,40.7],[37.9,40.7]]],[[[31.9,40.8],[31.9,41.0],[31.8,41.0],[31.8,41.2],[31.6,41.2],[31.6,41.1],[31.4,41.1],[31.4,41.0],[31.2,41.0],[31.2,40.9],[31.3,40.9],[31.3,40.8],[31.2,40.8],[31.2,40.7],[31.4,40.7],[31.4,40.9],[31.8,40.9],[31.8,40.8],[31.9,40.8]]],[[[39.0,41.0],[39.0,40.9],[39.2,40.9],[39.2,41.0],[39.0,41.0]]],[[[35.7,41.5],[35.6,41.5],[35.6,40.9],[35.9,40.9],[35.9,41.0],[35.8,41.0],[35.8,41.1],[36.1,41.1],[36.1,40.9],[36.2,40.9],[36.2,41.0],[36.4,41.0],[36.4,40.9],[36.5,40.9],[36.5,40.8],[36.6,40.8],[36.6,41.1],[36.5,41.1],[36.5,41.2],[36.2,41.2],[36.2,41.3],[36.1,41.3],[36.1,41.4],[35.7,41.4],[35.7,41.5]]],[[[32.2,41.2],[31.9,41.2],[31.9,41.0],[32.3,41.0],[32.3,41.1],[32.4,41.1],[32.4,41.2],[32.5,41.2],[32.5,41.4],[32.3,41.4],[32.3,41.3],[32.2,41.3],[32.2,41.2]]],[[[31.8,41.3],[31.8,41.2],[31.9,41.2],[31.9,41.4],[31.7,41.4],[31.7,41.3],[31.8,41.3]]],[[[24.2,41.4],[24.2,41.3],[24.4,41.3],[24.4,41.4],[24.2,41.4]]],[[[34.6,41.5],[34.6,41.3],[34.7,41.3],[34.7,41.5],[34.6,41.5]]],[[[32.6,41.5],[32.6,41.4],[32.8,41.4],[32.8,41.5],[32.6,41.5]]],[[[34.0,41.6],[34.0,41.5],[33.7,41.5],[33.7,41.4],[34.3,41.4],[34.3,41.5],[34.2,41.5],[34.2,41.6],[34.0,41.6]]],[[[35.2,41.5],[35.6,41.5],[35.6,41.6],[35.3,41.6],[35.3,41.7],[35.2,41.7],[35.2,41.8],[34.9,41.8],[34.9,41.7],[35.1,41.7],[35.1,41.6],[35.2,41.6],[35.2,41.5]]],[[[32.9,41.9],[32.8,41.9],[32.8,41.7],[32.9,41.7],[32.9,41.9]]],[[[34.0,41.8],[34.9,41.8],[34.9,41.9],[34.2,41.9],[34.2,42.0],[33.3,42.0],[33.3,41.9],[33.0,41.9],[33.0,41.7],[33.1,41.7],[33.1,41.8],[33.4,41.8],[33.4,41.9],[33.6,41.9],[33.6,41.8],[33.7,41.8],[33.7,41.9],[34.0,41.9],[34.0,41.8]]],[[[27.5,42.0],[27.3,42.0],[27.3,42.1],[27.1,42.1],[27.1,41.9],[27.5,41.9],[27.5,42.0]]],[[[21.1,43.0],[21.1,42.9],[21.3,42.9],[21.3,43.0],[21.1,43.0]]],[[[39.7,43.9],[39.7,43.7],[39.8,43.7],[39.8,43.9],[39.7,43.9]]],[[[39.4,43.9],[39.6,43.9],[39.6,44.0],[39.5,44.0],[39.5,44.1],[39.4,44.1],[39.4,43.9]]],[[[20.3,44.2],[20.3,44.0],[20.5,44.0],[20.5,44.2],[20.3,44.2]]],[[[34.0,44.8],[34.0,44.6],[34.1,44.6],[34.1,44.7],[34.2,44.7],[34.2,44.8],[34.0,44.8]]],[[[22.3,45.5],[22.0,45.5],[22.0,45.4],[22.3,45.4],[22.3,45.5]]]]}},
{"type":"Feature","properties":{"k":"Cfc"},"geometry":{"type":"MultiPolygon","coordinates":[[[[-4.2,56.5],[-4.2,56.6],[-4.6,56.6],[-4.6,56.5],[-4.2,56.5]]],[[[-4.4,56.9],[-4.6,56.9],[-4.6,56.7],[-4.5,56.7],[-4.5,56.8],[-4.4,56.8],[-4.4,56.9]]],[[[-3.9,57.1],[-3.9,57.0],[-4.2,57.0],[-4.2,56.9],[-4.3,56.9],[-4.3,56.8],[-4.1,56.8],[-4.1,56.9],[-4.0,56.9],[-4.0,56.8],[-3.2,56.8],[-3.2,56.9],[-3.0,56.9],[-3.0,56.8],[-2.9,56.8],[-2.9,57.0],[-3.3,57.0],[-3.3,57.1],[-3.2,57.1],[-3.2,57.2],[-3.1,57.2],[-3.1,57.3],[-3.3,57.3],[-3.3,57.2],[-3.7,57.2],[-3.7,57.0],[-3.8,57.0],[-3.8,57.1],[-3.9,57.1]]],[[[-4.7,56.9],[-4.6,56.9],[-4.6,57.0],[-4.3,57.0],[-4.3,57.1],[-4.0,57.1],[-4.0,57.3],[-4.3,57.3],[-4.3,57.2],[-4.5,57.2],[-4.5,57.1],[-4.7,57.1],[-4.7,56.9]]],[[[-5.2,57.1],[-5.2,57.2],[-5.0,57.2],[-5.0,57.3],[-4.9,57.3],[-4.9,57.4],[-4.8,57.4],[-4.8,57.5],[-5.0,57.5],[-5.0,57.4],[-5.1,57.4],[-5.1,57.3],[-5.3,57.3],[-5.3,57.1],[-5.2,57.1]]],[[[-5.0,57.9],[-5.0,57.7],[-4.8,57.7],[-4.8,57.8],[-4.7,57.8],[-4.7,57.9],[-5.0,57.9]]],[[[-2.0,60.2],[-2.2,60.2],[-2.2,60.1],[-2.0,60.1],[-2.0,60.2]]],[[[-6.8,62.0],[-7.0,62.0],[-7.0,61.8],[-6.9,61.8],[-6.9,61.7],[-7.0,61.7],[-7.0,61.5],[-6.9,61.5],[-6.9,61.4],[-6.7,61.4],[-6.7,61.3],[-6.6,61.3],[-6.6,61.5],[-6.7,61.5],[-6.7,61.7],[-6.6,61.7],[-6.6,62.1],[-6.5,62.1],[-6.5,62.2],[-6.2,62.2],[-6.2,62.4],[-7.2,62.4],[-7.2,62.3],[-7.1,62.3],[-7.1,62.2],[-6.9,62.2],[-6.9,62.1],[-6.8,62.1],[-6.8,62.0]]],[[[-7.6,62.1],[-7.3,62.1],[-7.3,62.2],[-7.7,62.2],[-7.7,62.0],[-7.6,62.0],[-7.6,62.1]]],[[[11.0,65.3],[10.9,65.3],[10.9,65.1],[11.0,65.1],[11.0,65.3]]],[[[13.0,66.6],[13.0,66.7],[12.9,66.7],[12.9,66.8],[12.8,66.8],[12.8,66.7],[12.7,66.7],[12.7,66.6],[12.6,66.6],[12.6,66.5],[12.8,66.5],[12.8,66.6],[13.0,66.6]]],[[[13.0,66.9],[13.0,66.7],[13.2,66.7],[13.2,66.8],[13.3,66.8],[13.3,66.9],[13.0,66.9]]],[[[13.7,67.3],[14.0,67.3],[14.0,67.5],[13.9,67.5],[13.9,67.4],[13.7,67.4],[13.7,67.3]]],[[[11.8,67.4],[12.1,67.4],[12.1,67.5],[12.2,67.5],[12.2,67.6],[12.0,67.6],[12.0,67.5],[11.8,67.5],[11.8,67.4]]],[[[12.8,67.6],[12.8,67.8],[12.7,67.8],[12.7,67.7],[12.5,67.7],[12.5,67.6],[12.8,67.6]]],[[[12.8,68.0],[12.8,67.8],[13.1,67.8],[13.1,67.9],[13.3,67.9],[13.3,68.0],[13.8,68.0],[13.8,68.1],[14.1,68.1],[14.1,68.2],[14.2,68.2],[14.2,68.3],[14.3,68.3],[14.3,68.4],[14.0,68.4],[14.0,68.3],[13.9,68.3],[13.9,68.4],[13.6,68.4],[13.6,68.3],[13.4,68.3],[13.4,68.2],[13.0,68.2],[13.0,68.1],[12.9,68.1],[12.9,68.0],[12.8,68.0]]],[[[14.5,68.2],[14.3,68.2],[14.3,68.1],[14.5,68.1],[14.5,68.2]]],[[[14.4,68.5],[14.4,68.7],[14.3,68.7],[14.3,68.5],[14.4,68.5]]],[[[14.6,68.7],[14.6,68.6],[14.8,68.6],[14.8,68.7],[14.6,68.7]]]]}},
{"type":"Feature","properties":{"k":"Dsa"},"geometry":{"type":"MultiPolygon","coordinates":[[[[33.3,37.0],[33.1,37.0],[33.1,36.9],[33.3,36.9],[33.3,37.0]]],[[[33.9,37.2],[33.9,37.4],[33.8,37.4],[33.8,37.2],[33.9,37.2]]],[[[34.2,37.4],[34.4,37.4],[34.4,37.5],[34.6,37.5],[34.6,37.6],[34.8,37.6],[34.8,37.7],[34.7,37.7],[34.7,37.9],[34.6,37.9],[34.6,37.7],[34.5,37.7],[34.5,37.6],[34.3,37.6],[34.3,37.5],[34.2,37.5],[34.2,37.4]]],[[[32.2,37.5],[32.3,37.5],[32.3,37.7],[32.4,37.7],[32.4,37.9],[32.3,37.9],[32.3,37.8],[32.2,37.8],[32.2,37.5]]],[[[31.7,38.0],[31.7,37.9],[32.0,37.9],[32.0,38.0],[31.9,38.0],[31.9,38.1],[31.8,38.1],[31.8,38.0],[31.7,38.0]]],[[[34.4,38.2],[34.4,38.3],[34.2,38.3],[34.2,38.2],[34.4,38.2]]],[[[34.3,38.4],[34.5,38.4],[34.5,38.5],[34.7,38.5],[34.7,38.6],[34.6,38.6],[34.6,38.7],[34.5,38.7],[34.5,38.6],[34.2,38.6],[34.2,38.7],[34.1,38.7],[34.1,38.8],[34.0,38.8],[34.0,38.9],[33.8,38.9],[33.8,38.8],[33.9,38.8],[33.9,38.7],[33.8,38.7],[33.8,38.6],[34.0,38.6],[34.0,38.5],[34.3,38.5],[34.3,38.4]]],[[[31.4,38.8],[31.3,38.8],[31.3,38.7],[31.5,38.7],[31.5,38.8],[31.7,38.8],[31.7,38.9],[31.4,38.9],[31.4,38.8]]],[[[32.5,38.9],[32.5,38.8],[32.7,38.8],[32.7,38.9],[32.6,38.9],[32.6,39.0],[32.4,39.0],[32.4,38.9],[32.5,38.9]]],[[[35.0,38.9],[35.0,39.2],[34.7,39.2],[34.7,39.5],[34.4,39.5],[34.4,39.6],[34.1,39.6],[34.1,39.8],[34.0,39.8],[34.0,39.5],[33.9,39.5],[33.9,39.4],[33.8,39.4],[33.8,39.3],[34.0,39.3],[34.0,39.1],[34.1,39.1],[34.1,39.2],[34.2,39.2],[34.2,39.1],[34.4,39.1],[34.4,39.0],[34.5,39.0],[34.5,38.9],[34.8,38.9],[34.8,39.0],[34.9,39.0],[34.9,38.9],[35.0,38.9]]],[[[33.0,39.7],[33.0,39.9],[33.3,39.9],[33.3,40.0],[33.1,40.0],[33.1,40.3],[33.0,40.3],[33.0,40.2],[32.9,40.2],[32.9,40.0],[32.8,40.0],[32.8,39.9],[32.5,39.9],[32.5,39.8],[32.6,39.8],[32.6,39.7],[32.5,39.7],[32.5,39.5],[32.4,39.5],[32.4,39.3],[32.5,39.3],[32.5,39.2],[32.6,39.2],[32.6,39.1],[32.7,39.1],[32.7,39.2],[32.8,39.2],[32.8,39.1],[32.9,39.1],[32.9,39.2],[33.0,39.2],[33.0,39.4],[33.2,39.4],[33.2,39.5],[33.3,39.5],[33.3,39.6],[33.4,39.6],[33.4,39.7],[33.0,39.7]],[[32.8,39.5],[32.7,39.5],[32.7,39.8],[32.8,39.8],[32.8,39.5]]],[[[33.8,39.9],[33.7,39.9],[33.7,39.8],[33.6,39.8],[33.6,39.6],[33.7,39.6],[33.7,39.7],[33.8,39.7],[33.8,39.9]]],[[[33.5,39.9],[33.7,39.9],[33.7,40.0],[33.9,40.0],[33.9,40.2],[33.8,40.2],[33.8,40.1],[33.7,40.1],[33.7,40.2],[33.6,40.2],[33.6,40.1],[33.5,40.1],[33.5,39.9]]],[[[39.7,37.8],[39.7,37.7],[39.8,37.7],[39.8,37.6],[39.9,37.6],[39.9,37.8],[39.7,37.8]]],[[[36.6,37.9],[36.5,37.9],[36.5,37.8],[36.3,37.8],[36.3,37.7],[36.4,37.7],[36.4,37.6],[36.5,37.6],[36.5,37.7],[36.6,37.7],[36.6,37.9]]],[[[35.5,38.0],[35.5,37.7],[35.6,37.7],[35.6,37.8],[35.8,37.8],[35.8,37.9],[35.6,37.9],[35.6,38.2],[35.4,38.2],[35.4,38.0],[35.5,38.0]]],[[[36.2,38.1],[36.2,38.0],[36.1,38.0],[36.1,37.9],[36.3,37.9],[36.3,38.3],[36.1,38.3],[36.1,38.1],[36.2,38.1]]],[[[34.8,38.4],[34.5,38.4],[34.5,38.3],[34.6,38.3],[34.6,38.2],[34.7,38.2],[34.7,38.0],[34.9,38.0],[34.9,38.1],[35.2,38.1],[35.2,38.2],[35.1,38.2],[35.1,38.4],[35.0,38.4],[35.0,38.3],[34.8,38.3],[34.8,38.4]]],[[[35.7,38.2],[35.9,38.2],[35.9,38.3],[36.0,38.3],[36.0,38.5],[35.9,38.5],[35.9,38.4],[35.8,38.4],[35.8,38.3],[35.7,38.3],[35.7,38.2]]],[[[39.0,39.5],[39.0,39.6],[38.6,39.6],[38.6,39.7],[38.3,39.7],[38.3,39.6],[38.2,39.6],[38.2,39.4],[38.1,39.4],[38.1,39.5],[37.8,39.5],[37.8,39.4],[38.0,39.4],[38.0,39.2],[38.2,39.2],[38.2,38.9],[38.0,38.9],[38.0,39.0],[37.8,39.0],[37.8,38.9],[37.6,38.9],[37.6,38.7],[37.4,38.7],[37.4,38.5],[37.3,38.5],[37.3,38.4],[37.0,38.4],[37.0,38.5],[36.8,38.5],[36.8,38.2],[36.6,38.2],[36.6,38.1],[36.4,38.1],[36.4,37.9],[36.5,37.9],[36.5,38.0],[36.7,38.0],[36.7,37.9],[36.8,37.9],[36.8,38.1],[36.9,38.1],[36.9,37.9],[37.1,37.9],[37.1,38.0],[37.2,38.0],[37.2,37.9],[37.3,37.9],[37.3,37.8],[37.1,37.8],[37.1,37.7],[37.2,37.7],[37.2,37.6],[37.3,37.6],[37.3,37.7],[37.4,37.7],[37.4,37.8],[37.6,37.8],[37.6,37.9],[37.9,37.9],[37.9,37.8],[38.0,37.8],[38.0,37.9],[38.3,37.9],[38.3,38.0],[38.7,38.0],[38.7,37.9],[38.8,37.9],[38.8,38.0],[39.1,38.0],[39.1,38.2],[39.5,38.2],[39.5,38.3],[39.7,38.3],[39.7,38.4],[39.8,38.4],[39.8,38.5],[40.0,38.5],[40.0,39.2],[39.9,39.2],[39.9,39.3],[39.7,39.3],[39.7,39.2],[39.5,39.2],[39.5,39.3],[39.4,39.3],[39.4,39.4],[39.1,39.4],[39.1,39.3],[39.0,39.3],[39.0,39.2],[38.7,39.2],[38.7,39.3],[38.5,39.3],[38.5,39.4],[38.8,39.4],[38.8,39.5],[39.0,39.5]],[[39.1,38.5],[39.1,38.6],[39.0,38.6],[39.0,38.8],[38.7,38.8],[38.7,38.9],[38.6,38.9],[38.6,39.0],[38.7,39.0],[38.7,39.1],[38.8,39.1],[38.8,39.0],[39.1,39.0],[39.1,38.9],[39.4,38.9],[39.4,38.8],[39.5,38.8],[39.5,38.7],[39.9,38.7],[39.9,38.6],[39.4,38.6],[39.4,38.5],[39.1,38.5]],[[37.7,38.8],[37.9,38.8],[37.9,38.7],[37.8,38.7],[37.8,38.6],[37.7,38.6],[37.7,38.8]],[[38.7,38.3],[38.0,38.3],[38.0,38.6],[38.1,38.6],[38.1,38.7],[38.3,38.7],[38.3,38.8],[38.6,38.8],[38.6,38.7],[38.5,38.7],[38.5,38.6],[38.6,38.6],[38.6,38.5],[38.9,38.5],[38.9,38.4],[38.7,38.4],[38.7,38.3]],[[37.6,38.4],[37.8,38.4],[37.8,38.1],[37.7,38.1],[37.7,38.2],[37.6,38.2],[37.6,38.4]],[[37.6,38.0],[37.4,38.0],[37.4,38.1],[37.6,38.1],[37.6,38.0]]],[[[39.1,38.8],[39.1,38.6],[39.2,38.6],[39.2,38.7],[39.4,38.7],[39.4,38.8],[39.1,38.8]]],[[[35.9,38.9],[36.0,38.9],[36.0,39.0],[36.1,39.0],[36.1,39.1],[36.0,39.1],[36.0,39.2],[35.9,39.2],[35.9,38.9]]],[[[35.0,39.3],[35.0,39.2],[35.4,39.2],[35.4,39.4],[35.3,39.4],[35.3,39.3],[35.1,39.3],[35.1,39.4],[35.2,39.4],[35.2,39.5],[35.3,39.5],[35.3,39.7],[34.9,39.7],[34.9,39.6],[35.1,39.6],[35.1,39.5],[35.0,39.5],[35.0,39.4],[34.9,39.4],[34.9,39.3],[35.0,39.3]]],[[[39.0,39.7],[39.0,39.6],[39.4,39.6],[39.4,39.7],[39.5,39.7],[39.5,39.6],[39.8,39.6],[39.8,39.7],[39.6,39.7],[39.6,39.8],[39.3,39.8],[39.3,39.7],[39.0,39.7]]],[[[38.5,40.1],[38.5,40.2],[38.1,40.2],[38.1,40.1],[38.5,40.1]]]]}},
{"type":"Feature","properties":{"k":"Dsb"},"geometry":{"type":"MultiPolygon","coordinates":[[[[29.7,36.6],[29.7,36.8],[29.5,36.8],[29.5,36.5],[29.6,36.5],[29.6,36.6],[29.7,36.6]]],[[[29.7,36.9],[29.7,36.8],[30.0,36.8],[30.0,36.9],[29.9,36.9],[29.9,37.0],[29.8,37.0],[29.8,36.9],[29.7,36.9]]],[[[-3.2,37.1],[-3.2,37.2],[-3.3,37.2],[-3.3,37.1],[-3.5,37.1],[-3.5,37.0],[-3.1,37.0],[-3.1,37.1],[-3.2,37.1]]],[[[29.9,38.4],[29.9,38.3],[30.0,38.3],[30.0,38.2],[30.1,38.2],[30.1,38.4],[29.9,38.4]]],[[[22.1,38.7],[22.1,38.6],[22.2,38.6],[22.2,38.5],[22.3,38.5],[22.3,38.9],[22.2,38.9],[22.2,38.7],[22.1,38.7]]],[[[29.7,38.8],[29.8,38.8],[29.8,38.9],[29.9,38.9],[29.9,39.0],[29.8,39.0],[29.8,39.1],[29.6,39.1],[29.6,38.9],[29.7,38.9],[29.7,38.8]]],[[[28.9,39.2],[28.9,39.3],[28.7,39.3],[28.7,39.2],[28.9,39.2]]],[[[21.6,39.4],[21.5,39.4],[21.5,39.2],[21.7,39.2],[21.7,39.3],[21.6,39.3],[21.6,39.4]]],[[[29.9,39.5],[29.7,39.5],[29.7,39.3],[30.0,39.3],[30.0,39.4],[29.9,39.4],[29.9,39.5]]],[[[21.1,40.3],[21.0,40.3],[21.0,40.2],[20.8,40.2],[20.8,40.1],[20.9,40.1],[20.9,40.0],[20.7,40.0],[20.7,39.9],[21.0,39.9],[21.0,39.8],[21.1,39.8],[21.1,39.7],[21.0,39.7],[21.0,39.6],[21.2,39.6],[21.2,39.5],[21.4,39.5],[21.4,39.4],[21.5,39.4],[21.5,39.7],[21.3,39.7],[21.3,39.9],[21.2,39.9],[21.2,40.1],[21.1,40.1],[21.1,40.3]]],[[[29.9,39.9],[29.5,39.9],[29.5,40.0],[29.4,40.0],[29.4,40.1],[29.2,40.1],[29.2,40.2],[29.1,40.2],[29.1,40.0],[29.3,40.0],[29.3,39.9],[29.4,39.9],[29.4,39.8],[29.7,39.8],[29.7,39.6],[30.0,39.6],[30.0,39.8],[29.9,39.8],[29.9,39.9]]],[[[-5.5,40.2],[-5.2,40.2],[-5.2,40.3],[-5.5,40.3],[-5.5,40.2]]],[[[20.9,40.3],[21.0,40.3],[21.0,40.5],[20.9,40.5],[20.9,40.3]]],[[[20.8,40.8],[20.9,40.8],[20.9,41.0],[20.8,41.0],[20.8,40.8]]],[[[30.2,36.5],[30.2,36.6],[30.3,36.6],[30.3,36.8],[30.4,36.8],[30.4,36.9],[30.2,36.9],[30.2,36.8],[30.1,36.8],[30.1,36.7],[30.0,36.7],[30.0,36.5],[30.2,36.5]]],[[[33.3,37.0],[33.3,36.8],[33.4,36.8],[33.4,37.0],[33.3,37.0]]],[[[31.6,37.2],[31.6,37.3],[31.8,37.3],[31.8,37.2],[31.9,37.2],[31.9,37.1],[31.8,37.1],[31.8,37.0],[31.9,37.0],[31.9,36.9],[32.0,36.9],[32.0,36.8],[32.3,36.8],[32.3,36.7],[32.2,36.7],[32.2,36.6],[32.4,36.6],[32.4,36.4],[32.5,36.4],[32.5,36.3],[32.9,36.3],[32.9,36.4],[32.8,36.4],[32.8,36.5],[32.6,36.5],[32.6,36.7],[32.7,36.7],[32.7,36.8],[32.8,36.8],[32.8,36.7],[32.9,36.7],[32.9,36.6],[33.1,36.6],[33.1,36.8],[33.0,36.8],[33.0,36.9],[32.8,36.9],[32.8,37.0],[32.6,37.0],[32.6,36.9],[32.5,36.9],[32.5,37.2],[32.0,37.2],[32.0,37.3],[31.9,37.3],[31.9,37.4],[31.8,37.4],[31.8,37.5],[31.5,37.5],[31.5,37.4],[31.4,37.4],[31.4,37.8],[31.3,37.8],[31.3,38.0],[31.2,38.0],[31.2,38.1],[31.0,38.1],[31.0,37.8],[31.2,37.8],[31.2,37.6],[31.3,37.6],[31.3,37.2],[31.6,37.2]]],[[[30.0,37.3],[30.0,37.2],[30.2,37.2],[30.2,37.3],[30.0,37.3]]],[[[32.4,37.9],[32.4,38.1],[32.5,38.1],[32.5,38.2],[32.3,38.2],[32.3,38.1],[32.1,38.1],[32.1,38.2],[31.9,38.2],[31.9,38.0],[32.0,38.0],[32.0,37.9],[31.9,37.9],[31.9,37.7],[32.0,37.7],[32.0,37.4],[32.2,37.4],[32.2,37.3],[32.4,37.3],[32.4,37.4],[32.3,37.4],[32.3,37.5],[32.2,37.5],[32.2,37.8],[32.3,37.8],[32.3,37.9],[32.4,37.9]]],[[[30.8,38.0],[30.8,38.1],[30.5,38.1],[30.5,38.0],[30.8,38.0]]],[[[31.8,38.1],[31.6,38.1],[31.6,38.2],[31.5,38.2],[31.5,38.3],[31.4,38.3],[31.4,38.4],[31.3,38.4],[31.3,38.5],[31.1,38.5],[31.1,38.6],[31.0,38.6],[31.0,38.5],[30.9,38.5],[30.9,38.4],[31.2,38.4],[31.2,38.3],[31.3,38.3],[31.3,38.2],[31.4,38.2],[31.4,38.1],[31.5,38.1],[31.5,38.0],[31.6,38.0],[31.6,37.9],[31.7,37.9],[31.7,38.0],[31.8,38.0],[31.8,38.1]]],[[[29.9,38.8],[29.9,38.7],[30.0,38.7],[30.0,38.6],[30.3,38.6],[30.3,38.3],[30.5,38.3],[30.5,38.2],[30.6,38.2],[30.6,38.4],[30.5,38.4],[30.5,38.6],[30.6,38.6],[30.6,38.7],[30.5,38.7],[30.5,38.8],[30.4,38.8],[30.4,38.7],[30.1,38.7],[30.1,38.8],[29.9,38.8]]],[[[31.4,38.8],[31.4,38.9],[31.1,38.9],[31.1,38.8],[31.4,38.8]]],[[[30.7,39.4],[30.6,39.4],[30.6,39.5],[30.2,39.5],[30.2,39.3],[30.3,39.3],[30.3,39.2],[30.4,39.2],[30.4,39.1],[30.5,39.1],[30.5,39.0],[30.6,39.0],[30.6,38.9],[30.9,38.9],[30.9,39.2],[30.8,39.2],[30.8,39.3],[30.7,39.3],[30.7,39.4]],[[30.5,39.4],[30.6,39.4],[30.6,39.2],[30.5,39.2],[30.5,39.4]]],[[[33.0,39.9],[33.0,39.8],[33.2,39.8],[33.2,39.9],[33.0,39.9]]],[[[31.7,39.8],[31.7,39.9],[31.5,39.9],[31.5,40.0],[31.3,40.0],[31.3,40.1],[31.1,40.1],[31.1,40.0],[30.4,40.0],[30.4,39.9],[30.6,39.9],[30.6,39.8],[30.7,39.8],[30.7,39.9],[31.4,39.9],[31.4,39.8],[31.7,39.8]]],[[[31.5,40.3],[31.5,40.4],[31.2,40.4],[31.2,40.5],[31.1,40.5],[31.1,40.6],[30.5,40.6],[30.5,40.5],[30.7,40.5],[30.7,40.4],[30.8,40.4],[30.8,40.3],[30.9,40.3],[30.9,40.2],[31.5,40.2],[31.5,40.1],[31.6,40.1],[31.6,40.3],[31.5,40.3]]],[[[31.5,40.6],[31.5,40.4],[31.8,40.4],[31.8,40.3],[31.7,40.3],[31.7,40.2],[32.0,40.2],[32.0,40.3],[32.4,40.3],[32.4,40.4],[32.5,40.4],[32.5,40.2],[32.6,40.2],[32.6,40.3],[32.8,40.3],[32.8,40.2],[32.7,40.2],[32.7,40.0],[32.9,40.0],[32.9,40.2],[33.0,40.2],[33.0,40.3],[33.1,40.3],[33.1,40.0],[33.4,40.0],[33.4,40.3],[33.2,40.3],[33.2,40.4],[33.3,40.4],[33.3,40.5],[33.5,40.5],[33.5,40.7],[33.4,40.7],[33.4,40.8],[33.2,40.8],[33.2,40.9],[32.8,40.9],[32.8,41.0],[32.4,41.0],[32.4,40.9],[32.3,40.9],[32.3,40.8],[32.1,40.8],[32.1,40.6],[32.0,40.6],[32.0,40.7],[31.8,40.7],[31.8,40.9],[31.6,40.9],[31.6,40.8],[31.7,40.8],[31.7,40.6],[31.5,40.6]]],[[[35.3,37.6],[35.3,37.8],[35.5,37.8],[35.5,38.0],[35.4,38.0],[35.4,38.1],[35.3,38.1],[35.3,38.2],[35.2,38.2],[35.2,38.1],[34.9,38.1],[34.9,38.0],[34.7,38.0],[34.7,38.2],[34.6,38.2],[34.6,38.3],[34.5,38.3],[34.5,38.4],[34.4,38.4],[34.4,38.2],[34.1,38.2],[34.1,38.1],[34.3,38.1],[34.3,38.0],[34.5,38.0],[34.5,37.9],[34.7,37.9],[34.7,37.7],[34.8,37.7],[34.8,37.6],[34.6,37.6],[34.6,37.5],[34.4,37.5],[34.4,37.4],[33.9,37.4],[33.9,37.2],[33.7,37.2],[33.7,37.1],[33.5,37.1],[33.5,36.9],[33.6,36.9],[33.6,36.8],[33.5,36.8],[33.5,36.7],[33.7,36.7],[33.7,36.8],[34.3,36.8],[34.3,36.9],[34.4,36.9],[34.4,37.1],[34.5,37.1],[34.5,37.2],[34.6,37.2],[34.6,37.3],[34.8,37.3],[34.8,37.5],[34.9,37.5],[34.9,37.4],[35.1,37.4],[35.1,37.6],[35.3,37.6]],[[35.3,38.0],[35.3,37.8],[35.2,37.8],[35.2,37.7],[35.1,37.7],[35.1,37.9],[35.2,37.9],[35.2,38.0],[35.3,38.0]]],[[[37.0,37.9],[37.0,37.8],[37.3,37.8],[37.3,37.9],[37.2,37.9],[37.2,38.0],[37.1,38.0],[37.1,37.9],[37.0,37.9]]],[[[36.5,38.0],[36.5,37.9],[36.7,37.9],[36.7,38.0],[36.5,38.0]]],[[[36.8,37.9],[36.9,37.9],[36.9,38.1],[36.8,38.1],[36.8,37.9]]],[[[37.8,38.1],[37.8,38.4],[37.6,38.4],[37.6,38.2],[37.7,38.2],[37.7,38.1],[37.8,38.1]]],[[[34.5,38.5],[34.5,38.4],[34.8,38.4],[34.8,38.3],[35.0,38.3],[35.0,38.4],[35.1,38.4],[35.1,38.6],[34.7,38.6],[34.7,38.5],[34.5,38.5]]],[[[37.9,38.7],[37.9,38.8],[37.7,38.8],[37.7,38.6],[37.8,38.6],[37.8,38.7],[37.9,38.7]]],[[[36.2,40.2],[35.8,40.2],[35.8,40.1],[35.6,40.1],[35.6,40.3],[35.4,40.3],[35.4,40.1],[35.2,40.1],[35.2,40.3],[35.0,40.3],[35.0,40.4],[34.7,40.4],[34.7,40.5],[34.6,40.5],[34.6,40.4],[34.4,40.4],[34.4,40.2],[34.6,40.2],[34.6,40.0],[34.5,40.0],[34.5,40.1],[34.3,40.1],[34.3,40.0],[34.2,40.0],[34.2,39.9],[34.6,39.9],[34.6,39.8],[34.7,39.8],[34.7,39.7],[34.6,39.7],[34.6,39.6],[34.7,39.6],[34.7,39.5],[34.8,39.5],[34.8,39.6],[34.9,39.6],[34.9,39.7],[35.3,39.7],[35.3,39.5],[35.2,39.5],[35.2,39.4],[35.1,39.4],[35.1,39.3],[35.3,39.3],[35.3,39.4],[35.4,39.4],[35.4,39.1],[35.3,39.1],[35.3,39.0],[35.5,39.0],[35.5,38.9],[35.7,38.9],[35.7,38.8],[35.6,38.8],[35.6,38.7],[35.3,38.7],[35.3,38.4],[35.5,38.4],[35.5,38.2],[35.6,38.2],[35.6,37.9],[35.8,37.9],[35.8,38.0],[35.9,38.0],[35.9,38.1],[36.0,38.1],[36.0,38.0],[36.2,38.0],[36.2,38.1],[36.1,38.1],[36.1,38.3],[36.3,38.3],[36.3,37.9],[36.2,37.9],[36.2,37.7],[36.3,37.7],[36.3,37.8],[36.5,37.8],[36.5,37.9],[36.4,37.9],[36.4,38.1],[36.6,38.1],[36.6,38.2],[36.8,38.2],[36.8,38.5],[37.0,38.5],[37.0,38.4],[37.3,38.4],[37.3,38.5],[37.4,38.5],[37.4,38.7],[37.6,38.7],[37.6,38.9],[37.8,38.9],[37.8,39.0],[38.0,39.0],[38.0,38.9],[38.2,38.9],[38.2,39.2],[38.0,39.2],[38.0,39.4],[37.8,39.4],[37.8,39.5],[38.1,39.5],[38.1,39.4],[38.2,39.4],[38.2,39.6],[38.3,39.6],[38.3,39.7],[38.6,39.7],[38.6,39.6],[39.0,39.6],[39.0,39.5],[38.8,39.5],[38.8,39.4],[38.5,39.4],[38.5,39.3],[38.7,39.3],[38.7,39.2],[39.0,39.2],[39.0,39.3],[39.1,39.3],[39.1,39.4],[39.4,39.4],[39.4,39.3],[39.5,39.3],[39.5,39.2],[39.7,39.2],[39.7,39.3],[39.9,39.3],[39.9,39.2],[40.0,39.2],[40.0,40.5],[39.6,40.5],[39.6,40.7],[39.8,40.7],[39.8,40.8],[39.6,40.8],[39.6,40.9],[39.5,40.9],[39.5,41.0],[39.2,41.0],[39.2,40.8],[39.1,40.8],[39.1,40.7],[38.6,40.7],[38.6,40.6],[37.8,40.6],[37.8,40.7],[37.7,40.7],[37.7,40.6],[37.2,40.6],[37.2,40.7],[37.1,40.7],[37.1,40.8],[36.6,40.8],[36.6,40.7],[36.9,40.7],[36.9,40.6],[37.0,40.6],[37.0,40.5],[36.8,40.5],[36.8,40.6],[36.4,40.6],[36.4,40.7],[36.2,40.7],[36.2,40.9],[35.7,40.9],[35.7,40.8],[35.8,40.8],[35.8,40.7],[35.9,40.7],[35.9,40.6],[36.1,40.6],[36.1,40.5],[36.2,40.5],[36.2,40.2]],[[39.4,39.6],[39.0,39.6],[39.0,39.7],[39.3,39.7],[39.3,39.8],[39.6,39.8],[39.6,39.7],[39.8,39.7],[39.8,39.6],[39.5,39.6],[39.5,39.7],[39.4,39.7],[39.4,39.6]],[[35.9,38.2],[35.6,38.2],[35.6,38.4],[35.7,38.4],[35.7,38.3],[35.8,38.3],[35.8,38.4],[35.9,38.4],[35.9,38.5],[36.0,38.5],[36.0,38.3],[35.9,38.3],[35.9,38.2]],[[34.9,40.3],[35.0,40.3],[35.0,40.0],[34.9,40.0],[34.9,40.1],[34.7,40.1],[34.7,40.2],[34.9,40.2],[34.9,40.3]],[[35.5,40.1],[35.6,40.1],[35.6,39.8],[35.5,39.8],[35.5,40.1]],[[38.9,40.4],[38.9,40.5],[39.1,40.5],[39.1,40.3],[39.0,40.3],[39.0,40.4],[38.9,40.4]],[[36.5,40.4],[36.5,40.3],[36.3,40.3],[36.3,40.4],[36.5,40.4]],[[38.1,40.2],[38.5,40.2],[38.5,40.1],[38.1,40.1],[38.1,40.2]],[[35.9,39.1],[35.9,39.2],[36.0,39.2],[36.0,39.1],[36.1,39.1],[36.1,39.0],[36.0,39.0],[36.0,38.9],[35.8,38.9],[35.8,39.1],[35.9,39.1]]],[[[35.7,40.2],[35.8,40.2],[35.8,40.3],[35.9,40.3],[35.9,40.4],[36.0,40.4],[36.0,40.5],[35.8,40.5],[35.8,40.4],[35.6,40.4],[35.6,40.3],[35.7,40.3],[35.7,40.2]]],[[[35.1,40.4],[35.3,40.4],[35.3,40.5],[35.1,40.5],[35.1,40.4]]]]}},
{"type":"Feature","properties":{"k":"Dsc"},"geometry":{"type":"MultiPolygon","coordinates":[[[[35.2,37.8],[35.3,37.8],[35.3,38.0],[35.2,38.0],[35.2,37.9],[35.1,37.9],[35.1,37.7],[35.2,37.7],[35.2,37.8]]],[[[39.1,40.5],[38.9,40.5],[38.9,40.4],[39.0,40.4],[39.0,40.3],[39.1,40.3],[39.1,40.5]]],[[[39.6,40.5],[39.8,40.5],[39.8,40.6],[39.6,40.6],[39.6,40.5]]]]}},
{"type":"Feature","properties":{"k":"Dfa"},"geometry":{"type":"MultiPolygon","coordinates":[[[[24.5,43.6],[24.3,43.6],[24.3,43.5],[24.5,43.5],[24.5,43.6]]],[[[24.2,43.6],[24.3,43.6],[24.3,43.7],[23.9,43.7],[23.9,43.5],[24.2,43.5],[24.2,43.6]]],[[[23.4,44.7],[23.2,44.7],[23.2,44.6],[23.0,44.6],[23.0,44.7],[22.8,44.7],[22.8,44.6],[22.9,44.6],[22.9,44.5],[23.1,44.5],[23.1,44.4],[23.3,44.4],[23.3,44.6],[23.4,44.6],[23.4,44.7]]],[[[23.1,44.7],[23.2,44.7],[23.2,44.9],[23.0,44.9],[23.0,44.8],[23.1,44.8],[23.1,44.7]]],[[[23.2,45.1],[23.0,45.1],[23.0,45.0],[23.2,45.0],[23.2,45.1]]],[[[22.1,46.4],[22.1,46.5],[21.9,46.5],[21.9,46.4],[22.1,46.4]]],[[[18.9,47.4],[18.7,47.4],[18.7,47.3],[18.9,47.3],[18.9,47.4]]],[[[19.5,47.4],[19.4,47.4],[19.4,47.5],[19.2,47.5],[19.2,47.6],[19.3,47.6],[19.3,47.8],[19.1,47.8],[19.1,47.7],[19.0,47.7],[19.0,47.4],[19.1,47.4],[19.1,47.3],[19.2,47.3],[19.2,46.8],[19.3,46.8],[19.3,46.7],[19.4,46.7],[19.4,46.6],[19.5,46.6],[19.5,46.3],[19.7,46.3],[19.7,46.4],[19.8,46.4],[19.8,46.5],[19.9,46.5],[19.9,46.6],[20.0,46.6],[20.0,46.7],[20.3,46.7],[20.3,46.8],[20.7,46.8],[20.7,46.9],[21.1,46.9],[21.1,46.8],[21.2,46.8],[21.2,46.9],[21.5,46.9],[21.5,47.0],[21.6,47.0],[21.6,47.1],[21.8,47.1],[21.8,46.9],[21.9,46.9],[21.9,47.0],[22.2,47.0],[22.2,47.1],[22.1,47.1],[22.1,47.2],[22.3,47.2],[22.3,47.3],[22.4,47.3],[22.4,47.5],[22.7,47.5],[22.7,47.6],[22.8,47.6],[22.8,47.7],[22.9,47.7],[22.9,47.8],[22.7,47.8],[22.7,47.9],[22.6,47.9],[22.6,48.0],[22.4,48.0],[22.4,48.1],[22.3,48.1],[22.3,47.8],[22.2,47.8],[22.2,47.7],[22.0,47.7],[22.0,48.0],[22.1,48.0],[22.1,48.3],[21.8,48.3],[21.8,48.4],[21.7,48.4],[21.7,48.3],[21.4,48.3],[21.4,48.2],[21.1,48.2],[21.1,48.1],[20.8,48.1],[20.8,48.0],[20.7,48.0],[20.7,47.9],[20.2,47.9],[20.2,47.8],[19.8,47.8],[19.8,47.7],[19.7,47.7],[19.7,47.8],[19.5,47.8],[19.5,47.4]],[[19.3,47.4],[19.4,47.4],[19.4,47.3],[19.5,47.3],[19.5,47.2],[19.3,47.2],[19.3,47.4]],[[19.5,47.1],[19.5,47.2],[19.7,47.2],[19.7,47.1],[19.8,47.1],[19.8,47.0],[19.6,47.0],[19.6,47.1],[19.5,47.1]]],[[[18.3,47.7],[18.7,47.7],[18.7,47.9],[18.8,47.9],[18.8,48.0],[18.6,48.0],[18.6,47.9],[18.4,47.9],[18.4,48.0],[18.3,48.0],[18.3,48.1],[18.2,48.1],[18.2,47.8],[18.3,47.8],[18.3,47.7]]],[[[25.3,42.9],[25.4,42.9],[25.4,43.1],[25.2,43.1],[25.2,43.0],[25.3,43.0],[25.3,42.9]]],[[[25.1,43.1],[25.1,43.2],[24.8,43.2],[24.8,43.1],[24.9,43.1],[24.9,43.0],[25.0,43.0],[25.0,43.1],[25.1,43.1]]],[[[26.7,46.2],[26.9,46.2],[26.9,46.3],[26.7,46.3],[26.7,46.2]]],[[[28.5,47.8],[28.4,47.8],[28.4,47.9],[28.2,47.9],[28.2,48.0],[28.1,48.0],[28.1,47.9],[27.6,47.9],[27.6,47.8],[27.3,47.8],[27.3,48.0],[27.1,48.0],[27.1,47.9],[26.9,47.9],[26.9,47.8],[26.7,47.8],[26.7,47.6],[26.9,47.6],[26.9,47.2],[27.0,47.2],[27.0,47.1],[27.4,47.1],[27.4,47.0],[27.3,47.0],[27.3,46.9],[27.2,46.9],[27.2,46.8],[27.5,46.8],[27.5,46.6],[27.7,46.6],[27.7,46.5],[27.4,46.5],[27.4,46.4],[27.2,46.4],[27.2,46.3],[27.1,46.3],[27.1,46.4],[27.0,46.4],[27.0,46.2],[26.9,46.2],[26.9,46.1],[27.1,46.1],[27.1,46.0],[27.0,46.0],[27.0,45.7],[26.9,45.7],[26.9,45.6],[27.0,45.6],[27.0,45.5],[26.9,45.5],[26.9,45.4],[26.6,45.4],[26.6,45.3],[26.5,45.3],[26.5,45.2],[26.6,45.2],[26.6,45.1],[25.9,45.1],[25.9,45.0],[25.6,45.0],[25.6,44.9],[25.4,44.9],[25.4,44.8],[25.0,44.8],[25.0,44.9],[24.8,44.9],[24.8,44.8],[24.4,44.8],[24.4,45.1],[24.2,45.1],[24.2,45.0],[24.1,45.0],[24.1,44.9],[23.9,44.9],[23.9,45.0],[23.8,45.0],[23.8,44.9],[23.7,44.9],[23.7,45.1],[23.4,45.1],[23.4,45.2],[23.3,45.2],[23.3,44.9],[23.4,44.9],[23.4,44.7],[23.5,44.7],[23.5,44.6],[23.6,44.6],[23.6,44.5],[23.8,44.5],[23.8,44.2],[23.9,44.2],[23.9,44.1],[24.0,44.1],[24.0,44.0],[24.3,44.0],[24.3,43.9],[24.4,43.9],[24.4,44.0],[24.7,44.0],[24.7,43.9],[24.8,43.9],[24.8,43.8],[25.0,43.8],[25.0,43.7],[24.8,43.7],[24.8,43.6],[24.7,43.6],[24.7,43.3],[24.8,43.3],[24.8,43.4],[24.9,43.4],[24.9,43.5],[25.1,43.5],[25.1,43.4],[25.2,43.4],[25.2,43.5],[25.3,43.5],[25.3,43.4],[25.4,43.4],[25.4,43.5],[25.6,43.5],[25.6,43.6],[25.7,43.6],[25.7,43.5],[25.8,43.5],[25.8,43.4],[25.9,43.4],[25.9,43.3],[26.1,43.3],[26.1,43.2],[26.0,43.2],[26.0,43.1],[26.6,43.1],[26.6,43.2],[26.5,43.2],[26.5,43.3],[26.4,43.3],[26.4,43.4],[26.6,43.4],[26.6,43.3],[26.9,43.3],[26.9,43.4],[26.8,43.4],[26.8,43.5],[27.2,43.5],[27.2,43.6],[27.3,43.6],[27.3,44.1],[27.2,44.1],[27.2,44.0],[27.1,44.0],[27.1,43.9],[26.9,43.9],[26.9,44.2],[27.2,44.2],[27.2,44.3],[27.5,44.3],[27.5,44.4],[27.7,44.4],[27.7,44.5],[27.8,44.5],[27.8,44.6],[27.9,44.6],[27.9,44.7],[28.0,44.7],[28.0,44.6],[28.1,44.6],[28.1,44.5],[28.4,44.5],[28.4,44.6],[28.6,44.6],[28.6,44.8],[28.8,44.8],[28.8,44.9],[28.7,44.9],[28.7,45.1],[28.8,45.1],[28.8,45.3],[29.0,45.3],[29.0,45.4],[29.1,45.4],[29.1,45.5],[29.3,45.5],[29.3,45.6],[29.4,45.6],[29.4,45.7],[29.5,45.7],[29.5,45.8],[29.8,45.8],[29.8,45.9],[30.0,45.9],[30.0,46.0],[30.2,46.0],[30.2,46.1],[30.4,46.1],[30.4,46.2],[30.5,46.2],[30.5,46.1],[30.6,46.1],[30.6,46.2],[30.7,46.2],[30.7,46.3],[30.8,46.3],[30.8,46.5],[31.1,46.5],[31.1,46.6],[31.6,46.6],[31.6,46.3],[31.7,46.3],[31.7,46.5],[31.8,46.5],[31.8,46.4],[32.0,46.4],[32.0,46.3],[32.3,46.3],[32.3,46.2],[33.5,46.2],[33.5,46.1],[33.7,46.1],[33.7,46.0],[34.3,46.0],[34.3,45.9],[34.4,45.9],[34.4,46.0],[34.6,46.0],[34.6,45.9],[34.7,45.9],[34.7,45.8],[34.8,45.8],[34.8,45.7],[35.0,45.7],[35.0,45.9],[34.8,45.9],[34.8,46.1],[34.9,46.1],[34.9,46.2],[35.2,46.2],[35.2,46.3],[35.4,46.3],[35.4,46.4],[35.7,46.4],[35.7,46.5],[35.8,46.5],[35.8,46.6],[36.4,46.6],[36.4,46.7],[36.9,46.7],[36.9,46.8],[37.1,46.8],[37.1,46.9],[37.3,46.9],[37.3,46.8],[37.4,46.8],[37.4,46.9],[37.5,46.9],[37.5,47.0],[38.2,47.0],[38.2,47.1],[38.9,47.1],[38.9,47.2],[39.2,47.2],[39.2,47.1],[39.0,47.1],[39.0,47.0],[38.8,47.0],[38.8,46.9],[38.4,46.9],[38.4,46.8],[38.2,46.8],[38.2,46.7],[37.7,46.7],[37.7,46.5],[37.8,46.5],[37.8,46.4],[37.9,46.4],[37.9,46.3],[38.2,46.3],[38.2,46.2],[38.1,46.2],[38.1,45.8],[38.2,45.8],[38.2,45.7],[38.3,45.7],[38.3,45.6],[38.5,45.6],[38.5,45.5],[39.1,45.5],[39.1,45.4],[39.4,45.4],[39.4,45.3],[39.6,45.3],[39.6,45.2],[39.9,45.2],[39.9,45.1],[40.0,45.1],[40.0,49.9],[39.9,49.9],[39.9,49.8],[39.8,49.8],[39.8,49.6],[39.5,49.6],[39.5,49.8],[39.6,49.8],[39.6,49.9],[39.2,49.9],[39.2,49.8],[39.0,49.8],[39.0,50.1],[38.9,50.1],[38.9,50.0],[38.8,50.0],[38.8,49.9],[38.6,49.9],[38.6,49.8],[38.8,49.8],[38.8,49.7],[38.6,49.7],[38.6,49.5],[38.4,49.5],[38.4,49.6],[38.5,49.6],[38.5,49.8],[38.4,49.8],[38.4,49.7],[38.3,49.7],[38.3,49.8],[38.2,49.8],[38.2,49.7],[38.1,49.7],[38.1,49.6],[38.0,49.6],[38.0,49.5],[37.9,49.5],[37.9,49.6],[37.8,49.6],[37.8,49.9],[37.6,49.9],[37.6,49.7],[37.4,49.7],[37.4,49.5],[37.3,49.5],[37.3,49.6],[36.8,49.6],[36.8,49.7],[36.9,49.7],[36.9,49.8],[37.0,49.8],[37.0,49.7],[37.1,49.7],[37.1,49.9],[36.7,49.9],[36.7,49.8],[36.5,49.8],[36.5,49.7],[36.3,49.7],[36.3,49.5],[36.6,49.5],[36.6,49.4],[36.7,49.4],[36.7,49.3],[36.5,49.3],[36.5,49.4],[36.4,49.4],[36.4,49.2],[36.1,49.2],[36.1,49.3],[36.0,49.3],[36.0,49.1],[35.9,49.1],[35.9,49.3],[35.8,49.3],[35.8,49.2],[35.5,49.2],[35.5,49.4],[35.4,49.4],[35.4,49.3],[35.2,49.3],[35.2,49.5],[35.1,49.5],[35.1,49.2],[35.0,49.2],[35.0,49.3],[34.8,49.3],[34.8,49.5],[34.7,49.5],[34.7,49.6],[34.8,49.6],[34.8,49.7],[34.6,49.7],[34.6,49.5],[34.5,49.5],[34.5,49.4],[34.3,49.4],[34.3,49.5],[34.2,49.5],[34.2,49.3],[34.0,49.3],[34.0,49.5],[33.9,49.5],[33.9,49.6],[33.8,49.6],[33.8,49.4],[33.7,49.4],[33.7,49.3],[33.4,49.3],[33.4,49.4],[33.3,49.4],[33.3,49.6],[32.9,49.6],[32.9,49.5],[32.7,49.5],[32.7,49.4],[32.4,49.4],[32.4,49.5],[32.1,49.5],[32.1,49.4],[31.9,49.4],[31.9,49.3],[32.2,49.3],[32.2,49.2],[32.4,49.2],[32.4,49.1],[32.6,49.1],[32.6,49.0],[32.9,49.0],[32.9,48.9],[33.0,48.9],[33.0,48.8],[32.9,48.8],[32.9,48.6],[32.8,48.6],[32.8,48.5],[32.7,48.5],[32.7,48.4],[32.5,48.4],[32.5,48.5],[32.3,48.5],[32.3,48.2],[32.1,48.2],[32.1,48.1],[32.0,48.1],[32.0,48.0],[31.4,48.0],[31.4,48.1],[31.3,48.1],[31.3,48.3],[31.1,48.3],[31.1,48.2],[30.8,48.2],[30.8,48.1],[30.7,48.1],[30.7,48.2],[30.2,48.2],[30.2,48.3],[30.1,48.3],[30.1,48.2],[29.9,48.2],[29.9,48.1],[30.5,48.1],[30.5,48.0],[29.8,48.0],[29.8,47.9],[30.0,47.9],[30.0,47.8],[29.8,47.8],[29.8,47.7],[29.9,47.7],[29.9,47.6],[29.8,47.6],[29.8,47.5],[29.6,47.5],[29.6,47.2],[29.5,47.2],[29.5,47.6],[29.4,47.6],[29.4,47.5],[29.2,47.5],[29.2,47.6],[29.0,47.6],[29.0,47.4],[28.9,47.4],[28.9,47.5],[28.8,47.5],[28.8,47.6],[28.6,47.6],[28.6,47.7],[28.5,47.7],[28.5,47.8]],[[27.4,46.9],[27.4,47.0],[27.6,47.0],[27.6,47.1],[27.8,47.1],[27.8,47.0],[27.9,47.0],[27.9,46.9],[28.0,46.9],[28.0,46.8],[27.9,46.8],[27.9,46.7],[27.8,46.7],[27.8,46.9],[27.7,46.9],[27.7,46.8],[27.6,46.8],[27.6,46.9],[27.4,46.9]],[[28.0,47.8],[28.4,47.8],[28.4,47.6],[28.3,47.6],[28.3,47.7],[28.0,47.7],[28.0,47.8]],[[33.4,48.7],[33.2,48.7],[33.2,48.8],[33.1,48.8],[33.1,48.9],[33.4,48.9],[33.4,49.0],[33.5,49.0],[33.5,48.9],[33.6,48.9],[33.6,48.6],[33.7,48.6],[33.7,48.5],[33.4,48.5],[33.4,48.7]],[[37.9,48.5],[37.8,48.5],[37.8,48.7],[37.9,48.7],[37.9,48.5]],[[39.1,48.2],[38.5,48.2],[38.5,48.3],[38.4,48.3],[38.4,48.4],[38.5,48.4],[38.5,48.5],[38.6,48.5],[38.6,48.3],[39.1,48.3],[39.1,48.2]],[[32.8,48.2],[32.6,48.2],[32.6,48.3],[32.8,48.3],[32.8,48.2]],[[30.3,47.8],[30.1,47.8],[30.1,47.9],[30.3,47.9],[30.3,47.8]],[[28.3,47.3],[28.5,47.3],[28.5,47.1],[28.6,47.1],[28.6,46.9],[28.5,46.9],[28.5,47.0],[28.2,47.0],[28.2,47.1],[28.1,47.1],[28.1,47.2],[28.0,47.2],[28.0,47.4],[28.3,47.4],[28.3,47.3]],[[28.7,47.3],[28.5,47.3],[28.5,47.4],[28.7,47.4],[28.7,47.3]],[[26.2,43.8],[26.2,43.7],[26.1,43.7],[26.1,43.6],[26.0,43.6],[26.0,43.7],[25.7,43.7],[25.7,43.8],[25.8,43.8],[25.8,43.9],[26.0,43.9],[26.0,43.8],[26.1,43.8],[26.1,43.9],[26.4,43.9],[26.4,44.0],[26.8,44.0],[26.8,43.9],[26.5,43.9],[26.5,43.8],[26.2,43.8]]],[[[26.9,46.4],[27.0,46.4],[27.0,47.0],[26.9,47.0],[26.9,46.4]]],[[[28.4,48.1],[28.4,48.0],[28.7,48.0],[28.7,48.1],[28.5,48.1],[28.5,48.2],[28.3,48.2],[28.3,48.1],[28.4,48.1]]],[[[36.2,49.8],[36.5,49.8],[36.5,49.9],[36.3,49.9],[36.3,50.0],[36.2,50.0],[36.2,49.8]]],[[[38.0,50.2],[38.0,50.0],[38.1,50.0],[38.1,50.1],[38.2,50.1],[38.2,50.2],[38.0,50.2]]],[[[40.0,50.0],[40.0,50.2],[39.6,50.2],[39.6,50.3],[39.3,50.3],[39.3,50.2],[39.5,50.2],[39.5,50.1],[39.8,50.1],[39.8,50.0],[40.0,50.0]]]]}},
{"type":"Feature","properties":{"k":"Dfb"},"geometry":{"type":"MultiPolygon","coordinates":[[[[1.7,42.3],[1.5,42.3],[1.5,42.2],[1.7,42.2],[1.7,42.3]]],[[[1.1,42.5],[1.1,42.2],[1.2,42.2],[1.2,42.3],[1.3,42.3],[1.3,42.4],[1.4,42.4],[1.4,42.5],[1.1,42.5]]],[[[2.0,42.6],[2.0,42.4],[2.1,42.4],[2.1,42.5],[2.2,42.5],[2.2,42.6],[2.3,42.6],[2.3,42.7],[2.1,42.7],[2.1,42.6],[2.0,42.6]]],[[[-0.2,42.6],[0.0,42.6],[0.0,42.7],[-0.3,42.7],[-0.3,42.5],[-0.2,42.5],[-0.2,42.6]]],[[[-0.7,42.8],[-0.7,42.7],[-0.5,42.7],[-0.5,42.8],[-0.7,42.8]]],[[[1.4,42.9],[1.4,42.7],[1.5,42.7],[1.5,42.9],[1.4,42.9]]],[[[0.4,42.8],[0.6,42.8],[0.6,42.9],[0.4,42.9],[0.4,42.8]]],[[[6.9,44.0],[7.1,44.0],[7.1,44.2],[7.0,44.2],[7.0,44.1],[6.9,44.1],[6.9,44.0]]],[[[6.4,44.3],[6.4,44.4],[6.1,44.4],[6.1,44.2],[6.4,44.2],[6.4,44.0],[6.8,44.0],[6.8,44.2],[6.7,44.2],[6.7,44.1],[6.6,44.1],[6.6,44.2],[6.5,44.2],[6.5,44.3],[6.4,44.3]]],[[[7.3,44.7],[7.2,44.7],[7.2,44.6],[7.1,44.6],[7.1,44.5],[7.3,44.5],[7.3,44.7]]],[[[3.2,44.7],[2.9,44.7],[2.9,44.6],[3.2,44.6],[3.2,44.7]]],[[[3.6,44.4],[3.8,44.4],[3.8,44.7],[3.7,44.7],[3.7,44.8],[3.5,44.8],[3.5,44.9],[3.4,44.9],[3.4,44.7],[3.5,44.7],[3.5,44.6],[3.7,44.6],[3.7,44.5],[3.6,44.5],[3.6,44.4]]],[[[6.4,44.6],[6.4,44.4],[6.5,44.4],[6.5,44.5],[6.6,44.5],[6.6,44.6],[6.7,44.6],[6.7,44.7],[6.6,44.7],[6.6,44.9],[6.5,44.9],[6.5,44.6],[6.4,44.6]]],[[[4.1,44.7],[4.1,44.8],[3.9,44.8],[3.9,44.7],[4.1,44.7]]],[[[7.2,44.7],[7.2,45.0],[7.1,45.0],[7.1,44.7],[7.2,44.7]]],[[[4.1,45.0],[4.1,44.8],[4.2,44.8],[4.2,45.0],[4.1,45.0]]],[[[6.0,44.9],[5.9,44.9],[5.9,44.8],[5.8,44.8],[5.8,44.7],[5.7,44.7],[5.7,44.8],[5.6,44.8],[5.6,45.1],[5.8,45.1],[5.8,45.2],[5.9,45.2],[5.9,45.3],[6.0,45.3],[6.0,45.5],[5.8,45.5],[5.8,45.4],[5.7,45.4],[5.7,45.2],[5.4,45.2],[5.4,45.1],[5.5,45.1],[5.5,45.0],[5.3,45.0],[5.3,44.8],[5.5,44.8],[5.5,44.7],[5.6,44.7],[5.6,44.6],[5.9,44.6],[5.9,44.5],[6.0,44.5],[6.0,44.6],[6.3,44.6],[6.3,44.7],[6.0,44.7],[6.0,44.9]]],[[[5.8,44.9],[5.9,44.9],[5.9,45.1],[5.8,45.1],[5.8,44.9]]],[[[2.8,45.2],[2.6,45.2],[2.6,45.1],[2.7,45.1],[2.7,45.0],[2.9,45.0],[2.9,45.1],[2.8,45.1],[2.8,45.2]]],[[[7.7,45.4],[7.7,45.5],[7.4,45.5],[7.4,45.4],[7.3,45.4],[7.3,45.2],[7.1,45.2],[7.1,45.1],[7.2,45.1],[7.2,45.0],[7.3,45.0],[7.3,45.1],[7.4,45.1],[7.4,45.3],[7.6,45.3],[7.6,45.4],[7.7,45.4]]],[[[6.4,45.3],[6.4,45.4],[6.3,45.4],[6.3,45.2],[6.5,45.2],[6.5,45.3],[6.4,45.3]]],[[[3.0,45.4],[2.9,45.4],[2.9,45.2],[3.0,45.2],[3.0,45.4]]],[[[6.4,45.6],[6.4,45.4],[6.6,45.4],[6.6,45.5],[6.5,45.5],[6.5,45.6],[6.4,45.6]]],[[[2.8,45.4],[2.9,45.4],[2.9,45.6],[2.8,45.6],[2.8,45.4]]],[[[6.0,45.6],[6.0,45.5],[6.1,45.5],[6.1,45.6],[6.3,45.6],[6.3,45.7],[6.2,45.7],[6.2,45.8],[6.1,45.8],[6.1,45.7],[5.9,45.7],[5.9,45.6],[6.0,45.6]]],[[[6.5,45.8],[6.5,45.7],[6.6,45.7],[6.6,45.8],[6.8,45.8],[6.8,46.1],[6.7,46.1],[6.7,46.2],[6.8,46.2],[6.8,46.3],[6.4,46.3],[6.4,46.2],[6.5,46.2],[6.5,46.1],[6.4,46.1],[6.4,46.0],[6.2,46.0],[6.2,45.9],[6.3,45.9],[6.3,45.8],[6.5,45.8]]],[[[7.0,46.2],[7.1,46.2],[7.1,46.4],[7.3,46.4],[7.3,46.6],[7.6,46.6],[7.6,46.7],[7.5,46.7],[7.5,46.9],[7.4,46.9],[7.4,46.8],[7.2,46.8],[7.2,46.7],[7.0,46.7],[7.0,46.6],[6.9,46.6],[6.9,46.4],[7.0,46.4],[7.0,46.2]]],[[[6.2,46.8],[6.1,46.8],[6.1,46.7],[6.0,46.7],[6.0,46.6],[5.9,46.6],[5.9,46.3],[6.1,46.3],[6.1,46.4],[6.2,46.4],[6.2,46.5],[6.3,46.5],[6.3,46.6],[6.4,46.6],[6.4,46.7],[6.5,46.7],[6.5,46.8],[6.6,46.8],[6.6,46.9],[6.8,46.9],[6.8,47.0],[6.9,47.0],[6.9,47.1],[7.2,47.1],[7.2,47.2],[7.4,47.2],[7.4,47.3],[6.9,47.3],[6.9,47.2],[6.6,47.2],[6.6,47.1],[6.4,47.1],[6.4,46.9],[6.2,46.9],[6.2,46.8]]],[[[7.1,48.2],[7.0,48.2],[7.0,48.1],[6.8,48.1],[6.8,47.8],[6.9,47.8],[6.9,47.9],[7.1,47.9],[7.1,48.2]]],[[[6.2,58.7],[6.2,58.8],[6.0,58.8],[6.0,58.7],[6.2,58.7]]],[[[6.2,58.9],[6.2,59.1],[6.3,59.1],[6.3,59.2],[6.4,59.2],[6.4,59.3],[6.3,59.3],[6.3,59.5],[6.4,59.5],[6.4,59.7],[6.3,59.7],[6.3,59.6],[6.2,59.6],[6.2,59.5],[6.0,59.5],[6.0,59.7],[6.2,59.7],[6.2,59.8],[6.0,59.8],[6.0,60.0],[5.9,60.0],[5.9,59.7],[5.8,59.7],[5.8,59.4],[6.1,59.4],[6.1,59.3],[6.2,59.3],[6.2,59.2],[6.1,59.2],[6.1,58.9],[6.2,58.9]]],[[[5.7,60.2],[5.7,60.1],[6.1,60.1],[6.1,60.2],[6.2,60.2],[6.2,60.3],[6.4,60.3],[6.4,60.4],[6.1,60.4],[6.1,60.3],[5.9,60.3],[5.9,60.2],[5.7,60.2]]],[[[6.6,60.5],[6.6,60.3],[6.7,60.3],[6.7,60.5],[6.6,60.5]]],[[[5.6,60.8],[5.6,60.6],[5.8,60.6],[5.8,60.7],[5.7,60.7],[5.7,60.8],[5.6,60.8]]],[[[6.1,61.5],[5.8,61.5],[5.8,61.4],[6.1,61.4],[6.1,61.5]]],[[[10.6,44.2],[10.6,44.3],[10.3,44.3],[10.3,44.2],[10.5,44.2],[10.5,44.1],[10.8,44.1],[10.8,44.2],[10.6,44.2]]],[[[7.6,44.3],[7.6,44.2],[7.8,44.2],[7.8,44.3],[7.6,44.3]]],[[[8.9,46.2],[8.9,46.3],[8.6,46.3],[8.6,46.2],[8.4,46.2],[8.4,46.3],[8.2,46.3],[8.2,46.1],[8.1,46.1],[8.1,46.0],[8.0,46.0],[8.0,45.7],[7.7,45.7],[7.7,45.8],[7.2,45.8],[7.2,45.7],[7.1,45.7],[7.1,45.6],[7.3,45.6],[7.3,45.7],[7.6,45.7],[7.6,45.6],[7.7,45.6],[7.7,45.5],[7.8,45.5],[7.8,45.6],[8.1,45.6],[8.1,45.7],[8.2,45.7],[8.2,45.8],[8.3,45.8],[8.3,45.9],[8.4,45.9],[8.4,46.0],[8.6,46.0],[8.6,46.1],[8.7,46.1],[8.7,46.2],[8.9,46.2]]],[[[9.4,45.8],[9.5,45.8],[9.5,45.9],[9.7,45.9],[9.7,45.8],[9.8,45.8],[9.8,46.0],[9.4,46.0],[9.4,46.1],[9.3,46.1],[9.3,45.9],[9.4,45.9],[9.4,45.8]]],[[[9.5,46.3],[9.0,46.3],[9.0,46.0],[9.2,46.0],[9.2,46.2],[9.5,46.2],[9.5,46.3]]],[[[7.6,46.2],[7.6,46.3],[7.4,46.3],[7.4,46.2],[7.6,46.2]]],[[[7.6,46.4],[7.6,46.3],[7.8,46.3],[7.8,46.4],[7.6,46.4]]],[[[11.0,46.3],[11.0,46.4],[10.8,46.4],[10.8,46.3],[11.0,46.3]]],[[[8.9,46.4],[8.9,46.3],[9.0,46.3],[9.0,46.5],[8.8,46.5],[8.8,46.4],[8.9,46.4]]],[[[10.5,46.7],[10.5,46.6],[10.8,46.6],[10.8,46.7],[10.5,46.7]]],[[[9.6,46.6],[9.6,46.9],[9.3,46.9],[9.3,46.8],[9.1,46.8],[9.1,46.7],[9.4,46.7],[9.4,46.6],[9.6,46.6]]],[[[11.7,46.9],[11.7,46.8],[11.8,46.8],[11.8,46.7],[12.2,46.7],[12.2,46.8],[12.0,46.8],[12.0,46.9],[11.7,46.9]]],[[[8.7,46.9],[8.6,46.9],[8.6,46.7],[8.7,46.7],[8.7,46.9]]],[[[12.7,46.8],[12.9,46.8],[12.9,46.9],[12.7,46.9],[12.7,46.8]]],[[[8.1,46.7],[8.2,46.7],[8.2,46.8],[8.3,46.8],[8.3,46.9],[8.2,46.9],[8.2,47.0],[8.0,47.0],[8.0,47.1],[7.8,47.1],[7.8,46.9],[7.7,46.9],[7.7,46.6],[7.8,46.6],[7.8,46.7],[7.9,46.7],[7.9,46.8],[8.1,46.8],[8.1,46.7]]],[[[9.6,47.0],[9.6,46.9],[9.8,46.9],[9.8,47.0],[9.6,47.0]]],[[[9.0,47.1],[9.0,46.9],[9.1,46.9],[9.1,47.1],[9.3,47.1],[9.3,47.2],[9.5,47.2],[9.5,47.4],[9.1,47.4],[9.1,47.3],[9.0,47.3],[9.0,47.2],[8.6,47.2],[8.6,47.0],[8.9,47.0],[8.9,47.1],[9.0,47.1]]],[[[10.9,47.3],[10.9,47.4],[10.8,47.4],[10.8,47.3],[10.7,47.3],[10.7,47.2],[11.0,47.2],[11.0,47.3],[10.9,47.3]]],[[[9.3,50.6],[9.2,50.6],[9.2,50.4],[9.3,50.4],[9.3,50.6]]],[[[8.4,51.0],[8.5,51.0],[8.5,51.1],[8.6,51.1],[8.6,51.2],[8.7,51.2],[8.7,51.3],[8.3,51.3],[8.3,51.1],[8.1,51.1],[8.1,51.0],[8.2,51.0],[8.2,50.9],[8.4,50.9],[8.4,51.0]]],[[[10.7,51.4],[10.5,51.4],[10.5,51.3],[10.7,51.3],[10.7,51.4]]],[[[10.9,51.5],[11.2,51.5],[11.2,51.7],[11.0,51.7],[11.0,51.8],[10.7,51.8],[10.7,51.9],[10.2,51.9],[10.2,51.8],[10.3,51.8],[10.3,51.7],[10.4,51.7],[10.4,51.6],[10.9,51.6],[10.9,51.5]]],[[[12.7,56.4],[12.9,56.4],[12.9,56.5],[12.7,56.5],[12.7,56.4]]],[[[8.4,59.1],[8.5,59.1],[8.5,59.3],[8.6,59.3],[8.6,59.4],[8.4,59.4],[8.4,59.1]]],[[[10.0,60.4],[10.1,60.4],[10.1,60.6],[10.0,60.6],[10.0,60.7],[9.9,60.7],[9.9,60.5],[10.0,60.5],[10.0,60.4]]],[[[10.2,60.5],[10.4,60.5],[10.4,60.7],[10.3,60.7],[10.3,60.6],[10.2,60.6],[10.2,60.5]]],[[[11.3,61.0],[11.4,61.0],[11.4,61.1],[11.5,61.1],[11.5,61.2],[11.3,61.2],[11.3,61.0]]],[[[8.1,62.7],[8.1,62.5],[8.2,62.5],[8.2,62.7],[8.1,62.7]]],[[[8.6,62.8],[8.6,62.9],[8.5,62.9],[8.5,63.0],[8.0,63.0],[8.0,62.9],[7.8,62.9],[7.8,62.8],[7.7,62.8],[7.7,62.9],[7.6,62.9],[7.6,62.8],[7.4,62.8],[7.4,62.5],[7.9,62.5],[7.9,62.6],[7.6,62.6],[7.6,62.7],[7.9,62.7],[7.9,62.8],[8.6,62.8]]],[[[8.6,63.1],[8.6,62.9],[8.8,62.9],[8.8,63.0],[8.7,63.0],[8.7,63.1],[8.6,63.1]]],[[[8.9,63.2],[9.1,63.2],[9.1,63.4],[8.8,63.4],[8.8,63.3],[8.9,63.3],[8.9,63.2]]],[[[12.1,64.5],[11.7,64.5],[11.7,64.4],[12.1,64.4],[12.1,64.5]]],[[[12.3,64.8],[12.3,64.6],[12.4,64.6],[12.4,64.8],[12.3,64.8]]],[[[11.1,64.9],[11.1,64.8],[11.0,64.8],[11.0,64.6],[10.9,64.6],[10.9,64.5],[10.8,64.5],[10.8,64.3],[10.9,64.3],[10.9,64.4],[11.2,64.4],[11.2,64.3],[11.0,64.3],[11.0,64.2],[11.2,64.2],[11.2,64.1],[11.1,64.1],[11.1,63.9],[10.7,63.9],[10.7,63.8],[10.9,63.8],[10.9,63.7],[10.5,63.7],[10.5,63.6],[10.4,63.6],[10.4,63.5],[10.3,63.5],[10.3,63.4],[10.2,63.4],[10.2,63.6],[10.3,63.6],[10.3,63.8],[10.2,63.8],[10.2,63.9],[10.5,63.9],[10.5,64.0],[10.6,64.0],[10.6,64.1],[10.4,64.1],[10.4,64.2],[10.2,64.2],[10.2,64.1],[10.1,64.1],[10.1,63.9],[9.9,63.9],[9.9,63.7],[9.8,63.7],[9.8,63.6],[9.7,63.6],[9.7,63.5],[9.6,63.5],[9.6,63.6],[9.4,63.6],[9.4,63.4],[9.8,63.4],[9.8,63.3],[9.6,63.3],[9.6,63.1],[9.8,63.1],[9.8,63.2],[9.9,63.2],[9.9,63.3],[10.0,63.3],[10.0,63.2],[10.1,63.2],[10.1,63.1],[10.2,63.1],[10.2,63.0],[10.3,63.0],[10.3,63.3],[10.4,63.3],[10.4,63.2],[10.5,63.2],[10.5,63.3],[10.6,63.3],[10.6,63.4],[11.2,63.4],[11.2,63.5],[11.3,63.5],[11.3,63.7],[11.8,63.7],[11.8,63.8],[11.7,63.8],[11.7,64.0],[11.9,64.0],[11.9,64.1],[12.0,64.1],[12.0,64.2],[11.5,64.2],[11.5,64.3],[11.6,64.3],[11.6,64.5],[11.7,64.5],[11.7,64.6],[11.8,64.6],[11.8,64.7],[12.0,64.7],[12.0,64.8],[12.1,64.8],[12.1,65.1],[12.4,65.1],[12.4,65.3],[12.3,65.3],[12.3,65.5],[12.4,65.5],[12.4,65.7],[12.6,65.7],[12.6,66.0],[12.7,66.0],[12.7,66.1],[12.8,66.1],[12.8,66.3],[12.9,66.3],[12.9,66.2],[13.0,66.2],[13.0,66.6],[12.8,66.6],[12.8,66.5],[12.5,66.5],[12.5,66.4],[12.6,66.4],[12.6,66.2],[12.4,66.2],[12.4,66.1],[12.3,66.1],[12.3,65.9],[12.2,65.9],[12.2,65.7],[12.1,65.7],[12.1,65.6],[12.0,65.6],[12.0,65.4],[11.9,65.4],[11.9,65.2],[11.8,65.2],[11.8,65.3],[11.7,65.3],[11.7,65.2],[11.5,65.2],[11.5,65.0],[11.4,65.0],[11.4,64.9],[11.3,64.9],[11.3,65.0],[11.2,65.0],[11.2,64.9],[11.1,64.9]],[[11.1,64.7],[11.1,64.8],[11.3,64.8],[11.3,64.7],[11.1,64.7]]],[[[12.6,65.5],[12.4,65.5],[12.4,65.3],[12.6,65.3],[12.6,65.2],[12.7,65.2],[12.7,65.4],[12.6,65.4],[12.6,65.5]]],[[[20.9,40.6],[20.8,40.6],[20.8,40.5],[20.7,40.5],[20.7,40.2],[20.8,40.2],[20.8,40.3],[20.9,40.3],[20.9,40.6]]],[[[22.1,40.4],[22.1,40.6],[22.0,40.6],[22.0,40.7],[21.9,40.7],[21.9,40.6],[21.8,40.6],[21.8,40.5],[21.9,40.5],[21.9,40.4],[22.1,40.4]]],[[[20.6,40.6],[20.8,40.6],[20.8,40.7],[20.6,40.7],[20.6,40.9],[20.4,40.9],[20.4,40.7],[20.3,40.7],[20.3,40.6],[20.4,40.6],[20.4,40.5],[20.5,40.5],[20.5,40.4],[20.6,40.4],[20.6,40.6]]],[[[20.3,40.9],[20.4,40.9],[20.4,41.1],[20.3,41.1],[20.3,40.9]]],[[[22.0,41.1],[22.3,41.1],[22.3,41.3],[22.1,41.3],[22.1,41.2],[21.8,41.2],[21.8,41.1],[21.7,41.1],[21.7,40.9],[21.6,40.9],[21.6,40.8],[21.8,40.8],[21.8,40.9],[21.9,40.9],[21.9,41.0],[22.0,41.0],[22.0,41.1]]],[[[21.7,41.5],[21.5,41.5],[21.5,41.4],[21.6,41.4],[21.6,41.3],[21.7,41.3],[21.7,41.5]]],[[[20.4,41.7],[20.5,41.7],[20.5,41.5],[20.6,41.5],[20.6,41.4],[20.4,41.4],[20.4,41.6],[20.3,41.6],[20.3,42.1],[20.2,42.1],[20.2,41.9],[20.1,41.9],[20.1,41.5],[20.0,41.5],[20.0,41.3],[20.4,41.3],[20.4,41.1],[20.6,41.1],[20.6,41.3],[20.8,41.3],[20.8,41.0],[21.0,41.0],[21.0,41.1],[21.1,41.1],[21.1,40.7],[21.0,40.7],[21.0,40.6],[21.4,40.6],[21.4,40.4],[21.5,40.4],[21.5,40.3],[21.6,40.3],[21.6,40.5],[21.5,40.5],[21.5,40.7],[21.4,40.7],[21.4,40.8],[21.3,40.8],[21.3,41.1],[21.2,41.1],[21.2,41.2],[21.1,41.2],[21.1,41.3],[21.3,41.3],[21.3,41.5],[21.5,41.5],[21.5,41.6],[21.6,41.6],[21.6,41.8],[21.5,41.8],[21.5,41.9],[21.0,41.9],[21.0,41.8],[20.9,41.8],[20.9,42.0],[21.0,42.0],[21.0,42.1],[21.2,42.1],[21.2,42.3],[21.1,42.3],[21.1,42.4],[21.0,42.4],[21.0,42.5],[20.9,42.5],[20.9,42.3],[20.8,42.3],[20.8,42.2],[20.6,42.2],[20.6,42.3],[20.4,42.3],[20.4,42.1],[20.5,42.1],[20.5,42.0],[20.4,42.0],[20.4,41.7]],[[21.3,41.7],[21.3,41.5],[21.2,41.5],[21.2,41.7],[21.3,41.7]],[[20.6,41.7],[20.5,41.7],[20.5,41.9],[20.6,41.9],[20.6,41.7]],[[20.7,42.1],[20.8,42.1],[20.8,41.8],[20.7,41.8],[20.7,42.1]]],[[[13.9,41.9],[13.8,41.9],[13.8,41.7],[13.9,41.7],[13.9,41.6],[14.0,41.6],[14.0,41.8],[14.1,41.8],[14.1,42.0],[13.9,42.0],[13.9,41.9]]],[[[13.4,42.1],[13.6,42.1],[13.6,42.2],[13.5,42.2],[13.5,42.3],[13.3,42.3],[13.3,42.2],[13.4,42.2],[13.4,42.1]]],[[[21.5,42.4],[21.5,42.3],[21.3,42.3],[21.3,42.1],[21.6,42.1],[21.6,42.4],[21.5,42.4]]],[[[13.3,42.8],[13.3,43.0],[13.2,43.0],[13.2,42.9],[13.1,42.9],[13.1,42.8],[13.3,42.8]]],[[[20.2,42.4],[20.2,42.5],[20.3,42.5],[20.3,42.8],[20.6,42.8],[20.6,42.7],[20.7,42.7],[20.7,42.8],[20.8,42.8],[20.8,43.0],[20.9,43.0],[20.9,42.9],[21.1,42.9],[21.1,43.0],[21.3,43.0],[21.3,42.8],[21.2,42.8],[21.2,42.6],[21.3,42.6],[21.3,42.4],[21.4,42.4],[21.4,42.5],[21.5,42.5],[21.5,42.6],[21.7,42.6],[21.7,42.5],[21.8,42.5],[21.8,42.6],[22.0,42.6],[22.0,42.2],[22.2,42.2],[22.2,42.0],[22.8,42.0],[22.8,41.9],[22.6,41.9],[22.6,41.8],[22.4,41.8],[22.4,41.7],[22.6,41.7],[22.6,41.6],[22.8,41.6],[22.8,41.5],[23.1,41.5],[23.1,41.9],[22.9,41.9],[22.9,42.0],[23.0,42.0],[23.0,42.1],[22.9,42.1],[22.9,42.2],[22.7,42.2],[22.7,42.3],[22.6,42.3],[22.6,42.4],[22.8,42.4],[22.8,42.3],[23.2,42.3],[23.2,42.2],[23.1,42.2],[23.1,42.1],[23.2,42.1],[23.2,41.8],[23.5,41.8],[23.5,41.5],[23.6,41.5],[23.6,41.3],[23.5,41.3],[23.5,41.2],[23.7,41.2],[23.7,41.1],[23.8,41.1],[23.8,41.3],[23.7,41.3],[23.7,41.4],[23.8,41.4],[23.8,41.5],[23.7,41.5],[23.7,41.7],[23.8,41.7],[23.8,41.6],[24.0,41.6],[24.0,41.5],[24.1,41.5],[24.1,41.4],[24.6,41.4],[24.6,41.3],[25.0,41.3],[25.0,41.6],[25.2,41.6],[25.2,41.9],[24.9,41.9],[24.9,42.0],[24.3,42.0],[24.3,42.1],[24.1,42.1],[24.1,42.2],[23.9,42.2],[23.9,42.3],[24.0,42.3],[24.0,42.4],[24.1,42.4],[24.1,42.5],[24.7,42.5],[24.7,42.6],[24.6,42.6],[24.6,42.7],[24.8,42.7],[24.8,42.6],[25.0,42.6],[25.0,42.5],[25.1,42.5],[25.1,42.4],[25.3,42.4],[25.3,42.6],[25.1,42.6],[25.1,42.7],[25.5,42.7],[25.5,42.6],[25.7,42.6],[25.7,42.7],[26.6,42.7],[26.6,42.9],[26.9,42.9],[26.9,43.0],[26.5,43.0],[26.5,43.1],[26.2,43.1],[26.2,42.9],[26.1,42.9],[26.1,43.0],[26.0,43.0],[26.0,42.9],[24.8,42.9],[24.8,43.0],[24.7,43.0],[24.7,43.1],[24.5,43.1],[24.5,43.0],[24.1,43.0],[24.1,43.1],[23.9,43.1],[23.9,42.9],[23.7,42.9],[23.7,43.1],[23.6,43.1],[23.6,43.2],[23.1,43.2],[23.1,43.3],[23.0,43.3],[23.0,43.5],[22.7,43.5],[22.7,43.6],[22.6,43.6],[22.6,43.7],[22.5,43.7],[22.5,43.8],[22.4,43.8],[22.4,43.6],[22.3,43.6],[22.3,43.5],[22.2,43.5],[22.2,43.4],[22.1,43.4],[22.1,43.3],[22.4,43.3],[22.4,43.2],[22.0,43.2],[22.0,43.1],[22.1,43.1],[22.1,43.0],[22.2,43.0],[22.2,42.9],[21.9,42.9],[21.9,42.8],[21.5,42.8],[21.5,42.9],[21.6,42.9],[21.6,43.2],[21.4,43.2],[21.4,43.1],[21.2,43.1],[21.2,43.3],[21.1,43.3],[21.1,43.4],[21.0,43.4],[21.0,43.6],[20.7,43.6],[20.7,43.7],[20.6,43.7],[20.6,43.6],[20.5,43.6],[20.5,43.7],[20.2,43.7],[20.2,43.6],[20.1,43.6],[20.1,43.7],[20.0,43.7],[20.0,43.8],[20.1,43.8],[20.1,43.9],[20.2,43.9],[20.2,44.0],[20.3,44.0],[20.3,44.2],[19.7,44.2],[19.7,44.3],[19.4,44.3],[19.4,44.2],[19.5,44.2],[19.5,44.1],[19.0,44.1],[19.0,44.3],[18.9,44.3],[18.9,44.4],[18.7,44.4],[18.7,44.3],[18.3,44.3],[18.3,44.4],[18.2,44.4],[18.2,44.3],[17.9,44.3],[17.9,44.4],[18.0,44.4],[18.0,44.5],[17.7,44.5],[17.7,44.6],[17.5,44.6],[17.5,44.5],[17.4,44.5],[17.4,44.6],[17.2,44.6],[17.2,44.4],[17.3,44.4],[17.3,44.3],[17.1,44.3],[17.1,44.7],[16.8,44.7],[16.8,44.6],[16.9,44.6],[16.9,44.3],[16.8,44.3],[16.8,44.5],[16.7,44.5],[16.7,44.6],[16.6,44.6],[16.6,44.7],[16.4,44.7],[16.4,44.8],[16.3,44.8],[16.3,44.6],[16.4,44.6],[16.4,44.5],[16.2,44.5],[16.2,44.3],[16.1,44.3],[16.1,44.2],[16.3,44.2],[16.3,44.1],[16.4,44.1],[16.4,44.0],[16.5,44.0],[16.5,43.8],[16.6,43.8],[16.6,44.1],[16.7,44.1],[16.7,44.0],[16.8,44.0],[16.8,43.9],[17.0,43.9],[17.0,43.8],[17.1,43.8],[17.1,43.7],[17.3,43.7],[17.3,43.6],[17.4,43.6],[17.4,43.5],[17.7,43.5],[17.7,43.7],[17.8,43.7],[17.8,43.8],[17.9,43.8],[17.9,43.7],[18.0,43.7],[18.0,43.6],[17.8,43.6],[17.8,43.5],[17.9,43.5],[17.9,43.3],[18.1,43.3],[18.1,43.4],[18.2,43.4],[18.2,43.3],[18.3,43.3],[18.3,43.1],[18.5,43.1],[18.5,42.9],[19.0,42.9],[19.0,42.7],[19.1,42.7],[19.1,42.6],[19.4,42.6],[19.4,42.4],[19.5,42.4],[19.5,42.3],[19.6,42.3],[19.6,42.2],[19.9,42.2],[19.9,42.3],[20.0,42.3],[20.0,42.4],[20.2,42.4]],[[19.5,43.9],[19.5,44.1],[19.6,44.1],[19.6,43.9],[19.5,43.9]],[[20.0,44.0],[20.0,43.8],[19.9,43.8],[19.9,44.0],[20.0,44.0]],[[22.1,42.6],[22.0,42.6],[22.0,42.8],[22.1,42.8],[22.1,42.6]],[[20.2,42.7],[20.2,42.5],[20.0,42.5],[20.0,42.7],[20.2,42.7]],[[18.4,43.8],[18.1,43.8],[18.1,43.9],[18.0,43.9],[18.0,44.0],[17.9,44.0],[17.9,44.1],[17.7,44.1],[17.7,44.2],[18.1,44.2],[18.1,44.1],[18.3,44.1],[18.3,43.9],[18.4,43.9],[18.4,43.8]],[[19.1,43.6],[18.9,43.6],[18.9,43.7],[19.1,43.7],[19.1,43.6]],[[18.8,43.5],[18.6,43.5],[18.6,43.6],[18.8,43.6],[18.8,43.5]],[[23.4,42.6],[23.4,42.7],[23.2,42.7],[23.2,42.8],[23.5,42.8],[23.5,42.7],[23.6,42.7],[23.6,42.6],[23.4,42.6]],[[23.1,42.5],[23.1,42.4],[22.9,42.4],[22.9,42.5],[23.1,42.5]],[[23.3,42.1],[23.3,42.2],[23.8,42.2],[23.8,42.1],[23.5,42.1],[23.5,42.0],[23.4,42.0],[23.4,42.1],[23.3,42.1]]],[[[21.2,43.4],[21.2,43.3],[21.6,43.3],[21.6,43.4],[21.5,43.4],[21.5,43.5],[21.3,43.5],[21.3,43.4],[21.2,43.4]]],[[[20.8,43.9],[20.8,43.8],[20.9,43.8],[20.9,43.7],[21.0,43.7],[21.0,43.9],[20.8,43.9]]],[[[20.5,44.2],[20.5,43.9],[20.6,43.9],[20.6,44.2],[20.5,44.2]]],[[[19.2,44.3],[19.4,44.3],[19.4,44.4],[19.2,44.4],[19.2,44.3]]],[[[16.0,44.3],[16.1,44.3],[16.1,44.5],[15.9,44.5],[15.9,44.4],[16.0,44.4],[16.0,44.3]]],[[[16.1,44.5],[16.2,44.5],[16.2,44.8],[16.0,44.8],[16.0,44.7],[16.1,44.7],[16.1,44.5]]],[[[15.1,44.6],[15.1,44.9],[15.0,44.9],[15.0,44.8],[14.9,44.8],[14.9,44.7],[15.0,44.7],[15.0,44.6],[15.1,44.6]]],[[[15.8,44.5],[15.9,44.5],[15.9,44.7],[15.8,44.7],[15.8,44.8],[15.7,44.8],[15.7,44.9],[15.6,44.9],[15.6,45.0],[15.4,45.0],[15.4,45.1],[15.2,45.1],[15.2,44.9],[15.4,44.9],[15.4,44.7],[15.5,44.7],[15.5,44.5],[15.6,44.5],[15.6,44.7],[15.7,44.7],[15.7,44.6],[15.8,44.6],[15.8,44.5]]],[[[17.9,45.5],[17.7,45.5],[17.7,45.4],[17.9,45.4],[17.9,45.5]]],[[[14.9,45.1],[15.2,45.1],[15.2,45.3],[15.1,45.3],[15.1,45.4],[15.0,45.4],[15.0,45.5],[15.1,45.5],[15.1,45.7],[14.9,45.7],[14.9,45.4],[14.8,45.4],[14.8,45.7],[14.7,45.7],[14.7,45.8],[14.6,45.8],[14.6,45.9],[14.3,45.9],[14.3,45.5],[14.5,45.5],[14.5,45.4],[14.6,45.4],[14.6,45.3],[14.7,45.3],[14.7,45.2],[14.9,45.2],[14.9,45.1]]],[[[17.4,45.5],[17.7,45.5],[17.7,45.6],[17.4,45.6],[17.4,45.5]]],[[[18.6,57.8],[18.4,57.8],[18.4,57.3],[18.5,57.3],[18.5,57.4],[18.6,57.4],[18.6,57.8]]],[[[15.9,62.0],[15.9,61.8],[16.0,61.8],[16.0,61.7],[16.1,61.7],[16.1,61.6],[16.3,61.6],[16.3,61.5],[15.8,61.5],[15.8,61.4],[15.5,61.4],[15.5,61.3],[15.4,61.3],[15.4,61.2],[15.6,61.2],[15.6,61.0],[15.7,61.0],[15.7,60.9],[15.6,60.9],[15.6,60.8],[15.2,60.8],[15.2,60.9],[15.5,60.9],[15.5,61.0],[14.7,61.0],[14.7,61.2],[14.4,61.2],[14.4,61.1],[14.3,61.1],[14.3,61.0],[14.4,61.0],[14.4,60.9],[14.5,60.9],[14.5,60.8],[14.6,60.8],[14.6,60.7],[14.8,60.7],[14.8,60.5],[14.5,60.5],[14.5,60.6],[14.1,60.6],[14.1,60.4],[14.5,60.4],[14.5,60.3],[14.7,60.3],[14.7,60.1],[14.9,60.1],[14.9,60.0],[14.6,60.0],[14.6,60.1],[14.5,60.1],[14.5,60.0],[14.4,60.0],[14.4,60.1],[14.3,60.1],[14.3,60.2],[14.1,60.2],[14.1,60.0],[14.0,60.0],[14.0,60.2],[13.9,60.2],[13.9,60.3],[13.8,60.3],[13.8,60.2],[13.7,60.2],[13.7,60.3],[13.5,60.3],[13.5,60.4],[13.3,60.4],[13.3,60.5],[13.2,60.5],[13.2,60.6],[13.1,60.6],[13.1,60.5],[13.0,60.5],[13.0,60.4],[12.7,60.4],[12.7,60.1],[12.5,60.1],[12.5,60.2],[12.6,60.2],[12.6,60.3],[12.5,60.3],[12.5,60.4],[12.2,60.4],[12.2,60.6],[12.4,60.6],[12.4,60.8],[12.2,60.8],[12.2,60.7],[11.9,60.7],[11.9,60.8],[11.8,60.8],[11.8,60.9],[11.6,60.9],[11.6,61.0],[11.4,61.0],[11.4,60.9],[10.8,60.9],[10.8,61.0],[10.6,61.0],[10.6,60.7],[10.7,60.7],[10.7,60.6],[11.1,60.6],[11.1,60.5],[11.0,60.5],[11.0,60.3],[10.9,60.3],[10.9,60.2],[10.7,60.2],[10.7,60.1],[10.5,60.1],[10.5,60.0],[10.4,60.0],[10.4,60.2],[10.5,60.2],[10.5,60.3],[10.6,60.3],[10.6,60.4],[10.5,60.4],[10.5,60.5],[10.4,60.5],[10.4,60.4],[10.3,60.4],[10.3,60.3],[10.2,60.3],[10.2,60.4],[10.1,60.4],[10.1,60.3],[9.7,60.3],[9.7,60.4],[9.6,60.4],[9.6,60.2],[9.4,60.2],[9.4,60.1],[9.5,60.1],[9.5,60.0],[9.6,60.0],[9.6,59.9],[9.4,59.9],[9.4,59.8],[9.5,59.8],[9.5,59.7],[9.6,59.7],[9.6,59.5],[9.8,59.5],[9.8,59.3],[9.7,59.3],[9.7,59.4],[9.4,59.4],[9.4,59.6],[9.3,59.6],[9.3,59.7],[9.2,59.7],[9.2,59.8],[9.0,59.8],[9.0,59.7],[8.9,59.7],[8.9,59.6],[9.0,59.6],[9.0,59.4],[8.8,59.4],[8.8,59.5],[8.6,59.5],[8.6,59.4],[8.7,59.4],[8.7,59.2],[8.8,59.2],[8.8,59.1],[8.7,59.1],[8.7,59.0],[8.6,59.0],[8.6,59.1],[8.5,59.1],[8.5,59.0],[8.3,59.0],[8.3,58.8],[8.1,58.8],[8.1,58.7],[8.0,58.7],[8.0,58.6],[7.9,58.6],[7.9,58.8],[7.8,58.8],[7.8,58.6],[7.4,58.6],[7.4,58.5],[7.2,58.5],[7.2,58.4],[7.1,58.4],[7.1,58.6],[6.9,58.6],[6.9,58.5],[6.8,58.5],[6.8,58.7],[6.7,58.7],[6.7,58.6],[6.2,58.6],[6.2,58.5],[6.4,58.5],[6.4,58.4],[6.8,58.4],[6.8,58.3],[6.9,58.3],[6.9,58.2],[7.9,58.2],[7.9,58.3],[8.2,58.3],[8.2,58.4],[8.3,58.4],[8.3,58.3],[8.4,58.3],[8.4,58.4],[8.5,58.4],[8.5,58.5],[8.7,58.5],[8.7,58.6],[8.9,58.6],[8.9,58.7],[9.1,58.7],[9.1,58.8],[9.4,58.8],[9.4,58.9],[9.6,58.9],[9.6,59.0],[9.9,59.0],[9.9,58.9],[10.0,58.9],[10.0,59.0],[10.3,59.0],[10.3,59.1],[10.6,59.1],[10.6,59.2],[10.7,59.2],[10.7,59.1],[10.8,59.1],[10.8,59.0],[11.1,59.0],[11.1,58.9],[11.2,58.9],[11.2,58.7],[11.3,58.7],[11.3,58.5],[11.4,58.5],[11.4,58.4],[11.6,58.4],[11.6,58.3],[11.7,58.3],[11.7,58.2],[11.8,58.2],[11.8,58.1],[11.9,58.1],[11.9,57.9],[12.0,57.9],[12.0,57.6],[12.2,57.6],[12.2,57.5],[12.3,57.5],[12.3,57.3],[12.4,57.3],[12.4,57.2],[12.5,57.2],[12.5,57.0],[12.7,57.0],[12.7,56.8],[12.8,56.8],[12.8,56.7],[13.0,56.7],[13.0,56.5],[13.1,56.5],[13.1,56.4],[12.9,56.4],[12.9,56.3],[13.1,56.3],[13.1,56.2],[13.2,56.2],[13.2,56.1],[13.4,56.1],[13.4,56.0],[13.5,56.0],[13.5,55.9],[13.6,55.9],[13.6,55.8],[13.8,55.8],[13.8,55.7],[14.0,55.7],[14.0,55.9],[13.9,55.9],[13.9,56.2],[14.5,56.2],[14.5,56.3],[15.7,56.3],[15.7,56.4],[15.9,56.4],[15.9,56.5],[16.0,56.5],[16.0,56.6],[16.1,56.6],[16.1,56.8],[16.2,56.8],[16.2,56.9],[16.3,56.9],[16.3,57.0],[16.4,57.0],[16.4,57.2],[16.5,57.2],[16.5,57.3],[16.6,57.3],[16.6,57.4],[16.7,57.4],[16.7,57.5],[16.6,57.5],[16.6,57.7],[16.7,57.7],[16.7,57.8],[16.8,57.8],[16.8,58.0],[16.9,58.0],[16.9,58.1],[17.0,58.1],[17.0,58.2],[17.1,58.2],[17.1,58.6],[17.3,58.6],[17.3,58.7],[17.4,58.7],[17.4,58.6],[17.6,58.6],[17.6,58.8],[17.8,58.8],[17.8,58.7],[17.9,58.7],[17.9,58.8],[18.2,58.8],[18.2,58.9],[18.6,58.9],[18.6,59.0],[18.8,59.0],[18.8,59.1],[18.9,59.1],[18.9,59.2],[19.1,59.2],[19.1,59.3],[19.2,59.3],[19.2,59.4],[19.6,59.4],[19.6,59.5],[19.5,59.5],[19.5,59.6],[19.4,59.6],[19.4,59.7],[19.5,59.7],[19.5,59.8],[19.2,59.8],[19.2,59.9],[19.1,59.9],[19.1,60.0],[18.9,60.0],[18.9,60.2],[18.8,60.2],[18.8,60.3],[18.7,60.3],[18.7,60.5],[18.6,60.5],[18.6,60.4],[18.5,60.4],[18.5,60.6],[18.3,60.6],[18.3,60.4],[18.2,60.4],[18.2,60.5],[18.1,60.5],[18.1,60.6],[18.0,60.6],[18.0,60.7],[17.9,60.7],[17.9,60.6],[17.7,60.6],[17.7,60.7],[17.5,60.7],[17.5,60.8],[17.4,60.8],[17.4,60.9],[17.3,60.9],[17.3,61.3],[17.4,61.3],[17.4,61.4],[17.3,61.4],[17.3,61.5],[17.5,61.5],[17.5,61.6],[17.6,61.6],[17.6,61.8],[17.5,61.8],[17.5,61.9],[17.6,61.9],[17.6,62.0],[17.7,62.0],[17.7,62.1],[17.8,62.1],[17.8,62.4],[17.9,62.4],[17.9,62.5],[18.1,62.5],[18.1,62.6],[18.2,62.6],[18.2,62.7],[18.3,62.7],[18.3,62.8],[18.5,62.8],[18.5,62.9],[18.7,62.9],[18.7,63.1],[19.1,63.1],[19.1,63.2],[19.2,63.2],[19.2,63.3],[19.3,63.3],[19.3,63.4],[19.9,63.4],[19.9,63.6],[20.0,63.6],[20.0,63.5],[20.1,63.5],[20.1,63.6],[20.5,63.6],[20.5,63.7],[20.7,63.7],[20.7,63.6],[21.0,63.6],[21.0,63.9],[20.9,63.9],[20.9,64.0],[21.0,64.0],[21.0,64.1],[21.1,64.1],[21.1,64.2],[21.3,64.2],[21.3,64.3],[21.5,64.3],[21.5,64.4],[21.7,64.4],[21.7,64.5],[21.6,64.5],[21.6,64.6],[21.3,64.6],[21.3,64.5],[21.2,64.5],[21.2,64.3],[21.0,64.3],[21.0,64.2],[20.9,64.2],[20.9,64.1],[20.7,64.1],[20.7,64.0],[20.5,64.0],[20.5,63.9],[20.2,63.9],[20.2,63.8],[19.9,63.8],[19.9,63.7],[19.6,63.7],[19.6,63.6],[19.3,63.6],[19.3,63.5],[18.9,63.5],[18.9,63.4],[18.6,63.4],[18.6,63.3],[18.5,63.3],[18.5,63.4],[18.4,63.4],[18.4,63.3],[18.3,63.3],[18.3,63.2],[18.4,63.2],[18.4,63.1],[18.1,63.1],[18.1,63.0],[17.9,63.0],[17.9,63.1],[17.8,63.1],[17.8,63.2],[17.6,63.2],[17.6,63.0],[17.7,63.0],[17.7,62.8],[17.8,62.8],[17.8,62.7],[17.6,62.7],[17.6,62.6],[17.3,62.6],[17.3,62.5],[17.2,62.5],[17.2,62.6],[17.0,62.6],[17.0,62.5],[17.1,62.5],[17.1,62.4],[16.9,62.4],[16.9,62.2],[17.0,62.2],[17.0,62.1],[16.7,62.1],[16.7,62.0],[16.3,62.0],[16.3,61.9],[16.0,61.9],[16.0,62.0],[15.9,62.0]],[[9.6,59.8],[9.6,59.9],[9.8,59.9],[9.8,59.8],[9.6,59.8]],[[16.4,61.7],[16.7,61.7],[16.7,61.6],[16.4,61.6],[16.4,61.7]],[[16.5,61.0],[16.2,61.0],[16.2,60.9],[16.4,60.9],[16.4,60.8],[15.8,60.8],[15.8,61.2],[15.9,61.2],[15.9,61.3],[16.1,61.3],[16.1,61.2],[16.5,61.2],[16.5,61.0]],[[11.7,60.5],[11.4,60.5],[11.4,60.4],[11.3,60.4],[11.3,60.6],[11.4,60.6],[11.4,60.7],[11.6,60.7],[11.6,60.8],[11.7,60.8],[11.7,60.7],[11.8,60.7],[11.8,60.6],[11.9,60.6],[11.9,60.3],[11.8,60.3],[11.8,60.4],[11.7,60.4],[11.7,60.5]],[[15.0,60.5],[15.2,60.5],[15.2,60.3],[15.0,60.3],[15.0,60.5]],[[10.1,59.8],[10.0,59.8],[10.0,60.0],[10.2,60.0],[10.2,59.9],[10.1,59.9],[10.1,59.8]],[[15.0,60.0],[15.2,60.0],[15.2,59.9],[15.0,59.9],[15.0,60.0]]],[[[15.3,61.2],[15.1,61.2],[15.1,61.4],[15.0,61.4],[15.0,61.1],[15.3,61.1],[15.3,61.2]]],[[[15.9,61.7],[15.9,61.8],[15.8,61.8],[15.8,61.9],[15.7,61.9],[15.7,61.7],[15.9,61.7]]],[[[17.3,63.2],[17.3,63.1],[17.5,63.1],[17.5,63.2],[17.3,63.2]]],[[[21.7,65.3],[21.9,65.3],[21.9,65.4],[21.5,65.4],[21.5,65.1],[21.4,65.1],[21.4,65.0],[21.7,65.0],[21.7,65.3]]],[[[13.0,66.7],[13.0,66.6],[13.3,66.6],[13.3,66.7],[13.4,66.7],[13.4,66.8],[13.2,66.8],[13.2,66.7],[13.0,66.7]]],[[[13.4,66.9],[13.8,66.9],[13.8,67.1],[13.9,67.1],[13.9,67.0],[14.0,67.0],[14.0,67.1],[14.1,67.1],[14.1,67.4],[14.0,67.4],[14.0,67.3],[13.9,67.3],[13.9,67.2],[13.7,67.2],[13.7,67.1],[13.6,67.1],[13.6,67.0],[13.4,67.0],[13.4,66.9]]],[[[14.4,67.3],[14.4,67.4],[14.3,67.4],[14.3,67.3],[14.2,67.3],[14.2,67.2],[14.7,67.2],[14.7,67.3],[14.4,67.3]]],[[[15.0,67.7],[15.0,67.6],[15.2,67.6],[15.2,67.7],[15.0,67.7]]],[[[15.0,67.9],[15.0,68.0],[14.7,68.0],[14.7,67.9],[14.6,67.9],[14.6,67.8],[14.5,67.8],[14.5,67.7],[14.9,67.7],[14.9,67.8],[14.8,67.8],[14.8,67.9],[15.0,67.9]]],[[[15.3,68.3],[15.3,68.2],[15.6,68.2],[15.6,68.3],[15.3,68.3]]],[[[22.1,40.3],[22.1,40.1],[22.2,40.1],[22.2,40.2],[22.3,40.2],[22.3,40.3],[22.1,40.3]]],[[[40.0,40.8],[39.8,40.8],[39.8,40.7],[39.6,40.7],[39.6,40.6],[39.8,40.6],[39.8,40.5],[40.0,40.5],[40.0,40.8]]],[[[30.8,40.6],[31.1,40.6],[31.1,40.5],[31.2,40.5],[31.2,40.4],[31.5,40.4],[31.5,40.6],[31.7,40.6],[31.7,40.8],[31.6,40.8],[31.6,40.9],[31.4,40.9],[31.4,40.7],[30.8,40.7],[30.8,40.6]]],[[[38.6,40.8],[38.5,40.8],[38.5,40.7],[38.3,40.7],[38.3,40.8],[38.2,40.8],[38.2,40.7],[38.1,40.7],[38.1,40.8],[37.9,40.8],[37.9,40.7],[37.8,40.7],[37.8,40.6],[38.6,40.6],[38.6,40.8]]],[[[36.9,40.8],[37.1,40.8],[37.1,40.7],[37.2,40.7],[37.2,40.6],[37.7,40.6],[37.7,40.7],[37.4,40.7],[37.4,40.8],[37.2,40.8],[37.2,40.9],[36.9,40.9],[36.9,40.8]]],[[[39.2,40.9],[39.0,40.9],[39.0,40.8],[38.8,40.8],[38.8,40.7],[39.1,40.7],[39.1,40.8],[39.2,40.8],[39.2,40.9]]],[[[32.5,41.1],[32.5,41.2],[32.4,41.2],[32.4,41.1],[32.3,41.1],[32.3,41.0],[32.2,41.0],[32.2,40.9],[31.9,40.9],[31.9,40.8],[31.8,40.8],[31.8,40.7],[32.0,40.7],[32.0,40.6],[32.1,40.6],[32.1,40.8],[32.3,40.8],[32.3,40.9],[32.4,40.9],[32.4,41.0],[32.6,41.0],[32.6,41.1],[32.5,41.1]]],[[[22.4,41.1],[22.3,41.1],[22.3,41.0],[22.2,41.0],[22.2,40.9],[22.4,40.9],[22.4,41.1]]],[[[32.5,41.4],[32.5,41.2],[32.6,41.2],[32.6,41.3],[32.8,41.3],[32.8,41.2],[33.0,41.2],[33.0,41.1],[32.7,41.1],[32.7,41.0],[32.8,41.0],[32.8,40.9],[33.2,40.9],[33.2,40.8],[33.4,40.8],[33.4,40.7],[33.5,40.7],[33.5,40.6],[33.6,40.6],[33.6,40.7],[33.8,40.7],[33.8,40.6],[34.0,40.6],[34.0,40.5],[34.1,40.5],[34.1,40.6],[34.2,40.6],[34.2,40.7],[34.7,40.7],[34.7,40.5],[34.8,40.5],[34.8,40.6],[35.0,40.6],[35.0,40.5],[35.3,40.5],[35.3,40.6],[35.5,40.6],[35.5,40.7],[35.3,40.7],[35.3,40.9],[35.6,40.9],[35.6,41.0],[35.5,41.0],[35.5,41.1],[35.1,41.1],[35.1,41.2],[34.9,41.2],[34.9,41.1],[34.8,41.1],[34.8,41.0],[35.0,41.0],[35.0,40.7],[34.9,40.7],[34.9,40.8],[34.8,40.8],[34.8,40.9],[34.5,40.9],[34.5,41.0],[34.4,41.0],[34.4,41.2],[34.6,41.2],[34.6,41.1],[34.7,41.1],[34.7,41.2],[34.8,41.2],[34.8,41.3],[34.6,41.3],[34.6,41.6],[34.9,41.6],[34.9,41.5],[35.0,41.5],[35.0,41.4],[35.2,41.4],[35.2,41.3],[35.6,41.3],[35.6,41.5],[35.2,41.5],[35.2,41.6],[35.1,41.6],[35.1,41.7],[34.9,41.7],[34.9,41.8],[34.0,41.8],[34.0,41.9],[33.7,41.9],[33.7,41.8],[33.6,41.8],[33.6,41.9],[33.4,41.9],[33.4,41.8],[33.1,41.8],[33.1,41.7],[33.0,41.7],[33.0,41.8],[32.9,41.8],[32.9,41.7],[32.7,41.7],[32.7,41.5],[32.8,41.5],[32.8,41.4],[32.5,41.4]],[[34.6,41.7],[34.6,41.6],[34.4,41.6],[34.4,41.7],[34.6,41.7]],[[33.2,41.2],[33.0,41.2],[33.0,41.3],[33.2,41.3],[33.2,41.2]],[[33.7,41.5],[34.0,41.5],[34.0,41.6],[34.2,41.6],[34.2,41.5],[34.3,41.5],[34.3,41.4],[33.7,41.4],[33.7,41.5]],[[34.3,41.1],[34.3,41.0],[34.1,41.0],[34.1,41.1],[34.3,41.1]]],[[[24.2,41.3],[24.0,41.3],[24.0,41.2],[24.2,41.2],[24.2,41.3]]],[[[26.8,43.5],[26.8,43.4],[27.1,43.4],[27.1,43.5],[26.8,43.5]]],[[[40.0,43.7],[40.0,44.3],[39.9,44.3],[39.9,44.2],[39.7,44.2],[39.7,44.1],[39.6,44.1],[39.6,44.3],[39.5,44.3],[39.5,44.2],[39.4,44.2],[39.4,44.1],[39.5,44.1],[39.5,44.0],[39.6,44.0],[39.6,43.9],[39.8,43.9],[39.8,43.7],[40.0,43.7]]],[[[34.1,44.5],[34.3,44.5],[34.3,44.7],[34.4,44.7],[34.4,44.8],[34.6,44.8],[34.6,44.9],[34.9,44.9],[34.9,45.0],[34.3,45.0],[34.3,44.9],[34.1,44.9],[34.1,44.8],[34.2,44.8],[34.2,44.7],[34.1,44.7],[34.1,44.6],[34.0,44.6],[34.0,44.5],[33.9,44.5],[33.9,44.4],[34.1,44.4],[34.1,44.5]]],[[[27.6,47.0],[27.4,47.0],[27.4,46.9],[27.6,46.9],[27.6,46.8],[27.7,46.8],[27.7,46.9],[27.8,46.9],[27.8,46.7],[27.9,46.7],[27.9,46.8],[28.0,46.8],[28.0,46.9],[27.9,46.9],[27.9,47.0],[27.8,47.0],[27.8,47.1],[27.6,47.1],[27.6,47.0]]],[[[28.5,47.1],[28.5,47.3],[28.3,47.3],[28.3,47.4],[28.0,47.4],[28.0,47.2],[28.1,47.2],[28.1,47.1],[28.2,47.1],[28.2,47.0],[28.5,47.0],[28.5,46.9],[28.6,46.9],[28.6,47.1],[28.5,47.1]]],[[[28.5,47.4],[28.5,47.3],[28.7,47.3],[28.7,47.4],[28.5,47.4]]],[[[28.4,47.6],[28.4,47.8],[28.0,47.8],[28.0,47.7],[28.3,47.7],[28.3,47.6],[28.4,47.6]]],[[[30.1,47.9],[30.1,47.8],[30.3,47.8],[30.3,47.9],[30.1,47.9]]],[[[32.6,48.3],[32.6,48.2],[32.8,48.2],[32.8,48.3],[32.6,48.3]]],[[[38.5,48.3],[38.5,48.2],[39.1,48.2],[39.1,48.3],[38.6,48.3],[38.6,48.5],[38.5,48.5],[38.5,48.4],[38.4,48.4],[38.4,48.3],[38.5,48.3]]],[[[33.2,48.8],[33.2,48.7],[33.4,48.7],[33.4,48.5],[33.7,48.5],[33.7,48.6],[33.6,48.6],[33.6,48.9],[33.5,48.9],[33.5,49.0],[33.4,49.0],[33.4,48.9],[33.1,48.9],[33.1,48.8],[33.2,48.8]]],[[[16.4,51.8],[16.4,51.6],[16.3,51.6],[16.3,51.5],[16.2,51.5],[16.2,51.6],[16.0,51.6],[16.0,51.7],[15.8,51.7],[15.8,51.5],[15.6,51.5],[15.6,51.4],[15.2,51.4],[15.2,51.3],[15.1,51.3],[15.1,51.2],[14.5,51.2],[14.5,51.1],[14.2,51.1],[14.2,51.2],[14.0,51.2],[14.0,51.0],[14.1,51.0],[14.1,50.9],[13.8,50.9],[13.8,51.0],[13.1,51.0],[13.1,50.9],[13.0,50.9],[13.0,50.8],[12.8,50.8],[12.8,50.9],[12.7,50.9],[12.7,50.8],[12.6,50.8],[12.6,50.7],[12.3,50.7],[12.3,50.8],[12.2,50.8],[12.2,50.7],[11.4,50.7],[11.4,50.6],[11.3,50.6],[11.3,50.8],[11.2,50.8],[11.2,50.9],[11.1,50.9],[11.1,50.8],[10.9,50.8],[10.9,50.9],[10.3,50.9],[10.3,50.8],[10.4,50.8],[10.4,50.6],[10.3,50.6],[10.3,50.7],[10.0,50.7],[10.0,50.6],[9.8,50.6],[9.8,50.4],[9.6,50.4],[9.6,50.3],[9.8,50.3],[9.8,50.2],[9.9,50.2],[9.9,50.3],[10.1,50.3],[10.1,50.4],[10.2,50.4],[10.2,50.5],[10.3,50.5],[10.3,50.4],[10.7,50.4],[10.7,50.3],[11.3,50.3],[11.3,50.1],[11.0,50.1],[11.0,49.9],[11.1,49.9],[11.1,49.8],[11.2,49.8],[11.2,49.6],[11.3,49.6],[11.3,49.3],[11.2,49.3],[11.2,49.1],[11.0,49.1],[11.0,49.0],[10.8,49.0],[10.8,49.1],[10.5,49.1],[10.5,49.3],[10.2,49.3],[10.2,49.2],[10.1,49.2],[10.1,48.8],[9.9,48.8],[9.9,48.7],[9.8,48.7],[9.8,48.6],[9.4,48.6],[9.4,48.5],[9.2,48.5],[9.2,48.4],[9.0,48.4],[9.0,48.3],[8.6,48.3],[8.6,48.5],[8.5,48.5],[8.5,48.6],[8.6,48.6],[8.6,48.7],[8.7,48.7],[8.7,48.8],[8.4,48.8],[8.4,48.7],[8.2,48.7],[8.2,48.4],[8.4,48.4],[8.4,48.2],[8.1,48.2],[8.1,48.1],[8.0,48.1],[8.0,47.9],[7.8,47.9],[7.8,47.8],[7.9,47.8],[7.9,47.6],[8.1,47.6],[8.1,47.7],[8.3,47.7],[8.3,47.8],[8.7,47.8],[8.7,47.9],[9.3,47.9],[9.3,47.8],[9.4,47.8],[9.4,47.9],[9.5,47.9],[9.5,48.0],[9.7,48.0],[9.7,48.1],[9.8,48.1],[9.8,47.8],[9.7,47.8],[9.7,47.7],[9.8,47.7],[9.8,47.4],[9.7,47.4],[9.7,47.1],[9.8,47.1],[9.8,47.3],[10.0,47.3],[10.0,47.4],[10.1,47.4],[10.1,47.5],[10.2,47.5],[10.2,47.3],[10.3,47.3],[10.3,47.5],[10.6,47.5],[10.6,47.4],[10.8,47.4],[10.8,47.6],[11.0,47.6],[11.0,47.5],[10.9,47.5],[10.9,47.4],[11.1,47.4],[11.1,47.2],[11.6,47.2],[11.6,47.3],[11.8,47.3],[11.8,47.1],[11.9,47.1],[11.9,47.4],[12.7,47.4],[12.7,47.3],[12.4,47.3],[12.4,47.2],[13.0,47.2],[13.0,47.3],[13.5,47.3],[13.5,47.5],[13.6,47.5],[13.6,47.4],[13.7,47.4],[13.7,47.6],[13.8,47.6],[13.8,47.4],[14.1,47.4],[14.1,47.5],[14.6,47.5],[14.6,47.6],[14.7,47.6],[14.7,47.4],[14.8,47.4],[14.8,47.3],[14.4,47.3],[14.4,47.2],[14.0,47.2],[14.0,47.1],[14.2,47.1],[14.2,47.0],[14.1,47.0],[14.1,46.9],[14.0,46.9],[14.0,46.8],[13.9,46.8],[13.9,46.7],[13.8,46.7],[13.8,46.8],[13.6,46.8],[13.6,47.0],[13.4,47.0],[13.4,46.9],[13.3,46.9],[13.3,46.8],[13.2,46.8],[13.2,46.9],[13.1,46.9],[13.1,46.8],[12.9,46.8],[12.9,46.6],[12.7,46.6],[12.7,46.4],[12.6,46.4],[12.6,46.3],[12.4,46.3],[12.4,46.4],[12.5,46.4],[12.5,46.5],[12.6,46.5],[12.6,46.6],[12.3,46.6],[12.3,46.5],[12.2,46.5],[12.2,46.4],[12.1,46.4],[12.1,46.3],[12.0,46.3],[12.0,46.4],[11.9,46.4],[11.9,46.2],[11.7,46.2],[11.7,46.1],[11.3,46.1],[11.3,46.2],[11.5,46.2],[11.5,46.3],[11.4,46.3],[11.4,46.4],[11.6,46.4],[11.6,46.6],[11.7,46.6],[11.7,46.8],[11.6,46.8],[11.6,46.7],[11.5,46.7],[11.5,46.6],[11.4,46.6],[11.4,46.7],[11.3,46.7],[11.3,46.8],[11.2,46.8],[11.2,46.7],[10.9,46.7],[10.9,46.6],[11.1,46.6],[11.1,46.5],[11.0,46.5],[11.0,46.4],[11.1,46.4],[11.1,46.2],[10.9,46.2],[10.9,46.1],[10.8,46.1],[10.8,46.2],[10.7,46.2],[10.7,46.1],[10.6,46.1],[10.6,45.9],[10.4,45.9],[10.4,46.2],[10.3,46.2],[10.3,46.3],[10.1,46.3],[10.1,46.2],[9.5,46.2],[9.5,46.1],[10.0,46.1],[10.0,46.0],[9.9,46.0],[9.9,45.8],[10.1,45.8],[10.1,45.7],[10.4,45.7],[10.4,45.8],[10.5,45.8],[10.5,45.7],[10.6,45.7],[10.6,45.8],[10.8,45.8],[10.8,45.7],[11.0,45.7],[11.0,45.6],[11.2,45.6],[11.2,45.8],[11.8,45.8],[11.8,45.9],[11.9,45.9],[11.9,46.1],[12.1,46.1],[12.1,46.2],[12.4,46.2],[12.4,46.1],[12.2,46.1],[12.2,46.0],[12.5,46.0],[12.5,46.1],[12.6,46.1],[12.6,46.2],[13.0,46.2],[13.0,46.3],[13.2,46.3],[13.2,46.2],[13.8,46.2],[13.8,46.1],[13.7,46.1],[13.7,46.0],[13.8,46.0],[13.8,45.9],[14.0,45.9],[14.0,45.8],[14.2,45.8],[14.2,45.9],[14.1,45.9],[14.1,46.0],[14.3,46.0],[14.3,46.2],[14.8,46.2],[14.8,46.1],[14.9,46.1],[14.9,46.0],[15.1,46.0],[15.1,46.1],[15.2,46.1],[15.2,46.2],[15.0,46.2],[15.0,46.3],[15.4,46.3],[15.4,46.4],[15.6,46.4],[15.6,46.6],[15.9,46.6],[15.9,46.7],[16.3,46.7],[16.3,46.8],[16.4,46.8],[16.4,46.9],[16.5,46.9],[16.5,47.2],[16.6,47.2],[16.6,47.4],[16.5,47.4],[16.5,47.7],[16.1,47.7],[16.1,47.8],[16.2,47.8],[16.2,48.2],[16.3,48.2],[16.3,48.3],[16.1,48.3],[16.1,48.2],[15.7,48.2],[15.7,48.4],[16.1,48.4],[16.1,48.5],[16.2,48.5],[16.2,48.4],[16.5,48.4],[16.5,48.6],[16.6,48.6],[16.6,48.7],[16.7,48.7],[16.7,48.9],[16.8,48.9],[16.8,48.5],[16.9,48.5],[16.9,48.4],[17.0,48.4],[17.0,48.2],[17.4,48.2],[17.4,48.3],[17.5,48.3],[17.5,48.4],[17.8,48.4],[17.8,48.3],[17.9,48.3],[17.9,48.2],[18.1,48.2],[18.1,48.1],[18.3,48.1],[18.3,48.0],[18.4,48.0],[18.4,47.9],[18.6,47.9],[18.6,48.0],[18.8,48.0],[18.8,47.9],[18.7,47.9],[18.7,47.7],[18.2,47.7],[18.2,47.6],[18.1,47.6],[18.1,47.5],[17.7,47.5],[17.7,47.3],[17.6,47.3],[17.6,47.1],[17.5,47.1],[17.5,46.9],[17.8,46.9],[17.8,47.0],[18.0,47.0],[18.0,47.1],[18.1,47.1],[18.1,47.2],[18.3,47.2],[18.3,47.3],[18.4,47.3],[18.4,47.4],[18.5,47.4],[18.5,47.2],[18.6,47.2],[18.6,47.3],[18.7,47.3],[18.7,47.4],[19.0,47.4],[19.0,47.7],[19.1,47.7],[19.1,47.8],[19.3,47.8],[19.3,47.6],[19.2,47.6],[19.2,47.5],[19.4,47.5],[19.4,47.4],[19.5,47.4],[19.5,47.8],[19.7,47.8],[19.7,47.7],[19.8,47.7],[19.8,47.8],[20.2,47.8],[20.2,47.9],[20.7,47.9],[20.7,48.0],[20.8,48.0],[20.8,48.1],[21.1,48.1],[21.1,48.2],[21.4,48.2],[21.4,48.3],[21.7,48.3],[21.7,48.4],[21.8,48.4],[21.8,48.3],[22.1,48.3],[22.1,48.0],[22.0,48.0],[22.0,47.7],[22.2,47.7],[22.2,47.8],[22.3,47.8],[22.3,48.1],[22.4,48.1],[22.4,48.0],[22.6,48.0],[22.6,47.9],[22.7,47.9],[22.7,47.8],[22.9,47.8],[22.9,47.7],[22.8,47.7],[22.8,47.6],[22.7,47.6],[22.7,47.5],[22.4,47.5],[22.4,47.3],[22.3,47.3],[22.3,47.2],[22.1,47.2],[22.1,47.1],[22.2,47.1],[22.2,47.0],[21.9,47.0],[21.9,46.8],[22.1,46.8],[22.1,46.7],[22.0,46.7],[22.0,46.5],[22.1,46.5],[22.1,46.4],[21.9,46.4],[21.9,46.3],[21.7,46.3],[21.7,46.2],[21.6,46.2],[21.6,46.1],[21.9,46.1],[21.9,46.0],[22.0,46.0],[22.0,46.1],[22.1,46.1],[22.1,46.0],[22.3,46.0],[22.3,45.8],[22.2,45.8],[22.2,45.7],[22.1,45.7],[22.1,45.6],[22.2,45.6],[22.2,45.5],[22.3,45.5],[22.3,45.4],[21.9,45.4],[21.9,45.3],[21.8,45.3],[21.8,45.1],[21.7,45.1],[21.7,44.9],[21.6,44.9],[21.6,44.8],[21.7,44.8],[21.7,44.7],[22.0,44.7],[22.0,44.6],[21.7,44.6],[21.7,44.5],[21.8,44.5],[21.8,44.4],[21.5,44.4],[21.5,44.3],[21.6,44.3],[21.6,44.2],[21.5,44.2],[21.5,43.9],[21.6,43.9],[21.6,43.7],[21.9,43.7],[21.9,43.6],[21.8,43.6],[21.8,43.5],[21.9,43.5],[21.9,43.4],[22.0,43.4],[22.0,43.5],[22.1,43.5],[22.1,43.6],[22.2,43.6],[22.2,43.8],[21.9,43.8],[21.9,44.0],[22.1,44.0],[22.1,44.1],[22.3,44.1],[22.3,44.5],[22.4,44.5],[22.4,44.6],[22.5,44.6],[22.5,44.7],[22.6,44.7],[22.6,44.8],[22.9,44.8],[22.9,44.9],[22.8,44.9],[22.8,45.0],[22.9,45.0],[22.9,45.1],[23.3,45.1],[23.3,45.2],[23.4,45.2],[23.4,45.1],[23.7,45.1],[23.7,44.9],[23.8,44.9],[23.8,45.0],[23.9,45.0],[23.9,44.9],[24.1,44.9],[24.1,45.0],[24.2,45.0],[24.2,45.1],[24.4,45.1],[24.4,44.8],[24.8,44.8],[24.8,44.9],[25.0,44.9],[25.0,44.8],[25.4,44.8],[25.4,44.9],[25.6,44.9],[25.6,45.0],[25.9,45.0],[25.9,45.1],[26.6,45.1],[26.6,45.2],[26.5,45.2],[26.5,45.3],[26.6,45.3],[26.6,45.4],[26.9,45.4],[26.9,45.5],[27.0,45.5],[27.0,45.6],[26.9,45.6],[26.9,45.7],[27.0,45.7],[27.0,46.0],[27.1,46.0],[27.1,46.1],[26.9,46.1],[26.9,46.2],[27.0,46.2],[27.0,46.4],[27.1,46.4],[27.1,46.3],[27.2,46.3],[27.2,46.4],[27.4,46.4],[27.4,46.5],[27.7,46.5],[27.7,46.6],[27.5,46.6],[27.5,46.8],[27.2,46.8],[27.2,46.9],[27.3,46.9],[27.3,47.0],[27.4,47.0],[27.4,47.1],[27.0,47.1],[27.0,47.2],[26.9,47.2],[26.9,47.6],[26.7,47.6],[26.7,47.8],[26.9,47.8],[26.9,47.9],[27.1,47.9],[27.1,48.0],[27.3,48.0],[27.3,47.8],[27.6,47.8],[27.6,47.9],[28.1,47.9],[28.1,48.0],[28.2,48.0],[28.2,47.9],[28.4,47.9],[28.4,47.8],[28.5,47.8],[28.5,47.7],[28.6,47.7],[28.6,47.6],[28.8,47.6],[28.8,47.5],[28.9,47.5],[28.9,47.4],[29.0,47.4],[29.0,47.6],[29.2,47.6],[29.2,47.5],[29.4,47.5],[29.4,47.6],[29.5,47.6],[29.5,47.2],[29.6,47.2],[29.6,47.5],[29.8,47.5],[29.8,47.6],[29.9,47.6],[29.9,47.7],[29.8,47.7],[29.8,47.8],[30.0,47.8],[30.0,47.9],[29.8,47.9],[29.8,48.0],[30.5,48.0],[30.5,48.1],[29.9,48.1],[29.9,48.2],[30.1,48.2],[30.1,48.3],[30.2,48.3],[30.2,48.2],[30.7,48.2],[30.7,48.1],[30.8,48.1],[30.8,48.2],[31.1,48.2],[31.1,48.3],[31.3,48.3],[31.3,48.1],[31.4,48.1],[31.4,48.0],[32.0,48.0],[32.0,48.1],[32.1,48.1],[32.1,48.2],[32.3,48.2],[32.3,48.5],[32.5,48.5],[32.5,48.4],[32.7,48.4],[32.7,48.5],[32.8,48.5],[32.8,48.6],[32.9,48.6],[32.9,48.8],[33.0,48.8],[33.0,48.9],[32.9,48.9],[32.9,49.0],[32.6,49.0],[32.6,49.1],[32.4,49.1],[32.4,49.2],[32.2,49.2],[32.2,49.3],[31.9,49.3],[31.9,49.4],[32.1,49.4],[32.1,49.5],[32.4,49.5],[32.4,49.4],[32.7,49.4],[32.7,49.5],[32.9,49.5],[32.9,49.6],[33.3,49.6],[33.3,49.4],[33.4,49.4],[33.4,49.3],[33.7,49.3],[33.7,49.4],[33.8,49.4],[33.8,49.6],[33.9,49.6],[33.9,49.5],[34.0,49.5],[34.0,49.3],[34.2,49.3],[34.2,49.5],[34.3,49.5],[34.3,49.4],[34.5,49.4],[34.5,49.5],[34.6,49.5],[34.6,49.7],[34.8,49.7],[34.8,49.6],[34.7,49.6],[34.7,49.5],[34.8,49.5],[34.8,49.3],[35.0,49.3],[35.0,49.2],[35.1,49.2],[35.1,49.5],[35.2,49.5],[35.2,49.3],[35.4,49.3],[35.4,49.4],[35.5,49.4],[35.5,49.2],[35.8,49.2],[35.8,49.3],[35.9,49.3],[35.9,49.1],[36.0,49.1],[36.0,49.3],[36.1,49.3],[36.1,49.2],[36.4,49.2],[36.4,49.4],[36.5,49.4],[36.5,49.3],[36.7,49.3],[36.7,49.4],[36.6,49.4],[36.6,49.5],[36.3,49.5],[36.3,49.7],[36.5,49.7],[36.5,49.8],[36.7,49.8],[36.7,49.9],[37.1,49.9],[37.1,49.7],[37.0,49.7],[37.0,49.8],[36.9,49.8],[36.9,49.7],[36.8,49.7],[36.8,49.6],[37.3,49.6],[37.3,49.5],[37.4,49.5],[37.4,49.7],[37.6,49.7],[37.6,49.9],[37.8,49.9],[37.8,49.6],[37.9,49.6],[37.9,49.5],[38.0,49.5],[38.0,49.6],[38.1,49.6],[38.1,49.7],[38.2,49.7],[38.2,49.8],[38.3,49.8],[38.3,49.7],[38.4,49.7],[38.4,49.8],[38.5,49.8],[38.5,49.6],[38.4,49.6],[38.4,49.5],[38.6,49.5],[38.6,49.7],[38.8,49.7],[38.8,49.8],[38.6,49.8],[38.6,49.9],[38.8,49.9],[38.8,50.0],[38.9,50.0],[38.9,50.1],[39.0,50.1],[39.0,49.8],[39.2,49.8],[39.2,49.9],[39.6,49.9],[39.6,49.8],[39.5,49.8],[39.5,49.6],[39.8,49.6],[39.8,49.8],[39.9,49.8],[39.9,49.9],[40.0,49.9],[40.0,50.0],[39.8,50.0],[39.8,50.1],[39.5,50.1],[39.5,50.2],[39.3,50.2],[39.3,50.3],[39.6,50.3],[39.6,50.2],[40.0,50.2],[40.0,60.5],[39.8,60.5],[39.8,60.6],[39.4,60.6],[39.4,60.7],[39.1,60.7],[39.1,60.8],[38.9,60.8],[38.9,60.9],[38.7,60.9],[38.7,60.8],[38.6,60.8],[38.6,60.4],[38.5,60.4],[38.5,60.3],[38.2,60.3],[38.2,60.4],[37.5,60.4],[37.5,60.5],[37.3,60.5],[37.3,60.6],[37.2,60.6],[37.2,60.7],[36.9,60.7],[36.9,60.6],[36.8,60.6],[36.8,60.5],[36.3,60.5],[36.3,60.4],[36.2,60.4],[36.2,60.3],[36.1,60.3],[36.1,60.1],[35.8,60.1],[35.8,60.2],[35.6,60.2],[35.6,60.1],[35.4,60.1],[35.4,60.2],[35.0,60.2],[35.0,60.1],[34.9,60.1],[34.9,60.0],[34.8,60.0],[34.8,60.1],[34.5,60.1],[34.5,60.2],[34.7,60.2],[34.7,60.3],[34.8,60.3],[34.8,60.4],[35.0,60.4],[35.0,60.6],[35.1,60.6],[35.1,60.8],[35.2,60.8],[35.2,60.9],[35.4,60.9],[35.4,60.8],[35.6,60.8],[35.6,60.7],[36.1,60.7],[36.1,60.8],[36.3,60.8],[36.3,60.9],[36.1,60.9],[36.1,61.0],[36.4,61.0],[36.4,60.9],[36.6,60.9],[36.6,61.1],[36.8,61.1],[36.8,61.2],[36.7,61.2],[36.7,61.5],[36.6,61.5],[36.6,61.6],[36.5,61.6],[36.5,61.7],[36.7,61.7],[36.7,61.8],[36.5,61.8],[36.5,61.9],[36.3,61.9],[36.3,62.0],[36.1,62.0],[36.1,62.1],[35.8,62.1],[35.8,62.2],[35.9,62.2],[35.9,62.4],[36.0,62.4],[36.0,62.5],[35.8,62.5],[35.8,62.6],[35.6,62.6],[35.6,62.7],[35.1,62.7],[35.1,62.8],[34.9,62.8],[34.9,62.9],[34.5,62.9],[34.5,62.7],[34.3,62.7],[34.3,62.6],[34.2,62.6],[34.2,62.7],[34.0,62.7],[34.0,62.5],[33.8,62.5],[33.8,62.6],[33.7,62.6],[33.7,62.2],[33.9,62.2],[33.9,62.1],[33.8,62.1],[33.8,61.9],[33.9,61.9],[33.9,61.8],[34.4,61.8],[34.4,61.7],[34.5,61.7],[34.5,61.6],[34.6,61.6],[34.6,61.4],[34.4,61.4],[34.4,61.3],[34.5,61.3],[34.5,61.2],[33.7,61.2],[33.7,61.1],[33.4,61.1],[33.4,61.2],[33.3,61.2],[33.3,61.3],[33.2,61.3],[33.2,61.4],[32.8,61.4],[32.8,61.5],[32.9,61.5],[32.9,61.6],[32.7,61.6],[32.7,61.7],[32.0,61.7],[32.0,61.8],[31.7,61.8],[31.7,61.9],[31.3,61.9],[31.3,62.0],[31.1,62.0],[31.1,62.1],[30.8,62.1],[30.8,62.0],[30.1,62.0],[30.1,62.1],[30.0,62.1],[30.0,62.4],[29.9,62.4],[29.9,62.5],[29.8,62.5],[29.8,62.6],[29.6,62.6],[29.6,62.5],[29.4,62.5],[29.4,62.7],[29.3,62.7],[29.3,62.8],[29.2,62.8],[29.2,62.3],[29.1,62.3],[29.1,62.4],[28.9,62.4],[28.9,62.5],[28.6,62.5],[28.6,62.3],[28.2,62.3],[28.2,62.2],[28.0,62.2],[28.0,62.3],[27.9,62.3],[27.9,62.1],[28.2,62.1],[28.2,62.0],[27.9,62.0],[27.9,61.8],[27.5,61.8],[27.5,61.7],[27.0,61.7],[27.0,61.9],[26.8,61.9],[26.8,62.0],[26.6,62.0],[26.6,61.9],[26.5,61.9],[26.5,62.0],[26.3,62.0],[26.3,61.9],[26.2,61.9],[26.2,61.8],[25.9,61.8],[25.9,61.9],[25.8,61.9],[25.8,62.0],[25.9,62.0],[25.9,62.1],[26.0,62.1],[26.0,62.4],[25.9,62.4],[25.9,62.2],[25.7,62.2],[25.7,62.1],[25.6,62.1],[25.6,62.0],[25.3,62.0],[25.3,61.9],[25.2,61.9],[25.2,62.0],[25.1,62.0],[25.1,61.7],[25.2,61.7],[25.2,61.6],[25.1,61.6],[25.1,61.5],[24.9,61.5],[24.9,61.6],[24.8,61.6],[24.8,61.8],[24.7,61.8],[24.7,61.7],[24.5,61.7],[24.5,61.8],[24.4,61.8],[24.4,61.7],[24.3,61.7],[24.3,61.6],[23.9,61.6],[23.9,61.7],[23.8,61.7],[23.8,61.8],[23.7,61.8],[23.7,61.7],[23.6,61.7],[23.6,61.5],[23.4,61.5],[23.4,61.7],[23.3,61.7],[23.3,61.8],[23.1,61.8],[23.1,61.9],[22.9,61.9],[22.9,61.8],[22.8,61.8],[22.8,61.9],[22.4,61.9],[22.4,62.1],[22.1,62.1],[22.1,62.3],[22.0,62.3],[22.0,62.4],[22.2,62.4],[22.2,62.5],[22.0,62.5],[22.0,62.7],[22.1,62.7],[22.1,62.8],[22.4,62.8],[22.4,62.9],[22.5,62.9],[22.5,62.7],[22.7,62.7],[22.7,62.8],[23.0,62.8],[23.0,62.9],[23.1,62.9],[23.1,63.1],[22.9,63.1],[22.9,63.3],[23.1,63.3],[23.1,63.5],[23.2,63.5],[23.2,63.6],[23.3,63.6],[23.3,63.7],[23.4,63.7],[23.4,63.8],[23.5,63.8],[23.5,63.9],[23.6,63.9],[23.6,64.0],[23.7,64.0],[23.7,64.1],[23.8,64.1],[23.8,64.2],[23.9,64.2],[23.9,64.3],[23.6,64.3],[23.6,64.2],[23.5,64.2],[23.5,64.1],[23.3,64.1],[23.3,64.0],[23.0,64.0],[23.0,63.9],[22.9,63.9],[22.9,64.0],[22.7,64.0],[22.7,63.9],[22.5,63.9],[22.5,63.7],[22.3,63.7],[22.3,63.6],[22.2,63.6],[22.2,63.5],[22.0,63.5],[22.0,63.4],[21.9,63.4],[21.9,63.5],[21.6,63.5],[21.6,63.3],[21.5,63.3],[21.5,63.4],[21.2,63.4],[21.2,63.5],[21.1,63.5],[21.1,63.4],[21.0,63.4],[21.0,63.2],[21.1,63.2],[21.1,63.0],[21.0,63.0],[21.0,63.1],[20.9,63.1],[20.9,63.2],[20.7,63.2],[20.7,63.0],[20.8,63.0],[20.8,62.9],[21.0,62.9],[21.0,62.5],[21.1,62.5],[21.1,62.3],[21.3,62.3],[21.3,62.2],[21.2,62.2],[21.2,61.9],[21.4,61.9],[21.4,61.5],[21.3,61.5],[21.3,61.4],[21.4,61.4],[21.4,61.3],[21.3,61.3],[21.3,61.1],[21.2,61.1],[21.2,61.0],[21.1,61.0],[21.1,60.9],[21.0,60.9],[21.0,60.7],[20.9,60.7],[20.9,60.6],[20.8,60.6],[20.8,60.5],[20.6,60.5],[20.6,60.4],[20.4,60.4],[20.4,60.5],[19.7,60.5],[19.7,60.4],[19.5,60.4],[19.5,60.3],[19.3,60.3],[19.3,60.1],[19.4,60.1],[19.4,60.2],[19.5,60.2],[19.5,60.1],[19.7,60.1],[19.7,60.0],[19.9,60.0],[19.9,59.8],[20.0,59.8],[20.0,59.9],[20.2,59.9],[20.2,59.8],[20.4,59.8],[20.4,59.9],[20.5,59.9],[20.5,59.8],[20.9,59.8],[20.9,59.7],[21.2,59.7],[21.2,59.8],[21.3,59.8],[21.3,59.7],[21.7,59.7],[21.7,59.8],[21.8,59.8],[21.8,59.7],[21.9,59.7],[21.9,59.8],[22.0,59.8],[22.0,59.7],[22.2,59.7],[22.2,59.8],[22.3,59.8],[22.3,59.7],[22.7,59.7],[22.7,59.8],[22.8,59.8],[22.8,59.7],[23.0,59.7],[23.0,59.8],[23.3,59.8],[23.3,59.7],[23.4,59.7],[23.4,59.8],[23.9,59.8],[23.9,59.9],[24.6,59.9],[24.6,60.0],[24.7,60.0],[24.7,60.1],[25.0,60.1],[25.0,60.0],[25.1,60.0],[25.1,60.1],[25.2,60.1],[25.2,60.2],[25.3,60.2],[25.3,60.1],[25.6,60.1],[25.6,60.2],[26.2,60.2],[26.2,60.3],[27.5,60.3],[27.5,60.4],[27.9,60.4],[27.9,60.5],[28.4,60.5],[28.4,60.3],[28.5,60.3],[28.5,60.2],[29.0,60.2],[29.0,60.1],[29.6,60.1],[29.6,60.0],[28.9,60.0],[28.9,59.9],[28.8,59.9],[28.8,59.8],[28.7,59.8],[28.7,59.9],[28.4,59.9],[28.4,59.7],[28.3,59.7],[28.3,59.8],[28.0,59.8],[28.0,59.7],[27.9,59.7],[27.9,59.6],[28.0,59.6],[28.0,59.5],[27.9,59.5],[27.9,59.4],[27.8,59.4],[27.8,59.5],[26.8,59.5],[26.8,59.6],[26.1,59.6],[26.1,59.7],[25.4,59.7],[25.4,59.6],[25.1,59.6],[25.1,59.7],[24.9,59.7],[24.9,59.6],[24.7,59.6],[24.7,59.5],[24.6,59.5],[24.6,59.7],[24.5,59.7],[24.5,59.6],[24.4,59.6],[24.4,59.5],[24.1,59.5],[24.1,59.4],[23.8,59.4],[23.8,59.3],[23.3,59.3],[23.3,59.2],[23.4,59.2],[23.4,59.1],[23.1,59.1],[23.1,59.0],[22.8,59.0],[22.8,59.1],[22.4,59.1],[22.4,59.0],[22.0,59.0],[22.0,58.9],[22.1,58.9],[22.1,58.8],[22.4,58.8],[22.4,58.7],[22.5,58.7],[22.5,58.6],[21.9,58.6],[21.9,58.5],[21.8,58.5],[21.8,58.4],[21.7,58.4],[21.7,58.3],[21.8,58.3],[21.8,58.2],[22.0,58.2],[22.0,58.0],[21.9,58.0],[21.9,57.9],[22.2,57.9],[22.2,58.0],[22.3,58.0],[22.3,58.2],[22.4,58.2],[22.4,58.1],[22.6,58.1],[22.6,58.2],[22.9,58.2],[22.9,58.3],[23.1,58.3],[23.1,58.4],[23.4,58.4],[23.4,58.5],[23.6,58.5],[23.6,58.4],[23.7,58.4],[23.7,58.3],[24.0,58.3],[24.0,58.2],[23.9,58.2],[23.9,58.1],[24.1,58.1],[24.1,58.2],[24.3,58.2],[24.3,58.3],[24.4,58.3],[24.4,58.0],[24.3,58.0],[24.3,57.4],[24.4,57.4],[24.4,57.3],[24.3,57.3],[24.3,57.2],[24.1,57.2],[24.1,57.1],[23.9,57.1],[23.9,57.0],[23.6,57.0],[23.6,57.1],[23.3,57.1],[23.3,57.2],[23.2,57.2],[23.2,57.4],[23.0,57.4],[23.0,57.5],[22.9,57.5],[22.9,57.6],[22.7,57.6],[22.7,57.7],[22.6,57.7],[22.6,57.8],[22.3,57.8],[22.3,57.7],[22.0,57.7],[22.0,57.6],[21.6,57.6],[21.6,57.5],[21.5,57.5],[21.5,57.4],[21.4,57.4],[21.4,57.1],[21.3,57.1],[21.3,57.0],[21.2,57.0],[21.2,56.9],[21.0,56.9],[21.0,56.6],[20.9,56.6],[20.9,56.1],[21.0,56.1],[21.0,55.7],[21.1,55.7],[21.1,55.6],[21.0,55.6],[21.0,55.4],[20.9,55.4],[20.9,55.3],[20.8,55.3],[20.8,55.2],[20.7,55.2],[20.7,55.1],[20.5,55.1],[20.5,55.0],[19.9,55.0],[19.9,54.5],[19.8,54.5],[19.8,54.6],[19.7,54.6],[19.7,54.5],[19.5,54.5],[19.5,54.4],[19.3,54.4],[19.3,54.3],[19.1,54.3],[19.1,54.4],[18.8,54.4],[18.8,54.5],[18.5,54.5],[18.5,54.6],[18.3,54.6],[18.3,54.7],[17.6,54.7],[17.6,54.6],[17.2,54.6],[17.2,54.5],[17.1,54.5],[17.1,54.4],[16.8,54.4],[16.8,54.3],[16.5,54.3],[16.5,54.2],[16.4,54.2],[16.4,54.1],[16.2,54.1],[16.2,54.0],[15.9,54.0],[15.9,53.9],[15.5,53.9],[15.5,53.8],[15.3,53.8],[15.3,53.7],[15.2,53.7],[15.2,53.6],[15.1,53.6],[15.1,53.5],[15.2,53.5],[15.2,53.4],[15.3,53.4],[15.3,53.3],[15.4,53.3],[15.4,53.1],[15.3,53.1],[15.3,53.0],[15.4,53.0],[15.4,52.9],[15.6,52.9],[15.6,53.0],[15.8,53.0],[15.8,52.9],[16.1,52.9],[16.1,52.7],[16.2,52.7],[16.2,52.6],[16.0,52.6],[16.0,52.5],[15.9,52.5],[15.9,52.4],[16.1,52.4],[16.1,52.3],[16.2,52.3],[16.2,52.1],[16.5,52.1],[16.5,52.0],[16.4,52.0],[16.4,51.9],[16.3,51.9],[16.3,51.8],[16.4,51.8]],[[38.0,49.9],[37.8,49.9],[37.8,50.0],[38.0,50.0],[38.0,49.9]],[[38.1,50.0],[38.0,50.0],[38.0,50.2],[38.2,50.2],[38.2,50.1],[38.1,50.1],[38.1,50.0]],[[36.5,49.9],[36.5,49.8],[36.2,49.8],[36.2,50.0],[36.3,50.0],[36.3,49.9],[36.5,49.9]],[[27.0,47.0],[27.0,46.4],[26.9,46.4],[26.9,47.0],[27.0,47.0]],[[26.9,46.3],[26.9,46.2],[26.7,46.2],[26.7,46.3],[26.9,46.3]],[[10.2,46.2],[10.3,46.2],[10.3,46.0],[10.1,46.0],[10.1,46.1],[10.2,46.1],[10.2,46.2]],[[11.1,46.0],[11.1,46.2],[11.2,46.2],[11.2,46.0],[11.1,46.0]],[[11.4,46.5],[11.4,46.4],[11.3,46.4],[11.3,46.3],[11.2,46.3],[11.2,46.5],[11.4,46.5]],[[14.3,47.6],[13.8,47.6],[13.8,47.7],[14.3,47.7],[14.3,47.6]],[[11.6,47.4],[11.6,47.3],[11.2,47.3],[11.2,47.4],[11.3,47.4],[11.3,47.5],[11.7,47.5],[11.7,47.4],[11.6,47.4]],[[10.0,48.1],[9.8,48.1],[9.8,48.2],[9.7,48.2],[9.7,48.3],[9.9,48.3],[9.9,48.4],[10.0,48.4],[10.0,48.5],[10.1,48.5],[10.1,48.6],[10.3,48.6],[10.3,48.7],[10.6,48.7],[10.6,48.8],[10.5,48.8],[10.5,49.0],[10.7,49.0],[10.7,48.8],[11.5,48.8],[11.5,48.9],[12.5,48.9],[12.5,48.8],[11.9,48.8],[11.9,48.7],[11.8,48.7],[11.8,48.6],[11.6,48.6],[11.6,48.5],[12.0,48.5],[12.0,48.2],[11.8,48.2],[11.8,48.1],[11.3,48.1],[11.3,48.2],[10.9,48.2],[10.9,48.1],[10.8,48.1],[10.8,48.2],[10.7,48.2],[10.7,48.3],[10.6,48.3],[10.6,48.2],[10.5,48.2],[10.5,48.1],[10.3,48.1],[10.3,48.0],[10.2,48.0],[10.2,47.9],[10.1,47.9],[10.1,48.0],[10.0,48.0],[10.0,48.1]],[[12.2,48.5],[12.0,48.5],[12.0,48.6],[12.2,48.6],[12.2,48.5]],[[12.5,48.7],[12.5,48.8],[12.9,48.8],[12.9,48.7],[13.1,48.7],[13.1,48.6],[13.2,48.6],[13.2,48.5],[13.5,48.5],[13.5,48.4],[13.6,48.4],[13.6,48.3],[13.2,48.3],[13.2,48.2],[12.9,48.2],[12.9,48.1],[12.3,48.1],[12.3,48.2],[12.1,48.2],[12.1,48.3],[12.2,48.3],[12.2,48.4],[12.3,48.4],[12.3,48.3],[13.1,48.3],[13.1,48.4],[13.0,48.4],[13.0,48.6],[12.3,48.6],[12.3,48.7],[12.5,48.7]],[[12.0,48.1],[12.3,48.1],[12.3,48.0],[12.2,48.0],[12.2,47.9],[12.1,47.9],[12.1,48.0],[12.0,48.0],[12.0,48.1]],[[16.4,51.4],[16.4,51.6],[16.5,51.6],[16.5,51.4],[16.4,51.4]],[[34.5,62.3],[34.2,62.3],[34.2,62.5],[34.3,62.5],[34.3,62.4],[34.5,62.4],[34.5,62.3]],[[21.0,60.2],[21.0,60.1],[20.8,60.1],[20.8,60.2],[21.0,60.2]],[[21.0,60.0],[21.0,60.1],[21.1,60.1],[21.1,60.2],[21.2,60.2],[21.2,60.1],[21.4,60.1],[21.4,60.0],[21.0,60.0]],[[23.2,58.9],[23.3,58.9],[23.3,58.7],[23.2,58.7],[23.2,58.9]],[[21.1,54.9],[20.9,54.9],[20.9,55.0],[20.8,55.0],[20.8,55.1],[20.9,55.1],[20.9,55.2],[21.0,55.2],[21.0,55.3],[21.2,55.3],[21.2,55.2],[21.1,55.2],[21.1,55.1],[21.2,55.1],[21.2,55.0],[21.1,55.0],[21.1,54.9]],[[15.5,50.8],[15.8,50.8],[15.8,50.7],[15.5,50.7],[15.5,50.8]],[[15.3,50.1],[15.3,50.0],[14.8,50.0],[14.8,50.1],[14.7,50.1],[14.7,50.0],[14.4,50.0],[14.4,50.2],[14.1,50.2],[14.1,50.3],[14.2,50.3],[14.2,50.4],[13.9,50.4],[13.9,50.5],[14.4,50.5],[14.4,50.4],[14.6,50.4],[14.6,50.3],[15.2,50.3],[15.2,50.1],[15.3,50.1]],[[13.8,50.3],[13.5,50.3],[13.5,50.4],[13.8,50.4],[13.8,50.3]],[[19.6,49.3],[20.3,49.3],[20.3,49.2],[20.2,49.2],[20.2,49.1],[19.7,49.1],[19.7,49.2],[19.6,49.2],[19.6,49.3]],[[13.5,49.1],[13.6,49.1],[13.6,48.9],[13.5,48.9],[13.5,49.1]],[[20.1,48.9],[19.3,48.9],[19.3,49.0],[20.2,49.0],[20.2,48.8],[20.1,48.8],[20.1,48.9]],[[16.6,48.8],[16.4,48.8],[16.4,48.9],[16.6,48.9],[16.6,48.8]],[[24.0,48.5],[24.0,48.4],[23.8,48.4],[23.8,48.5],[23.7,48.5],[23.7,48.6],[23.8,48.6],[23.8,48.8],[23.9,48.8],[23.9,48.7],[24.0,48.7],[24.0,48.6],[24.2,48.6],[24.2,48.5],[24.0,48.5]],[[24.0,48.2],[24.0,48.4],[24.3,48.4],[24.3,48.2],[24.0,48.2]],[[14.6,48.2],[14.5,48.2],[14.5,48.1],[13.9,48.1],[13.9,48.2],[13.7,48.2],[13.7,48.3],[14.0,48.3],[14.0,48.4],[14.1,48.4],[14.1,48.3],[14.7,48.3],[14.7,48.1],[14.6,48.1],[14.6,48.2]],[[24.7,47.8],[24.6,47.8],[24.6,47.9],[24.3,47.9],[24.3,48.0],[24.5,48.0],[24.5,48.1],[24.4,48.1],[24.4,48.2],[24.7,48.2],[24.7,48.0],[24.8,48.0],[24.8,47.9],[25.1,47.9],[25.1,47.7],[25.2,47.7],[25.2,47.4],[25.1,47.4],[25.1,47.5],[24.5,47.5],[24.5,47.6],[24.8,47.6],[24.8,47.7],[24.7,47.7],[24.7,47.8]],[[28.7,48.0],[28.4,48.0],[28.4,48.1],[28.3,48.1],[28.3,48.2],[28.5,48.2],[28.5,48.1],[28.7,48.1],[28.7,48.0]],[[29.0,47.7],[29.0,47.9],[29.1,47.9],[29.1,47.7],[29.0,47.7]],[[15.4,47.6],[15.1,47.6],[15.1,47.7],[15.4,47.7],[15.4,47.6]],[[14.9,47.6],[15.1,47.6],[15.1,47.5],[14.9,47.5],[14.9,47.6]],[[13.0,47.6],[13.1,47.6],[13.1,47.4],[13.0,47.4],[13.0,47.6]],[[15.8,47.6],[16.0,47.6],[16.0,47.5],[15.8,47.5],[15.8,47.6]],[[25.6,47.2],[25.4,47.2],[25.4,47.3],[25.5,47.3],[25.5,47.4],[25.6,47.4],[25.6,47.2]],[[25.3,47.2],[25.4,47.2],[25.4,47.1],[25.3,47.1],[25.3,47.0],[25.2,47.0],[25.2,47.1],[25.0,47.1],[25.0,47.2],[25.2,47.2],[25.2,47.3],[25.3,47.3],[25.3,47.2]],[[14.5,47.2],[14.6,47.2],[14.6,47.1],[14.7,47.1],[14.7,46.8],[14.6,46.8],[14.6,47.0],[14.5,47.0],[14.5,47.2]],[[15.0,46.9],[15.1,46.9],[15.1,46.7],[15.0,46.7],[15.0,46.9]],[[25.7,46.9],[25.8,46.9],[25.8,46.7],[25.7,46.7],[25.7,46.9]],[[22.7,46.8],[22.8,46.8],[22.8,46.6],[22.7,46.6],[22.7,46.8]],[[23.0,46.6],[23.3,46.6],[23.3,46.5],[23.0,46.5],[23.0,46.6]],[[13.7,46.4],[13.9,46.4],[13.9,46.3],[13.7,46.3],[13.7,46.4]],[[14.5,46.4],[14.7,46.4],[14.7,46.3],[14.5,46.3],[14.5,46.4]],[[23.5,45.9],[23.5,46.1],[23.6,46.1],[23.6,45.9],[23.5,45.9]],[[11.4,46.0],[11.6,46.0],[11.6,45.9],[11.4,45.9],[11.4,46.0]],[[22.7,46.0],[22.7,45.9],[22.5,45.9],[22.5,46.0],[22.7,46.0]],[[23.2,45.8],[22.9,45.8],[22.9,45.9],[23.2,45.9],[23.2,45.8]],[[24.1,45.5],[23.9,45.5],[23.9,45.3],[23.5,45.3],[23.5,45.4],[23.6,45.4],[23.6,45.5],[23.4,45.5],[23.4,45.7],[23.6,45.7],[23.6,45.6],[23.7,45.6],[23.7,45.7],[23.8,45.7],[23.8,45.6],[24.1,45.6],[24.1,45.5]],[[24.9,45.5],[24.4,45.5],[24.4,45.6],[25.1,45.6],[25.1,45.4],[24.9,45.4],[24.9,45.5]],[[25.3,45.4],[25.4,45.4],[25.4,45.5],[25.5,45.5],[25.5,45.3],[25.3,45.3],[25.3,45.4]],[[22.6,45.4],[23.0,45.4],[23.0,45.3],[22.9,45.3],[22.9,45.2],[22.5,45.2],[22.5,45.3],[22.6,45.3],[22.6,45.4]],[[22.2,44.5],[22.2,44.3],[22.1,44.3],[22.1,44.5],[22.2,44.5]]],[[[27.1,59.9],[27.1,59.8],[27.3,59.8],[27.3,59.9],[27.1,59.9]]],[[[27.8,60.1],[27.8,59.9],[27.9,59.9],[27.9,60.1],[27.8,60.1]]],[[[27.1,60.1],[26.9,60.1],[26.9,60.0],[27.1,60.0],[27.1,60.1]]],[[[33.1,61.6],[33.5,61.6],[33.5,61.7],[33.6,61.7],[33.6,61.8],[33.5,61.8],[33.5,61.9],[33.2,61.9],[33.2,62.0],[33.0,62.0],[33.0,61.9],[33.1,61.9],[33.1,61.8],[32.9,61.8],[32.9,61.9],[32.8,61.9],[32.8,61.7],[33.1,61.7],[33.1,61.6]]],[[[23.8,61.9],[23.8,61.8],[24.0,61.8],[24.0,61.9],[23.8,61.9]]],[[[28.2,62.7],[28.2,62.8],[28.1,62.8],[28.1,62.6],[28.3,62.6],[28.3,62.7],[28.2,62.7]]],[[[28.5,62.8],[28.5,62.7],[28.6,62.7],[28.6,62.6],[28.8,62.6],[28.8,62.7],[28.7,62.7],[28.7,62.8],[28.5,62.8]]],[[[29.8,62.8],[29.7,62.8],[29.7,62.9],[29.6,62.9],[29.6,62.7],[29.8,62.7],[29.8,62.8]]],[[[27.7,62.7],[27.9,62.7],[27.9,63.0],[27.4,63.0],[27.4,62.9],[27.7,62.9],[27.7,62.7]]],[[[26.0,62.9],[26.0,63.0],[25.9,63.0],[25.9,62.8],[26.1,62.8],[26.1,62.9],[26.0,62.9]]],[[[25.3,65.1],[25.2,65.1],[25.2,65.2],[25.1,65.2],[25.1,65.0],[25.3,65.0],[25.3,65.1]]],[[[24.3,65.7],[24.1,65.7],[24.1,65.6],[24.3,65.6],[24.3,65.7]]],[[[22.7,65.6],[22.9,65.6],[22.9,65.7],[22.7,65.7],[22.7,65.6]]]]}},
{"type":"Feature","properties":{"k":"Dfc"},"geometry":{"type":"MultiPolygon","coordinates":[[[[2.1,42.4],[2.2,42.4],[2.2,42.3],[2.3,42.3],[2.3,42.4],[2.4,42.4],[2.4,42.5],[2.1,42.5],[2.1,42.4]]],[[[0.5,42.8],[0.3,42.8],[0.3,42.9],[0.2,42.9],[0.2,43.0],[0.0,43.0],[0.0,42.9],[-0.3,42.9],[-0.3,43.0],[-0.4,43.0],[-0.4,42.9],[-0.5,42.9],[-0.5,42.7],[-0.4,42.7],[-0.4,42.8],[-0.3,42.8],[-0.3,42.7],[0.0,42.7],[0.0,42.6],[0.5,42.6],[0.5,42.4],[0.6,42.4],[0.6,42.5],[0.8,42.5],[0.8,42.4],[1.1,42.4],[1.1,42.5],[1.5,42.5],[1.5,42.4],[1.8,42.4],[1.8,42.5],[2.0,42.5],[2.0,42.6],[2.1,42.6],[2.1,42.7],[1.9,42.7],[1.9,42.6],[1.8,42.6],[1.8,42.7],[1.4,42.7],[1.4,42.8],[0.9,42.8],[0.9,42.9],[0.8,42.9],[0.8,42.7],[0.7,42.7],[0.7,42.6],[0.6,42.6],[0.6,42.7],[0.5,42.7],[0.5,42.8]]],[[[-0.8,42.8],[-0.6,42.8],[-0.6,42.9],[-0.7,42.9],[-0.7,43.0],[-0.8,43.0],[-0.8,42.8]]],[[[6.0,44.7],[6.3,44.7],[6.3,44.8],[6.2,44.8],[6.2,45.0],[6.5,45.0],[6.5,44.9],[6.6,44.9],[6.6,44.7],[6.7,44.7],[6.7,44.6],[6.6,44.6],[6.6,44.5],[6.5,44.5],[6.5,44.4],[6.4,44.4],[6.4,44.3],[6.5,44.3],[6.5,44.2],[6.6,44.2],[6.6,44.1],[6.7,44.1],[6.7,44.2],[6.8,44.2],[6.8,44.1],[7.0,44.1],[7.0,44.2],[7.1,44.2],[7.1,44.1],[7.2,44.1],[7.2,44.0],[7.5,44.0],[7.5,44.1],[7.8,44.1],[7.8,44.2],[7.4,44.2],[7.4,44.3],[7.3,44.3],[7.3,44.4],[7.2,44.4],[7.2,44.5],[7.1,44.5],[7.1,44.6],[7.2,44.6],[7.2,44.7],[7.1,44.7],[7.1,45.0],[7.2,45.0],[7.2,45.1],[7.1,45.1],[7.1,45.2],[7.0,45.2],[7.0,45.3],[6.8,45.3],[6.8,45.2],[6.9,45.2],[6.9,45.1],[6.7,45.1],[6.7,45.2],[6.6,45.2],[6.6,45.1],[6.5,45.1],[6.5,45.2],[6.3,45.2],[6.3,45.4],[6.0,45.4],[6.0,45.3],[5.9,45.3],[5.9,45.2],[5.8,45.2],[5.8,45.1],[5.9,45.1],[5.9,44.9],[6.0,44.9],[6.0,44.7]],[[6.0,45.0],[6.0,45.2],[6.1,45.2],[6.1,45.0],[6.0,45.0]],[[6.9,44.6],[6.9,44.7],[7.0,44.7],[7.0,44.5],[6.8,44.5],[6.8,44.6],[6.9,44.6]]],[[[6.4,44.7],[6.3,44.7],[6.3,44.6],[6.5,44.6],[6.5,44.9],[6.4,44.9],[6.4,44.7]]],[[[7.4,45.4],[7.4,45.5],[7.2,45.5],[7.2,45.2],[7.3,45.2],[7.3,45.4],[7.4,45.4]]],[[[6.3,45.6],[6.3,45.4],[6.4,45.4],[6.4,45.6],[6.3,45.6]]],[[[6.9,45.5],[6.9,45.7],[6.8,45.7],[6.8,45.8],[6.6,45.8],[6.6,45.7],[6.5,45.7],[6.5,45.5],[6.6,45.5],[6.6,45.4],[6.4,45.4],[6.4,45.3],[6.7,45.3],[6.7,45.4],[6.8,45.4],[6.8,45.5],[6.9,45.5]]],[[[7.6,45.6],[7.6,45.7],[7.5,45.7],[7.5,45.5],[7.7,45.5],[7.7,45.6],[7.6,45.6]]],[[[7.9,45.8],[7.7,45.8],[7.7,45.7],[8.0,45.7],[8.0,45.9],[7.9,45.9],[7.9,45.8]]],[[[7.5,45.8],[7.7,45.8],[7.7,45.9],[7.5,45.9],[7.5,45.8]]],[[[6.9,45.8],[6.9,45.7],[7.2,45.7],[7.2,45.8],[7.4,45.8],[7.4,45.9],[7.2,45.9],[7.2,46.0],[7.3,46.0],[7.3,46.1],[7.5,46.1],[7.5,46.2],[7.4,46.2],[7.4,46.3],[7.6,46.3],[7.6,46.6],[7.3,46.6],[7.3,46.4],[7.1,46.4],[7.1,46.2],[7.2,46.2],[7.2,46.1],[7.0,46.1],[7.0,46.2],[6.9,46.2],[6.9,46.3],[6.8,46.3],[6.8,46.2],[6.7,46.2],[6.7,46.1],[6.8,46.1],[6.8,45.9],[6.9,45.9],[6.9,46.0],[7.1,46.0],[7.1,45.8],[6.9,45.8]]],[[[8.2,46.1],[8.2,46.4],[8.1,46.4],[8.1,46.3],[7.9,46.3],[7.9,46.2],[8.1,46.2],[8.1,46.1],[8.2,46.1]]],[[[8.8,46.4],[8.8,46.5],[8.6,46.5],[8.6,46.4],[8.4,46.4],[8.4,46.2],[8.6,46.2],[8.6,46.3],[8.9,46.3],[8.9,46.4],[8.8,46.4]]],[[[9.0,46.3],[9.2,46.3],[9.2,46.5],[9.1,46.5],[9.1,46.4],[9.0,46.4],[9.0,46.3]]],[[[8.8,46.6],[8.8,46.5],[9.0,46.5],[9.0,46.6],[8.9,46.6],[8.9,46.7],[8.7,46.7],[8.7,46.6],[8.8,46.6]]],[[[7.9,46.8],[7.9,46.6],[8.1,46.6],[8.1,46.8],[7.9,46.8]]],[[[8.6,46.8],[8.6,46.9],[8.3,46.9],[8.3,46.8],[8.2,46.8],[8.2,46.7],[8.4,46.7],[8.4,46.8],[8.6,46.8]]],[[[8.6,47.0],[8.6,46.9],[8.7,46.9],[8.7,46.8],[8.8,46.8],[8.8,46.9],[8.9,46.9],[8.9,47.0],[8.6,47.0]]],[[[8.5,59.3],[8.5,59.1],[8.6,59.1],[8.6,59.0],[8.7,59.0],[8.7,59.1],[8.8,59.1],[8.8,59.2],[8.7,59.2],[8.7,59.4],[8.6,59.4],[8.6,59.3],[8.5,59.3]]],[[[5.3,61.6],[5.3,61.7],[5.1,61.7],[5.1,61.6],[5.3,61.6]]],[[[7.8,61.9],[8.1,61.9],[8.1,62.0],[7.8,62.0],[7.8,61.9]]],[[[8.1,62.3],[8.1,62.2],[8.4,62.2],[8.4,62.3],[8.1,62.3]]],[[[7.3,62.9],[7.3,62.8],[7.6,62.8],[7.6,62.9],[7.3,62.9]]],[[[8.5,62.9],[8.6,62.9],[8.6,63.1],[8.5,63.1],[8.5,63.2],[8.4,63.2],[8.4,63.1],[8.3,63.1],[8.3,63.0],[8.5,63.0],[8.5,62.9]]],[[[11.6,45.9],[11.6,46.0],[11.4,46.0],[11.4,45.9],[11.6,45.9]]],[[[10.6,45.9],[10.6,46.0],[10.5,46.0],[10.5,46.1],[10.4,46.1],[10.4,45.9],[10.6,45.9]]],[[[9.4,46.0],[9.8,46.0],[9.8,45.9],[9.9,45.9],[9.9,46.0],[10.0,46.0],[10.0,46.1],[9.4,46.1],[9.4,46.0]]],[[[10.3,46.0],[10.3,46.2],[10.2,46.2],[10.2,46.1],[10.1,46.1],[10.1,46.0],[10.3,46.0]]],[[[9.5,46.3],[9.5,46.2],[9.7,46.2],[9.7,46.3],[9.5,46.3]]],[[[10.7,46.4],[10.7,46.2],[10.8,46.2],[10.8,46.1],[10.9,46.1],[10.9,46.2],[11.0,46.2],[11.0,46.3],[10.8,46.3],[10.8,46.4],[10.7,46.4]]],[[[10.0,46.4],[10.0,46.2],[10.1,46.2],[10.1,46.4],[10.0,46.4]]],[[[10.3,46.3],[10.3,46.2],[10.6,46.2],[10.6,46.3],[10.4,46.3],[10.4,46.5],[10.3,46.5],[10.3,46.4],[10.2,46.4],[10.2,46.3],[10.3,46.3]]],[[[9.3,46.3],[9.4,46.3],[9.4,46.5],[9.5,46.5],[9.5,46.6],[9.4,46.6],[9.4,46.7],[9.1,46.7],[9.1,46.6],[9.3,46.6],[9.3,46.3]]],[[[10.9,46.4],[11.0,46.4],[11.0,46.5],[11.1,46.5],[11.1,46.6],[10.9,46.6],[10.9,46.4]]],[[[10.2,46.5],[10.2,46.7],[10.0,46.7],[10.0,46.6],[10.1,46.6],[10.1,46.5],[10.2,46.5]]],[[[10.5,46.7],[10.6,46.7],[10.6,47.0],[10.5,47.0],[10.5,46.9],[10.3,46.9],[10.3,46.8],[10.5,46.8],[10.5,46.7]]],[[[11.6,46.8],[11.7,46.8],[11.7,46.9],[11.6,46.9],[11.6,47.2],[11.2,47.2],[11.2,47.1],[11.3,47.1],[11.3,46.9],[11.1,46.9],[11.1,46.7],[11.2,46.7],[11.2,46.8],[11.3,46.8],[11.3,46.7],[11.4,46.7],[11.4,46.6],[11.5,46.6],[11.5,46.7],[11.6,46.7],[11.6,46.8]]],[[[11.8,46.9],[12.0,46.9],[12.0,47.0],[11.8,47.0],[11.8,46.9]]],[[[9.5,46.9],[9.6,46.9],[9.6,46.5],[9.7,46.5],[9.7,46.6],[9.8,46.6],[9.8,46.8],[9.9,46.8],[9.9,46.9],[10.1,46.9],[10.1,47.1],[10.3,47.1],[10.3,47.2],[10.4,47.2],[10.4,47.1],[10.5,47.1],[10.5,47.2],[10.6,47.2],[10.6,47.1],[10.8,47.1],[10.8,47.2],[10.7,47.2],[10.7,47.3],[10.8,47.3],[10.8,47.4],[10.6,47.4],[10.6,47.5],[10.3,47.5],[10.3,47.3],[10.2,47.3],[10.2,47.5],[10.1,47.5],[10.1,47.4],[10.0,47.4],[10.0,47.3],[9.8,47.3],[9.8,47.1],[9.7,47.1],[9.7,47.2],[9.6,47.2],[9.6,47.1],[9.5,47.1],[9.5,46.9]],[[9.8,46.9],[9.6,46.9],[9.6,47.0],[9.8,47.0],[9.8,46.9]]],[[[9.3,47.0],[9.3,47.1],[9.1,47.1],[9.1,46.9],[9.2,46.9],[9.2,47.0],[9.3,47.0]]],[[[11.8,47.3],[11.6,47.3],[11.6,47.2],[11.7,47.2],[11.7,47.1],[11.8,47.1],[11.8,47.3]]],[[[11.1,47.4],[10.9,47.4],[10.9,47.3],[11.1,47.3],[11.1,47.4]]],[[[11.2,47.3],[11.6,47.3],[11.6,47.4],[11.7,47.4],[11.7,47.5],[11.3,47.5],[11.3,47.4],[11.2,47.4],[11.2,47.3]]],[[[10.8,47.4],[10.9,47.4],[10.9,47.5],[11.0,47.5],[11.0,47.6],[10.8,47.6],[10.8,47.4]]],[[[9.8,59.9],[9.6,59.9],[9.6,59.8],[9.8,59.8],[9.8,59.9]]],[[[10.0,60.0],[10.0,59.8],[10.1,59.8],[10.1,59.9],[10.2,59.9],[10.2,60.0],[10.0,60.0]]],[[[11.4,60.4],[11.4,60.5],[11.7,60.5],[11.7,60.4],[11.8,60.4],[11.8,60.3],[11.9,60.3],[11.9,60.6],[11.8,60.6],[11.8,60.7],[11.7,60.7],[11.7,60.8],[11.6,60.8],[11.6,60.7],[11.4,60.7],[11.4,60.6],[11.3,60.6],[11.3,60.4],[11.4,60.4]]],[[[9.4,62.5],[9.4,62.6],[9.3,62.6],[9.3,62.7],[9.2,62.7],[9.2,62.6],[8.9,62.6],[8.9,62.5],[9.4,62.5]]],[[[10.4,64.3],[10.4,64.1],[10.6,64.1],[10.6,64.0],[10.5,64.0],[10.5,63.9],[10.2,63.9],[10.2,63.8],[10.3,63.8],[10.3,63.6],[10.2,63.6],[10.2,63.4],[10.3,63.4],[10.3,63.5],[10.4,63.5],[10.4,63.6],[10.5,63.6],[10.5,63.7],[10.9,63.7],[10.9,63.8],[10.7,63.8],[10.7,63.9],[11.1,63.9],[11.1,64.1],[11.2,64.1],[11.2,64.2],[11.0,64.2],[11.0,64.3],[11.2,64.3],[11.2,64.4],[10.9,64.4],[10.9,64.3],[10.8,64.3],[10.8,64.4],[10.5,64.4],[10.5,64.3],[10.4,64.3]]],[[[20.0,42.5],[20.2,42.5],[20.2,42.7],[20.0,42.7],[20.0,42.5]]],[[[13.9,46.3],[13.9,46.4],[13.7,46.4],[13.7,46.3],[13.9,46.3]]],[[[14.7,46.3],[14.7,46.4],[14.5,46.4],[14.5,46.3],[14.7,46.3]]],[[[12.9,46.6],[12.9,46.8],[12.7,46.8],[12.7,47.0],[12.6,47.0],[12.6,47.1],[12.5,47.1],[12.5,47.0],[12.4,47.0],[12.4,46.9],[12.6,46.9],[12.6,46.8],[12.3,46.8],[12.3,46.9],[12.0,46.9],[12.0,46.8],[12.2,46.8],[12.2,46.7],[11.8,46.7],[11.8,46.8],[11.7,46.8],[11.7,46.6],[11.6,46.6],[11.6,46.4],[11.4,46.4],[11.4,46.3],[11.5,46.3],[11.5,46.2],[11.3,46.2],[11.3,46.1],[11.7,46.1],[11.7,46.2],[11.9,46.2],[11.9,46.4],[12.0,46.4],[12.0,46.3],[12.1,46.3],[12.1,46.4],[12.2,46.4],[12.2,46.5],[12.3,46.5],[12.3,46.6],[12.6,46.6],[12.6,46.5],[12.5,46.5],[12.5,46.4],[12.4,46.4],[12.4,46.3],[12.6,46.3],[12.6,46.4],[12.7,46.4],[12.7,46.6],[12.9,46.6]]],[[[15.1,46.7],[15.1,46.9],[15.0,46.9],[15.0,46.7],[15.1,46.7]]],[[[14.6,47.1],[14.6,47.2],[14.5,47.2],[14.5,47.0],[14.6,47.0],[14.6,46.8],[14.7,46.8],[14.7,47.1],[14.6,47.1]]],[[[13.8,47.4],[13.8,47.6],[13.7,47.6],[13.7,47.4],[13.6,47.4],[13.6,47.5],[13.5,47.5],[13.5,47.3],[13.0,47.3],[13.0,47.2],[12.8,47.2],[12.8,47.1],[13.1,47.1],[13.1,47.0],[12.9,47.0],[12.9,46.8],[13.1,46.8],[13.1,46.9],[13.2,46.9],[13.2,46.8],[13.3,46.8],[13.3,47.0],[13.2,47.0],[13.2,47.1],[13.3,47.1],[13.3,47.2],[13.4,47.2],[13.4,47.1],[13.5,47.1],[13.5,47.0],[13.6,47.0],[13.6,46.8],[13.8,46.8],[13.8,46.7],[13.9,46.7],[13.9,46.8],[14.0,46.8],[14.0,46.9],[14.1,46.9],[14.1,47.0],[14.2,47.0],[14.2,47.1],[14.0,47.1],[14.0,47.2],[14.4,47.2],[14.4,47.3],[14.8,47.3],[14.8,47.4],[14.7,47.4],[14.7,47.6],[14.6,47.6],[14.6,47.5],[14.1,47.5],[14.1,47.4],[13.8,47.4]],[[13.9,47.3],[13.9,47.2],[13.6,47.2],[13.6,47.3],[13.9,47.3]]],[[[11.9,47.4],[11.9,47.1],[12.0,47.1],[12.0,47.2],[12.4,47.2],[12.4,47.3],[12.7,47.3],[12.7,47.4],[11.9,47.4]]],[[[13.1,47.4],[13.1,47.6],[13.0,47.6],[13.0,47.4],[13.1,47.4]]],[[[15.1,47.5],[15.1,47.6],[14.9,47.6],[14.9,47.5],[15.1,47.5]]],[[[16.0,47.5],[16.0,47.6],[15.8,47.6],[15.8,47.5],[16.0,47.5]]],[[[13.8,47.7],[13.8,47.6],[14.3,47.6],[14.3,47.7],[13.8,47.7]]],[[[15.1,47.7],[15.1,47.6],[15.4,47.6],[15.4,47.7],[15.1,47.7]]],[[[19.3,49.0],[19.3,48.9],[20.1,48.9],[20.1,48.8],[20.2,48.8],[20.2,49.0],[19.3,49.0]]],[[[13.6,48.9],[13.6,49.1],[13.5,49.1],[13.5,48.9],[13.6,48.9]]],[[[20.3,49.2],[20.3,49.3],[19.6,49.3],[19.6,49.2],[19.7,49.2],[19.7,49.1],[20.2,49.1],[20.2,49.2],[20.3,49.2]]],[[[15.8,50.7],[15.8,50.8],[15.5,50.8],[15.5,50.7],[15.8,50.7]]],[[[15.2,59.9],[15.2,60.0],[15.0,60.0],[15.0,59.9],[15.2,59.9]]],[[[15.2,60.3],[15.2,60.5],[15.0,60.5],[15.0,60.3],[15.2,60.3]]],[[[16.2,60.9],[16.2,61.0],[16.5,61.0],[16.5,61.2],[16.1,61.2],[16.1,61.3],[15.9,61.3],[15.9,61.2],[15.8,61.2],[15.8,60.8],[16.4,60.8],[16.4,60.9],[16.2,60.9]]],[[[16.7,61.6],[16.7,61.7],[16.4,61.7],[16.4,61.6],[16.7,61.6]]],[[[12.3,65.3],[12.4,65.3],[12.4,65.5],[12.3,65.5],[12.3,65.3]]],[[[14.2,67.5],[14.2,67.3],[14.3,67.3],[14.3,67.4],[14.4,67.4],[14.4,67.5],[14.2,67.5]]],[[[18.6,68.2],[18.6,68.3],[18.2,68.3],[18.2,68.2],[18.4,68.2],[18.4,68.1],[18.5,68.1],[18.5,68.2],[18.6,68.2]]],[[[23.5,41.8],[23.3,41.8],[23.3,41.7],[23.4,41.7],[23.4,41.6],[23.5,41.6],[23.5,41.8]]],[[[20.8,41.8],[20.8,42.1],[20.7,42.1],[20.7,41.8],[20.8,41.8]]],[[[23.8,42.2],[23.3,42.2],[23.3,42.1],[23.4,42.1],[23.4,42.0],[23.5,42.0],[23.5,42.1],[23.8,42.1],[23.8,42.2]]],[[[23.0,45.3],[23.0,45.4],[22.6,45.4],[22.6,45.3],[22.5,45.3],[22.5,45.2],[22.9,45.2],[22.9,45.3],[23.0,45.3]]],[[[25.4,45.5],[25.4,45.4],[25.3,45.4],[25.3,45.3],[25.5,45.3],[25.5,45.5],[25.4,45.5]]],[[[23.9,45.3],[23.9,45.5],[24.1,45.5],[24.1,45.6],[23.8,45.6],[23.8,45.7],[23.7,45.7],[23.7,45.6],[23.6,45.6],[23.6,45.7],[23.4,45.7],[23.4,45.5],[23.6,45.5],[23.6,45.4],[23.5,45.4],[23.5,45.3],[23.9,45.3]]],[[[24.4,45.6],[24.4,45.5],[24.9,45.5],[24.9,45.4],[25.1,45.4],[25.1,45.6],[24.4,45.6]]],[[[23.3,46.5],[23.3,46.6],[23.0,46.6],[23.0,46.5],[23.3,46.5]]],[[[25.4,47.1],[25.4,47.2],[25.3,47.2],[25.3,47.3],[25.2,47.3],[25.2,47.2],[25.0,47.2],[25.0,47.1],[25.2,47.1],[25.2,47.0],[25.3,47.0],[25.3,47.1],[25.4,47.1]]],[[[25.4,47.3],[25.4,47.2],[25.6,47.2],[25.6,47.4],[25.5,47.4],[25.5,47.3],[25.4,47.3]]],[[[24.6,47.9],[24.6,47.8],[24.7,47.8],[24.7,47.7],[24.8,47.7],[24.8,47.6],[24.5,47.6],[24.5,47.5],[25.1,47.5],[25.1,47.4],[25.2,47.4],[25.2,47.7],[25.1,47.7],[25.1,47.9],[24.8,47.9],[24.8,48.0],[24.7,48.0],[24.7,48.2],[24.4,48.2],[24.4,48.1],[24.5,48.1],[24.5,48.0],[24.3,48.0],[24.3,47.9],[24.6,47.9]]],[[[24.3,48.4],[24.0,48.4],[24.0,48.2],[24.3,48.2],[24.3,48.4]]],[[[23.8,48.4],[24.0,48.4],[24.0,48.5],[24.2,48.5],[24.2,48.6],[24.0,48.6],[24.0,48.7],[23.9,48.7],[23.9,48.8],[23.8,48.8],[23.8,48.6],[23.7,48.6],[23.7,48.5],[23.8,48.5],[23.8,48.4]]],[[[34.2,62.5],[34.2,62.3],[34.5,62.3],[34.5,62.4],[34.3,62.4],[34.3,62.5],[34.2,62.5]]],[[[37.1,64.2],[37.1,64.0],[37.2,64.0],[37.2,64.2],[37.1,64.2]]],[[[35.5,64.7],[35.5,64.6],[35.8,64.6],[35.8,64.7],[35.5,64.7]]],[[[24.0,70.9],[24.0,70.8],[23.6,70.8],[23.6,70.7],[23.5,70.7],[23.5,70.9],[22.9,70.9],[22.9,70.8],[22.7,70.8],[22.7,70.7],[22.6,70.7],[22.6,70.8],[22.3,70.8],[22.3,70.7],[21.9,70.7],[21.9,70.5],[22.0,70.5],[22.0,70.4],[21.3,70.4],[21.3,70.3],[21.1,70.3],[21.1,70.2],[21.2,70.2],[21.2,70.0],[21.1,70.0],[21.1,70.1],[21.0,70.1],[21.0,70.2],[20.8,70.2],[20.8,70.3],[20.6,70.3],[20.6,70.2],[20.3,70.2],[20.3,70.0],[20.2,70.0],[20.2,70.2],[19.9,70.2],[19.9,70.3],[19.5,70.3],[19.5,70.2],[19.3,70.2],[19.3,70.3],[19.0,70.3],[19.0,70.2],[18.6,70.2],[18.6,70.1],[18.5,70.1],[18.5,70.0],[18.4,70.0],[18.4,69.8],[18.0,69.8],[18.0,69.7],[17.8,69.7],[17.8,69.6],[17.3,69.6],[17.3,69.5],[17.1,69.5],[17.1,69.4],[16.8,69.4],[16.8,69.3],[16.7,69.3],[16.7,69.0],[16.6,69.0],[16.6,69.1],[16.3,69.1],[16.3,69.0],[16.2,69.0],[16.2,68.9],[16.0,68.9],[16.0,69.1],[16.1,69.1],[16.1,69.2],[16.2,69.2],[16.2,69.4],[16.0,69.4],[16.0,69.3],[15.8,69.3],[15.8,69.2],[15.5,69.2],[15.5,69.1],[15.4,69.1],[15.4,69.0],[15.2,69.0],[15.2,69.1],[15.0,69.1],[15.0,69.0],[14.8,69.0],[14.8,68.8],[14.7,68.8],[14.7,68.9],[14.5,68.9],[14.5,68.8],[14.4,68.8],[14.4,68.6],[14.6,68.6],[14.6,68.5],[14.5,68.5],[14.5,68.4],[14.3,68.4],[14.3,68.3],[14.2,68.3],[14.2,68.1],[14.3,68.1],[14.3,68.2],[14.6,68.2],[14.6,68.1],[14.8,68.1],[14.8,68.2],[15.1,68.2],[15.1,68.3],[15.8,68.3],[15.8,68.2],[15.3,68.2],[15.3,68.1],[15.2,68.1],[15.2,68.0],[15.0,68.0],[15.0,67.9],[14.8,67.9],[14.8,67.8],[14.9,67.8],[14.9,67.7],[14.7,67.7],[14.7,67.5],[14.6,67.5],[14.6,67.4],[14.4,67.4],[14.4,67.3],[14.7,67.3],[14.7,67.2],[14.2,67.2],[14.2,67.3],[14.1,67.3],[14.1,67.1],[14.0,67.1],[14.0,67.0],[13.9,67.0],[13.9,67.1],[13.8,67.1],[13.8,66.9],[13.3,66.9],[13.3,66.8],[13.4,66.8],[13.4,66.7],[13.3,66.7],[13.3,66.6],[13.0,66.6],[13.0,66.2],[12.9,66.2],[12.9,66.3],[12.8,66.3],[12.8,66.1],[12.7,66.1],[12.7,66.0],[12.6,66.0],[12.6,65.7],[12.4,65.7],[12.4,65.5],[12.6,65.5],[12.6,65.4],[12.7,65.4],[12.7,65.2],[12.6,65.2],[12.6,65.3],[12.4,65.3],[12.4,65.1],[12.1,65.1],[12.1,64.8],[12.0,64.8],[12.0,64.7],[11.8,64.7],[11.8,64.6],[11.7,64.6],[11.7,64.5],[11.6,64.5],[11.6,64.3],[11.5,64.3],[11.5,64.2],[12.0,64.2],[12.0,64.1],[11.9,64.1],[11.9,64.0],[11.7,64.0],[11.7,63.8],[11.8,63.8],[11.8,63.7],[11.3,63.7],[11.3,63.5],[11.2,63.5],[11.2,63.4],[10.6,63.4],[10.6,63.3],[10.5,63.3],[10.5,63.2],[10.4,63.2],[10.4,63.3],[10.3,63.3],[10.3,63.0],[10.2,63.0],[10.2,63.1],[10.1,63.1],[10.1,63.2],[10.0,63.2],[10.0,63.3],[9.9,63.3],[9.9,63.2],[9.8,63.2],[9.8,63.1],[9.6,63.1],[9.6,63.3],[9.8,63.3],[9.8,63.4],[9.4,63.4],[9.4,63.5],[9.3,63.5],[9.3,63.4],[9.2,63.4],[9.2,63.3],[9.1,63.3],[9.1,63.2],[8.9,63.2],[8.9,63.3],[8.6,63.3],[8.6,63.1],[8.7,63.1],[8.7,63.0],[8.8,63.0],[8.8,62.9],[8.6,62.9],[8.6,62.8],[7.9,62.8],[7.9,62.7],[7.6,62.7],[7.6,62.6],[7.9,62.6],[7.9,62.5],[8.0,62.5],[8.0,62.6],[8.1,62.6],[8.1,62.7],[8.2,62.7],[8.2,62.6],[8.4,62.6],[8.4,62.4],[8.6,62.4],[8.6,62.5],[8.5,62.5],[8.5,62.6],[8.6,62.6],[8.6,62.7],[8.7,62.7],[8.7,62.6],[8.8,62.6],[8.8,62.7],[9.2,62.7],[9.2,62.8],[9.3,62.8],[9.3,62.9],[9.4,62.9],[9.4,62.6],[9.5,62.6],[9.5,62.5],[9.7,62.5],[9.7,62.6],[9.9,62.6],[9.9,62.4],[9.8,62.4],[9.8,62.3],[9.4,62.3],[9.4,62.2],[8.9,62.2],[8.9,62.3],[8.7,62.3],[8.7,62.2],[8.5,62.2],[8.5,62.1],[8.9,62.1],[8.9,61.9],[8.2,61.9],[8.2,61.8],[8.3,61.8],[8.3,61.7],[8.5,61.7],[8.5,61.8],[8.9,61.8],[8.9,61.6],[8.8,61.6],[8.8,61.5],[8.7,61.5],[8.7,61.4],[8.6,61.4],[8.6,61.3],[8.7,61.3],[8.7,61.2],[8.4,61.2],[8.4,61.3],[8.3,61.3],[8.3,61.4],[8.2,61.4],[8.2,61.3],[8.1,61.3],[8.1,61.2],[8.3,61.2],[8.3,61.1],[8.5,61.1],[8.5,61.0],[8.2,61.0],[8.2,60.8],[7.9,60.8],[7.9,60.7],[7.8,60.7],[7.8,60.5],[7.3,60.5],[7.3,60.6],[7.0,60.6],[7.0,60.8],[7.1,60.8],[7.1,60.7],[7.2,60.7],[7.2,60.8],[7.4,60.8],[7.4,60.9],[7.2,60.9],[7.2,61.1],[7.3,61.1],[7.3,61.0],[7.9,61.0],[7.9,61.1],[7.7,61.1],[7.7,61.2],[7.8,61.2],[7.8,61.3],[8.0,61.3],[8.0,61.4],[7.6,61.4],[7.6,61.5],[7.8,61.5],[7.8,61.6],[7.5,61.6],[7.5,61.5],[7.4,61.5],[7.4,61.7],[7.2,61.7],[7.2,61.6],[7.1,61.6],[7.1,61.5],[7.0,61.5],[7.0,61.4],[6.8,61.4],[6.8,61.5],[6.7,61.5],[6.7,61.4],[6.5,61.4],[6.5,61.5],[6.6,61.5],[6.6,61.6],[6.7,61.6],[6.7,61.7],[6.6,61.7],[6.6,61.8],[6.9,61.8],[6.9,61.9],[7.3,61.9],[7.3,62.0],[7.1,62.0],[7.1,62.1],[7.2,62.1],[7.2,62.2],[7.4,62.2],[7.4,62.3],[7.6,62.3],[7.6,62.4],[7.7,62.4],[7.7,62.5],[7.4,62.5],[7.4,62.7],[7.2,62.7],[7.2,62.5],[7.1,62.5],[7.1,62.6],[6.8,62.6],[6.8,62.5],[6.9,62.5],[6.9,62.4],[6.5,62.4],[6.5,62.3],[6.4,62.3],[6.4,62.4],[6.2,62.4],[6.2,62.3],[6.0,62.3],[6.0,62.2],[6.2,62.2],[6.2,62.1],[5.9,62.1],[5.9,62.2],[5.7,62.2],[5.7,62.1],[5.6,62.1],[5.6,61.9],[5.4,61.9],[5.4,61.8],[5.3,61.8],[5.3,61.7],[5.4,61.7],[5.4,61.6],[5.5,61.6],[5.5,61.5],[5.4,61.5],[5.4,61.4],[5.5,61.4],[5.5,61.3],[5.4,61.3],[5.4,61.1],[5.5,61.1],[5.5,61.0],[5.3,61.0],[5.3,60.9],[5.4,60.9],[5.4,60.7],[5.6,60.7],[5.6,60.8],[5.7,60.8],[5.7,60.7],[5.8,60.7],[5.8,60.6],[5.6,60.6],[5.6,60.4],[5.7,60.4],[5.7,60.2],[5.9,60.2],[5.9,60.3],[6.1,60.3],[6.1,60.4],[6.4,60.4],[6.4,60.3],[6.2,60.3],[6.2,60.2],[6.1,60.2],[6.1,60.1],[6.0,60.1],[6.0,59.8],[6.2,59.8],[6.2,59.7],[6.0,59.7],[6.0,59.5],[6.2,59.5],[6.2,59.6],[6.3,59.6],[6.3,59.7],[6.4,59.7],[6.4,59.5],[6.3,59.5],[6.3,59.3],[6.4,59.3],[6.4,59.2],[6.3,59.2],[6.3,59.1],[6.2,59.1],[6.2,58.6],[6.7,58.6],[6.7,58.7],[6.8,58.7],[6.8,58.5],[6.9,58.5],[6.9,58.6],[7.1,58.6],[7.1,58.4],[7.2,58.4],[7.2,58.5],[7.4,58.5],[7.4,58.6],[7.8,58.6],[7.8,58.8],[7.9,58.8],[7.9,58.6],[8.0,58.6],[8.0,58.7],[8.1,58.7],[8.1,58.8],[8.3,58.8],[8.3,59.0],[8.5,59.0],[8.5,59.1],[8.4,59.1],[8.4,59.4],[8.6,59.4],[8.6,59.5],[8.8,59.5],[8.8,59.4],[9.0,59.4],[9.0,59.6],[8.9,59.6],[8.9,59.7],[9.0,59.7],[9.0,59.8],[9.2,59.8],[9.2,59.7],[9.3,59.7],[9.3,59.6],[9.4,59.6],[9.4,59.4],[9.7,59.4],[9.7,59.3],[9.8,59.3],[9.8,59.5],[9.6,59.5],[9.6,59.7],[9.5,59.7],[9.5,59.8],[9.4,59.8],[9.4,59.9],[9.6,59.9],[9.6,60.0],[9.5,60.0],[9.5,60.1],[9.4,60.1],[9.4,60.2],[9.6,60.2],[9.6,60.4],[9.7,60.4],[9.7,60.3],[10.1,60.3],[10.1,60.4],[10.2,60.4],[10.2,60.3],[10.3,60.3],[10.3,60.4],[10.4,60.4],[10.4,60.5],[10.5,60.5],[10.5,60.4],[10.6,60.4],[10.6,60.3],[10.5,60.3],[10.5,60.2],[10.4,60.2],[10.4,60.0],[10.5,60.0],[10.5,60.1],[10.7,60.1],[10.7,60.2],[10.9,60.2],[10.9,60.3],[11.0,60.3],[11.0,60.5],[11.1,60.5],[11.1,60.6],[10.7,60.6],[10.7,60.7],[10.6,60.7],[10.6,61.0],[10.8,61.0],[10.8,60.9],[11.4,60.9],[11.4,61.0],[11.6,61.0],[11.6,60.9],[11.8,60.9],[11.8,60.8],[11.9,60.8],[11.9,60.7],[12.2,60.7],[12.2,60.8],[12.4,60.8],[12.4,60.6],[12.2,60.6],[12.2,60.4],[12.5,60.4],[12.5,60.3],[12.6,60.3],[12.6,60.2],[12.5,60.2],[12.5,60.1],[12.7,60.1],[12.7,60.4],[13.0,60.4],[13.0,60.5],[13.1,60.5],[13.1,60.6],[13.2,60.6],[13.2,60.5],[13.3,60.5],[13.3,60.4],[13.5,60.4],[13.5,60.3],[13.7,60.3],[13.7,60.2],[13.8,60.2],[13.8,60.3],[13.9,60.3],[13.9,60.2],[14.0,60.2],[14.0,60.0],[14.1,60.0],[14.1,60.2],[14.3,60.2],[14.3,60.1],[14.4,60.1],[14.4,60.0],[14.5,60.0],[14.5,60.1],[14.6,60.1],[14.6,60.0],[14.9,60.0],[14.9,60.1],[14.7,60.1],[14.7,60.3],[14.5,60.3],[14.5,60.4],[14.1,60.4],[14.1,60.6],[14.5,60.6],[14.5,60.5],[14.8,60.5],[14.8,60.7],[14.6,60.7],[14.6,60.8],[14.5,60.8],[14.5,60.9],[14.4,60.9],[14.4,61.0],[14.3,61.0],[14.3,61.1],[14.4,61.1],[14.4,61.2],[14.7,61.2],[14.7,61.0],[15.5,61.0],[15.5,60.9],[15.2,60.9],[15.2,60.8],[15.6,60.8],[15.6,60.9],[15.7,60.9],[15.7,61.0],[15.6,61.0],[15.6,61.2],[15.4,61.2],[15.4,61.3],[15.5,61.3],[15.5,61.4],[15.8,61.4],[15.8,61.5],[16.3,61.5],[16.3,61.6],[16.1,61.6],[16.1,61.7],[16.0,61.7],[16.0,61.8],[15.9,61.8],[15.9,62.0],[16.0,62.0],[16.0,61.9],[16.3,61.9],[16.3,62.0],[16.7,62.0],[16.7,62.1],[17.0,62.1],[17.0,62.2],[16.9,62.2],[16.9,62.4],[17.1,62.4],[17.1,62.5],[17.0,62.5],[17.0,62.6],[17.2,62.6],[17.2,62.5],[17.3,62.5],[17.3,62.6],[17.6,62.6],[17.6,62.7],[17.8,62.7],[17.8,62.8],[17.7,62.8],[17.7,63.0],[17.6,63.0],[17.6,63.2],[17.8,63.2],[17.8,63.1],[17.9,63.1],[17.9,63.0],[18.1,63.0],[18.1,63.1],[18.4,63.1],[18.4,63.2],[18.3,63.2],[18.3,63.3],[18.4,63.3],[18.4,63.4],[18.5,63.4],[18.5,63.3],[18.6,63.3],[18.6,63.4],[18.9,63.4],[18.9,63.5],[19.3,63.5],[19.3,63.6],[19.6,63.6],[19.6,63.7],[19.9,63.7],[19.9,63.8],[20.2,63.8],[20.2,63.9],[20.5,63.9],[20.5,64.0],[20.7,64.0],[20.7,64.1],[20.9,64.1],[20.9,64.2],[21.0,64.2],[21.0,64.3],[21.2,64.3],[21.2,64.5],[21.3,64.5],[21.3,64.9],[21.4,64.9],[21.4,65.1],[21.5,65.1],[21.5,65.4],[21.9,65.4],[21.9,65.3],[22.1,65.3],[22.1,65.4],[22.2,65.4],[22.2,65.3],[22.5,65.3],[22.5,65.4],[22.8,65.4],[22.8,65.5],[22.9,65.5],[22.9,65.6],[23.1,65.6],[23.1,65.7],[23.7,65.7],[23.7,65.5],[23.8,65.5],[23.8,65.6],[24.1,65.6],[24.1,65.7],[24.5,65.7],[24.5,65.6],[24.8,65.6],[24.8,65.5],[25.2,65.5],[25.2,65.1],[25.3,65.1],[25.3,65.0],[25.1,65.0],[25.1,65.1],[24.5,65.1],[24.5,64.7],[24.3,64.7],[24.3,64.6],[24.2,64.6],[24.2,64.5],[24.0,64.5],[24.0,64.4],[23.9,64.4],[23.9,64.2],[23.8,64.2],[23.8,64.1],[23.7,64.1],[23.7,64.0],[23.6,64.0],[23.6,63.9],[23.5,63.9],[23.5,63.8],[23.4,63.8],[23.4,63.7],[23.3,63.7],[23.3,63.6],[23.2,63.6],[23.2,63.5],[23.1,63.5],[23.1,63.3],[22.9,63.3],[22.9,63.1],[23.1,63.1],[23.1,62.9],[23.0,62.9],[23.0,62.8],[22.7,62.8],[22.7,62.7],[22.5,62.7],[22.5,62.9],[22.4,62.9],[22.4,62.8],[22.1,62.8],[22.1,62.7],[22.0,62.7],[22.0,62.5],[22.2,62.5],[22.2,62.4],[22.0,62.4],[22.0,62.3],[22.1,62.3],[22.1,62.1],[22.4,62.1],[22.4,61.9],[22.8,61.9],[22.8,61.8],[22.9,61.8],[22.9,61.9],[23.1,61.9],[23.1,61.8],[23.3,61.8],[23.3,61.7],[23.4,61.7],[23.4,61.5],[23.6,61.5],[23.6,61.7],[23.7,61.7],[23.7,61.8],[23.8,61.8],[23.8,61.7],[23.9,61.7],[23.9,61.6],[24.3,61.6],[24.3,61.7],[24.4,61.7],[24.4,61.8],[24.5,61.8],[24.5,61.7],[24.7,61.7],[24.7,61.8],[24.8,61.8],[24.8,61.6],[24.9,61.6],[24.9,61.5],[25.1,61.5],[25.1,61.6],[25.2,61.6],[25.2,61.7],[25.1,61.7],[25.1,62.0],[25.2,62.0],[25.2,61.9],[25.3,61.9],[25.3,62.0],[25.6,62.0],[25.6,62.1],[25.7,62.1],[25.7,62.2],[25.9,62.2],[25.9,62.4],[26.0,62.4],[26.0,62.1],[25.9,62.1],[25.9,62.0],[25.8,62.0],[25.8,61.9],[25.9,61.9],[25.9,61.8],[26.2,61.8],[26.2,61.9],[26.3,61.9],[26.3,62.0],[26.5,62.0],[26.5,61.9],[26.6,61.9],[26.6,62.0],[26.8,62.0],[26.8,61.9],[27.0,61.9],[27.0,61.7],[27.5,61.7],[27.5,61.8],[27.9,61.8],[27.9,62.0],[28.2,62.0],[28.2,62.1],[27.9,62.1],[27.9,62.3],[28.0,62.3],[28.0,62.2],[28.2,62.2],[28.2,62.3],[28.6,62.3],[28.6,62.5],[28.9,62.5],[28.9,62.4],[29.1,62.4],[29.1,62.3],[29.2,62.3],[29.2,62.8],[29.3,62.8],[29.3,62.7],[29.4,62.7],[29.4,62.5],[29.6,62.5],[29.6,62.6],[29.8,62.6],[29.8,62.5],[29.9,62.5],[29.9,62.4],[30.0,62.4],[30.0,62.1],[30.1,62.1],[30.1,62.0],[30.8,62.0],[30.8,62.1],[31.1,62.1],[31.1,62.0],[31.3,62.0],[31.3,61.9],[31.7,61.9],[31.7,61.8],[32.0,61.8],[32.0,61.7],[32.7,61.7],[32.7,61.6],[32.9,61.6],[32.9,61.5],[32.8,61.5],[32.8,61.4],[33.2,61.4],[33.2,61.3],[33.3,61.3],[33.3,61.2],[33.4,61.2],[33.4,61.1],[33.7,61.1],[33.7,61.2],[34.5,61.2],[34.5,61.3],[34.4,61.3],[34.4,61.4],[34.6,61.4],[34.6,61.6],[34.5,61.6],[34.5,61.7],[34.4,61.7],[34.4,61.8],[33.9,61.8],[33.9,61.9],[33.8,61.9],[33.8,62.1],[33.9,62.1],[33.9,62.2],[33.7,62.2],[33.7,62.6],[33.8,62.6],[33.8,62.5],[34.0,62.5],[34.0,62.7],[34.2,62.7],[34.2,62.6],[34.3,62.6],[34.3,62.7],[34.5,62.7],[34.5,62.9],[34.9,62.9],[34.9,62.8],[35.1,62.8],[35.1,62.7],[35.6,62.7],[35.6,62.6],[35.8,62.6],[35.8,62.5],[36.0,62.5],[36.0,62.4],[35.9,62.4],[35.9,62.2],[35.8,62.2],[35.8,62.1],[36.1,62.1],[36.1,62.0],[36.3,62.0],[36.3,61.9],[36.5,61.9],[36.5,61.8],[36.7,61.8],[36.7,61.7],[36.5,61.7],[36.5,61.6],[36.6,61.6],[36.6,61.5],[36.7,61.5],[36.7,61.2],[36.8,61.2],[36.8,61.1],[36.6,61.1],[36.6,60.9],[36.4,60.9],[36.4,61.0],[36.1,61.0],[36.1,60.9],[36.3,60.9],[36.3,60.8],[36.1,60.8],[36.1,60.7],[35.6,60.7],[35.6,60.8],[35.4,60.8],[35.4,60.9],[35.2,60.9],[35.2,60.8],[35.1,60.8],[35.1,60.6],[35.0,60.6],[35.0,60.4],[34.8,60.4],[34.8,60.3],[34.7,60.3],[34.7,60.2],[34.5,60.2],[34.5,60.1],[34.8,60.1],[34.8,60.0],[34.9,60.0],[34.9,60.1],[35.0,60.1],[35.0,60.2],[35.4,60.2],[35.4,60.1],[35.6,60.1],[35.6,60.2],[35.8,60.2],[35.8,60.1],[36.1,60.1],[36.1,60.3],[36.2,60.3],[36.2,60.4],[36.3,60.4],[36.3,60.5],[36.8,60.5],[36.8,60.6],[36.9,60.6],[36.9,60.7],[37.2,60.7],[37.2,60.6],[37.3,60.6],[37.3,60.5],[37.5,60.5],[37.5,60.4],[38.2,60.4],[38.2,60.3],[38.5,60.3],[38.5,60.4],[38.6,60.4],[38.6,60.8],[38.7,60.8],[38.7,60.9],[38.9,60.9],[38.9,60.8],[39.1,60.8],[39.1,60.7],[39.4,60.7],[39.4,60.6],[39.8,60.6],[39.8,60.5],[40.0,60.5],[40.0,64.8],[39.8,64.8],[39.8,64.6],[39.4,64.6],[39.4,64.7],[39.1,64.7],[39.1,64.8],[38.5,64.8],[38.5,64.9],[37.9,64.9],[37.9,65.0],[37.8,65.0],[37.8,65.1],[37.4,65.1],[37.4,65.2],[36.9,65.2],[36.9,65.3],[36.8,65.3],[36.8,65.2],[36.7,65.2],[36.7,65.1],[36.8,65.1],[36.8,65.0],[36.4,65.0],[36.4,64.8],[36.5,64.8],[36.5,64.7],[36.7,64.7],[36.7,64.6],[36.8,64.6],[36.8,64.5],[36.9,64.5],[36.9,64.4],[37.1,64.4],[37.1,64.3],[37.8,64.3],[37.8,64.2],[37.9,64.2],[37.9,63.9],[37.5,63.9],[37.5,63.8],[37.3,63.8],[37.3,63.9],[37.0,63.9],[37.0,64.0],[36.8,64.0],[36.8,64.2],[36.7,64.2],[36.7,64.3],[36.5,64.3],[36.5,64.4],[36.4,64.4],[36.4,64.3],[36.3,64.3],[36.3,64.4],[35.6,64.4],[35.6,64.5],[35.5,64.5],[35.5,64.4],[35.3,64.4],[35.3,64.5],[35.0,64.5],[35.0,64.6],[35.1,64.6],[35.1,64.8],[35.2,64.8],[35.2,64.9],[35.3,64.9],[35.3,65.0],[35.1,65.0],[35.1,65.1],[35.0,65.1],[35.0,65.0],[34.9,65.0],[34.9,65.1],[34.8,65.1],[34.8,65.2],[34.7,65.2],[34.7,65.3],[34.6,65.3],[34.6,65.4],[34.7,65.4],[34.7,65.5],[34.8,65.5],[34.8,65.6],[35.1,65.6],[35.1,65.8],[35.0,65.8],[35.0,65.9],[34.8,65.9],[34.8,66.0],[34.7,66.0],[34.7,66.1],[34.5,66.1],[34.5,66.2],[34.2,66.2],[34.2,66.3],[34.0,66.3],[34.0,66.4],[33.9,66.4],[33.9,66.5],[33.6,66.5],[33.6,66.6],[33.7,66.6],[33.7,66.7],[33.8,66.7],[33.8,66.6],[34.3,66.6],[34.3,66.5],[35.1,66.5],[35.1,66.4],[35.5,66.4],[35.5,66.3],[36.3,66.3],[36.3,66.2],[37.3,66.2],[37.3,66.1],[37.8,66.1],[37.8,66.0],[38.9,66.0],[38.9,66.1],[39.7,66.1],[39.7,66.2],[40.0,66.2],[40.0,68.1],[39.9,68.1],[39.9,68.2],[39.7,68.2],[39.7,68.1],[39.4,68.1],[39.4,68.2],[39.1,68.2],[39.1,68.3],[38.9,68.3],[38.9,68.4],[38.4,68.4],[38.4,68.5],[38.1,68.5],[38.1,68.6],[37.9,68.6],[37.9,68.7],[37.6,68.7],[37.6,68.8],[37.4,68.8],[37.4,68.9],[36.9,68.9],[36.9,69.0],[36.6,69.0],[36.6,69.1],[36.3,69.1],[36.3,69.2],[35.7,69.2],[35.7,69.3],[34.5,69.3],[34.5,69.4],[33.7,69.4],[33.7,69.3],[33.5,69.3],[33.5,69.5],[33.0,69.5],[33.0,69.6],[33.1,69.6],[33.1,69.8],[32.6,69.8],[32.6,69.9],[32.3,69.9],[32.3,70.0],[31.8,70.0],[31.8,69.9],[31.7,69.9],[31.7,69.8],[31.6,69.8],[31.6,69.7],[31.5,69.7],[31.5,69.8],[30.8,69.8],[30.8,69.9],[29.9,69.9],[29.9,70.0],[30.3,70.0],[30.3,70.1],[30.4,70.1],[30.4,70.2],[31.1,70.2],[31.1,70.5],[30.7,70.5],[30.7,70.6],[30.4,70.6],[30.4,70.7],[30.2,70.7],[30.2,70.6],[30.1,70.6],[30.1,70.8],[29.9,70.8],[29.9,70.7],[29.8,70.7],[29.8,70.8],[29.3,70.8],[29.3,70.9],[28.2,70.9],[28.2,71.0],[28.3,71.0],[28.3,71.1],[27.7,71.1],[27.7,71.0],[27.5,71.0],[27.5,71.1],[27.3,71.1],[27.3,71.0],[27.1,71.0],[27.1,70.9],[27.2,70.9],[27.2,70.8],[27.0,70.8],[27.0,70.7],[26.9,70.7],[26.9,70.6],[26.8,70.6],[26.8,70.5],[26.7,70.5],[26.7,70.7],[26.8,70.7],[26.8,71.0],[26.4,71.0],[26.4,70.9],[26.2,70.9],[26.2,71.0],[26.1,71.0],[26.1,71.2],[26.0,71.2],[26.0,71.1],[25.9,71.1],[25.9,71.2],[25.8,71.2],[25.8,71.1],[25.6,71.1],[25.6,71.2],[25.3,71.2],[25.3,71.1],[25.2,71.1],[25.2,71.0],[25.1,71.0],[25.1,71.1],[25.0,71.1],[25.0,71.0],[24.9,71.0],[24.9,71.1],[24.8,71.1],[24.8,70.9],[24.6,70.9],[24.6,71.0],[24.4,71.0],[24.4,70.9],[24.3,70.9],[24.3,71.0],[24.2,71.0],[24.2,70.9],[24.0,70.9]],[[26.0,70.9],[26.2,70.9],[26.2,70.8],[26.0,70.8],[26.0,70.9]],[[33.6,66.7],[33.6,66.6],[33.4,66.6],[33.4,66.7],[33.6,66.7]],[[36.1,64.3],[36.3,64.3],[36.3,64.2],[36.1,64.2],[36.1,64.3]],[[36.3,64.0],[36.3,64.2],[36.5,64.2],[36.5,64.1],[36.6,64.1],[36.6,64.0],[36.3,64.0]],[[24.0,61.8],[23.8,61.8],[23.8,61.9],[24.0,61.9],[24.0,61.8]],[[22.9,65.7],[22.9,65.6],[22.7,65.6],[22.7,65.7],[22.9,65.7]],[[15.8,61.8],[15.9,61.8],[15.9,61.7],[15.7,61.7],[15.7,61.9],[15.8,61.9],[15.8,61.8]],[[11.4,61.1],[11.4,61.0],[11.3,61.0],[11.3,61.2],[11.5,61.2],[11.5,61.1],[11.4,61.1]],[[10.4,60.7],[10.4,60.5],[10.2,60.5],[10.2,60.6],[10.3,60.6],[10.3,60.7],[10.4,60.7]],[[10.1,60.6],[10.1,60.4],[10.0,60.4],[10.0,60.5],[9.9,60.5],[9.9,60.7],[10.0,60.7],[10.0,60.6],[10.1,60.6]],[[6.4,60.1],[6.4,60.3],[6.6,60.3],[6.6,60.5],[6.7,60.5],[6.7,60.3],[6.9,60.3],[6.9,60.4],[7.0,60.4],[7.0,60.3],[7.1,60.3],[7.1,60.2],[7.2,60.2],[7.2,60.4],[7.4,60.4],[7.4,60.3],[7.6,60.3],[7.6,60.2],[7.7,60.2],[7.7,60.1],[7.4,60.1],[7.4,60.0],[8.0,60.0],[8.0,59.9],[7.9,59.9],[7.9,59.8],[7.7,59.8],[7.7,59.9],[7.1,59.9],[7.1,59.8],[7.2,59.8],[7.2,59.7],[6.9,59.7],[6.9,59.9],[6.8,59.9],[6.8,60.0],[6.6,60.0],[6.6,60.1],[6.7,60.1],[6.7,60.2],[6.5,60.2],[6.5,60.0],[6.4,60.0],[6.4,59.9],[6.2,59.9],[6.2,60.1],[6.4,60.1]],[[7.0,60.9],[7.0,60.8],[6.8,60.8],[6.8,60.9],[7.0,60.9]],[[9.4,62.1],[9.4,62.2],[9.6,62.2],[9.6,62.0],[9.9,62.0],[9.9,61.9],[10.0,61.9],[10.0,61.8],[9.8,61.8],[9.8,61.9],[9.5,61.9],[9.5,62.0],[9.3,62.0],[9.3,62.1],[9.4,62.1]],[[11.7,64.4],[11.7,64.5],[12.1,64.5],[12.1,64.4],[11.7,64.4]],[[12.8,66.0],[12.8,66.1],[13.0,66.1],[13.0,66.0],[12.8,66.0]],[[14.8,68.6],[14.6,68.6],[14.6,68.7],[14.8,68.7],[14.8,68.6]],[[24.0,70.7],[24.0,70.8],[24.2,70.8],[24.2,70.7],[24.0,70.7]],[[28.3,70.8],[28.5,70.8],[28.5,70.7],[28.3,70.7],[28.3,70.8]],[[28.9,70.8],[29.1,70.8],[29.1,70.7],[28.9,70.7],[28.9,70.8]],[[25.7,70.5],[25.5,70.5],[25.5,70.4],[25.4,70.4],[25.4,70.5],[25.3,70.5],[25.3,70.6],[25.6,70.6],[25.6,70.7],[25.7,70.7],[25.7,70.5]],[[22.6,70.5],[22.8,70.5],[22.8,70.4],[22.6,70.4],[22.6,70.5]],[[23.2,70.5],[23.4,70.5],[23.4,70.4],[23.2,70.4],[23.2,70.5]],[[22.1,70.4],[22.3,70.4],[22.3,70.3],[22.1,70.3],[22.1,70.4]],[[22.2,70.1],[21.9,70.1],[21.9,70.3],[22.0,70.3],[22.0,70.2],[22.2,70.2],[22.2,70.1]],[[20.4,70.0],[20.5,70.0],[20.5,69.8],[20.4,69.8],[20.4,70.0]],[[21.4,69.8],[21.6,69.8],[21.6,69.7],[21.7,69.7],[21.7,69.5],[21.5,69.5],[21.5,69.6],[21.4,69.6],[21.4,69.8]],[[20.7,69.3],[20.4,69.3],[20.4,69.5],[20.5,69.5],[20.5,69.4],[20.6,69.4],[20.6,69.5],[20.7,69.5],[20.7,69.6],[20.8,69.6],[20.8,69.7],[20.9,69.7],[20.9,69.6],[21.2,69.6],[21.2,69.4],[21.0,69.4],[21.0,69.3],[21.3,69.3],[21.3,69.4],[21.4,69.4],[21.4,69.3],[21.5,69.3],[21.5,69.2],[21.2,69.2],[21.2,69.1],[21.0,69.1],[21.0,69.2],[20.7,69.2],[20.7,69.3]],[[20.2,69.3],[20.4,69.3],[20.4,69.2],[20.2,69.2],[20.2,69.3]],[[20.4,69.1],[20.4,69.2],[20.6,69.2],[20.6,69.1],[20.4,69.1]],[[22.3,69.5],[21.8,69.5],[21.8,69.7],[22.1,69.7],[22.1,69.6],[22.3,69.6],[22.3,69.5]],[[19.9,69.6],[20.0,69.6],[20.0,69.5],[20.1,69.5],[20.1,69.4],[19.8,69.4],[19.8,69.5],[19.9,69.5],[19.9,69.6]],[[19.9,69.1],[20.1,69.1],[20.1,69.0],[19.9,69.0],[19.9,69.1]],[[16.9,68.8],[16.8,68.8],[16.8,69.0],[17.1,69.0],[17.1,68.9],[16.9,68.9],[16.9,68.8]],[[19.1,68.9],[19.3,68.9],[19.3,68.7],[19.1,68.7],[19.1,68.9]],[[18.3,68.7],[18.5,68.7],[18.5,68.5],[18.3,68.5],[18.3,68.7]],[[18.7,68.6],[19.0,68.6],[19.0,68.5],[18.7,68.5],[18.7,68.6]],[[19.3,68.5],[19.5,68.5],[19.5,68.4],[19.3,68.4],[19.3,68.5]],[[18.1,68.3],[18.2,68.3],[18.2,68.4],[18.6,68.4],[18.6,68.3],[19.1,68.3],[19.1,68.2],[18.8,68.2],[18.8,68.1],[19.1,68.1],[19.1,67.9],[19.0,67.9],[19.0,68.0],[18.9,68.0],[18.9,67.9],[18.7,67.9],[18.7,67.8],[18.4,67.8],[18.4,67.9],[18.2,67.9],[18.2,67.8],[18.0,67.8],[18.0,67.6],[17.9,67.6],[17.9,67.7],[17.8,67.7],[17.8,67.9],[17.7,67.9],[17.7,68.0],[17.6,68.0],[17.6,68.1],[17.7,68.1],[17.7,68.3],[17.8,68.3],[17.8,68.4],[17.9,68.4],[17.9,68.3],[18.0,68.3],[18.0,68.4],[18.1,68.4],[18.1,68.3]],[[17.2,68.0],[17.4,68.0],[17.4,67.9],[17.2,67.9],[17.2,68.0]],[[15.2,67.6],[15.0,67.6],[15.0,67.7],[15.2,67.7],[15.2,67.6]],[[18.4,67.5],[18.2,67.5],[18.2,67.7],[18.6,67.7],[18.6,67.6],[18.4,67.6],[18.4,67.5]],[[18.0,67.4],[18.0,67.3],[17.9,67.3],[17.9,67.2],[17.8,67.2],[17.8,67.1],[17.5,67.1],[17.5,67.2],[17.4,67.2],[17.4,67.0],[17.2,67.0],[17.2,67.4],[17.3,67.4],[17.3,67.5],[17.4,67.5],[17.4,67.6],[17.6,67.6],[17.6,67.5],[18.1,67.5],[18.1,67.4],[18.0,67.4]],[[17.1,67.0],[17.2,67.0],[17.2,66.9],[17.0,66.9],[17.0,67.0],[16.9,67.0],[16.9,66.9],[16.8,66.9],[16.8,67.0],[16.7,67.0],[16.7,67.1],[16.2,67.1],[16.2,67.2],[15.9,67.2],[15.9,67.3],[16.0,67.3],[16.0,67.4],[16.2,67.4],[16.2,67.3],[16.5,67.3],[16.5,67.2],[16.7,67.2],[16.7,67.3],[17.0,67.3],[17.0,67.2],[17.1,67.2],[17.1,67.0]],[[17.2,66.8],[17.2,66.9],[17.4,66.9],[17.4,66.8],[17.2,66.8]],[[18.0,67.2],[18.0,67.3],[18.2,67.3],[18.2,67.2],[18.0,67.2]],[[18.4,67.3],[18.2,67.3],[18.2,67.4],[18.4,67.4],[18.4,67.3]],[[13.9,66.8],[14.0,66.8],[14.0,66.7],[14.3,66.7],[14.3,66.8],[14.4,66.8],[14.4,66.9],[14.5,66.9],[14.5,67.0],[14.6,67.0],[14.6,66.8],[14.8,66.8],[14.8,66.7],[15.0,66.7],[15.0,66.6],[14.8,66.6],[14.8,66.5],[14.7,66.5],[14.7,66.6],[14.6,66.6],[14.6,66.5],[14.5,66.5],[14.5,66.7],[14.4,66.7],[14.4,66.6],[14.3,66.6],[14.3,66.5],[14.0,66.5],[14.0,66.6],[13.7,66.6],[13.7,66.7],[13.9,66.7],[13.9,66.8]],[[15.7,66.9],[16.1,66.9],[16.1,66.8],[15.7,66.8],[15.7,66.9]],[[15.1,66.8],[15.3,66.8],[15.3,66.6],[15.1,66.6],[15.1,66.8]],[[16.2,66.8],[16.5,66.8],[16.5,66.7],[16.6,66.7],[16.6,66.6],[16.4,66.6],[16.4,66.7],[16.2,66.7],[16.2,66.8]],[[16.7,66.8],[16.9,66.8],[16.9,66.7],[16.7,66.7],[16.7,66.8]],[[16.0,66.3],[15.9,66.3],[15.9,66.2],[15.8,66.2],[15.8,66.3],[15.4,66.3],[15.4,66.4],[15.5,66.4],[15.5,66.7],[15.8,66.7],[15.8,66.6],[15.9,66.6],[15.9,66.7],[16.1,66.7],[16.1,66.6],[16.0,66.6],[16.0,66.5],[16.1,66.5],[16.1,66.4],[16.0,66.4],[16.0,66.3]],[[15.2,66.1],[15.3,66.1],[15.3,65.8],[15.2,65.8],[15.2,65.9],[15.1,65.9],[15.1,66.0],[15.2,66.0],[15.2,66.1]],[[15.7,66.1],[15.9,66.1],[15.9,66.0],[15.7,66.0],[15.7,66.1]],[[14.1,66.0],[14.3,66.0],[14.3,65.9],[14.1,65.9],[14.1,66.0]],[[13.7,65.4],[13.8,65.4],[13.8,65.5],[13.9,65.5],[13.9,65.3],[13.7,65.3],[13.7,65.4]],[[14.0,65.2],[14.3,65.2],[14.3,65.1],[14.0,65.1],[14.0,65.2]],[[12.4,64.6],[12.3,64.6],[12.3,64.8],[12.4,64.8],[12.4,64.6]],[[12.4,64.2],[12.2,64.2],[12.2,64.3],[12.4,64.3],[12.4,64.2]],[[10.9,63.2],[10.9,63.3],[11.1,63.3],[11.1,63.2],[10.9,63.2]],[[17.5,63.1],[17.3,63.1],[17.3,63.2],[17.5,63.2],[17.5,63.1]],[[25.9,63.0],[26.0,63.0],[26.0,62.9],[26.1,62.9],[26.1,62.8],[25.9,62.8],[25.9,63.0]],[[27.9,63.0],[27.9,62.7],[27.7,62.7],[27.7,62.9],[27.4,62.9],[27.4,63.0],[27.9,63.0]],[[29.7,62.9],[29.7,62.8],[29.8,62.8],[29.8,62.7],[29.6,62.7],[29.6,62.9],[29.7,62.9]],[[28.1,62.8],[28.2,62.8],[28.2,62.7],[28.3,62.7],[28.3,62.6],[28.1,62.6],[28.1,62.8]],[[28.6,62.7],[28.5,62.7],[28.5,62.8],[28.7,62.8],[28.7,62.7],[28.8,62.7],[28.8,62.6],[28.6,62.6],[28.6,62.7]],[[33.5,61.7],[33.5,61.6],[33.1,61.6],[33.1,61.7],[32.8,61.7],[32.8,61.9],[32.9,61.9],[32.9,61.8],[33.1,61.8],[33.1,61.9],[33.0,61.9],[33.0,62.0],[33.2,62.0],[33.2,61.9],[33.5,61.9],[33.5,61.8],[33.6,61.8],[33.6,61.7],[33.5,61.7]],[[5.5,61.8],[5.8,61.8],[5.8,61.9],[5.9,61.9],[5.9,61.7],[5.5,61.7],[5.5,61.8]],[[5.8,61.4],[5.8,61.5],[6.1,61.5],[6.1,61.4],[5.8,61.4]],[[15.1,61.4],[15.1,61.2],[15.3,61.2],[15.3,61.1],[15.0,61.1],[15.0,61.4],[15.1,61.4]],[[6.5,61.1],[6.5,61.3],[6.6,61.3],[6.6,61.1],[6.5,61.1]],[[7.9,60.2],[8.1,60.2],[8.1,60.1],[7.9,60.1],[7.9,60.2]],[[7.2,59.4],[6.9,59.4],[6.9,59.6],[7.0,59.6],[7.0,59.5],[7.2,59.5],[7.2,59.4]],[[7.5,59.6],[7.7,59.6],[7.7,59.5],[7.5,59.5],[7.5,59.6]],[[8.1,59.1],[8.0,59.1],[8.0,59.3],[8.1,59.3],[8.1,59.1]]],[[[35.6,65.0],[35.6,64.9],[35.9,64.9],[35.9,65.0],[36.1,65.0],[36.1,65.1],[36.3,65.1],[36.3,65.2],[35.5,65.2],[35.5,65.0],[35.6,65.0]]],[[[21.9,65.2],[21.9,65.3],[21.7,65.3],[21.7,65.1],[22.0,65.1],[22.0,65.2],[21.9,65.2]]],[[[39.7,65.6],[39.7,65.3],[39.8,65.3],[39.8,65.2],[39.9,65.2],[39.9,65.1],[40.0,65.1],[40.0,65.7],[39.8,65.7],[39.8,65.6],[39.7,65.6]]]]}},
{"type":"Feature","properties":{"k":"ET"},"geometry":{"type":"MultiPolygon","coordinates":[[[[7.0,44.7],[6.9,44.7],[6.9,44.6],[6.8,44.6],[6.8,44.5],[7.0,44.5],[7.0,44.7]]],[[[6.3,44.8],[6.3,44.7],[6.4,44.7],[6.4,44.9],[6.5,44.9],[6.5,45.0],[6.2,45.0],[6.2,44.8],[6.3,44.8]]],[[[7.1,45.7],[6.9,45.7],[6.9,45.5],[6.8,45.5],[6.8,45.4],[6.7,45.4],[6.7,45.3],[6.5,45.3],[6.5,45.1],[6.6,45.1],[6.6,45.2],[6.7,45.2],[6.7,45.1],[6.9,45.1],[6.9,45.2],[6.8,45.2],[6.8,45.3],[7.0,45.3],[7.0,45.2],[7.2,45.2],[7.2,45.5],[7.5,45.5],[7.5,45.7],[7.3,45.7],[7.3,45.6],[7.1,45.6],[7.1,45.7]]],[[[6.8,45.7],[6.9,45.7],[6.9,45.8],[7.1,45.8],[7.1,46.0],[6.9,46.0],[6.9,45.9],[6.8,45.9],[6.8,45.7]]],[[[8.7,46.6],[8.7,46.7],[8.6,46.7],[8.6,46.8],[8.4,46.8],[8.4,46.7],[8.1,46.7],[8.1,46.6],[7.9,46.6],[7.9,46.7],[7.8,46.7],[7.8,46.6],[7.7,46.6],[7.7,46.5],[7.6,46.5],[7.6,46.4],[7.8,46.4],[7.8,46.3],[7.6,46.3],[7.6,46.2],[7.5,46.2],[7.5,46.1],[7.3,46.1],[7.3,46.0],[7.2,46.0],[7.2,45.9],[7.4,45.9],[7.4,45.8],[7.5,45.8],[7.5,45.9],[7.7,45.9],[7.7,45.8],[7.9,45.8],[7.9,45.9],[8.0,45.9],[8.0,46.0],[8.1,46.0],[8.1,46.2],[7.9,46.2],[7.9,46.3],[8.1,46.3],[8.1,46.4],[8.2,46.4],[8.2,46.3],[8.4,46.3],[8.4,46.4],[8.6,46.4],[8.6,46.5],[8.8,46.5],[8.8,46.6],[8.7,46.6]]],[[[10.9,46.7],[11.1,46.7],[11.1,46.9],[11.3,46.9],[11.3,47.1],[11.2,47.1],[11.2,47.2],[11.1,47.2],[11.1,47.3],[11.0,47.3],[11.0,47.2],[10.8,47.2],[10.8,47.1],[10.6,47.1],[10.6,47.2],[10.5,47.2],[10.5,47.1],[10.4,47.1],[10.4,47.2],[10.3,47.2],[10.3,47.1],[10.1,47.1],[10.1,46.9],[9.9,46.9],[9.9,46.8],[9.8,46.8],[9.8,46.6],[9.7,46.6],[9.7,46.5],[9.6,46.5],[9.6,46.6],[9.5,46.6],[9.5,46.5],[9.4,46.5],[9.4,46.3],[9.7,46.3],[9.7,46.2],[10.0,46.2],[10.0,46.4],[10.1,46.4],[10.1,46.3],[10.2,46.3],[10.2,46.4],[10.3,46.4],[10.3,46.5],[10.4,46.5],[10.4,46.3],[10.6,46.3],[10.6,46.2],[10.4,46.2],[10.4,46.1],[10.5,46.1],[10.5,46.0],[10.6,46.0],[10.6,46.1],[10.7,46.1],[10.7,46.4],[10.9,46.4],[10.9,46.7]],[[10.6,46.7],[10.8,46.7],[10.8,46.6],[10.5,46.6],[10.5,46.8],[10.3,46.8],[10.3,46.9],[10.5,46.9],[10.5,47.0],[10.6,47.0],[10.6,46.7]],[[10.0,46.7],[10.2,46.7],[10.2,46.5],[10.1,46.5],[10.1,46.6],[10.0,46.6],[10.0,46.7]]],[[[8.7,46.8],[8.7,46.7],[8.9,46.7],[8.9,46.6],[9.0,46.6],[9.0,46.4],[9.1,46.4],[9.1,46.5],[9.2,46.5],[9.2,46.3],[9.3,46.3],[9.3,46.6],[9.1,46.6],[9.1,46.8],[9.3,46.8],[9.3,46.9],[9.4,46.9],[9.4,47.0],[9.2,47.0],[9.2,46.9],[9.0,46.9],[9.0,47.1],[8.9,47.1],[8.9,46.9],[8.8,46.9],[8.8,46.8],[8.7,46.8]]],[[[12.9,46.9],[12.9,47.0],[13.1,47.0],[13.1,47.1],[12.8,47.1],[12.8,47.2],[12.0,47.2],[12.0,47.1],[11.7,47.1],[11.7,47.2],[11.6,47.2],[11.6,46.9],[11.8,46.9],[11.8,47.0],[12.0,47.0],[12.0,46.9],[12.3,46.9],[12.3,46.8],[12.6,46.8],[12.6,46.9],[12.4,46.9],[12.4,47.0],[12.5,47.0],[12.5,47.1],[12.6,47.1],[12.6,47.0],[12.7,47.0],[12.7,46.9],[12.9,46.9]]],[[[13.3,47.0],[13.3,46.9],[13.4,46.9],[13.4,47.0],[13.5,47.0],[13.5,47.1],[13.4,47.1],[13.4,47.2],[13.3,47.2],[13.3,47.1],[13.2,47.1],[13.2,47.0],[13.3,47.0]]],[[[6.9,59.6],[6.9,59.4],[7.2,59.4],[7.2,59.5],[7.0,59.5],[7.0,59.6],[6.9,59.6]]],[[[7.7,59.5],[7.7,59.6],[7.5,59.6],[7.5,59.5],[7.7,59.5]]],[[[6.9,60.3],[6.4,60.3],[6.4,60.1],[6.2,60.1],[6.2,59.9],[6.4,59.9],[6.4,60.0],[6.5,60.0],[6.5,60.2],[6.7,60.2],[6.7,60.1],[6.6,60.1],[6.6,60.0],[6.8,60.0],[6.8,59.9],[6.9,59.9],[6.9,59.7],[7.2,59.7],[7.2,59.8],[7.1,59.8],[7.1,59.9],[7.7,59.9],[7.7,59.8],[7.9,59.8],[7.9,59.9],[8.0,59.9],[8.0,60.0],[7.4,60.0],[7.4,60.1],[7.7,60.1],[7.7,60.2],[7.6,60.2],[7.6,60.3],[7.4,60.3],[7.4,60.4],[7.2,60.4],[7.2,60.2],[7.1,60.2],[7.1,60.3],[7.0,60.3],[7.0,60.4],[6.9,60.4],[6.9,60.3]]],[[[8.1,60.1],[8.1,60.2],[7.9,60.2],[7.9,60.1],[8.1,60.1]]],[[[6.8,60.8],[7.0,60.8],[7.0,60.9],[6.8,60.9],[6.8,60.8]]],[[[7.1,60.8],[7.0,60.8],[7.0,60.6],[7.3,60.6],[7.3,60.5],[7.8,60.5],[7.8,60.7],[7.9,60.7],[7.9,60.8],[8.2,60.8],[8.2,61.0],[8.5,61.0],[8.5,61.1],[8.3,61.1],[8.3,61.2],[8.1,61.2],[8.1,61.3],[8.2,61.3],[8.2,61.4],[8.3,61.4],[8.3,61.3],[8.4,61.3],[8.4,61.2],[8.7,61.2],[8.7,61.3],[8.6,61.3],[8.6,61.4],[8.7,61.4],[8.7,61.5],[8.8,61.5],[8.8,61.6],[8.9,61.6],[8.9,61.8],[8.5,61.8],[8.5,61.7],[8.3,61.7],[8.3,61.8],[8.2,61.8],[8.2,61.9],[8.9,61.9],[8.9,62.1],[8.5,62.1],[8.5,62.2],[8.7,62.2],[8.7,62.3],[8.9,62.3],[8.9,62.2],[9.4,62.2],[9.4,62.3],[9.8,62.3],[9.8,62.4],[9.9,62.4],[9.9,62.6],[9.7,62.6],[9.7,62.5],[9.5,62.5],[9.5,62.6],[9.4,62.6],[9.4,62.5],[8.9,62.5],[8.9,62.6],[9.2,62.6],[9.2,62.7],[8.8,62.7],[8.8,62.6],[8.7,62.6],[8.7,62.7],[8.6,62.7],[8.6,62.6],[8.5,62.6],[8.5,62.5],[8.6,62.5],[8.6,62.4],[8.4,62.4],[8.4,62.6],[8.2,62.6],[8.2,62.5],[8.1,62.5],[8.1,62.6],[8.0,62.6],[8.0,62.5],[7.7,62.5],[7.7,62.4],[7.6,62.4],[7.6,62.3],[7.4,62.3],[7.4,62.2],[7.2,62.2],[7.2,62.1],[7.1,62.1],[7.1,62.0],[7.3,62.0],[7.3,61.9],[6.9,61.9],[6.9,61.8],[6.6,61.8],[6.6,61.7],[6.7,61.7],[6.7,61.6],[6.6,61.6],[6.6,61.5],[6.5,61.5],[6.5,61.4],[6.7,61.4],[6.7,61.5],[6.8,61.5],[6.8,61.4],[7.0,61.4],[7.0,61.5],[7.1,61.5],[7.1,61.6],[7.2,61.6],[7.2,61.7],[7.4,61.7],[7.4,61.5],[7.5,61.5],[7.5,61.6],[7.8,61.6],[7.8,61.5],[7.6,61.5],[7.6,61.4],[8.0,61.4],[8.0,61.3],[7.8,61.3],[7.8,61.2],[7.7,61.2],[7.7,61.1],[7.9,61.1],[7.9,61.0],[7.3,61.0],[7.3,61.1],[7.2,61.1],[7.2,60.9],[7.4,60.9],[7.4,60.8],[7.2,60.8],[7.2,60.7],[7.1,60.7],[7.1,60.8]],[[8.4,62.2],[8.1,62.2],[8.1,62.3],[8.4,62.3],[8.4,62.2]],[[8.1,62.0],[8.1,61.9],[7.8,61.9],[7.8,62.0],[8.1,62.0]]],[[[5.8,61.9],[5.8,61.8],[5.5,61.8],[5.5,61.7],[5.9,61.7],[5.9,61.9],[5.8,61.9]]],[[[9.6,62.2],[9.4,62.2],[9.4,62.1],[9.3,62.1],[9.3,62.0],[9.5,62.0],[9.5,61.9],[9.8,61.9],[9.8,61.8],[10.0,61.8],[10.0,61.9],[9.9,61.9],[9.9,62.0],[9.6,62.0],[9.6,62.2]]],[[[-7.3,62.0],[-7.3,62.1],[-7.6,62.1],[-7.6,62.0],[-7.3,62.0]]],[[[-7.3,62.3],[-7.3,62.1],[-7.2,62.1],[-7.2,62.0],[-7.1,62.0],[-7.1,62.1],[-7.0,62.1],[-7.0,62.0],[-6.8,62.0],[-6.8,62.1],[-6.9,62.1],[-6.9,62.2],[-7.1,62.2],[-7.1,62.3],[-7.3,62.3]]],[[[9.3,62.6],[9.4,62.6],[9.4,62.9],[9.3,62.9],[9.3,62.8],[9.2,62.8],[9.2,62.7],[9.3,62.7],[9.3,62.6]]],[[[-9.1,70.8],[-8.7,70.8],[-8.7,70.9],[-8.1,70.9],[-8.1,71.0],[-7.9,71.0],[-7.9,71.2],[-8.4,71.2],[-8.4,71.1],[-8.5,71.1],[-8.5,71.0],[-9.0,71.0],[-9.0,70.9],[-9.1,70.9],[-9.1,70.8]]],[[[13.6,47.2],[13.9,47.2],[13.9,47.3],[13.6,47.3],[13.6,47.2]]],[[[14.3,65.1],[14.3,65.2],[14.0,65.2],[14.0,65.1],[14.3,65.1]]],[[[13.8,65.5],[13.8,65.4],[13.7,65.4],[13.7,65.3],[13.9,65.3],[13.9,65.5],[13.8,65.5]]],[[[15.3,65.8],[15.3,66.1],[15.2,66.1],[15.2,66.0],[15.1,66.0],[15.1,65.9],[15.2,65.9],[15.2,65.8],[15.3,65.8]]],[[[15.9,66.2],[15.9,66.3],[16.0,66.3],[16.0,66.4],[16.1,66.4],[16.1,66.5],[16.0,66.5],[16.0,66.6],[16.1,66.6],[16.1,66.7],[15.9,66.7],[15.9,66.6],[15.8,66.6],[15.8,66.7],[15.5,66.7],[15.5,66.4],[15.4,66.4],[15.4,66.3],[15.8,66.3],[15.8,66.2],[15.9,66.2]]],[[[15.3,66.6],[15.3,66.8],[15.1,66.8],[15.1,66.6],[15.3,66.6]]],[[[16.5,66.7],[16.5,66.8],[16.2,66.8],[16.2,66.7],[16.4,66.7],[16.4,66.6],[16.6,66.6],[16.6,66.7],[16.5,66.7]]],[[[14.0,66.7],[14.0,66.8],[13.9,66.8],[13.9,66.7],[13.7,66.7],[13.7,66.6],[14.0,66.6],[14.0,66.5],[14.3,66.5],[14.3,66.6],[14.4,66.6],[14.4,66.7],[14.5,66.7],[14.5,66.5],[14.6,66.5],[14.6,66.6],[14.7,66.6],[14.7,66.5],[14.8,66.5],[14.8,66.6],[15.0,66.6],[15.0,66.7],[14.8,66.7],[14.8,66.8],[14.6,66.8],[14.6,67.0],[14.5,67.0],[14.5,66.9],[14.4,66.9],[14.4,66.8],[14.3,66.8],[14.3,66.7],[14.0,66.7]]],[[[16.1,66.8],[16.1,66.9],[15.7,66.9],[15.7,66.8],[16.1,66.8]]],[[[17.4,66.9],[17.2,66.9],[17.2,66.8],[17.4,66.8],[17.4,66.9]]],[[[17.2,66.9],[17.2,67.0],[17.1,67.0],[17.1,67.2],[17.0,67.2],[17.0,67.3],[16.7,67.3],[16.7,67.2],[16.5,67.2],[16.5,67.3],[16.2,67.3],[16.2,67.4],[16.0,67.4],[16.0,67.3],[15.9,67.3],[15.9,67.2],[16.2,67.2],[16.2,67.1],[16.7,67.1],[16.7,67.0],[16.8,67.0],[16.8,66.9],[16.9,66.9],[16.9,67.0],[17.0,67.0],[17.0,66.9],[17.2,66.9]]],[[[17.2,67.4],[17.2,67.0],[17.4,67.0],[17.4,67.2],[17.5,67.2],[17.5,67.1],[17.8,67.1],[17.8,67.2],[17.9,67.2],[17.9,67.3],[18.0,67.3],[18.0,67.4],[18.1,67.4],[18.1,67.5],[17.6,67.5],[17.6,67.6],[17.4,67.6],[17.4,67.5],[17.3,67.5],[17.3,67.4],[17.2,67.4]]],[[[18.2,67.4],[18.2,67.3],[18.4,67.3],[18.4,67.4],[18.2,67.4]]],[[[18.2,67.7],[18.2,67.5],[18.4,67.5],[18.4,67.6],[18.6,67.6],[18.6,67.7],[18.2,67.7]]],[[[18.2,68.2],[18.2,68.3],[18.1,68.3],[18.1,68.4],[18.0,68.4],[18.0,68.3],[17.9,68.3],[17.9,68.4],[17.8,68.4],[17.8,68.3],[17.7,68.3],[17.7,68.1],[17.6,68.1],[17.6,68.0],[17.7,68.0],[17.7,67.9],[17.8,67.9],[17.8,67.7],[17.9,67.7],[17.9,67.6],[18.0,67.6],[18.0,67.8],[18.2,67.8],[18.2,67.9],[18.4,67.9],[18.4,67.8],[18.7,67.8],[18.7,67.9],[18.9,67.9],[18.9,68.0],[19.0,68.0],[19.0,67.9],[19.1,67.9],[19.1,68.1],[18.8,68.1],[18.8,68.2],[19.1,68.2],[19.1,68.3],[18.6,68.3],[18.6,68.2],[18.5,68.2],[18.5,68.1],[18.4,68.1],[18.4,68.2],[18.2,68.2]]],[[[18.5,68.5],[18.5,68.7],[18.3,68.7],[18.3,68.5],[18.5,68.5]]],[[[18.2,68.3],[18.6,68.3],[18.6,68.4],[18.2,68.4],[18.2,68.3]]],[[[19.0,68.5],[19.0,68.6],[18.7,68.6],[18.7,68.5],[19.0,68.5]]],[[[19.3,68.7],[19.3,68.9],[19.1,68.9],[19.1,68.7],[19.3,68.7]]],[[[20.6,69.2],[20.4,69.2],[20.4,69.1],[20.6,69.1],[20.6,69.2]]],[[[20.4,69.5],[20.4,69.3],[20.7,69.3],[20.7,69.2],[21.0,69.2],[21.0,69.1],[21.2,69.1],[21.2,69.2],[21.5,69.2],[21.5,69.3],[21.4,69.3],[21.4,69.4],[21.3,69.4],[21.3,69.3],[21.0,69.3],[21.0,69.4],[21.2,69.4],[21.2,69.6],[20.9,69.6],[20.9,69.7],[20.8,69.7],[20.8,69.6],[20.7,69.6],[20.7,69.5],[20.6,69.5],[20.6,69.4],[20.5,69.4],[20.5,69.5],[20.4,69.5]]],[[[20.0,69.5],[20.0,69.6],[19.9,69.6],[19.9,69.5],[19.8,69.5],[19.8,69.4],[20.1,69.4],[20.1,69.5],[20.0,69.5]]],[[[21.8,69.7],[21.8,69.5],[22.3,69.5],[22.3,69.6],[22.1,69.6],[22.1,69.7],[21.8,69.7]]],[[[21.6,69.7],[21.6,69.8],[21.4,69.8],[21.4,69.6],[21.5,69.6],[21.5,69.5],[21.7,69.5],[21.7,69.7],[21.6,69.7]]],[[[21.9,70.3],[21.9,70.1],[22.2,70.1],[22.2,70.2],[22.0,70.2],[22.0,70.3],[21.9,70.3]]],[[[28.5,71.0],[28.2,71.0],[28.2,70.9],[28.5,70.9],[28.5,71.0]]],[[[23.8,70.9],[24.2,70.9],[24.2,71.1],[23.9,71.1],[23.9,71.0],[23.8,71.0],[23.8,70.9]]],[[[24.5,71.0],[24.6,71.0],[24.6,70.9],[24.8,70.9],[24.8,71.2],[24.7,71.2],[24.7,71.1],[24.5,71.1],[24.5,71.0]]],[[[27.6,71.1],[27.5,71.1],[27.5,71.0],[27.7,71.0],[27.7,71.1],[27.8,71.1],[27.8,71.2],[27.6,71.2],[27.6,71.1]]],[[[25.8,71.2],[25.6,71.2],[25.6,71.1],[25.8,71.1],[25.8,71.2]]]]}}
]}
